time_sec,vel_detrended
1296633000.0,-0.9792203739096408
1296635700.0,0.8543932664107388
1296638400.0,1.135951907840763
1296641100.0,0.9834461559004808
1296643800.0,0.7971352461785841
1296646500.0,0.6211896163828214
1296649200.0,0.5280443030092101
1296651900.0,0.5527297964449644
1296654600.0,0.5738893625687069
1296657300.0,0.5830625009878077
1296660000.0,0.605419962758333
1296662700.0,0.5183118014430192
1296665400.0,0.5060849751159822
1296668100.0,0.4841641168694082
1296670800.0,0.4564520847195581
1296673500.0,0.4590313722019914
1296676200.0,0.4508510137698636
1296678900.0,0.4312380235762703
1296681600.0,0.3318704196001363
1296684300.0,0.5227142988862852
1296687000.0,0.35055564166367503
1296689700.0,0.350689580789151
1296692400.0,0.41282157014603627
1296695100.0,0.38893860784116896
1296697800.0,0.4112943336572812
1296700500.0,0.4724530115116181
1296703200.0,0.5198958867657097
1296705900.0,0.55821552353882
1296708600.0,0.6481193802727603
1296711300.0,0.768250284114572
1296714000.0,0.9516533177167048
1296716700.0,1.0926373749126128
1296719400.0,3.0336603041136527
1296722100.0,2.884965130081298
1296724800.0,1.1160211855975604
1296727500.0,0.8816678244310765
1296730200.0,0.8358736340960036
1296732900.0,0.7641840599845864
1296735600.0,0.6470746214262135
1296738300.0,0.6358060644876673
1296741000.0,0.6089117962903856
1296743700.0,0.647038118986643
1296746400.0,0.6153167464134413
1296749100.0,0.6654737725717155
1296751800.0,0.6380827508938296
1296754500.0,0.6458341119839588
1296757200.0,0.6328330105734494
1296759900.0,0.6296512918264057
1296762600.0,0.6465185136127047
1296765300.0,0.6083816359211482
1296768000.0,0.5981915697859108
1296770700.0,2.027051463845339
1296773400.0,0.793919461966766
1296776100.0,0.6699909467067187
1296778800.0,0.6745606376101705
1296781500.0,0.635475326939229
1296784200.0,0.6146538911328889
1296786900.0,0.6565633483230044
1296789600.0,0.6403976601644104
1296792300.0,0.7021905113940647
1296795000.0,0.7636910998700159
1296797700.0,0.8510127517010346
1296800400.0,0.9414519502763596
1296803100.0,1.0188329681052437
1296805800.0,1.2202224788138096
1296808500.0,2.6697324899378714
1296811200.0,3.3787459206825474
1296813900.0,3.2959768929464417
1296816600.0,3.2494774998124285
1296819300.0,1.062420843056202
1296822000.0,0.8728171839837842
1296824700.0,0.8305729489141527
1296827400.0,0.8277438065308047
1296830100.0,0.823229400534558
1296832800.0,0.8572754600954795
1296835500.0,0.9022493310466757
1296838200.0,0.8645260001190422
1296840900.0,0.8766338107468528
1296843600.0,0.8444680227718777
1296846300.0,0.8664850525574934
1296849000.0,0.8673787101647576
1296851700.0,0.8531230199068318
1296854400.0,0.8613734603822536
1296857100.0,0.8637604193688162
1296859800.0,2.173085874666185
1296862500.0,3.0593586948442066
1296865200.0,1.8208428692159941
1296867900.0,0.8166502666934434
1296870600.0,0.7011609811293056
1296873300.0,0.7194913030091925
1296876000.0,0.723913653311115
1296878700.0,0.7340454095959217
1296881400.0,0.7132809786450025
1296884100.0,0.7360020355758365
1296886800.0,0.8439127584414905
1296889500.0,0.9515134983763573
1296892200.0,1.2745081701771142
1296894900.0,2.2618070167557107
1296897600.0,3.3710612513561955
1296900300.0,3.3356243932147436
1296903000.0,3.384472227640913
1296905700.0,3.3498460907720187
1296908400.0,3.1761404373360165
1296911100.0,3.184833559213473
1296913800.0,3.2218769071020006
1296916500.0,3.1913117203458796
1296919200.0,3.1643986502945154
1296921900.0,3.227965239002174
1296924600.0,3.1873084080380067
1296927300.0,3.1281083238842484
1296930000.0,3.1649764860314917
1296932700.0,3.17813129850191
1296935400.0,3.15661645540456
1296938100.0,3.1740495659236103
1296940800.0,3.1048689106341953
1296943500.0,3.1343436135410343
1296946200.0,3.1162809099062656
1296948900.0,4.137224382357886
1296951600.0,1.987805437304928
1296954300.0,1.9410059732332456
1296957000.0,1.9461098285835305
1296959700.0,1.962698117769321
1296962400.0,1.8578444737988775
1296965100.0,1.8066754332863866
1296967800.0,1.8118037394050361
1296970500.0,1.8336169108175682
1296973200.0,1.877592802719903
1296975900.0,1.898493431830957
1296978600.0,2.0398171393762254
1296981300.0,2.1335219309516447
1296984000.0,2.1324456207496496
1296986700.0,1.7906271660118591
1296989400.0,2.043301299337543
1296992100.0,2.0524321601165525
1296994800.0,1.8012710540893409
1296997500.0,1.8163183966359497
1297000200.0,1.8221305978381679
1297002900.0,1.8620736810818244
1297005600.0,1.8790867135945746
1297008300.0,1.908673388601244
1297011000.0,1.873496849705191
1297013700.0,1.9275717320454646
1297016400.0,1.922063404092114
1297019100.0,1.9595167077065412
1297021800.0,1.9431570101222064
1297024500.0,1.973184246221365
1297027200.0,1.9291921019150777
1297029900.0,1.9467020345589958
1297032600.0,1.8892504812124002
1297035300.0,1.515986422869048
1297038000.0,-0.60527888138364
1297040700.0,-0.6975418051071642
1297043400.0,-0.7137847396915049
1297046100.0,-0.6286122544578348
1297048800.0,-0.625376382470904
1297051500.0,1.4864495384168777
1297054200.0,2.0184508665394674
1297056900.0,2.0164838466120614
1297059600.0,2.063290536671957
1297062300.0,1.9300207499653084
1297065000.0,2.003054728892266
1297067700.0,1.8810064352311429
1297070400.0,1.7960782846641905
1297073100.0,-0.22661279159700598
1297075800.0,-0.21544788867845455
1297078500.0,-0.2647947190843638
1297081200.0,-0.13077315331008776
1297083900.0,-0.08813702659574574
1297086600.0,-0.18831405987560856
1297089300.0,-0.1554553632374791
1297092000.0,-0.15096677082027554
1297094700.0,-0.16692018626383742
1297097400.0,-0.19010779201533978
1297100100.0,-0.13833938459737283
1297102800.0,-0.12113698875771206
1297105500.0,-0.06465256121060747
1297108200.0,-0.04935996872046644
1297110900.0,-0.02780494266585265
1297113600.0,0.02204772654545195
1297116300.0,0.05508861411783528
1297119000.0,0.02183054944146079
1297121700.0,0.10869133244619889
1297124400.0,0.1386702577149208
1297127100.0,1.4135872300221877
1297129800.0,0.620603427337926
1297132500.0,0.5612365071294221
1297135200.0,0.5156361196105763
1297137900.0,0.5645747546694793
1297140600.0,0.5149276280956769
1297143300.0,0.5379401707199349
1297146000.0,0.4597787917767846
1297148700.0,0.34362536191224535
1297151400.0,0.3865942040811774
1297154100.0,0.35386956954323523
1297156800.0,0.3109464489649554
1297159500.0,0.5470177236459222
1297162200.0,2.4978966021746487
1297164900.0,2.538446188894113
1297167600.0,2.521946562601954
1297170300.0,2.5584759669644086
1297173000.0,2.5186077475225375
1297175700.0,2.5635501005981496
1297178400.0,2.529816241164383
1297181100.0,2.5258821053340057
1297183800.0,2.5352237265682334
1297186500.0,2.56050433361213
1297189200.0,2.6226384410054493
1297191900.0,2.6689494572370336
1297194600.0,2.671188558569554
1297197300.0,2.6263109503591977
1297200000.0,2.608443615607996
1297202700.0,2.6480408988258546
1297205400.0,2.6176173954681303
1297208100.0,2.697574427232439
1297210800.0,2.7699925984887273
1297213500.0,3.134367604544707
1297216200.0,4.912037223567552
1297218900.0,4.246000432791561
1297221600.0,1.4579809748281605
1297224300.0,1.3699140291497542
1297227000.0,1.3742387457028826
1297229700.0,1.2856107922151523
1297232400.0,1.284471844041036
1297235100.0,1.163762569976086
1297237800.0,1.1648310504630786
1297240500.0,1.0258396345954566
1297243200.0,0.9290414202280886
1297245900.0,0.8489179677981724
1297248600.0,0.9846705439363177
1297251300.0,0.8306524093831626
1297254000.0,0.20940980007117105
1297256700.0,0.7798735440673568
1297259400.0,0.7551372505897689
1297262100.0,0.7822436952201315
1297264800.0,0.7780610694611596
1297267500.0,0.802574102179733
1297270200.0,0.8321862554403765
1297272900.0,0.8745304328369912
1297275600.0,0.8887165976253755
1297278300.0,0.9458812219499464
1297281000.0,0.9172938816770966
1297283700.0,0.9622196819470332
1297286400.0,0.888350496529597
1297289100.0,0.9487023094977189
1297291800.0,0.9532536447255211
1297294500.0,1.0552023095496565
1297297200.0,1.0500642055487788
1297299900.0,1.0738243653967174
1297302600.0,0.9843099869788716
1297305300.0,1.0749726197619225
1297308000.0,-1.1133970638549613
1297310700.0,-1.6264270769913196
1297313400.0,-1.6131576591228622
1297316100.0,-1.6945264191265892
1297318800.0,-1.7337967647697496
1297321500.0,-1.784639351707881
1297324200.0,-1.795273317367787
1297326900.0,-1.860052482076867
1297329600.0,-1.9656233956099527
1297332300.0,0.8209264595155901
1297335000.0,1.2076720143060697
1297337700.0,1.1069741041089856
1297340400.0,1.073149738951372
1297343100.0,1.0831754703787624
1297345800.0,1.1576293176896115
1297348500.0,1.149314132030895
1297351200.0,1.1581770407113368
1297353900.0,1.128897522699674
1297356600.0,1.1687282692161602
1297359300.0,1.1687855482455234
1297362000.0,1.179396414370558
1297364700.0,1.2328583103327446
1297367400.0,1.2208695471009037
1297370100.0,1.3083237709899436
1297372800.0,1.2794406020533984
1297375500.0,1.3401411651486228
1297378200.0,1.4983484327524934
1297380900.0,3.8706623490061247
1297383600.0,4.116416608763529
1297386300.0,4.095736225159158
1297389000.0,4.063921270149876
1297391700.0,4.0868119303382855
1297394400.0,4.052982349251806
1297397100.0,1.303362013746721
1297399800.0,0.47901790502038466
1297402500.0,0.43641704856327124
1297405200.0,0.3473914152652924
1297407900.0,0.22368451777475684
1297410600.0,0.2172059789674563
1297413300.0,0.13049497436730917
1297416000.0,-0.011627951762932298
1297418700.0,-0.05288206045236166
1297421400.0,-0.00046594921519726995
1297424100.0,0.9357618397132228
1297426800.0,1.9707801458359882
1297429500.0,-0.16708189677876817
1297432200.0,-0.2938030540668706
1297434900.0,-0.3561940830905428
1297437600.0,-0.3246198680200223
1297440300.0,-0.3397233795541865
1297443000.0,-0.3710322945401572
1297445700.0,-0.3324943901108668
1297448400.0,-0.3241649406502347
1297451100.0,-0.23660211206430404
1297453800.0,-0.29306292176954685
1297456500.0,-0.18904725535310263
1297459200.0,-0.19157686866248014
1297461900.0,-0.1101353624773651
1297464600.0,-0.0796743187430593
1297467300.0,0.09470692138182812
1297470000.0,0.2052040996173332
1297472700.0,0.23434970879600314
1297475400.0,2.120292384933009
1297478100.0,2.434949593022168
1297480800.0,2.449065447634439
1297483500.0,1.09314220270943
1297486200.0,-0.1678960166485126
1297488900.0,-0.20344772491017693
1297491600.0,-0.21421491041087393
1297494300.0,-0.2530853254582439
1297497000.0,-0.2041884755258252
1297499700.0,-0.26686799335641354
1297502400.0,-0.40773960880471805
1297505100.0,-0.5196605827835583
1297507800.0,-0.5987267117261013
1297510500.0,-0.7693814642676671
1297513200.0,-0.9669996056475156
1297515900.0,-1.0112307417757052
1297518600.0,-1.0249058772807302
1297521300.0,-3.172129881417902
1297524000.0,-3.151375337294155
1297526700.0,-3.1220235821214146
1297529400.0,-3.1187207657700924
1297532100.0,-3.0862967626644036
1297534800.0,-3.0319317636942174
1297537500.0,-2.9462531908652636
1297540200.0,-2.933590488086736
1297542900.0,-2.8713312969806566
1297545600.0,-2.840795464851965
1297548300.0,-2.738805468554972
1297551000.0,-2.6638596235108025
1297553700.0,-0.5974155570035009
1297556400.0,0.7154331217788581
1297559100.0,0.7664055671975234
1297561800.0,0.7681233751073364
1297564500.0,0.8456982875413246
1297567200.0,0.8048866494693812
1297569900.0,0.7879713054897479
1297572600.0,0.827204035586476
1297575300.0,0.7716819052557184
1297578000.0,0.711094769019951
1297580700.0,-1.7315122095151878
1297583400.0,-2.07808982491224
1297586100.0,-2.099807090205843
1297588800.0,-2.194381304372996
1297591500.0,-2.259390686615575
1297594200.0,-2.250313458930293
1297596900.0,-2.3595597738739116
1297599600.0,-2.414954969215387
1297602300.0,-2.5185833727750264
1297605000.0,-2.5185087460459386
1297607700.0,-2.49085365017163
1297610400.0,-2.4403121628907343
1297613100.0,-2.5358672595130543
1297615800.0,-2.4744148377274087
1297618500.0,-2.483223645564408
1297621200.0,-2.3887900470199384
1297623900.0,-2.3179778900432666
1297626600.0,-2.277095592287992
1297629300.0,-1.4425851316100875
1297632000.0,1.2288001547248655
1297634700.0,1.2936995250540235
1297637400.0,1.3753417114786544
1297640100.0,1.438552830743447
1297642800.0,1.3792488073144114
1297645500.0,1.3554904956876612
1297648200.0,1.3072519149862387
1297650900.0,1.3470572454082799
1297653600.0,1.2789442284681058
1297656300.0,-1.8952134616180274
1297659000.0,-1.8465969096130834
1297661700.0,-1.8281414815991184
1297664400.0,-1.8311626575228956
1297667100.0,-1.8541394646346703
1297669800.0,-1.7900391585479838
1297672500.0,-1.755954741393623
1297675200.0,-1.8222984983428319
1297677900.0,-1.8748013967989436
1297680600.0,-1.8409639959165247
1297683300.0,-1.980380443930187
1297686000.0,-2.2958871481773144
1297688700.0,-4.125591989286704
1297691400.0,-4.423109469800522
1297694100.0,-4.50831670462577
1297696800.0,-4.478058853752799
1297699500.0,-4.498537086779095
1297702200.0,-4.5329878425189065
1297704900.0,-4.5124384270401094
1297707600.0,-4.406520645514092
1297710300.0,-4.248337928311656
1297713000.0,-0.9639840639999306
1297715700.0,-0.7266952307115844
1297718400.0,-0.6718944821437276
1297721100.0,-0.6442157057426243
1297723800.0,-0.6310261409680038
1297726500.0,-0.5287646942658171
1297729200.0,-0.5628639068678467
1297731900.0,-0.6319011300738566
1297734600.0,-0.6355331031904257
1297737300.0,-0.6511676449648576
1297740000.0,-0.6906144758086157
1297742700.0,-0.7529949335357742
1297745400.0,-0.7460951856990619
1297748100.0,-0.7227678468299814
1297750800.0,-0.7849602230948562
1297753500.0,-0.7807325849658469
1297756200.0,-2.866778066451843
1297758900.0,-3.393640329052971
1297761600.0,-3.4470993514354973
1297764300.0,-3.386801154339082
1297767000.0,-3.363650673554389
1297769700.0,-3.402814627993166
1297772400.0,-3.5065614714753224
1297775100.0,-3.4897775560378363
1297777800.0,-3.4922772925824574
1297780500.0,-3.511222409074378
1297783200.0,-3.5248966369683785
1297785900.0,-3.5563836838462635
1297788600.0,-3.5033608873858952
1297791300.0,-3.511118475303533
1297794000.0,-3.458594397169179
1297796700.0,-3.353792894522485
1297799400.0,-3.3649829226719703
1297802100.0,-3.2021751432854444
1297804800.0,0.2580665150961181
1297807500.0,0.5025778076706047
1297810200.0,0.5125196897148498
1297812900.0,0.5721147135722049
1297815600.0,0.5479888134412363
1297818300.0,0.4532909982346496
1297821000.0,-2.2088493019141993
1297823700.0,-2.509161946044742
1297826400.0,-2.5359486405186544
1297829100.0,-2.4950756975289323
1297831800.0,-2.548399422885609
1297834500.0,-2.4927300795954466
1297837200.0,-2.4962639897110535
1297839900.0,-2.4440487236906847
1297842600.0,-2.3833548748979183
1297845300.0,-2.3876923808292645
1297848000.0,-2.400800523250666
1297850700.0,-2.3520604451674103
1297853400.0,-2.388684430859712
1297856100.0,-2.3619053128211362
1297858800.0,-2.3897467093289038
1297861500.0,-2.383541770029751
1297864200.0,-2.4061283977803214
1297866900.0,-2.635141209859171
1297869600.0,-4.833927664109979
1297872300.0,-4.9962930628977915
1297875000.0,-5.075962425932147
1297877700.0,-5.07236934888644
1297880400.0,-5.031232918287714
1297883100.0,-4.928916258138003
1297885800.0,-2.2241943754060003
1297888500.0,-1.4311101702313636
1297891200.0,-1.3851898907819304
1297893900.0,-1.3018430283085536
1297896600.0,-1.3117247129146676
1297899300.0,-1.2666794053170634
1297902000.0,-1.2486386456216678
1297904700.0,-1.362140738470714
1297907400.0,-1.383789803064417
1297910100.0,-2.651862505423651
1297912800.0,-3.638326329102796
1297915500.0,-3.722040817355861
1297918200.0,-3.687246307292412
1297920900.0,-3.694535380936628
1297923600.0,-3.68546408040541
1297926300.0,-3.641159142317065
1297929000.0,-3.4992453015477736
1297931700.0,-0.9198246793836233
1297934400.0,-0.7567745547696632
1297937100.0,-0.7336977074017454
1297939800.0,-0.7378824045288184
1297942500.0,-0.7884207430159904
1297945200.0,-0.7993311506334067
1297947900.0,-0.8068201766573111
1297950600.0,-0.7584717841170914
1297953300.0,-0.7918357511080671
1297956000.0,-0.7891184647488103
1297958700.0,-0.8649839942935387
1297961400.0,-0.8480014739585044
1297964100.0,-0.9202097068867374
1297966800.0,-0.9196027068134072
1297969500.0,-0.9334177733005049
1297972200.0,-0.9180596650232928
1297974900.0,0.5451024248667409
1297977600.0,1.6603329196738628
1297980300.0,1.7026903523661758
1297983000.0,1.7323087180420202
1297985700.0,1.7204212653833224
1297988400.0,1.6934918592771737
1297991100.0,-1.4170630999649347
1297993800.0,-1.5147214739520223
1297996500.0,-1.5054554603303245
1297999200.0,-1.5554743294222817
1298001900.0,-1.4813438460968769
1298004600.0,-1.5740861271202107
1298007300.0,-1.539583182695253
1298010000.0,-1.611613804740216
1298012700.0,-1.611397131567628
1298015400.0,-1.541109645121935
1298018100.0,-1.4514766623041737
1298020800.0,0.8723319734938855
1298023500.0,1.0962639356858972
1298026200.0,1.0685708148154731
1298028900.0,1.057039836759543
1298031600.0,1.0768664649149855
1298034300.0,1.083625280044771
1298037000.0,1.1138581753811536
1298039700.0,1.0690726317589565
1298042400.0,1.0853616760813338
1298045100.0,1.0266735939549108
1298047800.0,0.9781106563457911
1298050500.0,0.9799478319415016
1298053200.0,0.9712504887986029
1298055900.0,0.9640070539243766
1298058600.0,0.9274877975804543
1298061300.0,0.9837607734140761
1298064000.0,1.1633804752115111
1298066700.0,3.3018060569471004
1298069400.0,3.419648923516661
1298072100.0,0.16490892609789398
1298074800.0,-0.06487128819696864
1298077500.0,-0.06774864317702622
1298080200.0,-0.0704124365036023
1298082900.0,-0.06136111386513221
1298085600.0,-0.06659363439973731
1298088300.0,-0.03466273052777069
1298091000.0,-0.038706190163395604
1298093700.0,-0.10589942808053365
1298096400.0,-0.2566681721827422
1298099100.0,-0.4983038508173081
1298101800.0,-2.2594584267192204
1298104500.0,-2.361156335071996
1298107200.0,-2.3015306021471247
1298109900.0,-2.176474881035631
1298112600.0,-0.17237914682272049
1298115300.0,0.2653337786377392
1298118000.0,0.21776944368360773
1298120700.0,0.20744411511327598
1298123400.0,0.2520608885164961
1298126100.0,0.28525417426703825
1298128800.0,0.2891411486920674
1298131500.0,0.2698111186343226
1298134200.0,0.23679794426055878
1298136900.0,0.23793664375648405
1298139600.0,0.21944992529307683
1298142300.0,0.23175239836507444
1298145000.0,0.17826514323616038
1298147700.0,0.1859343619934748
1298150400.0,0.1488205822450368
1298153100.0,0.20509941490701067
1298155800.0,0.6481496312537729
1298158500.0,-0.0778940626339022
1298161200.0,-0.12732343743186902
1298163900.0,-0.19268392704879034
1298166600.0,-0.14636925595431194
1298169300.0,-0.13392326779410269
1298172000.0,-0.1031310865749333
1298174700.0,-0.08439451668471065
1298177400.0,-0.0868874827077093
1298180100.0,-0.1003518542669326
1298182800.0,-0.3334567565859743
1298185500.0,-0.49076527521515345
1298188200.0,-2.152323401479464
1298190900.0,-2.459508478937323
1298193600.0,-2.454418488151987
1298196300.0,-2.3939722685006473
1298199000.0,-1.0969754105620382
1298201700.0,-0.21547837452936847
1298204400.0,0.03148808729014263
1298207100.0,-0.06124112487498223
1298209800.0,0.0038692194200393715
1298212500.0,-0.0549707192045048
1298215200.0,-0.006039917135296946
1298217900.0,-0.06941027832010604
1298220600.0,-0.08894981423441095
1298223300.0,-0.07006170699514769
1298226000.0,-0.06394032974202446
1298228700.0,-0.06557031822688941
1298231400.0,-0.04131780517474226
1298234100.0,-0.059949748244434886
1298236800.0,-0.01637052989337917
1298239500.0,-0.038114550264822356
1298242200.0,0.010337211411808767
1298244900.0,-0.9526959853671428
1298247600.0,-0.517568548880945
1298250300.0,-0.24076235056844553
1298253000.0,-0.14247122296490033
1298255700.0,-0.19797172286854448
1298258400.0,-0.14041299951009023
1298261100.0,-0.11444161997332003
1298263800.0,-0.13817296410360314
1298266500.0,-0.11987086682546533
1298269200.0,-0.23103333770058043
1298271900.0,-0.38002846629143505
1298274600.0,-0.4698144471980754
1298277300.0,-1.825960398379209
1298280000.0,-2.6152298780720002
1298282700.0,-2.6232106842397798
1298285400.0,-2.6225220555819533
1298288100.0,-2.6240959528524286
1298290800.0,-2.6333993353682104
1298293500.0,-2.5292348638787416
1298296200.0,-2.4260556557539417
1298298900.0,-2.476923042227611
1298301600.0,-2.512335801973393
1298304300.0,-2.4718961821295125
1298307000.0,-2.517451464031069
1298309700.0,-2.555508448025421
1298312400.0,-2.4884075736241584
1298315100.0,-2.504085329606596
1298317800.0,-2.443981157024666
1298320500.0,-2.4995714087818897
1298323200.0,-2.49215884422199
1298325900.0,-2.424386485656214
1298328600.0,-2.3831656475010163
1298331300.0,-2.3396808118855574
1298334000.0,0.4892180643207098
1298336700.0,-0.6330708652422459
1298339400.0,-1.3299087258512259
1298342100.0,-1.4112532616377962
1298344800.0,-1.4325137825879324
1298347500.0,-1.409568352376482
1298350200.0,-1.3889021747222046
1298352900.0,-1.455532533398241
1298355600.0,-1.4760700169588858
1298358300.0,-1.4041580889992815
1298361000.0,-1.394541991052165
1298363700.0,-0.40704677836799874
1298366400.0,0.5539195024551304
1298369100.0,-0.6961631356017506
1298371800.0,-1.6042229315433474
1298374500.0,-1.6737031670041915
1298377200.0,-1.7071949842214167
1298379900.0,-1.670661739532875
1298382600.0,-1.6233210301738268
1298385300.0,-1.6516482737501406
1298388000.0,-1.6557927911204047
1298390700.0,-1.6791973857063454
1298393400.0,-1.650752066776704
1298396100.0,-1.6773520888908138
1298398800.0,-1.6537599320336653
1298401500.0,-1.6585704098367273
1298404200.0,-1.626263541704418
1298406900.0,-1.6112538986346863
1298409600.0,-1.572539956782009
1298412300.0,-1.5317208737127999
1298415000.0,-1.4903902739547448
1298417700.0,-1.4421454158134566
1298420400.0,0.239160160898507
1298423100.0,1.109716587029368
1298425800.0,1.0485278089176404
1298428500.0,0.9987360300016803
1298431200.0,-1.0478721390773558
1298433900.0,-1.557433085325897
1298436600.0,-1.5651095436831497
1298439300.0,-1.5934500665837277
1298442000.0,-1.6059162511905924
1298444700.0,-1.4941754414158481
1298447400.0,-1.5269853916759644
1298450100.0,-1.5024659788526833
1298452800.0,-1.5452261051747769
1298455500.0,-1.571216530485401
1298458200.0,-0.5724895593835413
1298460900.0,0.38937823564504015
1298463600.0,0.46662325895528056
1298466300.0,0.50496334416016
1298469000.0,-0.7416487522434068
1298471700.0,-1.5957182195386395
1298474400.0,-1.5881635475952862
1298477100.0,-1.6354127830607013
1298479800.0,-1.6479123716091522
1298482500.0,-1.6324082005927494
1298485200.0,-1.5898796531161565
1298487900.0,-1.6277259219857
1298490600.0,-1.5497972798632418
1298493300.0,-1.5334054114954938
1298496000.0,-1.4782850287636506
1298498700.0,-1.4285062561008317
1298501400.0,-1.3733446554767852
1298504100.0,-1.3198980683530408
1298506800.0,-1.3366053135839593
1298509500.0,-1.4143368386206703
1298512200.0,-1.3833586150665838
1298514900.0,-1.3889776903955067
1298517600.0,-1.4016292032225692
1298520300.0,-1.3618465757384115
1298523000.0,-1.376644239662312
1298525700.0,-1.4268542223166492
1298528400.0,-1.596744807550067
1298531100.0,-4.1318381418040815
1298533800.0,-1.1265568346218515
1298536500.0,-1.03095198335933
1298539200.0,-1.1029802442375853
1298541900.0,-1.0321899960671885
1298544600.0,-1.1279992381591342
1298547300.0,-1.1625823237609438
1298550000.0,-1.2963475960387427
1298552700.0,-1.3726054421994718
1298555400.0,-1.3130811171546384
1298558100.0,-1.278273013175692
1298560800.0,-1.278377472906186
1298563500.0,-1.3162308561824148
1298566200.0,-1.332959134626492
1298568900.0,-1.2897796729236006
1298571600.0,-1.2426626890651278
1298574300.0,-1.2454847157675317
1298577000.0,-0.9223215905232109
1298579700.0,1.42539206991529
1298582400.0,1.5983196307013259
1298585100.0,1.7006342684509264
1298587800.0,1.7935993937183525
1298590500.0,1.7049974995051116
1298593200.0,1.6732180165792556
1298595900.0,1.5429998996961558
1298598600.0,1.5262853997893444
1298601300.0,1.4625465616411475
1298604000.0,1.4292056489642277
1298606700.0,-1.2506403551938092
1298609400.0,-1.7250180721857191
1298612100.0,-1.7971797732070058
1298614800.0,-1.889042801754215
1298617500.0,-1.8098944712475031
1298620200.0,-1.759908606669228
1298622900.0,-0.8332942006813369
1298625600.0,0.5828372182501766
1298628300.0,0.6196313968403615
1298631000.0,0.4160536890589128
1298633700.0,0.28070894804437785
1298636400.0,0.25691038890585105
1298639100.0,-1.4839231391687804
1298641800.0,-2.0963107809750454
1298644500.0,-2.0408218566001324
1298647200.0,-2.0622270088570076
1298649900.0,-2.0872242523275872
1298652600.0,-2.125077875314446
1298655300.0,-2.0839645453656885
1298658000.0,-2.0576610232869257
1298660700.0,-2.0264627205688726
1298663400.0,-1.8725681777705745
1298666100.0,-0.1401571938165489
1298668800.0,0.5693682434788911
1298671500.0,0.6908944496449294
1298674200.0,0.773038045975909
1298676900.0,0.779891330666203
1298679600.0,0.713682703276163
1298682300.0,0.676051408852004
1298685000.0,0.6777801048643823
1298687700.0,0.6494854660295459
1298690400.0,0.5740746960348133
1298693100.0,0.5750583353726029
1298695800.0,0.525388062813704
1298698500.0,0.384564618261777
1298701200.0,0.2829008846154011
1298703900.0,-2.150059794259903
1298706600.0,-2.487453353330693
1298709300.0,-2.5301933009668574
1298712000.0,-2.572780658033423
1298714700.0,-1.1450059360419687
1298717400.0,-0.23212634610803207
1298720100.0,-0.18655894536192363
1298722800.0,-0.19675215951957625
1298725500.0,-0.2144240803247044
1298728200.0,-0.11053917474913533
1298730900.0,-0.1524919055772216
1298733600.0,-0.30475732326880234
1298736300.0,-0.33981836948078126
1298739000.0,-0.38676567068478107
1298741700.0,-0.4238507528231139
1298744400.0,-0.3465122919327541
1298747100.0,-0.4135097653358457
1298749800.0,-0.26778708249946703
1298752500.0,-0.10074756899001613
1298755200.0,1.3838199750120452
1298757900.0,2.3836178107283104
1298760600.0,2.485617655271426
1298763300.0,2.5617273699611474
1298766000.0,2.5847789763143965
1298768700.0,2.5400529616663334
1298771400.0,2.519269378185811
1298774100.0,2.5364695585169557
1298776800.0,2.4673383591145353
1298779500.0,2.255800662809065
1298782200.0,-0.8073355261425377
1298784900.0,-0.8792750076675588
1298787600.0,-0.9502140516169106
1298790300.0,-0.9147379410342182
1298793000.0,-0.9567351680892102
1298795700.0,-0.9798464828597844
1298798400.0,-1.0147118228482555
1298801100.0,-1.0617644552093566
1298803800.0,-1.1386962571634172
1298806500.0,-1.1816267201572828
1298809200.0,0.28088194916836073
1298811900.0,1.4887016016774623
1298814600.0,1.3808702120758767
1298817300.0,1.2639569291145563
1298820000.0,-0.8698794959736347
1298822700.0,-1.2396117101484379
1298825400.0,-1.2242659416412494
1298828100.0,-1.1785540988871617
1298830800.0,-1.1136198323328586
1298833500.0,-1.1821668853428946
1298836200.0,-1.153701769387908
1298838900.0,-1.1328697076214098
1298841600.0,-0.987452215739097
1298844300.0,-0.5867074443033289
1298847000.0,1.179174177791083
1298849700.0,1.6453078290809344
1298852400.0,1.6419315730721564
1298855100.0,1.6552631047907767
1298857800.0,1.7543127498121294
1298860500.0,1.7030629278515903
1298863200.0,1.7136746104017675
1298865900.0,1.7298830801242957
1298868600.0,1.7290431334561163
1298871300.0,1.6348580740127545
1298874000.0,1.5318592495736993
1298876700.0,1.385478923711844
1298879400.0,-1.153603320877096
1298882100.0,-1.3745214260115972
1298884800.0,-1.407858418606338
1298887500.0,-1.470138789738428
1298890200.0,-1.5563018708309642
1298892900.0,-1.5921665195072023
1298895600.0,-1.5748665697929027
1298898300.0,-1.420926804237638
1298901000.0,-1.5290113529770224
1298903700.0,-1.4959518264207645
1298906400.0,-1.5740203041376049
1298909100.0,-1.5684638730634788
1298911800.0,-1.585208370717055
1298914500.0,-1.5824701455904346
1298917200.0,-1.54287165740692
1298919900.0,-1.5712578286258463
1298922600.0,-1.4951345566980194
1298925300.0,-1.4611263921319733
1298928000.0,0.13444874895714065
1298930700.0,2.0561983826241317
1298933400.0,2.138338321342701
1298936100.0,2.219672911749001
1298938800.0,2.172052413398035
1298941500.0,2.144071625065237
1298944200.0,2.1756781414941315
1298946900.0,1.99607397069434
1298949600.0,-0.6709248079278609
1298952300.0,-0.6871930598160247
1298955000.0,-0.6961903038746868
1298957700.0,-0.6899447050790286
1298960400.0,-0.7251398205177679
1298963100.0,-0.7039470087338486
1298965800.0,-0.6856944032786032
1298968500.0,-0.7492593426712233
1298971200.0,-0.7649417815467814
1298973900.0,-0.857597230624151
1298976600.0,-0.955881933830085
1298979300.0,-0.9567648655452103
1298982000.0,-0.9212905905183675
1298984700.0,-0.8652145657472943
1298987400.0,-0.9107000482949843
1298990100.0,-0.933046721217579
1298992800.0,-1.009368643889843
1298995500.0,-1.009246345108977
1298998200.0,-1.1188539342578565
1299000900.0,-1.1242743734210308
1299003600.0,-1.0759799249038906
1299006300.0,-1.0286795371354174
1299009000.0,2.261589396079387
1299011700.0,2.3958429986959686
1299014400.0,2.406270389143458
1299017100.0,2.460910436168092
1299019800.0,2.5242467885407223
1299022500.0,2.499921680029331
1299025200.0,2.5354376083408283
1299027900.0,2.541735871601986
1299030600.0,2.6557802211846138
1299033300.0,2.7514360836903506
1299036000.0,2.834114610366157
1299038700.0,2.8677373836010247
1299041400.0,2.926367017719201
1299044100.0,2.9031138925577125
1299046800.0,3.993645767163855
1299049500.0,1.6979986632813961
1299052200.0,1.6563464577950526
1299054900.0,1.6261074756788503
1299057600.0,1.551016117670315
1299060300.0,1.5562253380202264
1299063000.0,1.5075698518014065
1299065700.0,1.5291700104662027
1299068400.0,1.446628687251291
1299071100.0,1.5657574083457462
1299073800.0,1.4310934309990557
1299076500.0,1.4305201240414362
1299079200.0,1.401966845215668
1299081900.0,1.3867072538348566
1299084600.0,1.3577019422929766
1299087300.0,1.354933580879674
1299090000.0,1.3346227812320421
1299092700.0,1.2804494388685725
1299095400.0,1.300557359179379
1299098100.0,-0.6188324068174325
1299100800.0,1.0469877303920043
1299103500.0,1.0882548880004492
1299106200.0,1.1216249323043144
1299108900.0,1.1398462142582844
1299111600.0,1.0964944618547747
1299114300.0,1.1515040944563566
1299117000.0,1.2111833003356196
1299119700.0,1.2911660838601051
1299122400.0,1.3592684002482542
1299125100.0,1.501165419111942
1299127800.0,1.6027989456923706
1299130500.0,1.644455967065312
1299133200.0,1.6471887744864375
1299135900.0,1.6940603977814135
1299138600.0,1.6540631099472307
1299141300.0,1.3915122821795194
1299144000.0,-0.9093514714275557
1299146700.0,-1.0786233141448633
1299149400.0,-1.1549210182951128
1299152100.0,-1.1493867669939846
1299154800.0,-1.0757688375055068
1299157500.0,-1.04484660815001
1299160200.0,-1.0859286928284178
1299162900.0,-1.1272281025080133
1299165600.0,-1.1617043660219224
1299168300.0,-1.2163797133659386
1299171000.0,-1.2382019283380146
1299173700.0,-1.2390130237499761
1299176400.0,-1.234497811423637
1299179100.0,-1.1930739993528618
1299181800.0,-1.1494492387648165
1299184500.0,0.1911214103125758
1299187200.0,2.1418926506603952
1299189900.0,0.17069094400329732
1299192600.0,0.0482782693795798
1299195300.0,0.03735263209188133
1299198000.0,-0.0545871395930817
1299200700.0,-0.07257747251719593
1299203400.0,-0.02916606790984133
1299206100.0,0.030537944111074466
1299208800.0,0.07592288826953109
1299211500.0,0.1469487872125228
1299214200.0,0.3193445865288709
1299216900.0,0.5370652032763701
1299219600.0,2.663506921421458
1299222300.0,2.753516614091552
1299225000.0,2.7921078030820468
1299227700.0,2.719015791756135
1299230400.0,2.5988293373202396
1299233100.0,1.8328069145522932
1299235800.0,0.36798364606528366
1299238500.0,0.3316777928230863
1299241200.0,0.2377163528346955
1299243900.0,0.2977008621924142
1299246600.0,0.19051373211874534
1299249300.0,0.22434555198759654
1299252000.0,0.2139651339676334
1299254700.0,0.18063783996780103
1299257400.0,0.17920310955372543
1299260100.0,0.2113585764597019
1299262800.0,0.20190404563157927
1299265500.0,0.24607546973970784
1299268200.0,0.3109322767170397
1299270900.0,1.9184675957451418
1299273600.0,2.9154158902042013
1299276300.0,2.833505987332444
1299279000.0,0.9019844575995535
1299281700.0,0.5438268082495483
1299284400.0,0.45055804716668035
1299287100.0,0.3455192621071319
1299289800.0,0.39104213509159536
1299292500.0,0.417160974644446
1299295200.0,0.4266451612306241
1299297900.0,0.4674969595174616
1299300600.0,0.5370349197801829
1299303300.0,0.5756837910744252
1299306000.0,0.8353209550602401
1299308700.0,2.755367611972588
1299311400.0,3.117681100125367
1299314100.0,3.134859732042571
1299316800.0,3.1991061978150697
1299319500.0,3.1356516211756684
1299322200.0,3.0071037876969626
1299324900.0,2.9868922398969175
1299327600.0,2.83603838494804
1299330300.0,2.946466286256225
1299333000.0,2.834481361234168
1299335700.0,2.808752166337854
1299338400.0,2.783659940292239
1299341100.0,2.656392694606268
1299343800.0,2.6526713833111444
1299346500.0,2.74013441606337
1299349200.0,2.6576562948445144
1299351900.0,2.749658346558192
1299354600.0,2.809560347079696
1299357300.0,2.857390685179098
1299360000.0,5.075891997692224
1299362700.0,5.183778863042335
1299365400.0,1.8769660870376583
1299368100.0,1.7203789965365672
1299370800.0,1.5802386733010394
1299373500.0,1.4978734862368128
1299376200.0,1.539656151619397
1299378900.0,1.5462152383531134
1299381600.0,1.4934755819692214
1299384300.0,1.4764867104919972
1299387000.0,1.5031172798481407
1299389700.0,1.4983377523343506
1299392400.0,1.5748212834299693
1299395100.0,1.8153620485487636
1299397800.0,3.549562948705841
1299400500.0,1.8693786970284805
1299403200.0,1.5104071657142981
1299405900.0,1.487827389746485
1299408600.0,1.4782382460349481
1299411300.0,1.4574202722419614
1299414000.0,1.5265459551218328
1299416700.0,1.4615624424722
1299419400.0,1.408300251052367
1299422100.0,1.4463754049814952
1299424800.0,1.3311594780400355
1299427500.0,1.292083911687996
1299430200.0,1.310757693269636
1299432900.0,1.3548267369685618
1299435600.0,1.3636950495575775
1299438300.0,1.383987720037453
1299441000.0,1.4458487121408439
1299443700.0,1.4460723617808071
1299446400.0,1.628437924556522
1299449100.0,2.928229711553115
1299451800.0,1.353268590401683
1299454500.0,1.2600598754345924
1299457200.0,1.154562877438991
1299459900.0,1.1801525098763932
1299462600.0,1.1855120522832863
1299465300.0,1.1332067436994748
1299468000.0,1.1355542167729595
1299470700.0,1.112922064764689
1299473400.0,1.1034647517990948
1299476100.0,0.9847099630854359
1299478800.0,1.0354099286844303
1299481500.0,0.9991638577440085
1299484200.0,1.013906536646516
1299486900.0,0.25211654345497436
1299489600.0,0.9680634217407373
1299492300.0,1.0596064855038776
1299495000.0,1.1114687271511912
1299497700.0,1.1249006148271405
1299500400.0,1.1427327907007339
1299503100.0,1.1708995184760624
1299505800.0,1.1143286542077817
1299508500.0,1.094227081146812
1299511200.0,1.0144717770040756
1299513900.0,0.9613824485357441
1299516600.0,0.9817441335603689
1299519300.0,1.0509130642223
1299522000.0,0.9839560851045235
1299524700.0,1.0511390963004033
1299527400.0,1.163671786791042
1299530100.0,1.1461382606237862
1299532800.0,1.3118708675188486
1299535500.0,2.5668574359208947
1299538200.0,3.5250264651291445
1299540900.0,1.3177968169651422
1299543600.0,1.0339808015040148
1299546300.0,1.0038427618890182
1299549000.0,0.9361161109802083
1299551700.0,0.9140361091688192
1299554400.0,0.8897706428337528
1299557100.0,0.8604820179499484
1299559800.0,0.8053778083237262
1299562500.0,0.7323041937895596
1299565200.0,0.7463353440530227
1299567900.0,0.7431779274858172
1299570600.0,0.7525493824285263
1299573300.0,0.755654954643262
1299576000.0,0.8567871625207886
1299578700.0,2.2539715898941495
1299581400.0,0.6322610391852095
1299584100.0,0.6483707712317255
1299586800.0,0.6145475159040075
1299589500.0,0.6921856578171628
1299592200.0,0.680134873641066
1299594900.0,0.6065664410377849
1299597600.0,0.6050844878180328
1299600300.0,0.5497691788941665
1299603000.0,0.5711934363367845
1299605700.0,0.5971912354044093
1299608400.0,0.6063191994118142
1299611100.0,0.6853866105179236
1299613800.0,0.7406245308609414
1299616500.0,0.7713488188276187
1299619200.0,0.9005159554465081
1299621900.0,1.0225809853924375
1299624600.0,1.1838090570651616
1299627300.0,1.2461515127399139
1299630000.0,2.8143671153710557
1299632700.0,0.8836640857064708
1299635400.0,0.7773088943070547
1299638100.0,0.7785705754467358
1299640800.0,0.7031119990961088
1299643500.0,0.7239923115132001
1299646200.0,0.6336219476941096
1299648900.0,0.5212613922487321
1299651600.0,0.5624866951182526
1299654300.0,0.4495911228283376
1299657000.0,0.4364297977636511
1299659700.0,0.30957109726421095
1299662400.0,0.25964078112133393
1299665100.0,0.20214511705671612
1299667800.0,0.27641769107924574
1299670500.0,0.32011180183639
1299673200.0,0.36878959452542404
1299675900.0,0.40419882991778877
1299678600.0,0.34682041768775207
1299681300.0,0.32987866533403576
1299684000.0,0.277847438295737
1299686700.0,0.2506745051341568
1299689400.0,0.2510151714549238
1299692100.0,0.29328752532006774
1299694800.0,0.23953293539562992
1299697500.0,0.3545158717782897
1299700200.0,0.4283305149928083
1299702900.0,0.5340721620007116
1299705600.0,0.6346474661634147
1299708300.0,0.913206271254694
1299711000.0,4.092671264685805
1299713700.0,4.189263859207131
1299716400.0,4.112383411558142
1299719100.0,4.090724510828977
1299721800.0,3.844631815800142
1299724500.0,0.4790994165445568
1299727200.0,0.3560757211980672
1299729900.0,0.2795863378385093
1299732600.0,0.25127635946927285
1299735300.0,0.1711475451180604
1299738000.0,0.12474344482922106
1299740700.0,-0.03193824735291173
1299743400.0,-0.09095014228415721
1299746100.0,-0.25719216019194846
1299748800.0,-0.2603488524672457
1299751500.0,-0.2402192926822977
1299754200.0,1.9284180511613158
1299756900.0,0.10658948762454656
1299759600.0,-0.12793817091085202
1299762300.0,-0.13859765133423707
1299765000.0,-0.15851423876699755
1299767700.0,-0.13776382216178717
1299770400.0,-0.19478925720875395
1299773100.0,-0.19224528113494443
1299775800.0,-0.15855100874887285
1299778500.0,-0.1239164009812157
1299781200.0,-0.10054610548621667
1299783900.0,-0.046905922087205454
1299786600.0,0.018683277724221625
1299789300.0,0.07842334232293524
1299792000.0,0.2599867124799289
1299794700.0,0.40450310912257237
1299797400.0,1.8566552584111946
1299800100.0,2.6672163786070087
1299802800.0,2.7311280594909704
1299805500.0,2.7020318602633893
1299808200.0,2.6766962473491844
1299810900.0,2.406443653335714
1299813600.0,-0.00805599958852099
1299816300.0,-0.1448525043122686
1299819000.0,-0.1802550195244521
1299821700.0,-0.2849742374340849
1299824400.0,-0.26398410235287884
1299827100.0,-0.31405326914051557
1299829800.0,-0.3471505081176929
1299832500.0,-0.469125509326318
1299835200.0,-0.5551986754364293
1299837900.0,-0.6246479238729421
1299840600.0,-0.6204373783967867
1299843300.0,-0.5941759116623189
1299846000.0,-0.4469437801002414
1299848700.0,-0.37844437858393576
1299851400.0,1.5665005396327274
1299854100.0,1.889616686291447
1299856800.0,1.8649791465497856
1299859500.0,1.8435822911574178
1299862200.0,1.8959490707762825
1299864900.0,1.887330279896446
1299867600.0,1.94177175672246
1299870300.0,1.9752380652082024
1299873000.0,2.0418010883230977
1299875700.0,2.0474048996389342
1299878400.0,2.203007917271975
1299881100.0,2.2921127673940873
1299883800.0,2.3972408805333316
1299886500.0,2.416986296224252
1299889200.0,2.40165520527097
1299891900.0,2.3965362793688882
1299894600.0,2.422135013785578
1299897300.0,2.3879760168616144
1299900000.0,0.41460717775322564
1299902700.0,-1.039773678428503
1299905400.0,-1.0557531539340061
1299908100.0,-1.1719791419972694
1299910800.0,-1.1793374545192137
1299913500.0,-1.2203790269968522
1299916200.0,-1.3002637049143004
1299918900.0,-1.43793232632612
1299921600.0,-1.577880918265521
1299924300.0,-1.760769366966656
1299927000.0,-1.793782791257172
1299929700.0,-1.9301813465649502
1299932400.0,-3.69634677134286
1299935100.0,-4.071931636156137
1299937800.0,-4.049684530027577
1299940500.0,-4.08336285422331
1299943200.0,-4.070458041544612
1299945900.0,-4.088638879655548
1299948600.0,-3.987178220033428
1299951300.0,-0.3569666686910864
1299954000.0,-0.2380840058759759
1299956700.0,-0.09471823450536476
1299959400.0,-0.06740113916146129
1299962100.0,-0.0359869132591939
1299964800.0,0.03659547290391174
1299967500.0,0.09309043947058626
1299970200.0,0.13274803059312035
1299972900.0,0.20066943861070285
1299975600.0,0.20641574328612933
1299978300.0,0.18204166490647822
1299981000.0,0.1862460163613946
1299983700.0,0.1837751181137719
1299986400.0,0.17964063429013777
1299989100.0,0.1885356215225329
1299991800.0,0.1799770817452213
1299994500.0,0.09877752663362571
1299997200.0,0.05457746909490879
1299999900.0,-0.045873851460953574
1300002600.0,-2.8381116718309727
1300005300.0,-3.247358613235008
1300008000.0,-3.270544190163662
1300010700.0,-3.40687512712978
1300013400.0,-3.4044764472409383
1300016100.0,-3.525909783852228
1300018800.0,-3.3986157700273907
1300021500.0,-3.4239852221127762
1300024200.0,-3.4061798006493973
1300026900.0,-3.445555520810899
1300029600.0,-3.49147446289453
1300032300.0,-3.45420883316487
1300035000.0,0.06634469178277413
1300037700.0,0.22858696445268833
1300040400.0,0.31593404119195156
1300043100.0,0.35068392978155316
1300045800.0,0.3830553114476629
1300048500.0,0.41463310453860913
1300051200.0,0.5023249537148899
1300053900.0,-0.01287095568937957
1300056600.0,-2.1612245687338145
1300059300.0,-2.1930213453559873
1300062000.0,-2.181639270623691
1300064700.0,-2.1728411731754704
1300067400.0,-2.1404363645812623
1300070100.0,-2.1383180809110627
1300072800.0,-2.0884585508184728
1300075500.0,-2.0959593013217273
1300078200.0,-2.0398250623555327
1300080900.0,-2.134779326481862
1300083600.0,-2.0724521864903522
1300086300.0,-2.0486587917627617
1300089000.0,-2.041436466947573
1300091700.0,-2.2118154854152294
1300094400.0,-3.8605146299231876
1300097100.0,-4.630186993792279
1300099800.0,-4.628827660224317
1300102500.0,-4.667284227782261
1300105200.0,-4.797618356642573
1300107900.0,-4.759510568999417
1300110600.0,-4.79011590810947
1300113300.0,-4.8495900136394425
1300116000.0,-4.904102815237081
1300118700.0,-4.86701604153879
1300121400.0,-2.35950902202552
1300124100.0,-1.062546412649624
1300126800.0,-0.9316332739045947
1300129500.0,-0.8088843624074116
1300132200.0,-0.770034336705578
1300134900.0,-0.73724006411652
1300137600.0,-0.6182336931661894
1300140300.0,-2.171405749343023
1300143000.0,-3.0269314993697094
1300145700.0,-3.071746497145
1300148400.0,-3.097715699881121
1300151100.0,-3.0797541733011258
1300153800.0,-3.0404493181964654
1300156500.0,-3.036461741618041
1300159200.0,-2.977994977451999
1300161900.0,-2.9557803371362183
1300164600.0,-2.095567419067777
1300167300.0,-0.2906247465920728
1300170000.0,-0.22463593990181607
1300172700.0,-0.1706996104476275
1300175400.0,-0.14311850134430415
1300178100.0,-0.16639004297047677
1300180800.0,-0.16949386310807313
1300183500.0,-0.2666459836719355
1300186200.0,-0.7709208554394422
1300188900.0,-2.68200859271343
1300191600.0,-2.721933328122361
1300194300.0,-2.803980944820921
1300197000.0,-2.86425714174527
1300199700.0,-2.843312592021732
1300202400.0,-2.938943411577725
1300205100.0,-2.9365099228145937
1300207800.0,-2.9081779113293464
1300210500.0,-2.8349417605648455
1300213200.0,-1.3450270831009448
1300215900.0,0.003063050482012386
1300218600.0,0.08315499209510335
1300221300.0,0.15284611009980154
1300224000.0,0.19623756766975475
1300226700.0,0.10935135466826296
1300229400.0,-1.654657975344719
1300232100.0,-2.107886259362658
1300234800.0,-2.1678870336778004
1300237500.0,-2.1855412294642065
1300240200.0,-2.20478122369758
1300242900.0,-2.232229841669323
1300245600.0,-2.2535752946548655
1300248300.0,-2.2392896838674687
1300251000.0,-2.20056880952518
1300253700.0,-2.2300394527943013
1300256400.0,-2.1614671383463246
1300259100.0,-2.125258089453382
1300261800.0,-2.0682422222236028
1300264500.0,-2.0360965249318497
1300267200.0,-2.012613691414117
1300269900.0,-2.056033573786067
1300272600.0,-2.0127696177721646
1300275300.0,-2.0860138373679433
1300278000.0,-2.1914856655552057
1300280700.0,-4.444525900364283
1300283400.0,-4.79034245785499
1300286100.0,-4.870410580746352
1300288800.0,-4.920394506500259
1300291500.0,-4.922068157300714
1300294200.0,-4.816680270610419
1300296900.0,-4.7316808586600985
1300299600.0,-1.20509244834642
1300302300.0,-1.0297985766867441
1300305000.0,-1.0103449095391852
1300307700.0,-0.9557144901428956
1300310400.0,-0.8917556195432326
1300313100.0,-0.8332422281353615
1300315800.0,-0.823177350171477
1300318500.0,-1.0735762456065459
1300321200.0,-2.6165605438487205
1300323900.0,-3.122106944124482
1300326600.0,-3.1800642069319736
1300329300.0,-3.1903439804564186
1300332000.0,-3.1856664059775994
1300334700.0,-3.1283050537754207
1300337400.0,-3.136086593428871
1300340100.0,-3.101471708683448
1300342800.0,-3.090446433278885
1300345500.0,-3.0084858708628417
1300348200.0,-2.9183386008680827
1300350900.0,-2.9133438947524724
1300353600.0,-2.853562770780229
1300356300.0,-2.8672468301560343
1300359000.0,-2.8399985577948996
1300361700.0,-2.912200513056348
1300364400.0,-2.8143204801795605
1300367100.0,-2.859728454445417
1300369800.0,-2.849541759191027
1300372500.0,-2.9943673376835136
1300375200.0,-3.105325889838525
1300377900.0,-3.09381662145114
1300380600.0,-3.1076897345052714
1300383300.0,-3.112050331258729
1300386000.0,-3.108476160692419
1300388700.0,-3.0132638145904593
1300391400.0,0.5903333504373336
1300394100.0,0.8398201650562669
1300396800.0,0.8733271579610005
1300399500.0,0.9148558011759178
1300402200.0,0.9058664048293394
1300404900.0,-2.2955290350155906
1300407600.0,-2.524145155377937
1300410300.0,-2.5535570676648263
1300413000.0,-2.5784721604439937
1300415700.0,-2.5979324450580634
1300418400.0,-2.6383710262179534
1300421100.0,-2.5983142715815006
1300423800.0,-2.655858112364058
1300426500.0,-2.70379158283032
1300429200.0,-2.7026463294853897
1300431900.0,-2.6617675439771347
1300434600.0,-2.596206877913005
1300437300.0,-2.6232000197562115
1300440000.0,-2.560110908154286
1300442700.0,-2.5400783224237102
1300445400.0,-2.4873451714795465
1300448100.0,-2.509772443070915
1300450800.0,-2.6868653863991767
1300453500.0,-2.6258479800275722
1300456200.0,-2.6992111002443835
1300458900.0,-2.6880669192264577
1300461600.0,-2.7262393403979104
1300464300.0,-2.7628984259821436
1300467000.0,-2.7027606290967015
1300469700.0,-2.6864180131162243
1300472400.0,-2.656930972005341
1300475100.0,-2.525347277387368
1300477800.0,0.891028557048628
1300480500.0,1.1982393946277625
1300483200.0,1.2120345092898788
1300485900.0,-1.9802641013102402
1300488600.0,-2.186158666397205
1300491300.0,-2.162368452115345
1300494000.0,-2.1673424660454543
1300496700.0,-2.1809557871509924
1300499400.0,-2.1155515390137793
1300502100.0,-2.146164339617428
1300504800.0,-2.1406354176775153
1300507500.0,-2.1486341382823184
1300510200.0,-2.259604354594728
1300512900.0,-2.340942965407635
1300515600.0,-2.4117901114460665
1300518300.0,-0.4851867577850726
1300521000.0,0.23655222985564706
1300523700.0,-1.7157140582768875
1300526400.0,-2.1429583618123047
1300529100.0,-2.182837258942641
1300531800.0,-2.0963121177175594
1300534500.0,-2.1075650741627783
1300537200.0,-2.1305469540021136
1300539900.0,-2.1898364635048324
1300542600.0,-2.213838944167776
1300545300.0,-2.260544987864648
1300548000.0,-2.3332575630022347
1300550700.0,-2.3293933828669537
1300553400.0,-2.279929073507617
1300556100.0,-2.2573800683871923
1300558800.0,-2.247928291829055
1300561500.0,-2.153751319397145
1300564200.0,-2.0858062628135485
1300566900.0,0.4454921566537564
1300569600.0,0.6404698563757734
1300572300.0,-1.421874857991554
1300575000.0,-1.8508248662239453
1300577700.0,-1.83989301424009
1300580400.0,-1.910054862128277
1300583100.0,-1.876278685722184
1300585800.0,-1.853942459325367
1300588500.0,-1.8659265323279897
1300591200.0,-1.7966977691866077
1300593900.0,-1.8197149742369447
1300596600.0,-1.8579962569004351
1300599300.0,-1.9467125787126065
1300602000.0,-2.0274955286671457
1300604700.0,-2.089031806878154
1300607400.0,-1.9900295977073483
1300610100.0,-1.6338498952280247
1300612800.0,-1.6684298391820676
1300615500.0,-1.7081211938962042
1300618200.0,-1.6617771894983662
1300620900.0,-1.6055149943443894
1300623600.0,-1.5247778955819058
1300626300.0,-1.5603715127684836
1300629000.0,-1.5465946650298292
1300631700.0,-1.627157737041614
1300634400.0,-1.6576984302386109
1300637100.0,-1.6411442085607177
1300639800.0,-1.618705702240561
1300642500.0,-1.646572636499684
1300645200.0,-1.589192637932399
1300647900.0,-1.5122162966578685
1300650600.0,-1.5041517283760868
1300653300.0,-1.4426764259687843
1300656000.0,0.7267764128810654
1300658700.0,-0.40585273409789124
1300661400.0,-1.1870243467218984
1300664100.0,-1.2592451033247585
1300666800.0,-1.3417450794556771
1300669500.0,-1.3378381806647894
1300672200.0,-1.308946649590382
1300674900.0,-1.363398793874012
1300677600.0,-1.297394028353608
1300680300.0,-1.3025092906795521
1300683000.0,-1.3598178737897797
1300685700.0,-1.4107234296900515
1300688400.0,-1.5165488685590276
1300691100.0,-1.5796395952764897
1300693800.0,-1.7340650550098076
1300696500.0,-3.2379041410606533
1300699200.0,-4.017387751743598
1300701900.0,-3.9601567191309073
1300704600.0,-1.7664582213387803
1300707300.0,-1.4975368342988418
1300710000.0,-1.3487759685427818
1300712700.0,-1.389520303754864
1300715400.0,-1.419867923675838
1300718100.0,-1.5376126064186337
1300720800.0,-1.5772594626964747
1300723500.0,-1.5565308219701706
1300726200.0,-1.5322809667666775
1300728900.0,-1.533872662848296
1300731600.0,-1.4756449313628082
1300734300.0,-1.4177579374790525
1300737000.0,-1.4533978907988967
1300739700.0,-1.3465189118199419
1300742400.0,-1.3704650014453819
1300745100.0,-1.271668220785557
1300747800.0,-0.48125310639994723
1300750500.0,-1.2347056952849584
1300753200.0,-1.2863942130339865
1300755900.0,-1.2944966017463457
1300758600.0,-1.2711205145236022
1300761300.0,-1.2750143739617101
1300764000.0,-1.3082160841972836
1300766700.0,-1.2335882177944768
1300769400.0,-1.2948235312819065
1300772100.0,-1.2894001696391229
1300774800.0,-1.4023682625251581
1300777500.0,-1.4966666888378768
1300780200.0,-1.744583389675995
1300782900.0,-2.7788759508632097
1300785600.0,-3.9129849532955348
1300788300.0,-3.9566462053660985
1300791000.0,-3.9879310491442936
1300793700.0,-3.9413964463044238
1300796400.0,-3.6925025867539603
1300799100.0,-3.777485018473726
1300801800.0,-3.800029016620698
1300804500.0,-3.8708216812850367
1300807200.0,-3.9150616430733294
1300809900.0,-3.9078876556731643
1300812600.0,-3.8793357490118865
1300815300.0,-3.825458028475339
1300818000.0,-3.752797028745647
1300820700.0,-3.669213104735121
1300823400.0,-3.635669640520092
1300826100.0,-3.54478046287889
1300828800.0,-3.5424549975464004
1300831500.0,-3.4179663933754796
1300834200.0,-0.24436495254803958
1300836900.0,-1.5826660990517212
1300839600.0,-2.3897231258465013
1300842300.0,-2.4474871994743808
1300845000.0,-2.4630993522858375
1300847700.0,-2.5059092095483493
1300850400.0,-2.4735731737618494
1300853100.0,-2.4291182898518286
1300855800.0,-2.468682410258623
1300858500.0,-2.473040113189313
1300861200.0,-2.462370583522045
1300863900.0,-2.4751671352986477
1300866600.0,-2.5778676386157144
1300869300.0,-2.5305901152943875
1300872000.0,-0.6040991553600179
1300874700.0,-2.4628926225736905
1300877400.0,-2.745382268815149
1300880100.0,-2.7787383789379305
1300882800.0,-2.583419243687956
1300885500.0,-2.664606961998288
1300888200.0,-2.6487111418055633
1300890900.0,-2.7321677722889035
1300893600.0,-2.7514141291392207
1300896300.0,-2.753070364576274
1300899000.0,-2.7663668692059105
1300901700.0,-2.763409760988111
1300904400.0,-2.676928118291528
1300907100.0,-2.612226795353081
1300909800.0,-2.5557399683729614
1300912500.0,-2.4359261980009137
1300915200.0,-1.6813074601932385
1300917900.0,-0.02510252765421228
1300920600.0,0.06067126677032775
1300923300.0,-0.008129614286474407
1300926000.0,-0.030246024612949896
1300928700.0,-0.12445724212636833
1300931400.0,-0.1666895213251678
1300934100.0,-0.2469035160634121
1300936800.0,-0.24748045166404609
1300939500.0,-2.4020192022642846
1300942200.0,-2.9992774085527003
1300944900.0,-3.0449742514842626
1300947600.0,-3.125257653475728
1300950300.0,-3.0518681982687497
1300953000.0,-3.1718509164729483
1300955700.0,-3.174583256821961
1300958400.0,-2.866228262060474
1300961100.0,-1.0290200478788165
1300963800.0,-1.1463536632668934
1300966500.0,-1.0204016401635272
1300969200.0,-1.1623970670915469
1300971900.0,-1.1747918301998084
1300974600.0,-1.173489327269749
1300977300.0,-1.2303792684875816
1300980000.0,-1.2567087481791646
1300982700.0,-1.2262033236649472
1300985400.0,-1.1868079378713219
1300988100.0,-1.0944189812888112
1300990800.0,-0.9960813353647495
1300993500.0,-0.8853686462701376
1300996200.0,-0.5971165884444645
1300998900.0,0.4688284201462807
1301001600.0,1.504467536953257
1301004300.0,1.5912931511795136
1301007000.0,1.5935282683939818
1301009700.0,1.4776533120389672
1301012400.0,1.365324806605031
1301015100.0,-1.4267131979871124
1301017800.0,-1.9376095110321216
1301020500.0,-1.9488552581466365
1301023200.0,-1.9540668030822417
1301025900.0,-1.9823949158084702
1301028600.0,-2.022495954388887
1301031300.0,-2.047104906960385
1301034000.0,-2.058837375483165
1301036700.0,-2.0177609555971117
1301039400.0,-2.090378860892258
1301042100.0,-2.118045760218706
1301044800.0,-2.16447319241621
1301047500.0,-1.0156816342687307
1301050200.0,-2.148515499885832
1301052900.0,-2.156090452386593
1301055600.0,-2.2494499746976544
1301058300.0,-2.30459551243257
1301061000.0,-2.3470684639250408
1301063700.0,-2.431831555910037
1301066400.0,-2.4275868369280147
1301069100.0,-2.35918161686385
1301071800.0,-2.3197019075690832
1301074500.0,-2.3091788886604263
1301077200.0,-2.2331946309960244
1301079900.0,-2.0997262012252236
1301082600.0,-1.739303133792248
1301085300.0,-0.843789698651733
1301088000.0,0.527808308609508
1301090700.0,0.6140243886486019
1301093400.0,0.6535345750779129
1301096100.0,0.625521462085203
1301098800.0,0.4789630295054508
1301101500.0,0.07472571551699048
1301104200.0,-1.7808152449704266
1301106900.0,-1.9365134819688024
1301109600.0,-1.9691061202190667
1301112300.0,-1.9762637845018958
1301115000.0,-2.0848099187648472
1301117700.0,-2.0256591000639332
1301120400.0,-2.0977071475073785
1301123100.0,-2.0705396812974186
1301125800.0,-2.1206269798589688
1301128500.0,-2.134297249823362
1301131200.0,-2.2120312274994376
1301133900.0,-2.219088472813155
1301136600.0,-2.3758390874126576
1301139300.0,-2.3211353482035975
1301142000.0,-2.182566687472331
1301144700.0,-2.328904024431722
1301147400.0,-2.27806690608719
1301150100.0,-2.3276096243036477
1301152800.0,-2.299105806497039
1301155500.0,-2.271090357030573
1301158200.0,-2.2409372183113874
1301160900.0,-2.2450447139906373
1301163600.0,-2.122170478583712
1301166300.0,-1.9814665044457342
1301169000.0,-1.7452774991800197
1301171700.0,-1.4735867966186333
1301174400.0,-1.2500961486524034
1301177100.0,0.9003897019886722
1301179800.0,1.115364828809561
1301182500.0,1.1072935774494113
1301185200.0,1.0437675970030114
1301187900.0,1.0273869335179597
1301190600.0,1.0243157411676975
1301193300.0,0.9462539381287911
1301196000.0,0.9041225028617532
1301198700.0,0.9058411100127159
1301201400.0,0.7743762596915076
1301204100.0,0.771157094659884
1301206800.0,0.7345174687229132
1301209500.0,0.7514928991672605
1301212200.0,0.5951577498998404
1301214900.0,0.594010153832528
1301217600.0,0.5166228324380313
1301220300.0,-2.3917739737801185
1301223000.0,-2.8195244169203875
1301225700.0,-2.7910819920467134
1301228400.0,-2.765127743555638
1301231100.0,-2.7714655559177572
1301233800.0,-2.880842814333789
1301236500.0,-2.93321974037309
1301239200.0,-2.906275999678826
1301241900.0,-2.8835854284522497
1301244600.0,-2.857962733539523
1301247300.0,-2.8359390207575075
1301250000.0,-2.768260568291282
1301252700.0,-1.0406226046807205
1301255400.0,0.7318874062027589
1301258100.0,0.8423238420651273
1301260800.0,0.9547061840953006
1301263500.0,1.046519080657788
1301266200.0,1.0305748342016727
1301268900.0,-1.2108348052896076
1301271600.0,-1.3965649174675718
1301274300.0,-1.2955695656925172
1301277000.0,-1.2675526172418472
1301279700.0,-1.2766310557420866
1301282400.0,-1.2793112057303802
1301285100.0,-1.299826970432207
1301287800.0,-1.3649763223574496
1301290500.0,-1.3608088486074053
1301293200.0,-1.3669923306083547
1301295900.0,-1.3919578450785934
1301298600.0,-1.45406738446286
1301301300.0,-1.4627859977802018
1301304000.0,-1.555840362209608
1301306700.0,-1.6197249929666668
1301309400.0,-1.8443594959720144
1301312100.0,-2.8357692203064175
1301314800.0,-4.035910680653558
1301317500.0,-4.15460800231773
1301320200.0,-4.180850776824883
1301322900.0,-4.177998531331497
1301325600.0,-4.172330125458728
1301328300.0,-4.117927242828699
1301331000.0,-4.013167858319406
1301333700.0,-0.7563165232867277
1301336400.0,-0.5637815262571735
1301339100.0,-0.5319747958255903
1301341800.0,-0.483115999185884
1301344500.0,-0.4539183258250432
1301347200.0,-0.35562378610342193
1301349900.0,-0.2351957497991748
1301352600.0,-0.03933417557703933
1301355300.0,-0.012585423864720724
1301358000.0,0.018245281697488736
1301360700.0,1.9691000608827949
1301363400.0,0.45386783752371684
1301366100.0,0.1445543050569995
1301368800.0,0.14851125019237088
1301371500.0,0.14940202552782011
1301374200.0,0.08936340620618921
1301376900.0,0.08401646642698779
1301379600.0,0.008632706744208463
1301382300.0,-0.028202162614888948
1301385000.0,-0.1129165062753259
1301387700.0,-0.13917516717918943
1301390400.0,-0.17854432244848795
1301393100.0,-0.19404646596734665
1301395800.0,-0.2773224559488199
1301398500.0,-0.23127429929115806
1301401200.0,-0.23546311485614524
1301403900.0,-0.2702787099925672
1301406600.0,-0.34384178895595596
1301409300.0,-0.3787013065303313
1301412000.0,-0.44661468964659434
1301414700.0,-0.41991078359859557
1301417400.0,-0.4100315030140109
1301420100.0,1.0374895589031894
1301422800.0,2.3260119702821385
1301425500.0,2.3912201895829526
1301428200.0,2.424925044760414
1301430900.0,2.3951648142113413
1301433600.0,2.4520297697432056
1301436300.0,2.418792433759563
1301439000.0,2.4941365135921387
1301441700.0,0.5731996166535964
1301444400.0,-0.6277057029643629
1301447100.0,-0.5023074555133462
1301449800.0,-0.3719230626652461
1301452500.0,0.16372576520518578
1301455200.0,1.9137947758911196
1301457900.0,1.9858597507619038
1301460600.0,1.9231570975849195
1301463300.0,1.9439668093774571
1301466000.0,1.8952953160472816
1301468700.0,1.9176708191034209
1301471400.0,1.8257256003369662
1301474100.0,1.777579007050008
1301476800.0,1.6823883962193236
1301479500.0,1.6764201533981122
1301482200.0,1.5784968914928754
1301484900.0,1.6656437826500792
1301487600.0,1.6375429274785915
1301490300.0,1.6161185882735936
1301493000.0,1.5347177267353231
1301495700.0,1.4913063026390319
1301498400.0,1.4085494706292252
1301501100.0,1.3854948715492128
1301503800.0,1.36014837023896
1301506500.0,1.4041316842642573
1301509200.0,1.4285701463190321
1301511900.0,3.621739734735229
1301514600.0,3.9948306555954787
1301517300.0,3.271034299239602
1301520000.0,0.6972538471355278
1301522700.0,0.6505333109407729
1301525400.0,0.6391985536781135
1301528100.0,0.6420927241059644
1301530800.0,0.6839234345762861
1301533500.0,0.7718263445531193
1301536200.0,0.9211511352584125
1301538900.0,1.043660390003481
1301541600.0,1.204580643494694
1301544300.0,1.2777448336597104
1301547000.0,1.245771013161118
1301549700.0,3.29397675989469
1301552400.0,3.4127004033231856
1301555100.0,3.3950763985628214
1301557800.0,3.3455966112536544
1301560500.0,3.305440079857192
1301563200.0,3.1854034216141827
1301565900.0,3.214024843169966
1301568600.0,3.1121207049304758
1301571300.0,3.188594912299777
1301574000.0,3.11780103266625
1301576700.0,3.0623739541533723
1301579400.0,2.982667259965069
1301582100.0,2.9329679844445877
1301584800.0,2.9040935047913763
1301587500.0,2.904415525509876
1301590200.0,2.943113306785108
1301592900.0,2.956446343981611
1301595600.0,2.956395066043399
1301598300.0,2.941750490415302
1301601000.0,1.8883421678506238
1301603700.0,1.9276138151807345
1301606400.0,1.909023026271086
1301609100.0,1.9011474228760221
1301611800.0,1.9078285436017381
1301614500.0,1.8387675378112363
1301617200.0,1.8398293409732105
1301619900.0,1.8592855893398905
1301622600.0,1.8842350169026076
1301625300.0,1.9762077019286153
1301628000.0,2.1230314726081474
1301630700.0,2.2064518098283656
1301633400.0,2.293984343315117
1301636100.0,2.2397012992211103
1301638800.0,2.3599871370306573
1301641500.0,2.3410313521729904
1301644200.0,2.279957320623339
1301646900.0,2.248036368260614
1301649600.0,2.167906103509779
1301652300.0,2.1068588214463944
1301655000.0,2.0413485925007535
1301657700.0,2.06952194407404
1301660400.0,2.058727901099644
1301663100.0,2.018362354536748
1301665800.0,1.9210131141298348
1301668500.0,1.899127580121501
1301671200.0,1.8355524739959606
1301673900.0,1.8435599050100677
1301676600.0,1.8041986238013692
1301679300.0,1.819021358423356
1301682000.0,1.8086490213203206
1301684700.0,1.8229957991162564
1301687400.0,5.104610667566703
1301690100.0,5.230863341541806
1301692800.0,1.8165706261671062
1301695500.0,1.6315919357436997
1301698200.0,1.6388529758664276
1301700900.0,1.539897123204696
1301703600.0,1.4811025108842273
1301706300.0,1.4828196793500297
1301709000.0,1.4546200375160083
1301711700.0,1.4909066147865246
1301714400.0,1.5961824875622028
1301717100.0,1.6768863319835532
1301719800.0,1.8538636153774064
1301722500.0,3.69556767129626
1301725200.0,4.166845480264328
1301727900.0,4.15793485724663
1301730600.0,4.085874235709298
1301733300.0,4.103572724527339
1301736000.0,4.03776646189533
1301738700.0,4.02195237849844
1301741400.0,3.9730354276439925
1301744100.0,3.9975401046601178
1301746800.0,3.846701686585277
1301749500.0,3.8184820859281103
1301752200.0,3.745774197968842
1301754900.0,3.7368100758957894
1301757600.0,3.7555436180027755
1301760300.0,3.755484005909807
1301763000.0,3.767102468606595
1301765700.0,3.8058916395151527
1301768400.0,3.8531140353679803
1301771100.0,4.187594466277744
1301773800.0,3.728573006612237
1301776500.0,2.9985432953676536
1301779200.0,2.9936323554766204
1301781900.0,2.955484653091844
1301784600.0,3.013438914194694
1301787300.0,2.9080944658350063
1301790000.0,2.862878401720991
1301792700.0,2.8859340726343703
1301795400.0,2.8501925759408095
1301798100.0,2.8469842412437742
1301800800.0,2.851657534146682
1301803500.0,2.853747630358498
1301806200.0,2.8313009113498993
1301808900.0,2.897392769582268
1301811600.0,2.961509727325108
1301814300.0,3.136118215325155
1301817000.0,5.243798067123919
1301819700.0,2.806988927283385
1301822400.0,2.6405544332637305
1301825100.0,2.620409142892413
1301827800.0,2.6341147061522747
1301830500.0,2.709403813703261
1301833200.0,2.5982052240647135
1301835900.0,2.6409754333131445
1301838600.0,2.571712071848083
1301841300.0,2.544602872138512
1301844000.0,2.5514629960730417
1301846700.0,2.564259345271182
1301849400.0,2.556776429112631
1301852100.0,2.60061520311649
1301854800.0,2.609119829506085
1301857500.0,2.651505336523144
1301860200.0,2.798956715724273
1301862900.0,3.2643477502362543
1301865600.0,2.38552659820607
1301868300.0,2.3804826205797553
1301871000.0,2.3418753403549317
1301873700.0,2.268918086588826
1301876400.0,2.203098019495883
1301879100.0,2.1752321547356814
1301881800.0,2.1452468966507467
1301884500.0,2.104655419936023
1301887200.0,2.1178213279667375
1301889900.0,2.0374759981696684
1301892600.0,1.9994553748471162
1301895300.0,1.9556345324895688
1301898000.0,1.9936744189359388
1301900700.0,2.009652278603312
1301903400.0,2.032998529588781
1301906100.0,2.961329067017175
1301908800.0,1.8303389090345945
1301911500.0,1.6720767719214678
1301914200.0,1.7621600681021619
1301916900.0,1.8047306989961385
1301919600.0,1.7011315176610537
1301922300.0,1.7136935897765966
1301925000.0,1.6503312870000286
1301927700.0,1.6622446204402763
1301930400.0,1.6773676359764522
1301933100.0,1.689784331101805
1301935800.0,1.7236414361363472
1301938500.0,1.7380199430737093
1301941200.0,1.765876532644711
1301943900.0,1.8075736066795116
1301946600.0,1.916683306839957
1301949300.0,2.128003801813918
1301952000.0,3.5414101261252426
1301954700.0,1.9024736339979995
1301957400.0,1.7536419008702069
1301960100.0,1.7336685545241721
1301962800.0,1.7320309241877112
1301965500.0,1.6664931821612186
1301968200.0,1.638719375196331
1301970900.0,1.5839498180428677
1301973600.0,1.5761152190097505
1301976300.0,1.4976290117807594
1301979000.0,1.4718822983239193
1301981700.0,1.4194999560903625
1301984400.0,1.4306415278733198
1301987100.0,1.3339267089069153
1301989800.0,1.2752608191399872
1301992500.0,1.2734294843224916
1301995200.0,1.362774044939954
1301997900.0,2.02666995582058
1302000600.0,1.557781521951597
1302003300.0,1.1784115113730422
1302006000.0,1.1499499584543855
1302008700.0,1.1158670779956879
1302011400.0,1.0195406517659649
1302014100.0,1.0335395758427808
1302016800.0,1.0191159947036112
1302019500.0,1.113423445912474
1302022200.0,1.1421826241057147
1302024900.0,1.2234117272410003
1302027600.0,1.3265004839171866
1302030300.0,1.3510198092885162
1302033000.0,1.4527323075826075
1302035700.0,1.5510408894210173
1302038400.0,1.5874375417058673
1302041100.0,1.59494503647511
1302043800.0,-0.2698497012241319
1302046500.0,-0.6753302928598828
1302049200.0,-0.672432199977095
1302051900.0,-0.6487403453500065
1302054600.0,-0.741714694258576
1302057300.0,-0.7454326828426474
1302060000.0,-0.7425102390857319
1302062700.0,-0.8130139825321407
1302065400.0,-0.8140951245073325
1302068100.0,-0.8966381790802984
1302070800.0,-0.8743424110448927
1302073500.0,-0.9581893403555455
1302076200.0,-1.0056226461524602
1302078900.0,-1.073794506592776
1302081600.0,-1.1305560954017437
1302084300.0,-1.1692193545702025
1302087000.0,-2.348055655798248
1302089700.0,-3.095952080755609
1302092400.0,-0.6409542217741091
1302095100.0,0.17316612223817174
1302097800.0,0.15581875357429453
1302100500.0,0.19342119617556364
1302103200.0,0.20627689532489057
1302105900.0,0.2968889069499028
1302108600.0,0.32104707459672
1302111300.0,0.3602019362955957
1302114000.0,0.43889812173875953
1302116700.0,0.47638154600474536
1302119400.0,0.5540489774734283
1302122100.0,0.5915257275597696
1302124800.0,0.7356814348804619
1302127500.0,0.8847206658717255
1302130200.0,0.9683070786308008
1302132900.0,2.7714501765057094
1302135600.0,1.2142002378108145
1302138300.0,0.8343536014727988
1302141000.0,0.787941621092898
1302143700.0,0.7861645264632671
1302146400.0,0.7718538619504898
1302149100.0,0.6964837868250129
1302151800.0,0.6272590092788164
1302154500.0,0.5248442483006102
1302157200.0,0.5153242291326592
1302159900.0,0.4295835832140824
1302162600.0,0.3980287678315335
1302165300.0,0.28879708384431524
1302168000.0,0.24376715772075386
1302170700.0,0.2126190637065406
1302173400.0,0.31057497528632894
1302176100.0,0.3873200211976382
1302178800.0,0.45053171626710764
1302181500.0,0.4625375599855488
1302184200.0,0.3877833075815147
1302186900.0,0.5518802792469728
1302189600.0,2.7735682250846025
1302192300.0,2.8911917623698287
1302195000.0,2.963192472910123
1302197700.0,3.004349257584636
1302200400.0,3.027497696007458
1302203100.0,3.0776871822047838
1302205800.0,3.1257549143235224
1302208500.0,3.1846919586070044
1302211200.0,3.213888462273985
1302213900.0,3.274169635021167
1302216600.0,3.3065359987467673
1302219300.0,3.22862184895115
1302222000.0,0.3737967391404027
1302224700.0,-0.31634457113989356
1302227400.0,-0.4037591311027313
1302230100.0,-0.3812178301052995
1302232800.0,-0.34511082532225146
1302235500.0,-0.40141105843412106
1302238200.0,-0.4842347042974211
1302240900.0,-0.4713443753619231
1302243600.0,-0.5106993285976955
1302246300.0,-0.6687857626153004
1302249000.0,-0.8643212750955058
1302251700.0,-2.1029341462043476
1302254400.0,-3.101878689563165
1302257100.0,-3.2146292901739457
1302259800.0,-3.107150789863283
1302262500.0,-3.0461122605292417
1302265200.0,-3.1029073402151823
1302267900.0,-3.021462020103229
1302270600.0,-2.805690336118147
1302273300.0,0.3312707613312682
1302276000.0,0.46015317958358537
1302278700.0,0.5616133398589795
1302281400.0,0.5614472833369746
1302284100.0,0.6180016875078422
1302286800.0,0.65935372427316
1302289500.0,0.7306362248495475
1302292200.0,0.8129125598274527
1302294900.0,0.9187739187161128
1302297600.0,0.9912203847916317
1302300300.0,1.1875972842696
1302303000.0,1.3457391797360287
1302305700.0,3.2465918509883522
1302308400.0,1.648688432737174
1302311100.0,0.7312079585822744
1302313800.0,0.6265026132042522
1302316500.0,0.6312921815828645
1302319200.0,0.610828015054949
1302321900.0,0.6028317591466816
1302324600.0,0.5734367318976865
1302327300.0,0.5332876844690304
1302330000.0,0.48119086613229456
1302332700.0,0.37046061846217526
1302335400.0,0.25158759536333264
1302338100.0,0.09032990353381365
1302340800.0,0.004913100128590031
1302343500.0,-0.14337925569833487
1302346200.0,-1.214691601416689
1302348900.0,-2.2523329329131343
1302351600.0,-2.367848656683691
1302354300.0,-2.336829342159831
1302357000.0,-2.2536049924449912
1302359700.0,-2.173765423651389
1302362400.0,-2.130023295749595
1302365100.0,-1.962493275514646
1302367800.0,-1.8891832893261835
1302370500.0,0.6498450726080023
1302373200.0,1.0894543999625625
1302375900.0,1.1475706565702808
1302378600.0,1.1687543788056587
1302381300.0,1.1997602065580963
1302384000.0,1.2030246386163412
1302386700.0,1.256697005344904
1302389400.0,1.2881447858419506
1302392100.0,1.2519189811316096
1302394800.0,1.2730290482154487
1302397500.0,1.3220293730391859
1302400200.0,1.312636413163375
1302402900.0,1.3309635755135218
1302405600.0,1.343287720882472
1302408300.0,1.2852214698098692
1302411000.0,1.2215565854603483
1302413700.0,1.1496244673976435
1302416400.0,1.1502012299302464
1302419100.0,0.9392070250800089
1302421800.0,-2.2001321596414414
1302424500.0,-2.3771037747482637
1302427200.0,-2.4024117227947954
1302429900.0,-2.531133674640955
1302432600.0,-2.459831283538847
1302435300.0,-2.4490059827335244
1302438000.0,-2.468094811062713
1302440700.0,-2.423082349237177
1302443400.0,-2.4083154809454754
1302446100.0,-2.408715864456667
1302448800.0,-2.3600357742907363
1302451500.0,-2.2375932942790087
1302454200.0,1.1383195074652122
1302456900.0,1.2587143064524184
1302459600.0,1.3537345071370055
1302462300.0,1.3624093006507678
1302465000.0,1.148428920232675
1302467700.0,-1.1218461983844463
1302470400.0,-1.1885428258459
1302473100.0,-1.147016641815128
1302475800.0,-1.1741628336355348
1302478500.0,-1.1084952688613043
1302481200.0,-1.0307363827274116
1302483900.0,-0.9845722567953885
1302486600.0,-0.9468878327030552
1302489300.0,-0.8723420298969131
1302492000.0,-0.8293905828607535
1302494700.0,-0.8411427403310654
1302497400.0,-0.8771349100641146
1302500100.0,-0.8397977354032946
1302502800.0,-0.8307124129170234
1302505500.0,-0.9307229967239437
1302508200.0,-0.9519525781084894
1302510900.0,-2.0604987559984806
1302513600.0,-3.54132452486175
1302516300.0,-3.7177137722430302
1302519000.0,-3.5987011547198335
1302521700.0,-3.6049981668367366
1302524400.0,-3.669154502176724
1302527100.0,-3.7094460842858155
1302529800.0,-3.643703551430093
1302532500.0,-3.6818297836655347
1302535200.0,-3.6139607206443145
1302537900.0,-0.32631888502169204
1302540600.0,0.11944817079103132
1302543300.0,0.1500162386203101
1302546000.0,0.17470054938712565
1302548700.0,0.2377543658669765
1302551400.0,0.22898145462755792
1302554100.0,-1.398774231556672
1302556800.0,-2.0455397006181215
1302559500.0,-1.9911323430158632
1302562200.0,-2.012439115935422
1302564900.0,-1.9405474003247036
1302567600.0,-1.8527100707787554
1302570300.0,-1.7750577813761197
1302573000.0,0.4706725392223916
1302575700.0,0.7533017879258637
1302578400.0,0.8292767596864792
1302581100.0,0.7828179388769172
1302583800.0,0.7402657306660672
1302586500.0,0.7708653985621368
1302589200.0,0.8053501918258803
1302591900.0,0.7832970204083267
1302594600.0,0.7495662101007952
1302597300.0,0.6655740951452458
1302600000.0,0.6409438410571511
1302602700.0,-0.901196701923709
1302605400.0,-1.8413505787011673
1302608100.0,-1.9314767122480703
1302610800.0,-1.968578506807603
1302613500.0,-2.0435876028951725
1302616200.0,-2.056977985603339
1302618900.0,-2.0625171616509306
1302621600.0,-1.990240304632323
1302624300.0,-1.6663558574248896
1302627000.0,0.6934892841380815
1302629700.0,0.8098950959202966
1302632400.0,0.8270698723557643
1302635100.0,0.9230348276022937
1302637800.0,0.8764080762136928
1302640500.0,0.8295601235888057
1302643200.0,-0.5653050058480744
1302645900.0,-1.4127780171250492
1302648600.0,-1.4274222583907203
1302651300.0,-1.4519339604328252
1302654000.0,-1.459576792392852
1302656700.0,-1.3576483742097594
1302659400.0,-1.3311238504383027
1302662100.0,-1.2274083577929105
1302664800.0,-1.1545459258212531
1302667500.0,-1.1774804715553273
1302670200.0,1.0077898394000613
1302672900.0,1.0989115745115328
1302675600.0,1.1699936962634752
1302678300.0,1.1467845254859412
1302681000.0,1.1389485049112977
1302683700.0,1.0882686707178095
1302686400.0,1.1116776992316773
1302689100.0,1.06175249452167
1302691800.0,1.1272730533090112
1302694500.0,1.0024157753636587
1302697200.0,-0.47433641011502914
1302699900.0,-1.7262202041073351
1302702600.0,-1.7612241043429435
1302705300.0,-1.7913048482308795
1302708000.0,-1.800161174048526
1302710700.0,-1.7189836042242064
1302713400.0,-1.7073745483659764
1302716100.0,-1.7087909381682493
1302718800.0,0.3031220033822706
1302721500.0,0.9907269518319595
1302724200.0,1.0613733226719546
1302726900.0,1.1628582970831758
1302729600.0,1.0838014846597162
1302732300.0,0.8009329398944942
1302735000.0,-0.8730106573781882
1302737700.0,-1.300835061786529
1302740400.0,-1.3017235015204278
1302743100.0,-1.3015804865175369
1302745800.0,-1.2837066869918772
1302748500.0,-1.284709327493431
1302751200.0,-1.2526524738945
1302753900.0,-1.364113593842717
1302756600.0,-1.4015753042529582
1302759300.0,-1.3667655182319436
1302762000.0,-1.3644012562115222
1302764700.0,-1.381928599599803
1302767400.0,-1.3240759034591747
1302770100.0,-1.360596328365716
1302772800.0,-1.3616824449709952
1302775500.0,-1.3213876946363712
1302778200.0,-1.2337722353815366
1302780900.0,-1.2059090826839451
1302783600.0,-1.2473000968615793
1302786300.0,-1.3303298987063954
1302789000.0,-1.337288196769407
1302791700.0,-1.4050827225221383
1302794400.0,-1.3619581344867697
1302797100.0,-1.405815850294232
1302799800.0,-1.424829268159101
1302802500.0,-1.452434872561014
1302805200.0,1.8195820243425942
1302807900.0,2.249986712345901
1302810600.0,2.303114038586955
1302813300.0,2.328216663611272
1302816000.0,0.7508586279848259
1302818700.0,-1.0606292745998758
1302821400.0,-1.0665681470302388
1302824100.0,-1.1418348133688028
1302826800.0,-1.0759731159636772
1302829500.0,-1.030067620263594
1302832200.0,-1.0460612856994658
1302834900.0,-0.986744374156558
1302837600.0,-1.020176778134612
1302840300.0,0.9348820936370998
1302843000.0,1.2821466093703862
1302845700.0,1.330166483843584
1302848400.0,1.3343683960923727
1302851100.0,1.3287694295520396
1302853800.0,1.3049901368822248
1302856500.0,1.2943140584464459
1302859200.0,1.2749023522083007
1302861900.0,1.3663176759883982
1302864600.0,1.4795095277660266
1302867300.0,1.4542058942969334
1302870000.0,1.3608553744527967
1302872700.0,1.3183112863252973
1302875400.0,1.2298459944331626
1302878100.0,1.169269633424392
1302880800.0,1.250380409726688
1302883500.0,1.1960389804056604
1302886200.0,1.2685854962802523
1302888900.0,1.2508266764713767
1302891600.0,1.4425937101995032
1302894300.0,3.8129920044326013
1302897000.0,0.6511590878052971
1302899700.0,0.5444414064489251
1302902400.0,0.5531629549463446
1302905100.0,0.5970339732069192
1302907800.0,0.5760909373782397
1302910500.0,0.5569416579766653
1302913200.0,0.5126461413109382
1302915900.0,0.49630465615098274
1302918600.0,0.4475999203970673
1302921300.0,0.39747230197667704
1302924000.0,0.4285750133605575
1302926700.0,0.40055507891537445
1302929400.0,0.32584409637263434
1302932100.0,0.35948748956246845
1302934800.0,-1.75694197131304
1302937500.0,-2.004916681606062
1302940200.0,-2.077492304207965
1302942900.0,-2.099314961125458
1302945600.0,-2.0655149711872127
1302948300.0,-2.073313568946503
1302951000.0,-1.9492901565783995
1302953700.0,-1.9813148235124913
1302956400.0,-1.9246494952037096
1302959100.0,-2.0373355246078404
1302961800.0,-2.0189171450389836
1302964500.0,-2.016401971543189
1302967200.0,-2.0078364338158394
1302969900.0,-2.038559202438705
1302972600.0,-1.983957714834503
1302975300.0,-1.9914600509609954
1302978000.0,-1.8916719076959794
1302980700.0,-1.726453259179948
1302983400.0,1.6687419925240192
1302986100.0,1.249576492846586
1302988800.0,-0.7527738085958617
1302991500.0,-0.7472338418097024
1302994200.0,-0.7706634457460382
1302996900.0,-0.8142858607738503
1302999600.0,-0.7721136894309097
1303002300.0,-0.8179402084614935
1303005000.0,-0.7676347562037336
1303007700.0,-0.7484868683421269
1303010400.0,-0.7577283119686626
1303013100.0,-0.7926805569255748
1303015800.0,-0.8902487649932596
1303018500.0,-0.9120980907398462
1303021200.0,-0.9428422269172643
1303023900.0,-1.0150410176866558
1303026600.0,-0.9730263071987793
1303029300.0,-0.9092310034849334
1303032000.0,-0.8075115140036928
1303034700.0,-0.7637675203975505
1303037400.0,-0.6265707976178305
1303040100.0,-0.6442039514244016
1303042800.0,-0.6607328973340714
1303045500.0,-0.6169380243147202
1303048200.0,-0.6939577175532463
1303050900.0,-0.6981341570387372
1303053600.0,-0.6592688670695566
1303056300.0,-0.6753827631293916
1303059000.0,-0.6033513815069114
1303061700.0,-0.6174979341815856
1303064400.0,-0.6353186155039907
1303067100.0,-0.6026441161649245
1303069800.0,-0.5935140701882347
1303072500.0,0.917192869843575
1303075200.0,-0.5095145591977825
1303077900.0,-0.5246593584597576
1303080600.0,-0.515044818084732
1303083300.0,-0.5674476832793403
1303086000.0,-0.5166673601426623
1303088700.0,-0.4582745637525818
1303091400.0,-0.4502565853614442
1303094100.0,-0.4093603927989875
1303096800.0,-0.41558072197989304
1303099500.0,-0.44553601380431473
1303102200.0,-0.5772694339113968
1303104900.0,-0.7776618588410997
1303107600.0,-2.904477659297612
1303110300.0,-2.9847567704133553
1303113000.0,-3.011579417883553
1303115700.0,-3.038400059106607
1303118400.0,-3.030657200638842
1303121100.0,-3.006185938475454
1303123800.0,-2.9074258726564324
1303126500.0,-2.8882271424213
1303129200.0,-2.838399170504573
1303131900.0,-2.850507025745088
1303134600.0,-2.812198611710727
1303137300.0,-2.808460269119479
1303140000.0,-2.8029357099036076
1303142700.0,-2.7598109266512836
1303145400.0,-2.7324009042478963
1303148100.0,-2.7113241276563826
1303150800.0,-2.7006078820217283
1303153500.0,-2.6690149219742807
1303156200.0,-1.9555151812474492
1303158900.0,-0.7470157683262073
1303161600.0,-1.6472358719454974
1303164300.0,-1.6943089116473402
1303167000.0,-1.7040069748121027
1303169700.0,-1.655237160507511
1303172400.0,-1.649494924955718
1303175100.0,-1.6017219216602143
1303177800.0,-1.6203560891356688
1303180500.0,-1.5739238890618026
1303183200.0,-1.572127234346567
1303185900.0,-1.5802180354903044
1303188600.0,-1.6442309265099766
1303191300.0,-1.6829406282296873
1303194000.0,-1.9685736892375871
1303196700.0,-3.8706064728902163
1303199400.0,-4.2164215421458096
1303202100.0,-4.242288553398623
1303204800.0,-4.258593284871722
1303207500.0,-4.1844660066362565
1303210200.0,-1.623023250191352
1303212900.0,-1.3612699666672938
1303215600.0,-1.2000508670703312
1303218300.0,-1.3092748323951469
1303221000.0,-1.2672278508321142
1303223700.0,-1.236459113175215
1303226400.0,-1.2197487396596784
1303229100.0,-1.1594270387527104
1303231800.0,-1.1149970357096208
1303234500.0,-1.1623430323230082
1303237200.0,-1.061772052861329
1303239900.0,-1.0713643375059974
1303242600.0,-1.0644154178136205
1303245300.0,-1.1370743039074114
1303248000.0,-3.265043177775425
1303250700.0,-1.3910524157632835
1303253400.0,-1.1825176134166782
1303256100.0,-1.1801990442797887
1303258800.0,-1.1422255921357873
1303261500.0,-1.148600759738713
1303264200.0,-1.1552456064296734
1303266900.0,-1.1387138415292384
1303269600.0,-1.1224914771955241
1303272300.0,-1.121255108186233
1303275000.0,-1.2328686829766866
1303277700.0,-1.2537664253110847
1303280400.0,-1.319363182713687
1303283100.0,-1.6696363940166634
1303285800.0,-3.461683773499999
1303288500.0,-3.7680917960895783
1303291200.0,-3.8862819510003703
1303293900.0,-3.886629392846686
1303296600.0,-3.868341916822658
1303299300.0,-3.8164723407723216
1303302000.0,-3.647459001281703
1303304700.0,-3.628322076877936
1303307400.0,-3.6147880360539943
1303310100.0,-3.5983719668697063
1303312800.0,-3.522072355898331
1303315500.0,-3.511498173026638
1303318200.0,-3.414806447314106
1303320900.0,-3.3899418610942575
1303323600.0,-3.228313186344451
1303326300.0,-0.16624746289687664
1303329000.0,-0.06658809027140933
1303331700.0,-0.08522508561361519
1303334400.0,-0.21655046947711298
1303337100.0,-2.2725858623132353
1303339800.0,-2.496898747619639
1303342500.0,-2.5408729689572453
1303345200.0,-2.5236687319656426
1303347900.0,-2.5859241904583428
1303350600.0,-2.545467100785771
1303353300.0,-2.519138598732013
1303356000.0,-2.5273878014795628
1303358700.0,-2.5161465347901526
1303361400.0,-2.5897252862828566
1303364100.0,-2.525097979104885
1303366800.0,-2.603692117855104
1303369500.0,-2.6468656921225318
1303372200.0,-2.7477908018447295
1303374900.0,-2.951130624633919
1303377600.0,-2.3490295483816794
1303380300.0,-2.34732734768545
1303383000.0,-2.349831449303167
1303385700.0,-2.324645007395361
1303388400.0,-2.343184848566466
1303391100.0,-2.376644264177287
1303393800.0,-2.3717413211628013
1303396500.0,-2.3812551248508385
1303399200.0,-2.3198926016196992
1303401900.0,-2.2262818655612477
1303404600.0,-2.181276989739672
1303407300.0,-2.1394118063818723
1303410000.0,-1.6793056868985445
1303412700.0,0.0402497311379193
1303415400.0,0.2764560074381279
1303418100.0,0.30767271458597634
1303420800.0,0.2383844662355159
1303423500.0,-1.0487476991228846
1303426200.0,-2.1041843464674344
1303428900.0,-2.1862931210498004
1303431600.0,-2.2059682792237254
1303434300.0,-2.247760881218369
1303437000.0,-2.18272084431527
1303439700.0,-2.1961779688583647
1303442400.0,-2.1652280891024134
1303445100.0,-2.252636351148624
1303447800.0,-2.2792406578342366
1303450500.0,-2.227670856381792
1303453200.0,-2.2932520344578506
1303455900.0,-2.3254141604201095
1303458600.0,-2.4531670079591095
1303461300.0,-2.527808773845834
1303464000.0,-2.8022040816770186
1303466700.0,-4.338705354940117
1303469400.0,-2.3705737020754896
1303472100.0,-2.2383134249527075
1303474800.0,-2.097096872621705
1303477500.0,-2.171750671576831
1303480200.0,-2.2057368300303892
1303482900.0,-2.2112741202922734
1303485600.0,-2.161136120195522
1303488300.0,-2.0825854722038457
1303491000.0,-2.083174023827439
1303493700.0,-1.9581491659336052
1303496400.0,-1.627430158834784
1303499100.0,-0.7917504500578616
1303501800.0,0.28801417690635844
1303504500.0,0.41597706558548
1303507200.0,0.4471329388862273
1303509900.0,0.3440789996771514
1303512600.0,0.13469986510182252
1303515300.0,0.023354955008130673
1303518000.0,-1.9230721163524436
1303520700.0,-2.1183262806750918
1303523400.0,-2.098831206502439
1303526100.0,-2.0978577494229285
1303528800.0,-2.0457324411175364
1303531500.0,-2.1504793831167603
1303534200.0,-2.172480013564382
1303536900.0,-2.1202132245356324
1303539600.0,-2.1700374672655016
1303542300.0,-2.1408302404437904
1303545000.0,-2.2720671260664744
1303547700.0,-2.2026207421485537
1303550400.0,-2.367628010897022
1303553100.0,-2.344904564283638
1303555800.0,-2.4134284766639666
1303558500.0,-2.4357577674898607
1303561200.0,-2.381427882574201
1303563900.0,-2.369387743200548
1303566600.0,-2.3615170329537136
1303569300.0,-2.317384822225449
1303572000.0,-2.3279598183217445
1303574700.0,0.09954723601219939
1303577400.0,0.8485979142784572
1303580100.0,0.9269828284071764
1303582800.0,1.0245642539891833
1303585500.0,1.0759737162021565
1303588200.0,1.1069516907118668
1303590900.0,1.165932522081107
1303593600.0,1.2907016475393789
1303596300.0,1.1911929362100864
1303599000.0,-1.9895943788330896
1303601700.0,-2.061441995546261
1303604400.0,-2.0226729338911014
1303607100.0,-2.068784925277896
1303609800.0,-2.047142037327774
1303612500.0,-2.0308248558560535
1303615200.0,-1.984114825848053
1303617900.0,-2.0365540416489694
1303620600.0,-2.0963860795626488
1303623300.0,-2.096836086146766
1303626000.0,-2.153022739798587
1303628700.0,-2.1550708736926936
1303631400.0,-2.2546378385770254
1303634100.0,-2.228726865595604
1303636800.0,-2.3756939377078083
1303639500.0,-2.481227816329806
1303642200.0,-4.624227931940879
1303644900.0,-5.027440854202922
1303647600.0,-4.939939979123039
1303650300.0,-4.9389216638517155
1303653000.0,-4.956833902598163
1303655700.0,-4.93129317736188
1303658400.0,-1.9134843205196717
1303661100.0,-1.4275342356257852
1303663800.0,-1.344233604894896
1303666500.0,-1.313185789524482
1303669200.0,-1.2172029699753466
1303671900.0,-1.1159822837424258
1303674600.0,-1.0016296091291679
1303677300.0,-0.8329436644445991
1303680000.0,-0.6908201072616293
1303682700.0,-0.7247720561193773
1303685400.0,-1.0822357125294957
1303688100.0,-0.6099891343210402
1303690800.0,-0.6163589360300534
1303693500.0,-0.6256338950108784
1303696200.0,-0.6110101446172393
1303698900.0,-0.6018030860611816
1303701600.0,-0.5746997936057596
1303704300.0,-0.5853529452888893
1303707000.0,-0.6229945163566413
1303709700.0,-0.5998316207766266
1303712400.0,-0.664750283403464
1303715100.0,-0.6743445896871663
1303717800.0,-0.7845358911014841
1303720500.0,-0.7859433295540157
1303723200.0,-0.8573011714568679
1303725900.0,-0.8284611488104474
1303728600.0,-0.9506472657711242
1303731300.0,-1.0381977346071949
1303734000.0,-1.1254955752599471
1303736700.0,-1.2327042167834747
1303739400.0,-3.2678393697293586
1303742100.0,-3.6131937949734265
1303744800.0,-2.4066143270001703
1303747500.0,-0.8839671231233979
1303750200.0,-0.8386402926805658
1303752900.0,-0.7740308684537354
1303755600.0,-0.7318645344615788
1303758300.0,-0.6699122012568068
1303761000.0,-0.6732469729101354
1303763700.0,-0.5271051600736882
1303766400.0,-0.4553762591683608
1303769100.0,-0.32210089110196805
1303771800.0,-0.2818414664382658
1303774500.0,-0.15959536688347953
1303777200.0,1.9038138425618172
1303779900.0,2.1577514489807754
1303782600.0,2.1511332840224213
1303785300.0,2.1761016716055224
1303788000.0,2.1016430512116244
1303790700.0,2.0247331011384517
1303793400.0,1.9658131734761355
1303796100.0,1.9772352506761308
1303798800.0,1.8997392216400613
1303801500.0,1.9044085468868275
1303804200.0,1.8717091832513688
1303806900.0,1.842537991416009
1303809600.0,1.817745176676624
1303812300.0,1.888445198468105
1303815000.0,1.7719515498714031
1303817700.0,1.7842904311839334
1303820400.0,1.4586053073206244
1303823100.0,1.667394347691868
1303825800.0,1.6212313065923354
1303828500.0,1.6106115160123409
1303831200.0,1.5221307131869253
1303833900.0,1.5804464423673608
1303836600.0,1.5953658148775958
1303839300.0,-0.49028544756828296
1303842000.0,0.5946323682896946
1303844700.0,0.6336955895321807
1303847400.0,0.6199504031171159
1303850100.0,0.6714597913914417
1303852800.0,0.7365054208160018
1303855500.0,0.7862142423865635
1303858200.0,0.8079970354764328
1303860900.0,0.9218316578350141
1303863600.0,1.0202747842434405
1303866300.0,1.1479580004253762
1303869000.0,1.240285072939912
1303871700.0,2.0787733468043257
1303874400.0,3.4429260390677996
1303877100.0,3.4089988419964357
1303879800.0,3.3986448788832035
1303882500.0,3.384381869260835
1303885200.0,3.340901165465027
1303887900.0,3.3447257319039636
1303890600.0,3.2747825388633487
1303893300.0,3.2811472145419316
1303896000.0,3.1302462205913457
1303898700.0,3.2394344792965057
1303901400.0,3.15157350758318
1303904100.0,3.15007089043786
1303906800.0,3.164821786325092
1303909500.0,3.1270970743262865
1303912200.0,3.0325454443595277
1303914900.0,3.009592298854784
1303917600.0,2.9528439588056585
1303920300.0,2.984098943592471
1303923000.0,-0.5459612964081657
1303925700.0,-0.6101488076341184
1303928400.0,-0.3763601716944436
1303931100.0,1.8966612889334442
1303933800.0,1.9591052032160405
1303936500.0,1.9661095244708804
1303939200.0,1.9398699969769382
1303941900.0,1.9506004683194647
1303944600.0,1.8777941699049165
1303947300.0,1.8979724628358667
1303950000.0,1.9329918149715013
1303952700.0,2.088670010623048
1303955400.0,2.2578568707780846
1303958100.0,2.3790417698372153
1303960800.0,2.436608963462959
1303963500.0,3.7731880955614088
1303966200.0,4.4576300740393435
1303968900.0,4.563040867080417
1303971600.0,4.491991349307341
1303974300.0,4.483030484719393
1303977000.0,4.361878669692032
1303979700.0,4.399704839208482
1303982400.0,4.242474964972757
1303985100.0,4.339327615698949
1303987800.0,4.233410524203805
1303990500.0,4.2279302207214755
1303993200.0,4.427490808238872
1303995900.0,4.300792866476968
1303998600.0,4.257581567566376
1304001300.0,4.275291600680021
1304004000.0,4.256528975893218
1304006700.0,4.223894854261857
1304009400.0,1.740299757129094
1304012100.0,0.4767378467548724
1304014800.0,0.43259219631369206
1304017500.0,1.8408496771544378
1304020200.0,2.8664128879416353
1304022900.0,2.884543720675879
1304025600.0,2.8376659603901544
1304028300.0,2.8771170004432634
1304031000.0,2.751550849641717
1304033700.0,2.729312915582568
1304036400.0,2.7918643916046904
1304039100.0,2.838803470350854
1304041800.0,2.946930990713895
1304044500.0,3.0946491353404895
1304047200.0,3.1084196108109836
1304049900.0,3.1071405741535045
1304052600.0,2.2766310186253236
1304055300.0,0.4791376562593541
1304058000.0,0.45029114337086185
1304060700.0,0.41619953028833834
1304063400.0,0.37078960857127186
1304066100.0,0.3917351915607128
1304068800.0,0.34873115246080033
1304071500.0,0.457504080395438
1304074200.0,0.4083841316834764
1304076900.0,0.4036308304997078
1304079600.0,0.3009854105200134
1304082300.0,0.34531958779751903
1304085000.0,0.30217286381832764
1304087700.0,0.34048821752276126
1304090400.0,0.37264522074138995
1304093100.0,0.4219356122674185
1304095800.0,0.3568135501471943
1304098500.0,0.3880470028362879
1304101200.0,-0.8317680203995224
1304103900.0,1.0577855646425292
1304106600.0,1.0637494812419277
1304109300.0,1.0532621756403842
1304112000.0,1.038883318456044
1304114700.0,1.0262714463036104
1304117400.0,0.9986456264746266
1304120100.0,0.9357642375576347
1304122800.0,0.8997056150126355
1304125500.0,0.9434922887210746
1304128200.0,1.0768830218481185
1304130900.0,1.3277021210176372
1304133600.0,1.5222762430346393
1304136300.0,3.5504776260198696
1304139000.0,3.656201951364892
1304141700.0,3.7067724920311207
1304144400.0,3.6302602637933887
1304147100.0,3.6179025928864803
1304149800.0,3.578333743994847
1304152500.0,3.5362859398061914
1304155200.0,3.452269351107816
1304157900.0,3.5418431840269022
1304160600.0,3.466749684520323
1304163300.0,3.513886425406895
1304166000.0,3.5250452805033206
1304168700.0,3.5301452184938285
1304171400.0,3.5461226785980102
1304174100.0,3.565676040837559
1304176800.0,3.5281576399215737
1304179500.0,3.512308451598358
1304182200.0,3.4491891573534303
1304184900.0,3.4139293353781
1304187600.0,0.659785218795264
1304190300.0,2.4323703028046566
1304193000.0,2.46963454336003
1304195700.0,2.4992342456855
1304198400.0,2.441172797954721
1304201100.0,2.3788838729819304
1304203800.0,2.282131821013081
1304206500.0,2.2292266886026937
1304209200.0,2.1328686971331194
1304211900.0,2.1016314006702714
1304214600.0,2.1036928217680497
1304217300.0,2.1623390967691307
1304220000.0,2.1904170124644224
1304222700.0,2.1252123793868236
1304225400.0,2.204848990945834
1304228100.0,2.313914866464245
1304230800.0,2.346337772919469
1304233500.0,4.431574844205443
1304236200.0,4.570542332925527
1304238900.0,4.588923541230429
1304241600.0,4.518839598611919
1304244300.0,4.586877076587541
1304247000.0,4.550424624395248
1304249700.0,4.588841761129345
1304252400.0,4.579985548359275
1304255100.0,4.5452358346673805
1304257800.0,4.514102686725039
1304260500.0,4.544293938553778
1304263200.0,4.566973764406896
1304265900.0,4.575855574963043
1304268600.0,4.5413345450265865
1304271300.0,4.600105776582041
1304274000.0,4.717369810549997
1304276700.0,6.451322402985852
1304279400.0,3.2824272671838344
1304282100.0,3.1401628360600284
1304284800.0,3.134253944067268
1304287500.0,3.026462574344748
1304290200.0,2.9463115416185133
1304292900.0,2.893797854283946
1304295600.0,2.844183230228623
1304298300.0,2.7812073062637523
1304301000.0,2.798447108250002
1304303700.0,2.8083956836899233
1304306400.0,2.837100202707745
1304309100.0,2.7351261191134313
1304311800.0,2.7900237798476155
1304314500.0,2.8191846727801817
1304317200.0,2.81063661142025
1304319900.0,2.856423013761855
1304322600.0,2.9164183374357435
1304325300.0,2.9674068350512357
1304328000.0,2.9648405529372326
1304330700.0,3.000208389374336
1304333400.0,2.9756372317201
1304336100.0,3.033846014154335
1304338800.0,3.1274457206474153
1304341500.0,3.0347448001779185
1304344200.0,3.0665556462598147
1304346900.0,3.090017438212101
1304349600.0,3.156695603518358
1304352300.0,3.197771330339947
1304355000.0,3.176965558411723
1304357700.0,3.2142330070948333
1304360400.0,3.278274526563564
1304363100.0,3.2713207724518725
1304365800.0,3.0442654077123734
1304368500.0,2.963127312440065
1304371200.0,2.949296798990531
1304373900.0,2.880687658690931
1304376600.0,2.788252353076132
1304379300.0,2.727403280532883
1304382000.0,2.647675432893948
1304384700.0,2.6071525396105812
1304387400.0,2.557249903764159
1304390100.0,2.517523136644513
1304392800.0,2.534813808532249
1304395500.0,2.4315113603141185
1304398200.0,2.4483616490182385
1304400900.0,2.4275969214468205
1304403600.0,2.418393417537061
1304406300.0,0.4475271522604771
1304409000.0,-0.20985972956538035
1304411700.0,-0.17575415378718162
1304414400.0,0.0009726018250262314
1304417100.0,2.489319594727874
1304419800.0,2.522062357843595
1304422500.0,2.5620423143121798
1304425200.0,2.5687378942064356
1304427900.0,2.586075892878114
1304430600.0,2.5930268256747127
1304433300.0,2.6357587154446946
1304436000.0,2.6347998803926203
1304438700.0,2.7061050874992247
1304441400.0,2.713120142803689
1304444100.0,2.7671163712339535
1304446800.0,2.7773584575602968
1304449500.0,2.837358692714872
1304452200.0,3.0400429054922142
1304454900.0,2.3351082029379313
1304457600.0,2.371098536909699
1304460300.0,2.361895648420841
1304463000.0,2.3183227756725273
1304465700.0,2.287438432337808
1304468400.0,2.2518675588724477
1304471100.0,2.2185535563213534
1304473800.0,2.1874575417828623
1304476500.0,2.219898449421976
1304479200.0,2.118137714073555
1304481900.0,2.036961859174255
1304484600.0,1.9564936116191802
1304487300.0,1.8892369139695688
1304490000.0,1.799408638302964
1304492700.0,1.6596873006620285
1304495400.0,-0.40941547103039966
1304498100.0,-0.8648246829308732
1304500800.0,-0.8405011634766879
1304503500.0,-0.7618020605216316
1304506200.0,-0.5100338990050659
1304508900.0,1.5652703349285844
1304511600.0,1.7205034586107786
1304514300.0,1.744185213781634
1304517000.0,1.7659872441159337
1304519700.0,1.8097791849424425
1304522400.0,1.7998116228540084
1304525100.0,1.8205868352668517
1304527800.0,1.8382719736468403
1304530500.0,1.9216273061733773
1304533200.0,1.959858000433428
1304535900.0,1.9711908697556169
1304538600.0,2.073572782821941
1304541300.0,2.172982103141976
1304544000.0,0.10324853238256537
1304546700.0,-0.29290043011735634
1304549400.0,1.6626100251610865
1304552100.0,1.8098511977573253
1304554800.0,1.7699298879126673
1304557500.0,1.8129926689274498
1304560200.0,1.7681922635570686
1304562900.0,1.81438106325038
1304565600.0,1.7314477604820695
1304568300.0,1.6437051882363107
1304571000.0,1.6494361284129013
1304573700.0,1.597058491127882
1304576400.0,1.5689236468411423
1304579100.0,1.4734026187044833
1304581800.0,1.444938359266473
1304584500.0,1.409248329501679
1304587200.0,1.3476011453028605
1304589900.0,1.2865419951723993
1304592600.0,-0.9057786380492985
1304595300.0,-1.0239833821950128
1304598000.0,-1.0251776863220243
1304600700.0,0.7562818122681847
1304603400.0,1.2318932420153033
1304606100.0,1.4871536553212081
1304608800.0,1.483463328826133
1304611500.0,1.5364396634453783
1304614200.0,1.569457349199979
1304616900.0,1.6368168823822202
1304619600.0,1.6849216058143952
1304622300.0,1.671625693747501
1304625000.0,1.752284562478735
1304627700.0,1.747949071486346
1304630400.0,1.7942966125386306
1304633100.0,1.6839211189903835
1304635800.0,-0.42654115084008026
1304638500.0,-0.5519811184310015
1304641200.0,-0.5631169862220986
1304643900.0,-0.5758862097421229
1304646600.0,-0.5816627415109679
1304649300.0,-0.5290364542530028
1304652000.0,-0.5384775640563362
1304654700.0,-0.6474106487845006
1304657400.0,-0.590244682261698
1304660100.0,-0.6715196691000074
1304662800.0,-0.6981172555954345
1304665500.0,-0.7610063848179038
1304668200.0,-0.7957711374350538
1304670900.0,-0.814529057652976
1304673600.0,-0.873126930557703
1304676300.0,-0.9171550076802646
1304679000.0,-0.9196073910516134
1304681700.0,-0.9433394382566007
1304684400.0,-1.0246454994833698
1304687100.0,-0.9073832521116287
1304689800.0,-0.5041987404337647
1304692500.0,2.6557740110508803
1304695200.0,2.818085490806652
1304697900.0,2.9087918273519335
1304700600.0,2.9503604471073004
1304703300.0,2.961771447474007
1304706000.0,2.9755223253616236
1304708700.0,2.9852614510060675
1304711400.0,3.0302005476512477
1304714100.0,3.034545654540409
1304716800.0,3.156778899678102
1304719500.0,3.029034122796247
1304722200.0,-0.17812602143470713
1304724900.0,-0.37082223138321524
1304727600.0,-0.37444118481465694
1304730300.0,-0.38319265138778746
1304733000.0,-0.36239171362251454
1304735700.0,-0.2964138733371442
1304738400.0,-0.34295788961793505
1304741100.0,-0.37602612935558
1304743800.0,-0.39432859959401867
1304746500.0,-0.45134743151908197
1304749200.0,-0.5068916737546374
1304751900.0,-0.6141300651322581
1304754600.0,-0.6583114184179522
1304757300.0,-0.9480298800486366
1304760000.0,-3.048289498489396
1304762700.0,-3.1903493474650872
1304765400.0,-3.197613125920043
1304768100.0,-3.171612977890277
1304770800.0,-3.1938357712716083
1304773500.0,-3.1209605401540728
1304776200.0,-3.0850920477204795
1304778900.0,-1.9200425816454754
1304781600.0,0.6338489319007294
1304784300.0,0.7808484094117603
1304787000.0,0.8300731642463006
1304789700.0,0.8910017844613662
1304792400.0,0.9132646859736155
1304795100.0,0.9182083441980353
1304797800.0,0.9123627860179795
1304800500.0,0.9111379107281437
1304803200.0,0.29277637732184303
1304805900.0,-1.322418986070545
1304808600.0,-1.3382831054280473
1304811300.0,-1.293710536916933
1304814000.0,-1.2743241045004083
1304816700.0,-1.2248639191175812
1304819400.0,-0.4518967090133401
1304822100.0,1.3126109603689997
1304824800.0,1.3330002588620573
1304827500.0,1.3029712788080587
1304830200.0,1.3339234711467611
1304832900.0,1.3001551899977244
1304835600.0,1.296377133751264
1304838300.0,1.2151826542335016
1304841000.0,1.2084602628594325
1304843700.0,1.0993532689784615
1304846400.0,0.7267835267613236
1304849100.0,-1.2181698908975136
1304851800.0,-1.2054881880596326
1304854500.0,-1.3519568512003275
1304857200.0,-1.2860246970812454
1304859900.0,-1.311816371910254
1304862600.0,-1.2596001204815934
1304865300.0,-1.174548077869531
1304868000.0,-1.0333586137834345
1304870700.0,0.9946698494430279
1304873400.0,1.6390785941321724
1304876100.0,1.6926132930279323
1304878800.0,1.682839806822301
1304881500.0,1.639510573865266
1304884200.0,1.3855095656821845
1304886900.0,0.4566589713847975
1304889600.0,-0.5396668845672252
1304892300.0,-0.5865349769603085
1304895000.0,-0.558818048857006
1304897700.0,-0.5085986096805186
1304900400.0,-0.4756551419536663
1304903100.0,-0.35288660752860324
1304905800.0,-0.29129720823988237
1304908500.0,-0.23590393046100644
1304911200.0,-0.21904774596259813
1304913900.0,-0.25414306431662226
1304916600.0,-0.2102072380799882
1304919300.0,-0.2581800609704601
1304922000.0,-0.2714027576203648
1304924700.0,-0.3148998183380627
1304927400.0,-0.32288651790457834
1304930100.0,-0.44016427262539537
1304932800.0,-0.466184897824121
1304935500.0,-2.020838851765234
1304938200.0,-2.903025063822753
1304940900.0,-3.040713593158557
1304943600.0,-2.9503461151695376
1304946300.0,-2.8643861596569593
1304949000.0,-2.8050866009827757
1304951700.0,-2.835227648459096
1304954400.0,-0.8004500307974922
1304957100.0,0.804608648349415
1304959800.0,0.8553762938029763
1304962500.0,0.9093062647341981
1304965200.0,0.9769669939449273
1304967900.0,0.919868042768428
1304970600.0,0.6715548203057438
1304973300.0,-0.07917438287427103
1304976000.0,-1.302923689270017
1304978700.0,-1.3252742432494529
1304981400.0,-1.2776281374434575
1304984100.0,-1.2273934651926766
1304986800.0,-1.154524710687724
1304989500.0,-0.7905023538634737
1304992200.0,1.3848885053786262
1304994900.0,1.431419067989566
1304997600.0,1.4918635501670678
1305000300.0,1.4370854943860536
1305003000.0,1.4876294327373216
1305005700.0,1.4533398540748408
1305008400.0,1.4400411501713961
1305011100.0,1.4501431544734942
1305013800.0,1.4619647831819975
1305016500.0,1.3682098535829255
1305019200.0,1.3901060871109507
1305021900.0,1.2786606399800462
1305024600.0,1.2178999392437504
1305027300.0,0.9979905120517287
1305030000.0,-0.755251156579618
1305032700.0,-1.229636124890419
1305035400.0,-1.1965243234853347
1305038100.0,-1.23951653998148
1305040800.0,-1.2158075345132033
1305043500.0,0.726754318641099
1305046200.0,1.4515100515286576
1305048900.0,1.518445436966772
1305051600.0,1.5230486930188931
1305054300.0,1.479110390297535
1305057000.0,1.3161477854545183
1305059700.0,1.1695933980818154
1305062400.0,1.07754672064965
1305065100.0,-0.9888088112513742
1305067800.0,-1.0935999087914752
1305070500.0,-1.1041983704159293
1305073200.0,-0.9955780002163692
1305075900.0,-0.9435867227703056
1305078600.0,-0.9210231285708232
1305081300.0,-0.8088861646301666
1305084000.0,-0.7728406020657417
1305086700.0,-0.7952242369441365
1305089400.0,-0.7168855000861072
1305092100.0,-0.7139189361113267
1305094800.0,-0.7008140869077693
1305097500.0,-0.7754846038560572
1305100200.0,-0.6964249489248573
1305102900.0,-0.7851107578986216
1305105600.0,-0.7578160065756379
1305108300.0,-0.8409949366854335
1305111000.0,-0.896255470881897
1305113700.0,-0.9467455983478317
1305116400.0,-0.9081433822231588
1305119100.0,-0.952621025841097
1305121800.0,-0.888693369279963
1305124500.0,-0.9652627063883301
1305127200.0,-0.9535869722959092
1305129900.0,-0.9208933044717469
1305132600.0,-0.8109868763364716
1305135300.0,2.6882783305944713
1305138000.0,2.8017781856826787
1305140700.0,1.1520205661422551
1305143400.0,-0.5981402074194193
1305146100.0,-0.634616635457462
1305148800.0,-0.666018825821368
1305151500.0,-0.7314306888368378
1305154200.0,-0.7461115141210826
1305156900.0,-0.7654063456412246
1305159600.0,-0.7956341207498667
1305162300.0,-0.753708263148269
1305165000.0,-0.708016401897396
1305167700.0,-0.6198093665892657
1305170400.0,1.7042374690246334
1305173100.0,1.8037870231003126
1305175800.0,1.8710845650489887
1305178500.0,1.8267736062769018
1305181200.0,1.8150152698897841
1305183900.0,1.8205326888087825
1305186600.0,1.8502284894477725
1305189300.0,1.7365265920755064
1305192000.0,1.7725637557627465
1305194700.0,1.7064717366220634
1305197400.0,1.7634517572053596
1305200100.0,1.7564191046549809
1305202800.0,1.8136676638150675
1305205500.0,1.7783105439984865
1305208200.0,1.7565450481918674
1305210900.0,1.7270098304414887
1305213600.0,1.742056126829425
1305216300.0,1.7456292380960008
1305219000.0,1.754235099283619
1305221700.0,0.9395442544329171
1305224400.0,1.0549288963966887
1305227100.0,1.0691268968493546
1305229800.0,1.0621057270648748
1305232500.0,1.0971681189653282
1305235200.0,1.0177154821252543
1305237900.0,0.9271140775832691
1305240600.0,0.7675016329517916
1305243300.0,0.6599503523378871
1305246000.0,0.6201298053763935
1305248700.0,-1.294836645212115
1305251400.0,-1.532162708029773
1305254100.0,-1.4457492215237266
1305256800.0,-1.4445175805321924
1305259500.0,0.6598156196804439
1305262200.0,0.8326999191767754
1305264900.0,0.832921292830406
1305267600.0,0.8618725230270456
1305270300.0,0.9016915207254783
1305273000.0,0.9459476058141831
1305275700.0,0.8469106593871629
1305278400.0,0.8446521172555208
1305281100.0,0.8129760248374396
1305283800.0,0.8277682893755696
1305286500.0,0.8077000744185057
1305289200.0,0.7886444720492705
1305291900.0,0.7597072043905087
1305294600.0,0.8374135764535708
1305297300.0,0.7730612768281162
1305300000.0,0.8591216119988871
1305302700.0,0.8336843952444042
1305305400.0,0.8431365377828115
1305308100.0,-0.5341259660048081
1305310800.0,0.436924890075602
1305313500.0,0.7274870768089841
1305316200.0,0.7331786863687739
1305318900.0,0.7928475012607237
1305321600.0,0.7228506000985249
1305324300.0,0.723248372953492
1305327000.0,0.6097414050418024
1305329700.0,0.5645180389840334
1305332400.0,0.46501659602637346
1305335100.0,0.3989907218986559
1305337800.0,0.36177377604246885
1305340500.0,-0.06493875604604682
1305343200.0,-1.7925808663441671
1305345900.0,-1.8263823700963826
1305348600.0,-1.8357058838520857
1305351300.0,-1.8473637811813433
1305354000.0,-1.8239801886906548
1305356700.0,-1.811946433316166
1305359400.0,-1.802217463513216
1305362100.0,-1.8478330274717791
1305364800.0,-1.7297733566255147
1305367500.0,-1.7863300859076503
1305370200.0,-1.7498511153063987
1305372900.0,-1.7784572465093333
1305375600.0,-1.7408616765412717
1305378300.0,-1.7584157588779021
1305381000.0,-1.7053087062386112
1305383700.0,-1.7588948677420717
1305386400.0,-1.7303912220604047
1305389100.0,-1.692374872447374
1305391800.0,-1.6582718948893103
1305394500.0,-1.634823970887794
1305397200.0,0.3858213584556438
1305399900.0,-0.314335006661679
1305402600.0,-0.6405393652188422
1305405300.0,-0.6818546497339639
1305408000.0,-0.674706829888919
1305410700.0,-0.6708785571045723
1305413400.0,-0.6357363815857866
1305416100.0,-0.665260391129209
1305418800.0,-0.67775916853833
1305421500.0,-0.6987325598828988
1305424200.0,-0.6934309012947324
1305426900.0,-0.7481278247795444
1305429600.0,-0.7947984874373333
1305432300.0,1.1336632435188108
1305435000.0,1.4512725920630487
1305437700.0,-0.6257177993791743
1305440400.0,-0.7325436385015678
1305443100.0,-0.7179463596564233
1305445800.0,-0.7043318912611198
1305448500.0,-0.7371615280371202
1305451200.0,-0.645758360859304
1305453900.0,-0.7304196144464186
1305456600.0,-0.7324638838583724
1305459300.0,-0.7077239392079946
1305462000.0,-0.6770081971687318
1305464700.0,-0.7370346359757605
1305467400.0,-0.6982475631495504
1305470100.0,-0.7192131628324887
1305472800.0,-0.6730547895319319
1305475500.0,-0.6304839581594592
1305478200.0,-0.6316615007942232
1305480900.0,-0.5337733011036221
1305483600.0,1.2456640189377595
1305486300.0,1.9862844027298365
1305489000.0,-0.16739430208650674
1305491700.0,-0.3815133840582803
1305494400.0,-0.3519660045380988
1305497100.0,-0.3640308390295104
1305499800.0,-0.355610076864707
1305502500.0,-0.4116675538473942
1305505200.0,-0.337129254690808
1305507900.0,-0.36838901784284417
1305510600.0,-0.34010010844366434
1305513300.0,-0.32661934944638915
1305516000.0,-0.4472887547410096
1305518700.0,-0.4966342742570191
1305521400.0,-0.570478985151567
1305524100.0,-0.6096293057244111
1305526800.0,-0.6826689462686204
1305529500.0,-0.670566759270173
1305532200.0,-0.6525308730674624
1305534900.0,-0.7095135062276086
1305537600.0,-0.6531988973108582
1305540300.0,-0.6654613878727105
1305543000.0,-0.5937222350207776
1305545700.0,-0.6176991441940345
1305548400.0,-0.540073573936354
1305551100.0,-0.4834409000981168
1305553800.0,-0.4914099002756416
1305556500.0,-0.5163380495966408
1305559200.0,-0.41368740331608933
1305561900.0,-0.39954576740336734
1305564600.0,-0.34866050171621055
1305567300.0,-0.3169589731920155
1305570000.0,1.1184845576890439
1305572700.0,3.122709743873827
1305575400.0,-0.08875000681973688
1305578100.0,-0.35391547593764017
1305580800.0,-0.3957504879672342
1305583500.0,-0.4062838623517564
1305586200.0,-0.4558603581002103
1305588900.0,-0.45229000046606416
1305591600.0,-0.45847023098167483
1305594300.0,-0.4490325722692319
1305597000.0,-0.34767258503751464
1305599700.0,-0.3529888228860045
1305602400.0,-0.39886168361158525
1305605100.0,-0.475682653693525
1305607800.0,-0.6423761328290425
1305610500.0,-2.5214643381159476
1305613200.0,-2.9818326362198775
1305615900.0,-3.0089965456731136
1305618600.0,-2.9768506296784096
1305621300.0,-3.0009894873157066
1305624000.0,-2.9424826631000656
1305626700.0,-2.9602059020454305
1305629400.0,-2.9033450833152017
1305632100.0,-2.8936366431881027
1305634800.0,-2.8008555950663947
1305637500.0,-2.753979435988981
1305640200.0,-2.73385000448161
1305642900.0,-2.7651325176368005
1305645600.0,-2.6829352737431122
1305648300.0,-2.683832915867498
1305651000.0,-2.5425103546892274
1305653700.0,-2.518658486168391
1305656400.0,-1.1699427060431162
1305659100.0,0.6163681038735831
1305661800.0,-1.5091743331425391
1305664500.0,-1.5271806283691944
1305667200.0,-1.5642041182907178
1305669900.0,-1.6050932234107904
1305672600.0,-1.627918616941372
1305675300.0,-1.6111438823180038
1305678000.0,-1.6328708027496077
1305680700.0,-1.6674886524294834
1305683400.0,-1.550304027966206
1305686100.0,-1.5642615468099734
1305688800.0,-1.5661253354925861
1305691500.0,-1.5872272493925266
1305694200.0,-1.632471803944327
1305696900.0,-1.6775095168158032
1305699600.0,-1.7782635507886084
1305702300.0,-1.9218028020544011
1305705000.0,-4.133615380852916
1305707700.0,-4.298991302390959
1305710400.0,-4.274856394292669
1305713100.0,-4.25824437530548
1305715800.0,-4.2366060744728316
1305718500.0,-1.4638077352557275
1305721200.0,-1.2010702696913995
1305723900.0,-1.2038525473600998
1305726600.0,-1.1509833396077624
1305729300.0,-1.1748507386431584
1305732000.0,-1.0896520798663119
1305734700.0,-1.0877577338682727
1305737400.0,-1.0205100898186856
1305740100.0,-1.0077923991651687
1305742800.0,-0.994500820608323
1305745500.0,-0.9974243132302831
1305748200.0,-1.0663710906948154
1305750900.0,-2.8977854576542086
1305753600.0,-1.9633784305818267
1305756300.0,-1.0024715378702922
1305759000.0,-0.9725077112226472
1305761700.0,-0.9553217124801563
1305764400.0,-0.979359374377168
1305767100.0,-0.9567737400969349
1305769800.0,-0.9009026205787336
1305772500.0,-0.9216389136993826
1305775200.0,-0.9763755024704892
1305777900.0,-0.92945714549694
1305780600.0,-0.993128064743189
1305783300.0,-1.0051274398200007
1305786000.0,-1.0275883877830552
1305788700.0,-1.0538353865044883
1305791400.0,-1.1758857112736223
1305794100.0,-2.293754453916648
1305796800.0,-3.552193482994568
1305799500.0,-3.6192443345543666
1305802200.0,-3.617230333450806
1305804900.0,-3.619964145616791
1305807600.0,-3.4158328870352364
1305810300.0,-3.2805253687940024
1305813000.0,-3.2385702514077934
1305815700.0,-0.6918754034900871
1305818400.0,-0.5320559351046654
1305821100.0,-0.44651356502976114
1305823800.0,-0.39231806073320286
1305826500.0,-0.35951408206187807
1305829200.0,-0.2990591960998472
1305831900.0,-0.2693133665993628
1305834600.0,-0.3294063475221378
1305837300.0,-0.5038369064313883
1305840000.0,-2.071953018557707
1305842700.0,-2.5637284057498277
1305845400.0,-2.6043726416692436
1305848100.0,-2.59745591913304
1305850800.0,-2.6350378249263997
1305853500.0,-2.656434083501665
1305856200.0,-2.6030536567890294
1305858900.0,-2.5474198436333495
1305861600.0,-2.56411813084722
1305864300.0,-2.55527398759034
1305867000.0,-2.5560666312736657
1305869700.0,-2.544510516528817
1305872400.0,-2.6070544712840444
1305875100.0,-2.606998209227754
1305877800.0,-2.6639721594307844
1305880500.0,-2.7043381705309457
1305883200.0,-2.8575875273531324
1305885900.0,-3.7000148788939953
1305888600.0,-5.149183980106756
1305891300.0,-5.12644151594813
1305894000.0,-5.012229673857746
1305896700.0,-1.6490903102091465
1305899400.0,-1.5492080213799682
1305902100.0,-1.5716008944995679
1305904800.0,-1.4299059562072216
1305907500.0,-1.4498891968431167
1305910200.0,-1.376754798819718
1305912900.0,-1.3125330711581
1305915600.0,-1.2193345353795735
1305918300.0,-1.0112862127027142
1305921000.0,-0.9549139624674012
1305923700.0,0.24888672957155222
1305926400.0,1.0174772108201182
1305929100.0,0.9535715081066769
1305931800.0,0.8615300886216914
1305934500.0,0.8398676723169274
1305937200.0,0.7393016899920326
1305939900.0,0.7208190208968404
1305942600.0,0.8197716101447554
1305945300.0,0.7935062234982411
1305948000.0,0.7598007134191676
1305950700.0,0.7888326618898418
1305953400.0,0.663733962318247
1305956100.0,0.6664993002231085
1305958800.0,0.6134640383532428
1305961500.0,0.6324092110774018
1305964200.0,0.529088702782758
1305966900.0,0.496166107930776
1305969600.0,0.442164627378304
1305972300.0,0.36463590357215026
1305975000.0,0.30974183787390075
1305977700.0,0.23749652992904657
1305980400.0,-2.300212801972009
1305983100.0,-2.964269757655643
1305985800.0,-0.5889482967187405
1305988500.0,-0.36919657493621116
1305991200.0,-0.2628213548309759
1305993900.0,-0.29724312091912
1305996600.0,-0.2230576115238705
1305999300.0,-0.1706419308409295
1306002000.0,-0.100465469131791
1306004700.0,0.0365288158579915
1306007400.0,0.13626077841132656
1306010100.0,0.2750936823663892
1306012800.0,0.23030484053242617
1306015500.0,0.14498048225181037
1306018200.0,0.04573083063712602
1306020900.0,0.12497313140380584
1306023600.0,-0.09111241885881327
1306026300.0,-0.0815381152828536
1306029000.0,-0.05716171532952785
1306031700.0,-0.0891403724442057
1306034400.0,-0.16767658203110614
1306037100.0,-0.13378142752731037
1306039800.0,-0.12918233943781843
1306042500.0,-0.16469162954774674
1306045200.0,-0.19952454397366637
1306047900.0,-0.17706033954522127
1306050600.0,-0.28922272865543164
1306053300.0,-0.2553335412886213
1306056000.0,-0.28430343177484474
1306058700.0,-0.3514044304627646
1306061400.0,-0.42152298797105914
1306064100.0,-0.4467026096296536
1306066800.0,-0.49276467801115587
1306069500.0,-0.5358884078881943
1306072200.0,-0.6337963398394209
1306074900.0,-0.7743147278637821
1306077600.0,-2.6016701294230984
1306080300.0,-0.38625257542906866
1306083000.0,-0.20917752155378366
1306085700.0,-0.12863919518468947
1306088400.0,-0.05739693120500533
1306091100.0,0.00037402695113541995
1306093800.0,0.08624492219729518
1306096500.0,0.21071137694917752
1306099200.0,0.3281676107527005
1306101900.0,0.34778280026074526
1306104600.0,0.32766197100119143
1306107300.0,0.3462957146263079
1306110000.0,0.3316302365397519
1306112700.0,0.40861886553983595
1306115400.0,0.4084714529182065
1306118100.0,0.3888220061248262
1306120800.0,0.29479511537732606
1306123500.0,0.3224152334776136
1306126200.0,0.3041891187444321
1306128900.0,0.25083860336417274
1306131600.0,0.2025377021070085
1306134300.0,0.23381025825790402
1306137000.0,0.17074326223990965
1306139700.0,0.18745215884467825
1306142400.0,0.09178543767654901
1306145100.0,0.08865231329679091
1306147800.0,0.039600993540886975
1306150500.0,0.06759255536002229
1306153200.0,0.023462931970072987
1306155900.0,-0.0783197620458509
1306158600.0,-0.3495866918400452
1306161300.0,-3.433286579995979
1306164000.0,-1.6813093317664425
1306166700.0,-0.12466431768069697
1306169400.0,0.0018513556761377004
1306172100.0,0.06860817680399123
1306174800.0,0.10124972931140519
1306177500.0,0.1318165422283073
1306180200.0,0.24927485548641926
1306182900.0,0.35204467480235735
1306185600.0,0.4904791104455626
1306188300.0,0.39549265135661926
1306191000.0,0.2905694372899461
1306193700.0,0.5693264722924596
1306196400.0,0.5673683398720755
1306199100.0,0.6477883900781762
1306201800.0,0.7043886501154475
1306204500.0,0.6822222388809678
1306207200.0,0.7020791495676804
1306209900.0,0.7220894296282836
1306212600.0,0.6212126627100929
1306215300.0,0.5863060788983603
1306218000.0,0.5332698562550036
1306220700.0,0.5446017568965544
1306223400.0,0.5059839490547802
1306226100.0,0.5272992396667746
1306228800.0,0.44380593556365966
1306231500.0,0.44211714726856144
1306234200.0,0.42964526728223973
1306236900.0,0.416649094714046
1306239600.0,0.5435044816567824
1306242300.0,0.46587309771638274
1306245000.0,0.26971682939114316
1306247700.0,0.26702921439340344
1306250400.0,0.43197567744448406
1306253100.0,2.733129731655481
1306255800.0,2.8235795079278887
1306258500.0,0.358989681233993
1306261200.0,-0.03150545029888008
1306263900.0,-0.006514441020726736
1306266600.0,0.04872059215227864
1306269300.0,0.10048751511288856
1306272000.0,0.24131413711739924
1306274700.0,0.40308843628071145
1306277400.0,0.477467437992118
1306280100.0,0.5857278746555039
1306282800.0,2.690550213567917
1306285500.0,2.807698919704478
1306288200.0,2.9164102282331896
1306290900.0,2.863312118799115
1306293600.0,2.8488236170780965
1306296300.0,2.902328276281594
1306299000.0,2.8147182929387213
1306301700.0,2.824894208413582
1306304400.0,2.8244559662167035
1306307100.0,2.815326852990893
1306309800.0,2.7126293838402944
1306312500.0,2.664141022782246
1306315200.0,2.63708036034069
1306317900.0,2.6418319484502035
1306320600.0,2.5992312944862306
1306323300.0,2.526349060122982
1306326000.0,2.6484999032493874
1306328700.0,2.586249021488129
1306331400.0,2.4643393848315327
1306334100.0,2.4441249012274966
1306336800.0,2.4323121686540503
1306339500.0,2.3795055197204533
1306342200.0,0.5283714694389232
1306344900.0,1.6048877562548682
1306347600.0,1.6238375178756996
1306350300.0,1.601133756149693
1306353000.0,1.5861021419032113
1306355700.0,1.601270878337857
1306358400.0,1.6075926807236556
1306361100.0,1.623682204963984
1306363800.0,1.6856834455806506
1306366500.0,1.7557794545180059
1306369200.0,1.8093406719797827
1306371900.0,1.9622714589015118
1306374600.0,3.1144324425915784
1306377300.0,4.2139363081738
1306380000.0,4.224373637371741
1306382700.0,4.271734074671826
1306385400.0,4.207912134672426
1306388100.0,4.190406591807289
1306390800.0,4.175966164838769
1306393500.0,4.187746710984754
1306396200.0,4.031006104391224
1306398900.0,4.084168795232074
1306401600.0,4.006705796131371
1306404300.0,3.9728213022011687
1306407000.0,3.942142187412969
1306409700.0,3.975401286235922
1306412400.0,4.054605598774344
1306415100.0,4.041724365311609
1306417800.0,3.91827282458587
1306420500.0,3.917383244683492
1306423200.0,3.8803545046933436
1306425900.0,0.5837880742485595
1306428600.0,0.2893981338747835
1306431300.0,0.5059088858355381
1306434000.0,2.7093287057340376
1306436700.0,2.8301468747327476
1306439400.0,2.8026744847744
1306442100.0,2.8158989223101116
1306444800.0,2.787709388794781
1306447500.0,2.6864146980609007
1306450200.0,2.6745033561015816
1306452900.0,2.6466112920149385
1306455600.0,2.698738231351456
1306458300.0,2.8148388824359927
1306461000.0,0.7091007747193885
1306463700.0,0.5783275289280141
1306466400.0,2.2595403739179005
1306469100.0,2.6976313740772184
1306471800.0,2.671647720780129
1306474500.0,2.7017600445739163
1306477200.0,2.6396441339386456
1306479900.0,2.6400987808778495
1306482600.0,2.562296440975331
1306485300.0,2.6513772087266148
1306488000.0,2.581367951423772
1306490700.0,2.6201789286814687
1306493400.0,2.5508898320723574
1306496100.0,2.5988258805512032
1306498800.0,2.6450294302011343
1306501500.0,2.6071810466977468
1306504200.0,2.56867859473482
1306506900.0,2.593853251103667
1306509600.0,2.6076498841385387
1306512300.0,2.31097982999745
1306515000.0,0.015490977966635455
1306517700.0,-0.014651697536010033
1306520400.0,1.652107439203121
1306523100.0,2.372167906207494
1306525800.0,2.406084550054061
1306528500.0,2.3435058947054586
1306531200.0,2.316808085007267
1306533900.0,2.250206460338404
1306536600.0,2.1580307611865805
1306539300.0,2.110396615587433
1306542000.0,2.1239986290475485
1306544700.0,2.1766338589333145
1306547400.0,2.2503212864497186
1306550100.0,2.3464449924568953
1306552800.0,2.3974570099404104
1306555500.0,3.171042304103935
1306558200.0,2.1544432030825647
1306560900.0,2.1280036132290547
1306563600.0,2.084682366361392
1306566300.0,2.072316800776605
1306569000.0,2.049980821710733
1306571700.0,2.086812437543699
1306574400.0,1.9936591050133643
1306577100.0,1.976479847221583
1306579800.0,1.9753574949771746
1306582500.0,2.047051456821066
1306585200.0,2.0826631455267943
1306587900.0,2.0609343581451185
1306590600.0,2.050896126332418
1306593300.0,2.086867985569711
1306596000.0,2.132823857167807
1306598700.0,2.199062628263107
1306601400.0,2.1870797034444536
1306604100.0,2.2071822861435066
1306606800.0,0.5563422250179997
1306609500.0,1.889031757249029
1306612200.0,1.9727715365478389
1306614900.0,1.9234395088444671
1306617600.0,1.8808861498783926
1306620300.0,1.8317612193945934
1306623000.0,1.7520698602938296
1306625700.0,1.6995825934445747
1306628400.0,1.6195181853697704
1306631100.0,1.6755109885294814
1306633800.0,1.6852040899145777
1306636500.0,1.7877562281505561
1306639200.0,1.8255446294454032
1306641900.0,1.9022475973222868
1306644600.0,1.920105668045153
1306647300.0,1.9290660217108098
1306650000.0,1.9510900481513431
1306652700.0,2.001777626706314
1306655400.0,1.8928022376107378
1306658100.0,1.9158298604120887
1306660800.0,1.871030668488288
1306663500.0,1.8705193766099342
1306666200.0,1.8641652487983151
1306668900.0,1.9039246348807524
1306671600.0,1.9659816817019191
1306674300.0,1.986550009702853
1306677000.0,1.9402335054744526
1306679700.0,2.0022268217614396
1306682400.0,1.9636956833806494
1306685100.0,2.0263152583916053
1306687800.0,2.1221381422652144
1306690500.0,2.20869044088505
1306693200.0,2.3047884215365
1306695900.0,2.01337646158737
1306698600.0,1.9911015754610162
1306701300.0,1.9250024440058269
1306704000.0,1.8826159901684036
1306706700.0,1.8074572403733669
1306709400.0,1.703591635343912
1306712100.0,1.666544117755734
1306714800.0,1.562674244745267
1306717500.0,1.515070270695503
1306720200.0,1.514951134969749
1306722900.0,1.4705696598294935
1306725600.0,1.4929420610066586
1306728300.0,-0.46476914011441295
1306731000.0,-0.8476270075130969
1306733700.0,-0.8548097265282308
1306736400.0,-0.7566410690446332
1306739100.0,-0.7335641396830965
1306741800.0,-0.7913261814588282
1306744500.0,-0.7573772840379434
1306747200.0,-0.8070559924014447
1306749900.0,-0.807386562439774
1306752600.0,-0.8495204499192255
1306755300.0,-0.7696938158626949
1306758000.0,-0.5840776635529892
1306760700.0,-0.6128858902556544
1306763400.0,-0.644636233562494
1306766100.0,-0.5472877434911538
1306768800.0,-0.6244345912062954
1306771500.0,-0.5760916691065745
1306774200.0,-0.5533847274230652
1306776900.0,-0.4993671203527583
1306779600.0,1.8995127350871144
1306782300.0,0.4587175890380877
1306785000.0,0.42929767826149146
1306787700.0,0.45345453906685407
1306790400.0,0.468084832686543
1306793100.0,0.3723342176223241
1306795800.0,0.34928516480374583
1306798500.0,0.29961880703524457
1306801200.0,0.23499435340613672
1306803900.0,0.24536088814272716
1306806600.0,0.22307077396885688
1306809300.0,0.1848574241505503
1306812000.0,0.12132612327604875
1306814700.0,0.07685090009601936
1306817400.0,0.04814559364962179
1306820100.0,0.0732764970728681
1306822800.0,0.06701384984370407
1306825500.0,0.056913536671856946
1306828200.0,0.0280889595758822
1306830900.0,0.06399859472708158
1306833600.0,0.008000085238620613
1306836300.0,0.08289130337851702
1306839000.0,1.7699609736313278
1306841700.0,2.8589910938188154
1306844400.0,3.1667997839010127
1306847100.0,3.224004223443842
1306849800.0,3.1478617205455066
1306852500.0,3.1906170111240044
1306855200.0,3.1482574738207063
1306857900.0,3.228657245227396
1306860600.0,3.203367117058349
1306863300.0,3.253064831458971
1306866000.0,3.242355550674688
1306868700.0,3.1617890372498323
1306871400.0,-0.08983341978665749
1306874100.0,-0.08185378065860505
1306876800.0,1.801730568748951
1306879500.0,1.9794529085160661
1306882200.0,1.95717820055404
1306884900.0,1.9408976098488893
1306887600.0,1.7705117170744984
1306890300.0,1.8420196586951647
1306893000.0,1.7647650951278138
1306895700.0,1.708520636882099
1306898400.0,1.6522824739449788
1306901100.0,1.5276692893905306
1306903800.0,1.4942684709463947
1306906500.0,1.419531834672739
1306909200.0,1.4684849139873108
1306911900.0,1.4468592677045535
1306914600.0,1.3312834032649334
1306917300.0,1.2860250637388617
1306920000.0,1.1133235087754088
1306922700.0,1.1827143108802147
1306925400.0,1.218755457362363
1306928100.0,1.3053148870476434
1306930800.0,2.3413531367128257
1306933500.0,3.771597793338458
1306936200.0,3.895542458399916
1306938900.0,3.974279119123082
1306941600.0,3.9873023024874215
1306944300.0,4.0581205485050305
1306947000.0,4.038409534781863
1306949700.0,4.0496882557822005
1306952400.0,4.12354061307235
1306955100.0,4.0978941776164675
1306957800.0,4.103396895548826
1306960500.0,1.2974992712756261
1306963200.0,0.6280224939168306
1306965900.0,0.5782925675447359
1306968600.0,0.511072097551903
1306971300.0,0.5438562953959263
1306974000.0,0.4977179556562419
1306976700.0,0.5284842654263571
1306979400.0,0.5168202035620197
1306982100.0,0.4267061787077182
1306984800.0,0.44227869740552705
1306987500.0,0.35806987935006873
1306990200.0,0.22863686424591378
1306992900.0,0.2300521159805271
1306995600.0,0.19878773236291636
1306998300.0,0.12375859081771523
1307001000.0,0.0697396636469989
1307003700.0,0.07926193409366533
1307006400.0,0.046188367144793574
1307009100.0,0.10179074205495908
1307011800.0,0.10006151945242436
1307014500.0,0.1496571077981912
1307017200.0,3.618458984720519
1307019900.0,3.6582867794127765
1307022600.0,3.6554076873436543
1307025300.0,3.7057252698122056
1307028000.0,3.7241079267287205
1307030700.0,3.7752879581655634
1307033400.0,3.7670852473029868
1307036100.0,3.8045094404419046
1307038800.0,3.8619005360591245
1307041500.0,3.839829005095737
1307044200.0,3.154212548631449
1307046900.0,0.38390585606043715
1307049600.0,0.3813546764247917
1307052300.0,0.37566429465590545
1307055000.0,2.6244147889618716
1307057700.0,2.656893210105011
1307060400.0,2.6880378629252846
1307063100.0,2.6862850094602777
1307065800.0,2.7173476260355187
1307068500.0,2.6534917071113
1307071200.0,2.6570002258587238
1307073900.0,2.5569651872393138
1307076600.0,2.52697315634191
1307079300.0,2.525244959339659
1307082000.0,2.487985500536638
1307084700.0,2.396702018614576
1307087400.0,2.3270750530630835
1307090100.0,2.281215587700615
1307092800.0,2.207503653695028
1307095500.0,2.156501948264406
1307098200.0,-0.258817102218984
1307100900.0,1.4514877575288097
1307103600.0,1.864273411774377
1307106300.0,1.9254131695565775
1307109000.0,1.9288084948852884
1307111700.0,1.9768202661235819
1307114400.0,1.9721821877710681
1307117100.0,2.0519707485921117
1307119800.0,2.0585625411736146
1307122500.0,2.064253362451666
1307125200.0,2.058703384205728
1307127900.0,2.0960359817783
1307130600.0,2.13292628412961
1307133300.0,2.2354467984848725
1307136000.0,2.1787848997022934
1307138700.0,0.16389260646161574
1307141400.0,0.11682093759480949
1307144100.0,2.123615485136611
1307146800.0,2.2096475139582594
1307149500.0,2.340446092108664
1307152200.0,2.310199996669951
1307154900.0,2.322473183830823
1307157600.0,2.3637286141179175
1307160300.0,2.2578749248422696
1307163000.0,2.252948587634421
1307165700.0,2.233676879558459
1307168400.0,2.2044406617035293
1307171100.0,2.1907695072261504
1307173800.0,2.104197292126571
1307176500.0,1.9694752387270569
1307179200.0,1.9458400279091848
1307181900.0,1.950814650285622
1307184600.0,1.9886792387011383
1307187300.0,1.9411759107799753
1307190000.0,2.0444644124463593
1307192700.0,2.1492582094642216
1307195400.0,4.144302307564715
1307198100.0,4.512139373990522
1307200800.0,4.530421555416808
1307203500.0,4.596064481506119
1307206200.0,4.548108669282783
1307208900.0,4.479704431051005
1307211600.0,4.411649482919017
1307214300.0,1.3898845350458373
1307217000.0,1.3334744138503538
1307219700.0,1.375581493815048
1307222400.0,1.4006858897528218
1307225100.0,1.3918083018597827
1307227800.0,1.4686893364220168
1307230500.0,1.4774605144638713
1307233200.0,1.4727518978262424
1307235900.0,1.5980680651842363
1307238600.0,1.5674128911041407
1307241300.0,1.5905030358410954
1307244000.0,1.6231418757702158
1307246700.0,1.5430813467913254
1307249400.0,1.5281198710319472
1307252100.0,1.4984935588761346
1307254800.0,1.4501904399484715
1307257500.0,1.3720604834886103
1307260200.0,1.282805473999531
1307262900.0,1.0851843349817614
1307265600.0,-1.4564785149557906
1307268300.0,-1.5553443996303713
1307271000.0,-1.530245368899159
1307273700.0,-1.490104691250849
1307276400.0,-1.3113220136712584
1307279100.0,-0.7891068212970822
1307281800.0,2.1557614689695015
1307284500.0,2.345822039427162
1307287200.0,2.3505222032578104
1307289900.0,2.329076323718084
1307292600.0,2.34010336781256
1307295300.0,2.280689594186356
1307298000.0,1.9654400662562352
1307300700.0,0.31972364444038703
1307303400.0,0.14260687361422697
1307306100.0,0.2637274174137474
1307308800.0,0.2983760198664527
1307311500.0,0.3716864416039698
1307314200.0,1.8486160741370554
1307316900.0,2.8262789794547416
1307319600.0,2.8855760399088695
1307322300.0,2.9496998027315726
1307325000.0,2.9943013134260354
1307327700.0,3.00410483513042
1307330400.0,2.96805087122857
1307333100.0,2.9730632890945685
1307335800.0,2.983963193202328
1307338500.0,2.9126846315644457
1307341200.0,2.9503284141523523
1307343900.0,2.8485992331097236
1307346600.0,2.82845869868288
1307349300.0,2.7016199901610776
1307352000.0,2.678730441164987
1307354700.0,2.5729893514745186
1307357400.0,0.2471539707734678
1307360100.0,0.04668288394015008
1307362800.0,0.07616221220087027
1307365500.0,0.12618221528413187
1307368200.0,1.4442719048922754
1307370900.0,2.8441584283089014
1307373600.0,2.83130065916356
1307376300.0,2.862782163856707
1307379000.0,2.8772408145977124
1307381700.0,2.8046154870898476
1307384400.0,2.4740112653209962
1307387100.0,1.6151390377086159
1307389800.0,0.63673448530119
1307392500.0,0.6317448489794515
1307395200.0,0.6388246401347715
1307397900.0,0.7501660118827544
1307400600.0,0.8604120294701261
1307403300.0,0.934347053558497
1307406000.0,2.4030890729375756
1307408700.0,3.303619710077271
1307411400.0,3.3464009708407616
1307414100.0,3.333846253599063
1307416800.0,3.3242746151719302
1307419500.0,3.3380965205926145
1307422200.0,3.389678698613409
1307424900.0,3.363305860332389
1307427600.0,3.40031492043272
1307430300.0,3.297078104110028
1307433000.0,3.293236933272169
1307435700.0,3.1950756039188946
1307438400.0,3.178625850124547
1307441100.0,3.148781375593046
1307443800.0,3.1176960134550313
1307446500.0,3.0622447713026304
1307449200.0,3.0996165811562832
1307451900.0,2.9717180380440027
1307454600.0,3.006971838172319
1307457300.0,3.0229984034384643
1307460000.0,3.089630367623556
1307462700.0,2.836036900429633
1307465400.0,2.6097950479041856
1307468100.0,2.6315448015560605
1307470800.0,2.5683041997899068
1307473500.0,2.5052005633874614
1307476200.0,2.5146355448781605
1307478900.0,2.498607985444778
1307481600.0,2.4139595646910266
1307484300.0,2.332544090873398
1307487000.0,2.3772696893712464
1307489700.0,2.401184649053789
1307492400.0,2.4724821818956
1307495100.0,2.5694068282693934
1307497800.0,2.5916979422485156
1307500500.0,2.601792323764812
1307503200.0,2.6288014922896537
1307505900.0,2.6066720511869903
1307508600.0,2.640102647004994
1307511300.0,2.6340228582704412
1307514000.0,2.653295333045662
1307516700.0,2.61538440235131
1307519400.0,2.628285306457485
1307522100.0,2.5404933589851453
1307524800.0,2.562924332311354
1307527500.0,2.585468016842185
1307530200.0,2.5286807835994978
1307532900.0,2.527846702997067
1307535600.0,2.7095107076924023
1307538300.0,2.532774061148018
1307541000.0,2.4660497118454714
1307543700.0,2.3589766027676546
1307546400.0,-0.4196754423601874
1307549100.0,-0.7943608340523269
1307551800.0,2.4368728291508432
1307554500.0,2.613062193699932
1307557200.0,2.5284481524093394
1307559900.0,2.453968756305528
1307562600.0,2.4044124769192194
1307565300.0,2.2961030340465527
1307568000.0,2.153527745745805
1307570700.0,2.1606710437433776
1307573400.0,1.1486699255119674
1307576100.0,-0.08374700274652014
1307578800.0,-0.0016797914816493176
1307581500.0,0.0971569702565489
1307584200.0,0.16334068540618318
1307586900.0,0.19133739474671074
1307589600.0,0.22984515154763585
1307592300.0,2.323951140438055
1307595000.0,2.5534885480456637
1307597700.0,2.5658828761795007
1307600400.0,2.6174922403218943
1307603100.0,2.4970806381024317
1307605800.0,2.5403962071022193
1307608500.0,2.471227464266917
1307611200.0,2.4678102832764353
1307613900.0,2.4777944688396474
1307616600.0,2.4923586281448706
1307619300.0,2.4908542617176295
1307622000.0,2.620192133771752
1307624700.0,2.5228846820107265
1307627400.0,2.5677327410942894
1307630100.0,2.581837213682377
1307632800.0,1.3301664140577145
1307635500.0,-0.10216973406778607
1307638200.0,-0.09888131481250184
1307640900.0,1.6108691422182346
1307643600.0,2.3760702779400162
1307646300.0,2.3943219668612983
1307649000.0,2.3767018734633893
1307651700.0,2.3330278408197955
1307654400.0,2.2447747903883055
1307657100.0,2.1058269410115145
1307659800.0,2.0325858262960423
1307662500.0,1.9473635634657285
1307665200.0,-0.09962833886794442
1307667900.0,-0.22605730757152287
1307670600.0,-0.1411404995255907
1307673300.0,-0.1027000247498222
1307676000.0,-0.05894218803388185
1307678700.0,-0.025987788944576096
1307681400.0,0.005266361286828669
1307684100.0,0.04843513848857128
1307686800.0,0.09719711978999612
1307689500.0,0.04093951472231083
1307692200.0,0.018521794349624088
1307694900.0,-0.030075919388934835
1307697600.0,-0.022399091120803405
1307700300.0,-0.07919642858911402
1307703000.0,-0.0326773762720336
1307705700.0,-0.029774500509404334
1307708400.0,0.04053378722960588
1307711100.0,0.01826492437271554
1307713800.0,0.0877857860384097
1307716500.0,0.09861651142944083
1307719200.0,0.10076598131956871
1307721900.0,0.07719081563055852
1307724600.0,0.060433333577805115
1307727300.0,1.4787109131751777
1307730000.0,0.8217394094916699
1307732700.0,0.7992243197536482
1307735400.0,0.8595470269669931
1307738100.0,0.8894048096943834
1307740800.0,0.8232747677482735
1307743500.0,0.8103601579011297
1307746200.0,0.7624312453693847
1307748900.0,0.666146073842242
1307751600.0,0.6151432321536845
1307754300.0,0.6345002857833038
1307757000.0,0.6634183072515611
1307759700.0,-0.14894290414190436
1307762400.0,-1.4495186577183858
1307765100.0,0.618166864883051
1307767800.0,0.8744809040528594
1307770500.0,0.9178285706116185
1307773200.0,0.9548186961469582
1307775900.0,0.8791482977159717
1307778600.0,0.8884045293012264
1307781300.0,0.8251303856604864
1307784000.0,0.9199981544616662
1307786700.0,0.8530374869415027
1307789400.0,0.9079048688794273
1307792100.0,0.9300320735580954
1307794800.0,0.978022304944659
1307797500.0,0.9181861726423222
1307800200.0,0.9422622446567743
1307802900.0,1.0078921348905965
1307805600.0,1.0755641630664172
1307808300.0,1.0650652637517624
1307811000.0,1.1269692271638974
1307813700.0,3.1224804997561932
1307816400.0,3.2812740513485323
1307819100.0,1.077497978964118
1307821800.0,1.0262346998982252
1307824500.0,1.041347417852478
1307827200.0,0.9763473306196033
1307829900.0,0.9488147912071554
1307832600.0,0.9354651447606557
1307835300.0,0.889085147059518
1307838000.0,0.9095889101607781
1307840700.0,0.8789197357444891
1307843400.0,0.8800750385063338
1307846100.0,0.9300914461982757
1307848800.0,1.7011050188870058
1307851500.0,1.4996617537981933
1307854200.0,0.8550761954707582
1307856900.0,0.8126840891637244
1307859600.0,0.8343276065635337
1307862300.0,0.7515923491807257
1307865000.0,0.7865639292272704
1307867700.0,0.7472727430954365
1307870400.0,0.8595807387098944
1307873100.0,0.8235152145387019
1307875800.0,0.8226151218647715
1307878500.0,0.8585581233475068
1307881200.0,0.9156050771408104
1307883900.0,0.9334691756926077
1307886600.0,1.0081909164806007
1307889300.0,0.9260068105886035
1307892000.0,0.8389650795095918
1307894700.0,0.9752196912837121
1307897400.0,0.8815240536632132
1307900100.0,0.9250085933032324
1307902800.0,0.9112996141886924
1307905500.0,1.797705689368172
1307908200.0,0.9724802880119228
1307910900.0,0.9644392029244955
1307913600.0,0.9516779142625182
1307916300.0,0.9229346586916449
1307919000.0,0.944049785655011
1307921700.0,0.888294980259559
1307924400.0,0.8785910292279482
1307927100.0,0.8815046571843936
1307929800.0,0.8593971689157911
1307932500.0,0.8815822451223312
1307935200.0,0.8160247379478847
1307937900.0,0.7361553912226668
1307940600.0,0.7527564123038246
1307943300.0,0.7416555602189305
1307946000.0,0.7572025263954174
1307948700.0,0.6447432530579817
1307951400.0,0.6257794431730872
1307954100.0,0.5795608611368834
1307956800.0,0.6409824794090468
1307959500.0,0.647308359272472
1307962200.0,0.6818139403045507
1307964900.0,0.7347767346279284
1307967600.0,0.8530103308870025
1307970300.0,0.7783886084996539
1307973000.0,0.8523277946667349
1307975700.0,0.7992054380250124
1307978400.0,0.8268974936999598
1307981100.0,0.8109213844591636
1307983800.0,0.8725565004374403
1307986500.0,3.7006599577505312
1307989200.0,3.977201747083882
1307991900.0,0.8512345975373705
1307994600.0,0.7983617722271106
1307997300.0,0.791181996745479
1308000000.0,0.7621233026163168
1308002700.0,0.7608371625300379
1308005400.0,0.7279611777374839
1308008100.0,0.7499884814227471
1308010800.0,0.7430730172295057
1308013500.0,0.7708704096181691
1308016200.0,0.7539768735788357
1308018900.0,0.6666685168829076
1308021600.0,0.5794632824230348
1308024300.0,-0.6102149905054262
1308027000.0,0.5985386765819385
1308029700.0,0.5986628317969576
1308032400.0,0.6240757699307551
1308035100.0,0.5886805764255882
1308037800.0,0.5589612187718558
1308040500.0,0.4868213053653676
1308043200.0,0.6086054840256452
1308045900.0,0.6125633320625639
1308048600.0,0.6421848741655936
1308051300.0,0.6629912977919048
1308054000.0,0.8054069951145948
1308056700.0,0.7491360410731431
1308059400.0,0.7663020151813384
1308062100.0,0.7615413940283702
1308064800.0,0.8128813175521827
1308067500.0,0.8525105940508979
1308070200.0,0.9288386190544315
1308072900.0,3.019370090904829
1308075600.0,2.554106800529553
1308078300.0,0.6952513999770531
1308081000.0,0.6350959474558522
1308083700.0,0.6095205941751942
1308086400.0,0.5717055496266994
1308089100.0,0.6072194527918668
1308091800.0,0.5591682968210421
1308094500.0,0.5231900492263435
1308097200.0,0.6266575276771391
1308099900.0,0.5946693941909871
1308102600.0,0.625485593422809
1308105300.0,0.6179355200315513
1308108000.0,0.547385230410498
1308110700.0,0.502570190913957
1308113400.0,0.43229319540728284
1308116100.0,0.29045541744403636
1308118800.0,0.23245829440912757
1308121500.0,-1.943672744190252
1308124200.0,-2.0990964803939676
1308126900.0,-2.2252910323898902
1308129600.0,-2.097313670534902
1308132300.0,-2.0795345613910285
1308135000.0,-2.028543458115678
1308137700.0,-1.938625340574447
1308140400.0,-1.7893987541773129
1308143100.0,-1.7582077247348025
1308145800.0,-1.6975977433282026
1308148500.0,-1.656308455710274
1308151200.0,-1.5930136122908607
1308153900.0,-1.5325830708994204
1308156600.0,1.7191871825725684
1308159300.0,1.7852540705764568
1308162000.0,1.7113530831079515
1308164700.0,-0.07342834965692191
1308167400.0,-0.4837603259221055
1308170100.0,-0.5326012354486238
1308172800.0,-0.6017663094348791
1308175500.0,-0.5460117011655257
1308178200.0,-0.5645593160808744
1308180900.0,-0.5806870262681514
1308183600.0,-0.5307825095786711
1308186300.0,-0.5022394761289206
1308189000.0,-0.4786705514614482
1308191700.0,-0.4942015999885143
1308194400.0,-0.5509355086830396
1308197100.0,-0.5604432570577274
1308199800.0,-0.5852357501881329
1308202500.0,-0.6113096175108694
1308205200.0,-0.6598851719894014
1308207900.0,-0.7502664505494181
1308210600.0,-0.886099079399628
1308213300.0,-0.9533274905911071
1308216000.0,-0.8913320959600242
1308218700.0,-0.8794374301754146
1308221400.0,-0.7828806897784943
1308224100.0,-0.7557208450270991
1308226800.0,1.0708044135375303
1308229500.0,2.445471858070391
1308232200.0,2.57393185857012
1308234900.0,2.529720129933253
1308237600.0,2.5703781520206803
1308240300.0,2.6636878457795206
1308243000.0,2.5758605028746047
1308245700.0,2.5411714078578598
1308248400.0,2.515769665019377
1308251100.0,2.5202558639408608
1308253800.0,-0.6125711211807925
1308256500.0,-0.8073521812056015
1308259200.0,-0.8228187699249929
1308261900.0,-0.851249795645856
1308264600.0,-0.8225162008386064
1308267300.0,-0.8518533853435883
1308270000.0,-0.7939802047994249
1308272700.0,-0.7555912809223742
1308275400.0,-0.7566900892643957
1308278100.0,-0.721910535447023
1308280800.0,-0.8208817159398336
1308283500.0,-0.8441777409619249
1308286200.0,-0.8692083569192732
1308288900.0,-0.8141671281774734
1308291600.0,-0.8722323639467504
1308294300.0,-0.9146599752311317
1308297000.0,-1.0388588943680475
1308299700.0,-1.119232519406296
1308302400.0,-1.2441030620421998
1308305100.0,-3.660164532406583
1308307800.0,-3.678336019538847
1308310500.0,-3.6210829316108573
1308313200.0,-0.17547786518281328
1308315900.0,-0.02608068870426905
1308318600.0,0.05173870806049763
1308321300.0,0.02673218097913832
1308324000.0,0.10250387052633414
1308326700.0,0.1124790513060816
1308329400.0,0.14876823252467375
1308332100.0,0.22427158792129376
1308334800.0,0.32411021841681986
1308337500.0,0.3729351559876477
1308340200.0,0.22371351362534142
1308342900.0,-1.549347287568878
1308345600.0,-0.7233239367847659
1308348300.0,0.5299118967292884
1308351000.0,0.5760911349811408
1308353700.0,0.5426139185269676
1308356400.0,0.5760666139388491
1308359100.0,0.6034967041505865
1308361800.0,0.583613432057632
1308364500.0,0.5721021868620255
1308367200.0,0.5404218318334983
1308369900.0,0.5100550566154993
1308372600.0,0.49762632564926434
1308375300.0,0.5257062972818858
1308378000.0,0.49919270766127966
1308380700.0,0.4626757366345373
1308383400.0,0.4060338816743183
1308386100.0,0.32921017704416045
1308388800.0,0.3665916402013636
1308391500.0,0.360787192898556
1308394200.0,0.11705336019929291
1308396900.0,-1.9256405315967413
1308399600.0,-1.9917511980962672
1308402300.0,0.3550403740086381
1308405000.0,0.6692183324943244
1308407700.0,0.6739306191110472
1308410400.0,0.7750215314640059
1308413100.0,0.7774834957108396
1308415800.0,0.824882720413143
1308418500.0,0.8668445915486132
1308421200.0,0.9070039670370988
1308423900.0,1.0255057096960059
1308426600.0,1.0624217514724137
1308429300.0,1.0016993891140373
1308432000.0,0.8995875915757665
1308434700.0,0.9346665008469017
1308437400.0,-1.111352614302291
1308440100.0,-1.2376500048360413
1308442800.0,-1.1782257115777384
1308445500.0,-1.159380517304669
1308448200.0,-1.1256283247864758
1308450900.0,-1.0762505920579883
1308453600.0,-1.0597173892340948
1308456300.0,-1.086974321884611
1308459000.0,-1.1341962750476
1308461700.0,-1.1442303290788232
1308464400.0,-1.1509706416544532
1308467100.0,-1.169040362921919
1308469800.0,-1.2438312846912822
1308472500.0,-1.2919087063346524
1308475200.0,-1.253784686148947
1308477900.0,-1.2766076780811204
1308480600.0,-1.2943817996147686
1308483300.0,-1.4163846688143167
1308486000.0,-1.375943568291234
1308488700.0,-3.190221223632051
1308491400.0,-3.5993304863648063
1308494100.0,-3.7148137685049676
1308496800.0,-1.1533926340705989
1308499500.0,-0.09027529516674804
1308502200.0,-0.04534708952286337
1308504900.0,-0.036068674455464134
1308507600.0,0.009043717599524825
1308510300.0,0.14511395353014223
1308513000.0,0.20680093836892866
1308515700.0,0.3210948167940728
1308518400.0,0.3974521179342787
1308521100.0,0.42429080050186485
1308523800.0,0.43142055120574696
1308526500.0,0.36669097775489945
1308529200.0,0.339510515719212
1308531900.0,0.3641801301841383
1308534600.0,0.35293869308492276
1308537300.0,0.32575848476773217
1308540000.0,0.2995979967607809
1308542700.0,0.27692225584183916
1308545400.0,0.22604093251345603
1308548100.0,0.2390339843865945
1308550800.0,0.21617731425772035
1308553500.0,0.15122839629344753
1308556200.0,0.07296099691978952
1308558900.0,0.07021236537519826
1308561600.0,0.14076242126583338
1308564300.0,0.1742249911546878
1308567000.0,0.1696615088822
1308569700.0,0.1909895578739338
1308572400.0,0.14359612014129652
1308575100.0,0.07326462863255756
1308577800.0,-0.24625737114359936
1308580500.0,-1.350837278191932
1308583200.0,0.01229208411672289
1308585900.0,0.022893589585123664
1308588600.0,0.008485481852062549
1308591300.0,0.07243744536140184
1308594000.0,0.06897357549121352
1308596700.0,0.22733725931499293
1308599400.0,0.3710066632961002
1308602100.0,0.4986066660289339
1308604800.0,0.4724418781711961
1308607500.0,0.5735579024077992
1308610200.0,2.849288394623386
1308612900.0,2.885562133432302
1308615600.0,2.9449081685535816
1308618300.0,3.0073141544655186
1308621000.0,2.9961353593055833
1308623700.0,2.9708199267269606
1308626400.0,2.9199701506263978
1308629100.0,2.858846632538075
1308631800.0,2.896491723175245
1308634500.0,2.88344292572026
1308637200.0,2.8447386187143593
1308639900.0,2.8177195899872345
1308642600.0,2.712609293245407
1308645300.0,2.6838508026717705
1308648000.0,2.738334728400787
1308650700.0,2.7568851590008308
1308653400.0,2.7508012171856535
1308656100.0,2.778109797664058
1308658800.0,2.7427790658315416
1308661500.0,2.7586816516676436
1308664200.0,2.7468591738395958
1308666900.0,3.010978429590523
1308669600.0,1.73907434533254
1308672300.0,1.6641030270660622
1308675000.0,1.646802372600746
1308677700.0,1.6301449754712962
1308680400.0,1.5597305872741458
1308683100.0,1.6006305312774884
1308685800.0,1.7035765076789176
1308688500.0,1.745054159408312
1308691200.0,1.8294480723010338
1308693900.0,1.893894087473484
1308696600.0,1.9327624231787581
1308699300.0,1.9358914075224902
1308702000.0,4.209133832701866
1308704700.0,4.325888273798
1308707400.0,3.6063489108188946
1308710100.0,1.8931193130786141
1308712800.0,1.8155513655277105
1308715500.0,1.7998537873237979
1308718200.0,1.7345008910030515
1308720900.0,1.754175654621008
1308723600.0,1.7231237168259668
1308726300.0,1.6874959319335971
1308729000.0,1.6052586011687708
1308731700.0,1.6353853257144237
1308734400.0,1.623898545504744
1308737100.0,1.6963361628925782
1308739800.0,1.6983990621179714
1308742500.0,1.7971314807884369
1308745200.0,1.7329989657142164
1308747900.0,1.7146141465544815
1308750600.0,1.703874906742044
1308753300.0,1.5432707010455715
1308756000.0,1.4882283214073482
1308758700.0,-0.5057980699953646
1308761400.0,1.139271580926561
1308764100.0,1.4358635465389966
1308766800.0,1.4611303659767145
1308769500.0,1.5046201212232972
1308772200.0,1.545269026657536
1308774900.0,1.4746846668674038
1308777600.0,1.5416636099738525
1308780300.0,1.6038828414754107
1308783000.0,1.66600788003052
1308785700.0,1.811325588592581
1308788400.0,1.9175846230876346
1308791100.0,1.9092756024573987
1308793800.0,2.002426879070754
1308796500.0,3.854916245194488
1308799200.0,4.109485519133102
1308801900.0,4.140941892918477
1308804600.0,4.115132233355894
1308807300.0,4.158281619601951
1308810000.0,4.129791218994285
1308812700.0,4.070167996962596
1308815400.0,4.003939316540368
1308818100.0,4.010420620552452
1308820800.0,4.020298655336603
1308823500.0,4.0458836563268505
1308826200.0,4.039479773676021
1308828900.0,4.078889649681969
1308831600.0,4.1369737392230945
1308834300.0,4.0438607543259195
1308837000.0,3.987690654412063
1308839700.0,3.982229579907198
1308842400.0,2.019575543410838
1308845100.0,0.3886354193203374
1308847800.0,0.3870411557729767
1308850500.0,0.4762753335076013
1308853200.0,2.7393906614470325
1308855900.0,2.905801409105436
1308858600.0,2.8695331912812208
1308861300.0,2.807946329712024
1308864000.0,2.7394563702857795
1308866700.0,2.74527708739771
1308869400.0,2.740700506996234
1308872100.0,2.7688731563126794
1308874800.0,2.889756432350623
1308877500.0,2.6632163466369434
1308880200.0,0.6732181276107099
1308882900.0,0.6786558075083917
1308885600.0,0.6233312217810294
1308888300.0,0.6262856615973647
1308891000.0,0.6346870906809272
1308893700.0,0.6837620436906491
1308896400.0,0.6656175380754803
1308899100.0,0.5799258938239973
1308901800.0,0.5732332359794441
1308904500.0,0.6083664340763448
1308907200.0,0.6373076729823879
1308909900.0,0.6789876200709273
1308912600.0,0.7455983325278908
1308915300.0,0.7537835766269723
1308918000.0,0.8229663085631955
1308920700.0,0.8260738306803432
1308923400.0,0.7011679931057984
1308926100.0,0.7986153080164513
1308928800.0,0.7750426903694461
1308931500.0,-1.2137076832382832
1308934200.0,-1.9006836841552683
1308936900.0,-1.9093030085616363
1308939600.0,1.3402084503849778
1308942300.0,1.424036139861812
1308945000.0,1.4398185294380141
1308947700.0,1.3561958192736938
1308950400.0,1.280356771218976
1308953100.0,1.2434440999390972
1308955800.0,1.193119398048566
1308958500.0,1.2322300803095345
1308961200.0,1.2340303929242964
1308963900.0,1.349726981924789
1308966600.0,1.5534753977981381
1308969300.0,2.9242930418345168
1308972000.0,3.5538574857235403
1308974700.0,3.5848948576928024
1308977400.0,3.565661769520375
1308980100.0,3.576399896089697
1308982800.0,3.5552980719116363
1308985500.0,3.5206896878141265
1308988200.0,3.4956964777342137
1308990900.0,3.5410007186175676
1308993600.0,3.566755345030799
1308996300.0,3.6362475387886093
1308999000.0,3.6818115799865154
1309001700.0,3.671816207459699
1309004400.0,3.645366042080866
1309007100.0,3.6298487169662508
1309009800.0,3.5735624493109412
1309012500.0,3.6532181301158744
1309015200.0,3.6601578467843296
1309017900.0,3.607267605456684
1309020600.0,3.5012377911050976
1309023300.0,0.9041199717633503
1309026000.0,2.468116508875312
1309028700.0,2.504627694366434
1309031400.0,2.508667136348606
1309034100.0,2.390632394350291
1309036800.0,2.3775249647400756
1309039500.0,2.317137468151884
1309042200.0,2.231045120681756
1309044900.0,2.2288228256165894
1309047600.0,2.251037592548414
1309050300.0,2.224774636596976
1309053000.0,2.3013648132760522
1309055700.0,2.3625564992031514
1309058400.0,0.07551428693932394
1309061100.0,0.8241753926935758
1309063800.0,2.0000493174460416
1309066500.0,2.1239445301957858
1309069200.0,2.1047908408178273
1309071900.0,2.091121080166147
1309074600.0,2.0008536088009805
1309077300.0,2.1180885529721536
1309080000.0,2.1455254707350946
1309082700.0,2.213287160970083
1309085400.0,2.271008223230524
1309088100.0,2.1927905061124875
1309090800.0,2.194001108891939
1309093500.0,2.195636339302837
1309096200.0,2.1973006904572117
1309098900.0,2.254589008166363
1309101600.0,2.242854319137564
1309104300.0,2.2249106504269776
1309107000.0,2.191433636818772
1309109700.0,-0.18725666380350958
1309112400.0,-0.19913000849055607
1309115100.0,1.8337146589728377
1309117800.0,2.0252521413740965
1309120500.0,1.9219166668759726
1309123200.0,1.929503795234723
1309125900.0,1.8808957283126801
1309128600.0,1.7877006214181392
1309131300.0,1.7586627954654546
1309134000.0,1.685181103815296
1309136700.0,1.6736754177445619
1309139400.0,1.6627720608438494
1309142100.0,1.59637266207136
1309144800.0,1.526542036825333
1309147500.0,-0.5524000514714089
1309150200.0,-0.6878015504491373
1309152900.0,-0.6193779750922204
1309155600.0,-0.6779782319557626
1309158300.0,-0.6949604743886084
1309161000.0,-0.7714343841379332
1309163700.0,-0.6325666215445267
1309166400.0,-0.5856175088928808
1309169100.0,-0.5034392978382698
1309171800.0,-0.40379605811540387
1309174500.0,-0.4012747174541573
1309177200.0,-0.2926452332608278
1309179900.0,-0.2348080853898864
1309182600.0,-0.2635923092554435
1309185300.0,-0.25836998119774535
1309188000.0,-0.28654124188994956
1309190700.0,-0.256266688902997
1309193400.0,-0.1823583995362128
1309196100.0,2.824402654023345
1309198800.0,0.8993068060042901
1309201500.0,0.5481373931033318
1309204200.0,0.5622966511587038
1309206900.0,0.45752358290388884
1309209600.0,0.4616847523994352
1309212300.0,0.4270980904987596
1309215000.0,0.3884602938832131
1309217700.0,0.33643928566368686
1309220400.0,0.3298820016555055
1309223100.0,0.2655573790062249
1309225800.0,0.23354725440225366
1309228500.0,0.11904069304370068
1309231200.0,0.06464630726208043
1309233900.0,0.07633159644865373
1309236600.0,0.14044768060011847
1309239300.0,0.18944950507756175
1309242000.0,0.2065897658719109
1309244700.0,0.1741033065812303
1309247400.0,0.15722659465888
1309250100.0,0.30173115328909716
1309252800.0,0.31296831620136345
1309255500.0,0.3758821582262044
1309258200.0,0.4204623390363622
1309260900.0,0.4018760650585591
1309263600.0,0.3550634794192433
1309266300.0,0.526222426104539
1309269000.0,0.4877932990089562
1309271700.0,0.5686500851595042
1309274400.0,0.6818258238027965
1309277100.0,0.6969345634962565
1309279800.0,0.7808595922186896
1309282500.0,3.872956608141351
1309285200.0,2.0562684559180298
1309287900.0,0.5951736964741485
1309290600.0,0.5591958187599744
1309293300.0,0.5086373046456174
1309296000.0,0.4637397561069747
1309298700.0,0.4671834330815159
1309301400.0,0.36471815001624464
1309304100.0,0.3277198191179309
1309306800.0,0.32578278723178755
1309309500.0,0.28066461120806707
1309312200.0,0.17000485825781197
1309314900.0,0.09966619891940809
1309317600.0,-0.06157041471857383
1309320300.0,-2.0920592798379687
1309323000.0,-2.41116759069115
1309325700.0,-2.3694809240157326
1309328400.0,-2.3820166248867736
1309331100.0,-2.3677545497053814
1309333800.0,-2.251975678037212
1309336500.0,0.4740851771565531
1309339200.0,0.6275410797564405
1309341900.0,0.7296063483296962
1309344600.0,0.8110019299421651
1309347300.0,0.7405348950600228
1309350000.0,0.7568144712022331
1309352700.0,0.8441609033806117
1309355400.0,0.7792063512136451
1309358100.0,0.8652465882702245
1309360800.0,0.8647172759427804
1309363500.0,0.8198165987899984
1309366200.0,0.9139635268734878
1309368900.0,0.794587349152664
1309371600.0,-0.9530096443645562
1309374300.0,-1.4892294660957646
1309377000.0,0.49830304513199053
1309379700.0,0.6073243860249704
1309382400.0,0.5545068184912907
1309385100.0,0.5882455374119786
1309387800.0,0.5452956509324167
1309390500.0,0.6051700881824331
1309393200.0,0.5086179794213308
1309395900.0,0.5398304287782594
1309398600.0,0.474049467724285
1309401300.0,0.3962415271055306
1309404000.0,0.29794014367502086
1309406700.0,0.2864707966346032
1309409400.0,0.16174432595101962
1309412100.0,0.20589480170332308
1309414800.0,0.1630112896546052
1309417500.0,0.10352511671339926
1309420200.0,0.04434419775907372
1309422900.0,0.2044990451346962
1309425600.0,0.3022026067445154
1309428300.0,1.5847200963390264
1309431000.0,2.841810247592207
1309433700.0,2.93111532606747
1309436400.0,2.9139627198360927
1309439100.0,2.924555613921825
1309441800.0,2.9022172096412646
1309444500.0,2.9468439715029717
1309447200.0,2.899795469781168
1309449900.0,2.8928068173520955
1309452600.0,2.881709789026445
1309455300.0,2.9002166507067955
1309458000.0,1.498443242806104
1309460700.0,-0.5331981836996533
1309463400.0,-0.4870009258402206
1309466100.0,-0.45295193182016646
1309468800.0,-0.3722546039937811
1309471500.0,1.6213494982816883
1309474200.0,1.7596040010429874
1309476900.0,1.821630870517481
1309479600.0,1.830988164246321
1309482300.0,1.825403596716228
1309485000.0,1.776988581170997
1309487700.0,1.7031990341353094
1309490400.0,1.6060369034622681
1309493100.0,1.5438346634321647
1309495800.0,1.4729026104214427
1309498500.0,1.5174762000383453
1309501200.0,1.4133586261828555
1309503900.0,1.3613734535035178
1309506600.0,1.3101493722624014
1309509300.0,1.3631381664704918
1309512000.0,1.3726423243286376
1309514700.0,1.470200425869848
1309517400.0,3.280020967875487
1309520100.0,3.7856348047940855
1309522800.0,3.785472751107136
1309525500.0,3.791344603684024
1309528200.0,3.775218451604644
1309530900.0,3.873315323483098
1309533600.0,3.849955291990284
1309536300.0,3.891077512066772
1309539000.0,3.8403869896534957
1309541700.0,3.8162703477935906
1309544400.0,2.4400856480128823
1309547100.0,0.31602170434319987
1309549800.0,0.3196605951847573
1309552500.0,0.33180939369162843
1309555200.0,0.3599689113699469
1309557900.0,0.4008048840480001
1309560600.0,0.3532763369750569
1309563300.0,0.4633346540159664
1309566000.0,0.5374588188559528
1309568700.0,0.616051535349925
1309571400.0,0.555854593601623
1309574100.0,0.5545253146731852
1309576800.0,0.48930508850236265
1309579500.0,0.49694287684366145
1309582200.0,0.4931898661055243
1309584900.0,0.4477214942547789
1309587600.0,0.38675259637841464
1309590300.0,0.28939819104243725
1309593000.0,0.21611463923966312
1309595700.0,0.2796666549825204
1309598400.0,0.20514402545296662
1309601100.0,0.24786009325993064
1309603800.0,0.3233598979240355
1309606500.0,0.6624827552519719
1309609200.0,1.0368989252195888
1309611900.0,1.0763027056173087
1309614600.0,1.022257066146551
1309617300.0,1.1294584051888137
1309620000.0,1.0880096282703562
1309622700.0,1.0967132054846616
1309625400.0,1.1438775774544752
1309628100.0,1.1174404225598096
1309630800.0,1.2053762699028994
1309633500.0,1.2173742937717975
1309636200.0,1.2160054614801652
1309638900.0,1.2061463220433666
1309641600.0,0.09628222603322456
1309644300.0,1.0658544422853993
1309647000.0,1.4527873723610014
1309649700.0,1.5232480322204651
1309652400.0,1.5934147677298256
1309655100.0,1.6070784251407986
1309657800.0,1.5938291341046238
1309660500.0,1.574620066260934
1309663200.0,1.544742165870332
1309665900.0,1.5182593759184897
1309668600.0,1.5442222422481109
1309671300.0,1.508664389471278
1309674000.0,1.4259439864836168
1309676700.0,1.3186877467607019
1309679400.0,1.2775171954430107
1309682100.0,1.3644857752243524
1309684800.0,1.3653618596616184
1309687500.0,1.3908891335328804
1309690200.0,1.444480608765332
1309692900.0,3.0069990784558627
1309695600.0,3.8532925239251767
1309698300.0,3.7865600468306866
1309701000.0,3.702142680866359
1309703700.0,1.2382637557153657
1309706400.0,1.0779279480801165
1309709100.0,1.0512777570767753
1309711800.0,1.065035427267219
1309714500.0,1.0900247851184304
1309717200.0,1.1198423544703928
1309719900.0,1.116551743686614
1309722600.0,1.2566378911645302
1309725300.0,1.2778994053566066
1309728000.0,1.373854247997599
1309730700.0,2.8387372187856954
1309733400.0,3.5918635398895162
1309736100.0,3.6027581344065993
1309738800.0,3.6544083344375053
1309741500.0,3.707061748312185
1309744200.0,3.7029750897328313
1309746900.0,3.6293618668604495
1309749600.0,3.5877767839295984
1309752300.0,3.5605582320372378
1309755000.0,3.52673268762976
1309757700.0,3.53452847762577
1309760400.0,3.5210707653205304
1309763100.0,3.4702428701373265
1309765800.0,3.4161788244161357
1309768500.0,3.447225360086179
1309771200.0,3.4425826301900884
1309773900.0,3.4727176494740206
1309776600.0,3.4621428110935994
1309779300.0,3.4174305830881053
1309782000.0,3.449002904073666
1309784700.0,2.269179018685975
1309787400.0,2.541275224636479
1309790100.0,2.6064895953583687
1309792800.0,2.529307231955613
1309795500.0,2.5329259516846037
1309798200.0,2.4878304379799374
1309800900.0,2.4177946263151853
1309803600.0,2.390311165054527
1309806300.0,2.163298639441848
1309809000.0,2.1683943771665213
1309811700.0,0.9731315182051503
1309814400.0,0.3268695321455084
1309817100.0,0.3677233677129266
1309819800.0,0.4584088039050016
1309822500.0,0.5287375411843982
1309825200.0,0.6771323464917032
1309827900.0,0.7176718201727681
1309830600.0,0.6398426351348121
1309833300.0,0.6187158397156622
1309836000.0,0.6353317915236403
1309838700.0,0.6363709792242389
1309841400.0,0.6764717721763418
1309844100.0,0.6906240204131677
1309846800.0,0.6920407520823915
1309849500.0,0.6251580735669791
1309852200.0,0.6369416868668054
1309854900.0,0.6690380203253881
1309857600.0,0.6425437643875398
1309860300.0,0.6690950380892104
1309863000.0,0.6462620685090315
1309865700.0,0.5931341259935721
1309868400.0,0.5790094978712546
1309871100.0,0.5120977792314534
1309873800.0,-1.905924939729374
1309876500.0,-1.9512413888578806
1309879200.0,1.3478444177661686
1309881900.0,1.5064649075816305
1309884600.0,1.5459507250236584
1309887300.0,1.4859509970045224
1309890000.0,1.4842773940168286
1309892700.0,1.4120797252967918
1309895400.0,1.335128375835552
1309898100.0,1.3046172093145856
1309900800.0,1.270156408371804
1309903500.0,1.3650929605366287
1309906200.0,1.3855440325247628
1309908900.0,-0.5435030980610804
1309911600.0,-0.7059058497245019
1309914300.0,-0.6584974421360243
1309917000.0,-0.636333243233139
1309919700.0,-0.634399578708269
1309922400.0,-0.656012568881863
1309925100.0,-0.6944818470452105
1309927800.0,-0.6682040541334686
1309930500.0,-0.631847545142989
1309933200.0,-0.7497408686638778
1309935900.0,-0.7102728679096231
1309938600.0,-0.683935836338776
1309941300.0,-0.6508154191490121
1309944000.0,-0.6329203414617837
1309946700.0,-0.5866683733084983
1309949400.0,-0.6191912648359335
1309952100.0,-0.6115128262915732
1309954800.0,-0.6753969655720766
1309957500.0,-0.7020533356868555
1309960200.0,-0.664437250484923
1309962900.0,-0.526473161903823
1309965600.0,2.430868800498672
1309968300.0,0.44232633225095697
1309971000.0,0.37587971656574837
1309973700.0,0.3443250886820124
1309976400.0,0.30652300236477004
1309979100.0,0.29791096888612856
1309981800.0,0.2988347208337814
1309984500.0,0.27430988304888615
1309987200.0,0.25478807992294605
1309989900.0,0.24670436440896992
1309992600.0,0.31928877589950844
1309995300.0,0.3904052780941356
1309998000.0,2.1888946730937846
1310000700.0,2.8677040186958607
1310003400.0,2.8952556647490155
1310006100.0,2.8637360385077386
1310008800.0,2.85846235696647
1310011500.0,2.797598705003736
1310014200.0,2.8548173368969856
1310016900.0,2.859879848118908
1310019600.0,2.842012144117689
1310022300.0,2.8017477722062836
1310025000.0,2.812714612309719
1310027700.0,2.8448968728673663
1310030400.0,2.8921244034100937
1310033100.0,2.9199245049697993
1310035800.0,2.9088197422983626
1310038500.0,2.8837893045744636
1310041200.0,2.8780259252225164
1310043900.0,2.877404646164905
1310046600.0,2.9048564707592277
1310049300.0,2.9328806723557364
1310052000.0,2.7296035807823387
1310054700.0,2.1366717880470674
1310057400.0,2.0719634483231744
1310060100.0,2.0084779786799913
1310062800.0,2.010960054386203
1310065500.0,1.997774375048266
1310068200.0,1.8875165385401829
1310070900.0,1.8165739219623447
1310073600.0,1.706168699721104
1310076300.0,1.7627565666627447
1310079000.0,1.773132130443571
1310081700.0,-0.3610542411929032
1310084400.0,-0.39636621011567286
1310087100.0,-0.3770004611284321
1310089800.0,1.8575771295002141
1310092500.0,1.8908118803571483
1310095200.0,1.8794700084750389
1310097900.0,1.8229697782954872
1310100600.0,1.934151671210941
1310103300.0,1.8962143961047673
1310106000.0,1.9347297852942233
1310108700.0,1.817996484960645
1310111400.0,1.8700797738595156
1310114100.0,1.8590176634211844
1310116800.0,1.9159828230702942
1310119500.0,1.9445484453208337
1310122200.0,1.9037308144256144
1310124900.0,1.9299638975098787
1310127600.0,1.8607030141105838
1310130300.0,1.8569770962935763
1310133000.0,1.9351525835268149
1310135700.0,1.9352112140563236
1310138400.0,1.711198037156123
1310141100.0,-0.6894649823991585
1310143800.0,0.5592929180402848
1310146500.0,1.7649785844394614
1310149200.0,1.837562400850345
1310151900.0,1.8062129020611337
1310154600.0,1.743234265767228
1310157300.0,1.7414201336026167
1310160000.0,1.658259846462613
1310162700.0,1.5775930896508612
1310165400.0,1.5280543857755902
1310168100.0,1.4632456534355924
1310170800.0,-0.5336854291322197
1310173500.0,-0.6190790085497611
1310176200.0,-0.5993006741753675
1310178900.0,-0.6304240810990791
1310181600.0,-0.66065881009132
1310184300.0,-0.7354157702995394
1310187000.0,-0.6368016329946045
1310189700.0,-0.6232066714983944
1310192400.0,-0.7072035602419078
1310195100.0,-0.6721847958265244
1310197800.0,-0.6068826679249923
1310200500.0,-0.5554674015925798
1310203200.0,-0.5426932251645553
1310205900.0,-0.5397907589288025
1310208600.0,-0.5914819054395366
1310211300.0,-0.4835347370941463
1310214000.0,-0.47884638426756965
1310216700.0,-0.478630199520353
1310219400.0,-0.4645427484985021
1310222100.0,-0.39453308144766197
1310224800.0,-0.42532138403191766
1310227500.0,0.9797680776285347
1310230200.0,1.4696736693051093
1310232900.0,0.3562582674130681
1310235600.0,0.2735193322455416
1310238300.0,0.3535424777822982
1310241000.0,0.3428206178173241
1310243700.0,0.30574838166148766
1310246400.0,0.3269972779270347
1310249100.0,0.36466593452507823
1310251800.0,0.3729010921368854
1310254500.0,0.36578385201096353
1310257200.0,0.3965791412564954
1310259900.0,0.31406741213254463
1310262600.0,1.3827786276033862
1310265300.0,0.29190011647563097
1310268000.0,0.23798555678337152
1310270700.0,0.164582092745718
1310273400.0,0.26115995195209507
1310276100.0,0.22107201366912932
1310278800.0,0.21686153302067623
1310281500.0,0.2236512304699545
1310284200.0,0.2943703213658182
1310286900.0,0.3065914251233721
1310289600.0,0.3848882326943226
1310292300.0,0.44780201571921907
1310295000.0,0.45265321786888535
1310297700.0,0.44077771445080316
1310300400.0,0.39802780824607
1310303100.0,0.44060080058631
1310305800.0,0.4950557557731372
1310308500.0,0.5457300178192099
1310311200.0,0.5450024638693094
1310313900.0,0.5867758172611275
1310316600.0,0.518171668714217
1310319300.0,0.3081045153250557
1310322000.0,0.4683911788149544
1310324700.0,0.6814146619393
1310327400.0,0.6839049362839091
1310330100.0,0.6192692407785216
1310332800.0,0.639276888628558
1310335500.0,0.6133072185518245
1310338200.0,0.6075775574084901
1310340900.0,0.6176427275291303
1310343600.0,0.5389014805093097
1310346300.0,0.46204815427131507
1310349000.0,0.421485692793226
1310351700.0,0.2533663518704543
1310354400.0,-1.443532946953411
1310357100.0,-1.8823501050898699
1310359800.0,-1.7726038590420217
1310362500.0,-1.8351131588890155
1310365200.0,-1.8255448767126268
1310367900.0,-1.855760564446598
1310370600.0,-1.7415184535310289
1310373300.0,-1.737314349960286
1310376000.0,-1.6482341153707694
1310378700.0,-1.5949854141239541
1310381400.0,-1.5361384186990108
1310384100.0,-1.5774689578257437
1310386800.0,-1.506025673452001
1310389500.0,-0.7412318602874279
1310392200.0,1.613968796290692
1310394900.0,1.6819570090128764
1310397600.0,1.6610275553301221
1310400300.0,1.6985299121307662
1310403000.0,1.6780876015474178
1310405700.0,1.6160777037680418
1310408400.0,-0.14464948577403902
1310411100.0,-0.8660056370595726
1310413800.0,-0.9804780319166753
1310416500.0,-0.9754859888190595
1310419200.0,-0.9617953524833638
1310421900.0,-0.9743080801031851
1310424600.0,-0.94858764931422
1310427300.0,-0.9206752419489703
1310430000.0,-0.6684804016539374
1310432700.0,1.3439695096550963
1310435400.0,1.46813042015998
1310438100.0,1.2577128560480446
1310440800.0,1.1425023437640789
1310443500.0,0.2857090717703272
1310446200.0,-0.7930192358879253
1310448900.0,-0.9022701946303187
1310451600.0,-0.9481465871429009
1310454300.0,-0.9813357666230331
1310457000.0,-0.9436270501717559
1310459700.0,-0.9084994158616269
1310462400.0,-0.8470436015521727
1310465100.0,-0.7461799257031885
1310467800.0,-0.7319567031374277
1310470500.0,-0.699743133775371
1310473200.0,-0.47310792138176794
1310475900.0,1.4334882850828876
1310478600.0,1.5981060633000652
1310481300.0,1.6913651552863485
1310484000.0,1.6718162131202803
1310486700.0,1.6563775399247902
1310489400.0,1.613692972673391
1310492100.0,1.5416292042498867
1310494800.0,1.1652284454351616
1310497500.0,-0.8302604883015761
1310500200.0,-0.9426798470695417
1310502900.0,-1.0251911775970939
1310505600.0,-0.9677250410801435
1310508300.0,-1.0254933154370178
1310511000.0,-0.9589577130481644
1310513700.0,-0.9731735077833719
1310516400.0,-0.8724207316327011
1310519100.0,-0.9080832770781626
1310521800.0,-0.8711072968835083
1310524500.0,0.6888639444799196
1310527200.0,1.2793381659501506
1310529900.0,1.265604132050555
1310532600.0,1.2280567091784746
1310535300.0,1.2146729260573466
1310538000.0,1.1676475211863817
1310540700.0,1.0662468558446676
1310543400.0,1.1976036653048823
1310546100.0,1.2061171957216175
1310548800.0,1.240293125389769
1310551500.0,1.2843600295653346
1310554200.0,1.303871880393558
1310556900.0,1.3149198747561286
1310559600.0,1.3451302827778022
1310562300.0,1.3083196162498894
1310565000.0,1.4281916053093937
1310567700.0,1.5123021934782628
1310570400.0,1.5801988660168718
1310573100.0,1.657737083980635
1310575800.0,1.6929485478705146
1310578500.0,3.0989534545134916
1310581200.0,0.8737604729146256
1310583900.0,0.7904164072938897
1310586600.0,0.7699628265902447
1310589300.0,0.7350774962444007
1310592000.0,0.7361913221617442
1310594700.0,0.7160921182677384
1310597400.0,0.7061586979725689
1310600100.0,0.6926474321326737
1310602800.0,0.7035050641158591
1310605500.0,0.6850175679853123
1310608200.0,0.6602762801051654
1310610900.0,0.5466402229454843
1310613600.0,0.5005111578980177
1310616300.0,0.4327413355707108
1310619000.0,0.439836388780634
1310621700.0,0.3672346102094366
1310624400.0,0.22357982247967811
1310627100.0,0.15218044363774652
1310629800.0,0.28206487832522953
1310632500.0,0.23535643455818445
1310635200.0,0.3128582932113204
1310637900.0,0.38658940146780196
1310640600.0,0.4294389537424763
1310643300.0,0.5302119631290907
1310646000.0,2.996867928260599
1310648700.0,3.441618483230627
1310651400.0,3.5483038130566342
1310654100.0,3.587460195405413
1310656800.0,3.598391162035341
1310659500.0,3.668347565652539
1310662200.0,3.7163480378204667
1310664900.0,3.713852818146563
1310667600.0,1.094652783448396
1310670300.0,0.12903744266839112
1310673000.0,0.023033011934955994
1310675700.0,0.020049082454931977
1310678400.0,-0.04408428368464001
1310681100.0,-0.029097255373017106
1310683800.0,-0.014069068028845777
1310686500.0,-0.0145550115891524
1310689200.0,-0.04712170430622109
1310691900.0,-0.07197139055853086
1310694600.0,-0.09210276268959205
1310697300.0,-0.16944967049533943
1310700000.0,-0.22769803887331364
1310702700.0,-0.25397215436015586
1310705400.0,-0.17984410544238472
1310708100.0,-0.24124885545552388
1310710800.0,-0.29620387546401616
1310713500.0,-0.3322415573454123
1310716200.0,-0.26165786261350377
1310718900.0,-0.29580062347793046
1310721600.0,-0.22764829069467396
1310724300.0,-0.2077644275589705
1310727000.0,0.8645934966588698
1310729700.0,0.4307451637168924
1310732400.0,0.18948860289486902
1310735100.0,0.17866763247701556
1310737800.0,0.3309840452566277
1310740500.0,0.32894451747426956
1310743200.0,0.48612653990937815
1310745900.0,0.5453665277427717
1310748600.0,0.6024381169591493
1310751300.0,0.7361281437143816
1310754000.0,0.7266914131593012
1310756700.0,0.7947141891606861
1310759400.0,0.6415645266171168
1310762100.0,2.68586604932824
1310764800.0,0.911314608794271
1310767500.0,0.6662486316363356
1310770200.0,0.6453549609009883
1310772900.0,0.6303213195268995
1310775600.0,0.7899724459504114
1310778300.0,0.7378608954310266
1310781000.0,0.7073828630624917
1310783700.0,0.6062564429666963
1310786400.0,0.5526635149606136
1310789100.0,0.5641588050427231
1310791800.0,0.5666890067541317
1310794500.0,0.6131457366248583
1310797200.0,0.5469991423952933
1310799900.0,0.4838727960715232
1310802600.0,0.5818172045664483
1310805300.0,0.5802191375657912
1310808000.0,0.62249505492872
1310810700.0,0.5801619034926944
1310813400.0,0.538867482642388
1310816100.0,2.528003120293647
1310818800.0,2.0641524112408547
1310821500.0,0.5802211695501001
1310824200.0,0.5950116724015402
1310826900.0,0.5866783424398818
1310829600.0,0.5578434727450485
1310832300.0,0.6066702803288422
1310835000.0,0.6684325625458314
1310837700.0,0.8363802374491911
1310840400.0,0.9174909665524638
1310843100.0,1.0518748702020275
1310845800.0,1.1182975171128646
1310848500.0,1.1048448903301278
1310851200.0,3.0929943252672842
1310853900.0,3.129155306984842
1310856600.0,3.1181263776613264
1310859300.0,3.084221273158107
1310862000.0,3.095330206663675
1310864700.0,3.0621455263906796
1310867400.0,3.0277245785458717
1310870100.0,2.924518312921805
1310872800.0,2.8502230989710142
1310875500.0,2.897625486370714
1310878200.0,2.9704894712004375
1310880900.0,2.832438320623453
1310883600.0,2.8822168519463958
1310886300.0,2.8132566846025497
1310889000.0,2.8695762498356885
1310891700.0,2.85629427042295
1310894400.0,2.8347537693620666
1310897100.0,2.8190072217361717
1310899800.0,2.7731908648298145
1310902500.0,2.756119394898576
1310905200.0,-0.6516399673241153
1310907900.0,1.3606204694015673
1310910600.0,1.8413313934308917
1310913300.0,1.8719060198942543
1310916000.0,1.9294844671057945
1310918700.0,1.9568535918270413
1310921400.0,1.9657674758212806
1310924100.0,1.9769902949853986
1310926800.0,2.037828045158392
1310929500.0,2.1690853671731247
1310932200.0,2.1676076255039334
1310934900.0,2.201093851633175
1310937600.0,2.2141674449442235
1310940300.0,2.228556452967723
1310943000.0,0.019407670860005055
1310945700.0,-0.03868988888126523
1310948400.0,-0.048140876218553785
1310951100.0,-0.027512486630200783
1310953800.0,-0.10683276535252162
1310956500.0,-0.15668325000240202
1310959200.0,-0.20961518033516313
1310961900.0,-0.1563468085104205
1310964600.0,-0.15696489915774237
1310967300.0,-0.1969757648880659
1310970000.0,-0.19329834668718604
1310972700.0,-0.274277108788624
1310975400.0,-0.1582596617180343
1310978100.0,-0.15389687908799488
1310980800.0,-0.13910340619105455
1310983500.0,-0.13574998355613843
1310986200.0,-0.19487918240474755
1310988900.0,-2.214037418012225
1310991600.0,-2.5910687061382873
1310994300.0,-2.5589668979749263
1310997000.0,0.7974347859714612
1310999700.0,0.9169678305069624
1311002400.0,1.0003295264693293
1311005100.0,0.9890139133874527
1311007800.0,1.0206036993611178
1311010500.0,1.1239394770468039
1311013200.0,1.1887495854504664
1311015900.0,1.3181615672950215
1311018600.0,1.3965947197109472
1311021300.0,1.4622256007507985
1311024000.0,1.5047725594978942
1311026700.0,3.589898489353402
1311029400.0,3.4562062526662203
1311032100.0,1.4452424995333786
1311034800.0,1.3535918999669434
1311037500.0,1.266524657108505
1311040200.0,1.2642478619891904
1311042900.0,1.1645108053828608
1311045600.0,1.09695514296277
1311048300.0,1.1878196317777565
1311051000.0,1.1908691852865445
1311053700.0,1.1922018931046523
1311056400.0,1.1923936429354853
1311059100.0,1.1519951817846845
1311061800.0,1.2570008069184837
1311064500.0,1.3229290777167648
1311067200.0,1.3590541925279922
1311069900.0,1.2914178570150057
1311072600.0,1.2494661774568954
1311075300.0,1.2278559322501224
1311078000.0,1.0535072069284865
1311080700.0,0.9847955698177202
1311083400.0,-0.7785106255215624
1311086100.0,1.2015590636989373
1311088800.0,1.275828148174753
1311091500.0,1.3315053336130518
1311094200.0,1.288131131733678
1311096900.0,1.3893993224367023
1311099600.0,1.3381338694196074
1311102300.0,1.3945245342071644
1311105000.0,1.4438751529089018
1311107700.0,1.5877133803399488
1311110400.0,1.7059390172792064
1311113100.0,1.7477776766939996
1311115800.0,1.7448599298344334
1311118500.0,2.112942549405602
1311121200.0,3.935473058228922
1311123900.0,3.945639944278753
1311126600.0,3.9367299519312837
1311129300.0,3.8540175436008894
1311132000.0,3.768375918381139
1311134700.0,3.807963093278943
1311137400.0,3.8172784387344905
1311140100.0,3.7765692336971597
1311142800.0,3.8174867635292458
1311145500.0,3.8123970614953464
1311148200.0,3.819114267902819
1311150900.0,3.808236868886695
1311153600.0,3.848012609711134
1311156300.0,3.7832093846990915
1311159000.0,3.7531972825074718
1311161700.0,3.739340408371561
1311164400.0,3.5798333460596723
1311167100.0,3.0528823703382955
1311169800.0,0.17143618048771714
1311172500.0,-0.019041460907430974
1311175200.0,0.05002271350298315
1311177900.0,0.07160708212074951
1311180600.0,0.04433434204480591
1311183300.0,0.11464457995032262
1311186000.0,1.5605651453392397
1311188700.0,3.0517791169590964
1311191400.0,3.0184857937110223
1311194100.0,2.98790082830385
1311196800.0,3.0324533618766054
1311199500.0,2.967130866616742
1311202200.0,1.557894074992248
1311204900.0,0.6510133234687601
1311207600.0,0.6535946075601942
1311210300.0,0.6486606459253608
1311213000.0,0.5515965367206377
1311215700.0,0.544275961426365
1311218400.0,0.5568707614151549
1311221100.0,0.5888599748188881
1311223800.0,0.568685547705968
1311226500.0,0.6375890705081702
1311229200.0,0.6262123606591672
1311231900.0,0.6627849551127838
1311234600.0,0.6813149113906434
1311237300.0,0.712464297610552
1311240000.0,0.7287084403059225
1311242700.0,0.7323693630785328
1311245400.0,0.7411496607499544
1311248100.0,0.7700623020818398
1311250800.0,0.7243466936392338
1311253500.0,3.2035905666306803
1311256200.0,2.368306780261719
1311258900.0,1.030253080785542
1311261600.0,1.0235425150517017
1311264300.0,1.0180785594677104
1311267000.0,0.993397452004217
1311269700.0,1.0034755253425374
1311272400.0,1.025819449502137
1311275100.0,1.0954888329653727
1311277800.0,1.0095331396464644
1311280500.0,1.0823024285284077
1311283200.0,1.2494205482203142
1311285900.0,2.781160485516182
1311288600.0,3.2403613033300758
1311291300.0,3.231635355457456
1311294000.0,1.7626832532322396
1311296700.0,0.9941519787763582
1311299400.0,0.8967894768536553
1311302100.0,0.8634282754703122
1311304800.0,0.8577796158943443
1311307500.0,0.9488384665626768
1311310200.0,0.9184835312084942
1311312900.0,0.9014060160074564
1311315600.0,0.8728165103856895
1311318300.0,0.9022700980181639
1311321000.0,0.9669207580728312
1311323700.0,0.9513309360360154
1311326400.0,1.0276357579679711
1311329100.0,0.9684263057873181
1311331800.0,1.0314021967166696
1311334500.0,1.1216181827436458
1311337200.0,1.3149805003557162
1311339900.0,3.395049992654833
1311342600.0,3.4360805138714454
1311345300.0,3.4026485728959983
1311348000.0,3.3726841485074033
1311350700.0,1.2963094431298714
1311353400.0,0.7839050795490152
1311356100.0,0.6487294455436654
1311358800.0,0.7012641867975162
1311361500.0,0.6541382716202975
1311364200.0,0.6061722985539291
1311366900.0,0.630964878889074
1311369600.0,0.6727273026098146
1311372300.0,0.7188157774934325
1311375000.0,0.8526906808463082
1311377700.0,2.487237294772683
1311380400.0,2.9901751987586636
1311383100.0,3.030981491722116
1311385800.0,2.9698204033099387
1311388500.0,2.9345680235846885
1311391200.0,2.8575087333550755
1311393900.0,2.9419672822692178
1311396600.0,2.9393145622509564
1311399300.0,2.9237652331314052
1311402000.0,2.915987142765516
1311404700.0,2.929610038766384
1311407400.0,2.9543417122754363
1311410100.0,2.9635261482873716
1311412800.0,2.998256588566619
1311415500.0,2.9762025122554974
1311418200.0,3.038701896590453
1311420900.0,3.1247034202800137
1311423600.0,2.907967256792517
1311426300.0,3.024823108626606
1311429000.0,3.1715590787341057
1311431700.0,3.2961673911660228
1311434400.0,3.101549456596274
1311437100.0,3.0425849645395147
1311439800.0,-0.25961495747452545
1311442500.0,-0.41168936189615124
1311445200.0,-0.4188814329182833
1311447900.0,-0.3939443010660284
1311450600.0,-0.4728949984777273
1311453300.0,-0.43585595311355974
1311456000.0,-0.37041232882921804
1311458700.0,2.187785083853953
1311461400.0,2.549385702501411
1311464100.0,2.561164347400961
1311466800.0,2.468092684955195
1311469500.0,2.444225887652067
1311472200.0,2.3755802434386055
1311474900.0,2.3028314363845652
1311477600.0,2.2927546970045114
1311480300.0,0.20357904624091816
1311483000.0,0.020362227383145637
1311485700.0,-0.007869248666111162
1311488400.0,0.003870418487849747
1311491100.0,0.10206581864309783
1311493800.0,0.08740783080946812
1311496500.0,0.11017736492988206
1311499200.0,0.1558200971385304
1311501900.0,0.18212994624445855
1311504600.0,0.22606896903658935
1311507300.0,0.3114630382976884
1311510000.0,1.3842752110966217
1311512700.0,2.9048199157885506
1311515400.0,3.017584716953479
1311518100.0,2.9811946075212177
1311520800.0,3.033489357089252
1311523500.0,3.01945400727692
1311526200.0,2.9026948984975434
1311528900.0,1.1684433456139232
1311531600.0,0.3298711782226178
1311534300.0,0.2917049184992493
1311537000.0,0.24086320330656008
1311539700.0,0.16268738995592003
1311542400.0,0.14288811146144553
1311545100.0,0.09247448272373049
1311547800.0,0.03075611353875729
1311550500.0,0.024014409248763968
1311553200.0,0.10154282916920465
1311555900.0,2.057767748848164
1311558600.0,2.290577549829038
1311561300.0,2.293660005013294
1311564000.0,2.3095428224607986
1311566700.0,2.37422211128154
1311569400.0,2.3719861446036816
1311572100.0,2.3258047413636405
1311574800.0,2.336951511629195
1311577500.0,2.3941289015983784
1311580200.0,2.398146240387291
1311582900.0,2.440188747534478
1311585600.0,2.4512671831625426
1311588300.0,2.3931875175949244
1311591000.0,2.5102009312923315
1311593700.0,2.5813366943694405
1311596400.0,2.5386137503209056
1311599100.0,2.601735327735696
1311601800.0,2.6330102109665745
1311604500.0,2.6590060638249042
1311607200.0,2.7383339426659745
1311609900.0,2.7836115530192274
1311612600.0,2.7534531580961925
1311615300.0,-0.18280193533070133
1311618000.0,-0.6617175668537811
1311620700.0,-0.7681564939741747
1311623400.0,-0.7842654086588823
1311626100.0,-0.8576118565421211
1311628800.0,-0.8727064986642858
1311631500.0,-0.9416332015993021
1311634200.0,-0.9997532563264429
1311636900.0,-1.0676313621532074
1311639600.0,-1.1209604262737116
1311642300.0,-1.1779337102831846
1311645000.0,-1.2485647132087934
1311647700.0,-1.2715893007515717
1311650400.0,-1.3135299432262855
1311653100.0,-3.3210262467845837
1311655800.0,-2.282030939722148
1311658500.0,-0.07826610094707576
1311661200.0,-0.02073043613796699
1311663900.0,0.03987724294739792
1311666600.0,0.12183308325433018
1311669300.0,0.14150770262625656
1311672000.0,0.21085235541681868
1311674700.0,0.20468690737544648
1311677400.0,0.17455232036104462
1311680100.0,0.30776445997838664
1311682800.0,0.1389210758588888
1311685500.0,0.23668234295786306
1311688200.0,0.2888321467019068
1311690900.0,0.28216728609078245
1311693600.0,0.2831889018615925
1311696300.0,0.3264705171282003
1311699000.0,0.3320276231929711
1311701700.0,-1.7314183605875826
1311704400.0,-2.086051692921245
1311707100.0,-2.0574915360787998
1311709800.0,0.5610639690994503
1311712500.0,0.6097685917239346
1311715200.0,0.657148066921593
1311717900.0,0.601499501460296
1311720600.0,0.5848406959343038
1311723300.0,0.5268293826524655
1311726000.0,0.4051258575541965
1311728700.0,0.3135901885456178
1311731400.0,0.06868618565670204
1311734100.0,-0.09049259349620797
1311736800.0,-0.930640617769086
1311739500.0,-2.085973057449138
1311742200.0,-2.12145506664703
1311744900.0,-2.1127238545039972
1311747600.0,-2.1066538510116573
1311750300.0,-1.9827663647829183
1311753000.0,-1.9233042328900183
1311755700.0,-1.842373964674067
1311758400.0,-1.7778346921094226
1311761100.0,-1.6433704045833792
1311763800.0,0.6659363995551644
1311766500.0,1.012803152513527
1311769200.0,0.8884750561115311
1311771900.0,0.9698170565046667
1311774600.0,0.9683267573963121
1311777300.0,1.067293679978377
1311780000.0,1.2636235690104058
1311782700.0,1.1121410830593277
1311785400.0,1.196638461149064
1311788100.0,1.1832965601722663
1311790800.0,1.1219261986510674
1311793500.0,-1.1786663874521253
1311796200.0,-1.4089326466188652
1311798900.0,-1.3978716029480438
1311801600.0,-1.4453038002394862
1311804300.0,-1.433481808890292
1311807000.0,-1.3134007179008336
1311809700.0,-1.1268411138966314
1311812400.0,-1.056314190011875
1311815100.0,-0.9602958557716192
1319064330.0,-0.6221165104714146
1319067030.0,-0.7584096029942202
1319069730.0,-0.9121682335408536
1319072430.0,-1.0730320421627653
1319075130.0,-1.2538179827289184
1319077830.0,-1.3771203199594027
1319080530.0,-1.4564735107009312
1319083230.0,-1.227899078519215
1319085930.0,0.9592735251689533
1319088630.0,1.158401815935406
1319091330.0,1.1761243078862549
1319094030.0,1.1868465620637494
1319096730.0,1.0859849491941986
1319099430.0,-0.6842609235401369
1319102130.0,-1.2000361365021774
1319104830.0,-1.1953386289954722
1319107530.0,-1.124550778179838
1319110230.0,-1.0212122075849095
1319112930.0,-1.0048836837776207
1319115630.0,-0.9280814680291201
1319118330.0,-0.8758973421878409
1319121030.0,-0.7492494733104422
1319123730.0,-0.7403369479208664
1319126430.0,-0.7625542164404919
1319129130.0,-0.6928853181601653
1319131830.0,-0.7831096019285724
1319134530.0,-0.8764271026508936
1319137230.0,-0.8584573233447372
1319139930.0,-0.9615344770185459
1319142630.0,-0.8883760895078581
1319145330.0,-1.0076276854399282
1319148030.0,-1.4777874857577729
1319150730.0,-3.3899625497797956
1319153430.0,-3.4871546406844516
1319156130.0,-3.490458697834981
1319158830.0,-3.5044368051472077
1319161530.0,-3.51863903762208
1319164230.0,-3.479714152698108
1319166930.0,-3.477938784076855
1319169630.0,-3.42091209154583
1319172330.0,-0.18000716997619293
1319175030.0,0.23787257123939298
1319177730.0,0.3759743768611088
1319180430.0,0.3420662091568829
1319183130.0,0.2715522298871065
1319185830.0,-0.15474157548914036
1319188530.0,-1.8198215066591956
1319191230.0,-2.191998628133831
1319193930.0,-2.140906763644921
1319196630.0,-2.179150451998879
1319199330.0,-2.116506558063577
1319202030.0,-2.084084759120941
1319204730.0,-1.9367946386779806
1319207430.0,-1.873948387320155
1319210130.0,-1.7198758616451073
1319212830.0,-1.3460180289737593
1319215530.0,0.697619449717024
1319218230.0,0.7101801385992417
1319220930.0,0.6409317214796602
1319223630.0,0.6049419187339709
1319226330.0,0.5672295795509967
1319229030.0,0.6251596181055561
1319231730.0,0.5196362186690635
1319234430.0,0.5752693110134146
1319237130.0,0.5153283496325116
1319239830.0,0.5658935393410047
1319242530.0,0.5225597059298366
1319245230.0,0.4407358262823209
1319247930.0,0.4057866403954904
1319250630.0,0.3368492331721882
1319253330.0,0.34173042056153236
1319256030.0,-0.7892051524911494
1319258730.0,-2.3272351937909264
1319261430.0,-1.700751596275154
1319264130.0,0.28195908982036144
1319266830.0,0.32673104972923284
1319269530.0,0.2746623006971163
1319272230.0,0.3116711758713109
1319274930.0,0.2125354870390197
1319277630.0,0.12331001564399457
1319280330.0,-0.0432579312840744
1319283030.0,-0.07965854594510802
1319285730.0,-0.31365931979399875
1319288430.0,-0.19774346608346605
1319291130.0,-2.0304786031748563
1319293830.0,-2.166970347450956
1319296530.0,-2.2830238327730683
1319299230.0,-2.175397037940485
1319301930.0,-2.11238579738054
1319304630.0,-2.1807918483056596
1319307330.0,-2.189713342071343
1319310030.0,-2.1883758920862135
1319312730.0,-2.1709142514988287
1319315430.0,-2.170096928497543
1319318130.0,-2.2422367293016805
1319320830.0,-2.1880458422147626
1319323530.0,-2.246341582204707
1319326230.0,-2.1816944681087307
1319328930.0,-2.1939860656140127
1319331630.0,-2.2084909263117822
1319334330.0,-2.225904938807645
1319337030.0,-2.1973857848751948
1319339730.0,-2.161306366809015
1319342430.0,-2.113843888221311
1319345130.0,-2.0958236683022164
1319347830.0,-1.9707814037986964
1319350530.0,1.468144006394425
1319353230.0,1.5325775558754344
1319355930.0,1.460958870590332
1319358630.0,1.461656747431391
1319361330.0,-1.4201214275889527
1319364030.0,-1.6804660343425724
1319366730.0,-1.7057097926460472
1319369430.0,-1.773066509821433
1319372130.0,-1.7507277039920268
1319374830.0,-1.641852478695995
1319377530.0,-1.6572531630783942
1319380230.0,-1.601394986841541
1319382930.0,-1.6592865318560825
1319385630.0,-1.6667766827482353
1319388330.0,-1.621641645032696
1319391030.0,-1.6662440182205103
1319393730.0,-1.7598506097026245
1319396430.0,-1.6822282529398649
1319399130.0,-1.7055049416090355
1319401830.0,-1.6815168215068468
1319404530.0,-1.651816925237398
1319407230.0,-1.6303078716707091
1319409930.0,-1.6196676449639824
1319412630.0,-1.5756986020485613
1319415330.0,-1.6142108225907918
1319418030.0,-1.641624956567199
1319420730.0,-1.5851775902072802
1319423430.0,-1.5823275897864448
1319426130.0,-1.646197117557989
1319428830.0,-1.654053218373491
1319431530.0,-1.6967259778069774
1319434230.0,-1.5796831792060857
1319436930.0,0.9255662422456794
1319439630.0,1.99111536764309
1319442330.0,-1.0770000859318998
1319445030.0,-1.3274572593223581
1319447730.0,-1.29866215737934
1319450430.0,-1.269752893571308
1319453130.0,-1.2797407637529545
1319455830.0,-1.3653339106727174
1319458530.0,-1.2496276769238932
1319461230.0,-1.2867736766196174
1319463930.0,-1.351623257048999
1319466630.0,-1.373772236228973
1319469330.0,-1.4467022715901692
1319472030.0,-1.4945811393666304
1319474730.0,-1.4824097301539325
1319477430.0,-1.5076249650001614
1319480130.0,-1.540134031330041
1319482830.0,-1.5496158818630477
1319485530.0,-1.5175418333323591
1319488230.0,-1.3522251265907244
1319490930.0,-1.3412965869691789
1319493630.0,-1.265429984893899
1319496330.0,-1.238895048172651
1319499030.0,-1.1277457353697855
1319501730.0,-1.1223229831206254
1319504430.0,-1.1655628838659595
1319507130.0,-1.1043431395571304
1319509830.0,-1.1361628333535236
1319512530.0,-1.2006982850643624
1319515230.0,-1.1611482487690807
1319517930.0,-1.252827527612851
1319520630.0,-1.2263196186956975
1319523330.0,-1.1853604788365715
1319526030.0,-1.1588677844925712
1319528730.0,2.2010813494245554
1319531430.0,-1.1084250015125576
1319534130.0,-1.0873081907029132
1319536830.0,-1.087274824597273
1319539530.0,-1.0200844697299374
1319542230.0,-1.0534797959120965
1319544930.0,-1.0881134073395913
1319547630.0,-1.0883590436567943
1319550330.0,-1.094194169712182
1319553030.0,-1.0827789906117005
1319555730.0,-1.157352428048796
1319558430.0,-1.2607626825999603
1319561130.0,-1.282811665598274
1319563830.0,-3.4494899311615086
1319566530.0,-3.8129638264752828
1319569230.0,-3.8487015725830247
1319571930.0,-3.843704113525405
1319574630.0,-3.753410828732882
1319577330.0,-3.7601472109794827
1319580030.0,-3.7062461147679926
1319582730.0,-3.7094441274361714
1319585430.0,-3.6393940334277204
1319588130.0,-3.6541593030236186
1319590830.0,-3.6358278016236056
1319593530.0,-3.5453754325875195
1319596230.0,-3.6008882893348755
1319598930.0,-3.587492428990629
1319601630.0,-3.550516424260792
1319604330.0,-3.6117017027129066
1319607030.0,-3.502378336712269
1319609730.0,-3.5139207440536495
1319612430.0,-2.738319254502187
1319615130.0,-0.5994309696528148
1319617830.0,-2.4639096021954856
1319620530.0,-2.4731593425082394
1319623230.0,-2.4056243942880826
1319625930.0,-2.389441365146638
1319628630.0,-2.4192305157218925
1319631330.0,-2.301929855248005
1319634030.0,-2.251362318750182
1319636730.0,-2.1919785664309472
1319639430.0,-2.1959243041694947
1319642130.0,-2.1847094446958693
1319644830.0,-2.302331263097159
1319647530.0,-2.50395451789754
1319650230.0,-4.317261354109689
1319652930.0,-4.883453381881139
1319655630.0,-4.9068009861608175
1319658330.0,-4.979983867985396
1319661030.0,-4.901269133578296
1319663730.0,-4.834433813726008
1319666430.0,-4.727791546849772
1319669130.0,-4.662894724095111
1319671830.0,-4.600833477605818
1319674530.0,-4.642793229062278
1319677230.0,-4.6197524651409765
1319679930.0,-4.5235746842027424
1319682630.0,-4.472880004598238
1319685330.0,-4.488951268210428
1319688030.0,-4.41478201997316
1319690730.0,-4.420395364194121
1319693430.0,-4.368122914658727
1319696130.0,-4.3663765333328115
1319698830.0,-4.384409308072804
1319701530.0,-4.497268032724492
1319704230.0,-3.214657266379504
1319706930.0,-3.2782020919051433
1319709630.0,-3.206068417811963
1319712330.0,-3.1821704566416713
1319715030.0,-3.202747833467953
1319717730.0,-2.9506304276968933
1319720430.0,-2.962295183365569
1319723130.0,-2.9534025983058996
1319725830.0,-3.0445471564620163
1319728530.0,-3.0654992385605055
1319731230.0,-3.184463240785618
1319733930.0,-3.2919787340188975
1319736630.0,-3.6855279889868484
1319739330.0,-5.523581685643194
1319742030.0,-5.752059927673571
1319744730.0,-5.724973333574383
1319747430.0,-3.8293213944564
1319750130.0,-2.9790616858624617
1319752830.0,-2.9404826673820708
1319755530.0,-2.9381856102071424
1319758230.0,-2.9071722829241082
1319760930.0,-2.9344553273795952
1319763630.0,-2.892459152501914
1319766330.0,-2.774963751344359
1319769030.0,-2.773855471626206
1319771730.0,-2.8783076882619696
1319774430.0,-2.7334874318723337
1319777130.0,-2.7586944312462833
1319779830.0,-2.7486607897973556
1319782530.0,-2.7291330434044596
1319785230.0,-2.765216356503913
1319787930.0,-1.4117348679469615
1319790630.0,-1.152407209718291
1319793330.0,-2.78935623274441
1319796030.0,-2.785651235495891
1319798730.0,-2.775771388616249
1319801430.0,-2.8057813488892975
1319804130.0,-2.7294240090892004
1319806830.0,-2.7524925627674577
1319809530.0,-2.645762455460698
1319812230.0,-2.631436866133413
1319814930.0,-2.7293895743551104
1319817630.0,-2.7368285766388567
1319820330.0,-2.7671546170517445
1319823030.0,-2.9016448155224737
1319825730.0,-3.0131803604762126
1319828430.0,-3.970739830981131
1319831130.0,-5.211435330117524
1319833830.0,-5.346445811517526
1319836530.0,-5.318096401132124
1319839230.0,-5.33744137487335
1319841930.0,-5.266541815592035
1319844630.0,-5.187002589775716
1319847330.0,-5.158651244585883
1319850030.0,-3.568770249003421
1319852730.0,-2.348853414974542
1319855430.0,-2.2197080945632024
1319858130.0,-2.196916715245834
1319860830.0,-2.2244483619922732
1319863530.0,-2.1647922041490517
1319866230.0,-2.1742563212119137
1319868930.0,-2.1248139010500324
1319871630.0,-2.197332554283321
1319874330.0,-2.2913751172917216
1319877030.0,-2.1935489725865978
1319879730.0,-3.536584307897442
1319882430.0,-4.41552008428647
1319885130.0,-4.430538941098774
1319887830.0,-4.504325431031219
1319890530.0,-4.366720380672859
1319893230.0,-4.312135128393692
1319895930.0,-4.2614809759613195
1319898630.0,-4.222083005118236
1319901330.0,-4.261646547357429
1319904030.0,-4.311069916995677
1319906730.0,-4.331445989416437
1319909430.0,-4.4461064421876415
1319912130.0,-4.483097427868728
1319914830.0,-4.60169688422971
1319917530.0,-4.653749481745507
1319920230.0,-4.921320625701156
1319922930.0,-6.720260767650728
1319925630.0,-7.0572998517138785
1319928330.0,-7.066656382726194
1319931030.0,-6.963433638443831
1319933730.0,-7.067499869469344
1319936430.0,-6.953975513512802
1319939130.0,-6.928204153060477
1319941830.0,-3.4119316135191866
1319944530.0,-3.3091897853276464
1319947230.0,-3.2383675992860788
1319949930.0,-3.22294203468212
1319952630.0,-3.119545593420554
1319955330.0,-3.084233463199979
1319958030.0,-3.074814950951378
1319960730.0,-3.1134256325357796
1319963430.0,-3.045788302429912
1319966130.0,-3.2047516039890525
1319968830.0,-4.462429984378474
1319971530.0,-5.2144694666394855
1319974230.0,-5.307561814890278
1319976930.0,-5.210681116174044
1319979630.0,-5.2380838663899
1319982330.0,-5.104029252697899
1319985030.0,-5.064272666210201
1319987730.0,-5.123905848987448
1319990430.0,-5.165399329647187
1319993130.0,-5.214592679932906
1319995830.0,-5.316865569835244
1319998530.0,-5.306916803103178
1320001230.0,-5.396622848508969
1320003930.0,-5.3891868066278334
1320006630.0,-5.438160156383844
1320009330.0,-5.616139890105416
1320012030.0,-5.750945050428555
1320014730.0,-7.52056080491343
1320017430.0,-7.816840843649999
1320020130.0,-7.8519357861841
1320022830.0,-4.499076306841033
1320025530.0,-4.373576629357217
1320028230.0,-4.337063973773326
1320030930.0,-4.256351383355252
1320033630.0,-4.22994387578828
1320036330.0,-4.113941220586156
1320039030.0,-4.084239515568527
1320041730.0,-3.944877420629183
1320044430.0,-3.772977488146097
1320047130.0,-3.609099921297286
1320049830.0,-1.8646340032589421
1320052530.0,-1.5812205584193464
1320055230.0,-1.6110257266397525
1320057930.0,-1.7091262902505946
1320060630.0,-1.911090143578548
1320063330.0,-1.8894068878691428
1320066030.0,-3.882019086443904
1320068730.0,-3.8797481867443366
1320071430.0,-3.9220840666149286
1320074130.0,-3.9514164758862194
1320076830.0,-3.9751201883942144
1320079530.0,-4.038850926981013
1320082230.0,-4.153855217376162
1320084930.0,-4.079268491344408
1320087630.0,-4.190052649858359
1320090330.0,-4.135962881462575
1320093030.0,-4.181893786884729
1320095730.0,-4.225862610904926
1320098430.0,-4.290499673291436
1320101130.0,-4.380899371063919
1320103830.0,-4.378199823092359
1320106530.0,-4.36286574514304
1320109230.0,-4.341805190475469
1320111930.0,-2.0740465692113332
1320114630.0,-1.4882187458151463
1320117330.0,-1.4566020446058303
1320120030.0,-1.3777404726974396
1320122730.0,-1.3125947117428893
1320125430.0,-1.2619322471463477
1320128130.0,-1.1994997764452933
1320130830.0,-1.0572343219317304
1320133530.0,-0.9251962081789031
1320136230.0,-0.8323853360699331
1320138930.0,-1.2376876898256057
1320141630.0,-4.045905102120997
1320144330.0,-4.21439856390279
1320147030.0,-2.1449443324992217
1320149730.0,-1.9120041783694433
1320152430.0,-1.8205004414867574
1320155130.0,-1.820912574337484
1320157830.0,-1.8458294772892714
1320160530.0,-1.8360127756322129
1320163230.0,-1.8499549625267946
1320165930.0,-1.863072153900731
1320168630.0,-1.982869728369252
1320171330.0,-1.9869682172626426
1320174030.0,-2.0113068733009527
1320176730.0,-1.971384497394979
1320179430.0,-2.06080930265432
1320182130.0,-2.0962230310697976
1320184830.0,-2.4446381795621903
1320187530.0,-4.646198307985969
1320190230.0,-4.7168779775651615
1320192930.0,-4.882654331073439
1320195630.0,-4.83934168470563
1320198330.0,-4.841623533920597
1320201030.0,-4.798184480403734
1320203730.0,-3.508087958835148
1320206430.0,-2.1036756402765775
1320209130.0,-2.0235226777843707
1320211830.0,-1.9538859956705323
1320214530.0,-1.9558052552521303
1320217230.0,-1.9312264032788278
1320219930.0,-1.8155169573036005
1320222630.0,-1.7046583641894983
1320225330.0,-1.6448547857930294
1320228030.0,-1.8305991802170638
1320230730.0,-3.6290723434979952
1320233430.0,-3.794357406692228
1320236130.0,-3.6600315503353613
1320238830.0,-3.5909047885375855
1320241530.0,-3.6104466111473528
1320244230.0,-3.6736491071758053
1320246930.0,-3.6479635791486373
1320249630.0,-3.644997897993022
1320252330.0,-3.708596007902713
1320255030.0,-3.797797531213263
1320257730.0,-3.781790578693716
1320260430.0,-3.8557367511211282
1320263130.0,-3.7935971343084987
1320265830.0,-3.865654652697202
1320268530.0,-3.853778361004487
1320271230.0,-3.9535986649766244
1320273930.0,-3.9776665301645266
1320276630.0,-3.938465463023846
1320279330.0,-4.015764479853004
1320282030.0,-4.051154073964909
1320284730.0,-4.101813461199669
1320287430.0,-4.104730414960642
1320290130.0,-4.05216950285913
1320292830.0,-0.8663838799486712
1320295530.0,-0.6225373390963114
1320298230.0,-0.5647121060843574
1320300930.0,-0.5695932176966494
1320303630.0,-0.5750101624069544
1320306330.0,-0.5116354334666084
1320309030.0,-0.47128618517450604
1320311730.0,-0.3460391822262068
1320314430.0,-3.130885123055947
1320317130.0,-3.4861948328564267
1320319830.0,-3.4773331528972733
1320322530.0,-0.9471336686420102
1320325230.0,-0.880298129967116
1320327930.0,-0.8317015404320216
1320330630.0,-0.8001480819244193
1320333330.0,-0.8359814190006034
1320336030.0,-0.8499565040488335
1320338730.0,-0.884582801082729
1320341430.0,-1.0047333420687323
1320344130.0,-0.9707180590224311
1320346830.0,-1.0629264054448697
1320349530.0,-1.0274052649941154
1320352230.0,-1.1504164119545806
1320354930.0,-1.1271473058798165
1320357630.0,-1.1916371348719679
1320360330.0,-1.2054981856551592
1320363030.0,-1.2155948510183237
1320365730.0,-1.290529154667837
1320368430.0,-1.2685806360744039
1320371130.0,-1.3273597236759258
1320373830.0,-1.3270747900477886
1320376530.0,-1.3606923081135847
1320379230.0,0.8159368719016697
1320381930.0,1.2488666273428635
1320384630.0,1.2342805330939655
1320387330.0,1.217359030712089
1320390030.0,-1.5925713209508956
1320392730.0,-2.08780382569023
1320395430.0,-2.06170169343946
1320398130.0,-1.9273621728487171
1320400830.0,-1.6963321214173277
1320403530.0,-1.5957941631039887
1320406230.0,-1.498441105442538
1320408930.0,-1.3095163882234147
1320411630.0,1.0060869413848081
1320414330.0,1.0990268146948665
1320417030.0,1.0216248280469244
1320419730.0,1.028570922146855
1320422430.0,0.9740055132234033
1320425130.0,0.9688501092557544
1320427830.0,0.8462522603615525
1320430530.0,0.8642337585836799
1320433230.0,0.7477436226871532
1320435930.0,0.7663630712252711
1320438630.0,0.7236885755917228
1320441330.0,0.7056326917517595
1320444030.0,0.6974876483030243
1320446730.0,0.7663372144696154
1320449430.0,0.7648573254563757
1320452130.0,0.6705364637462594
1320454830.0,0.7457700860539376
1320457530.0,0.6560139401831862
1320460230.0,0.6545319491165742
1320462930.0,0.6368818975990393
1320465630.0,0.5517969590022176
1320468330.0,0.4975978063563957
1320471030.0,-2.702627462375858
1320473730.0,-0.42024847796255926
1320476430.0,-0.3524341219878693
1320479130.0,-0.35061628434954173
1320481830.0,-0.31306744840475176
1320484530.0,-0.35573109029616035
1320487230.0,-0.2864697847032289
1320489930.0,-0.23847409954498744
1320492630.0,-0.0577596132387157
1320495330.0,0.14045336207738046
1320498030.0,0.31868060894271366
1320500730.0,0.42069246348074785
1320503430.0,2.3139489400784896
1320506130.0,2.447585905282267
1320508830.0,2.4304631223515116
1320511530.0,2.339782613629211
1320514230.0,2.3131881017920364
1320516930.0,2.282581617103233
1320519630.0,2.2577433727720972
1320522330.0,2.289016619693257
1320525030.0,2.263368907874792
1320527730.0,2.235786485232097
1320530430.0,2.183848459865942
1320533130.0,2.243759858807323
1320535830.0,2.247985444521703
1320538530.0,2.183216192190912
1320541230.0,2.218366414610955
1320543930.0,2.1832042969502936
1320546630.0,2.226209903735935
1320549330.0,2.1840223697369083
1320552030.0,2.0989564692814042
1320554730.0,1.413209314928281
1320557430.0,-1.5359215487945335
1320560130.0,-1.618973129481958
1320562830.0,0.3023990759000412
1320565530.0,0.8992540648840759
1320568230.0,0.911957355581535
1320570930.0,0.8803596232360178
1320573630.0,0.910467720861277
1320576330.0,0.8587308597421384
1320579030.0,0.8745462460544218
1320581730.0,0.9420606987484348
1320584430.0,1.0136288536363054
1320587130.0,1.1262407628058781
1320589830.0,1.1833418557490631
1320592530.0,1.2391161604239755
1320595230.0,1.2516215778547917
1320597930.0,1.2107072982024647
1320600630.0,1.1594442759060826
1320603330.0,1.1890504448695651
1320606030.0,1.155458100773103
1320608730.0,1.171150963606408
1320611430.0,1.03983749743594
1320614130.0,1.110495414600507
1320616830.0,1.104289922860744
1320619530.0,1.1826829622270338
1320622230.0,1.1952205123660633
1320624930.0,1.2221466859186307
1320627630.0,1.276425819811152
1320630330.0,1.276907269443825
1320633030.0,1.2602232396096156
1320635730.0,1.2748667843764565
1320638430.0,1.168733274984504
1320641130.0,1.186829248147717
1320643830.0,1.165613538445939
1320646530.0,-2.4304977099396297
1320649230.0,0.6287847301895226
1320651930.0,0.7726754754139051
1320654630.0,0.7234320049296912
1320657330.0,0.7081199625469026
1320660030.0,0.7087883914324493
1320662730.0,0.5857224107520551
1320665430.0,0.5768893720936603
1320668130.0,0.7435435382967626
1320670830.0,0.7476788565687684
1320673530.0,0.7910999286988272
1320676230.0,0.892508601424197
1320678930.0,1.111055451161974
1320681630.0,3.0698578844902613
1320684330.0,3.063308572468827
1320687030.0,3.0386106590655118
1320689730.0,3.0288552730481797
1320692430.0,2.9002360775299394
1320695130.0,3.0692481424100038
1320697830.0,3.041662318818112
1320700530.0,3.0588877303685535
1320703230.0,3.0474799633946077
1320705930.0,3.078251597885412
1320708630.0,3.0451491448372963
1320711330.0,3.045270213479057
1320714030.0,3.056957147414323
1320716730.0,3.044563847549284
1320719430.0,2.9961288735076437
1320722130.0,3.0469870169182514
1320724830.0,3.0204715134791513
1320727530.0,3.044518402715539
1320730230.0,3.197207378613598
1320732930.0,2.802959152189487
1320735630.0,1.7074044047658958
1320738330.0,1.6083848062835386
1320741030.0,1.5675199965291995
1320743730.0,1.5844526052173364
1320746430.0,1.5253450868452205
1320749130.0,1.4288193537965412
1320751830.0,1.4937494119021721
1320754530.0,1.4907822055812971
1320757230.0,1.5020377891855787
1320759930.0,1.4383328492664873
1320762630.0,1.4315179506006075
1320765330.0,1.4542061862244395
1320768030.0,1.649348328001679
1320770730.0,3.22225595545126
1320773430.0,3.7127295638797477
1320776130.0,3.686353823795514
1320778830.0,3.6883499885073547
1320781530.0,3.7336598794850033
1320784230.0,3.6493642635002743
1320786930.0,3.5896970027632733
1320789630.0,3.5168206731053147
1320792330.0,3.5168204788955677
1320795030.0,3.4551158194847176
1320797730.0,3.481775762528116
1320800430.0,3.5073436524469344
1320803130.0,3.550633470145499
1320805830.0,3.526005026180769
1320808530.0,3.5663335866775583
1320811230.0,3.5476774251974916
1320813930.0,3.587904209721273
1320816630.0,3.605982286941355
1320819330.0,4.405646426770318
1320822030.0,5.752514543898712
1320824730.0,2.926859208396138
1320827430.0,2.0563605406787246
1320830130.0,2.0694043353245775
1320832830.0,1.9701370257257054
1320835530.0,1.9054099654630932
1320838230.0,1.9063131910349966
1320840930.0,1.9468355276612783
1320843630.0,1.918243954018692
1320846330.0,1.788102260952769
1320849030.0,1.8653703506292914
1320851730.0,1.798031862416849
1320854430.0,1.789164347229132
1320857130.0,1.7752853125381876
1320859830.0,1.8067882599472114
1320862530.0,1.8436296011657305
1320865230.0,1.9463151291500367
1320867930.0,2.1539579820990298
1320870630.0,4.2200695489133295
1320873330.0,4.277867547371272
1320876030.0,4.265958383595546
1320878730.0,4.356913916373571
1320881430.0,4.240600667806689
1320884130.0,4.298048645219637
1320886830.0,4.275697531364301
1320889530.0,4.282302410375394
1320892230.0,4.250895811808618
1320894930.0,4.337188512980958
1320897630.0,4.262270376452989
1320900330.0,4.355827891692115
1320903030.0,4.382257328081607
1320905730.0,4.349949991207268
1320908430.0,4.690559637341153
1320911130.0,2.8132816087324954
1320913830.0,2.7955983399157844
1320916530.0,2.738475490266069
1320919230.0,2.7662705362212705
1320921930.0,2.675904235187943
1320924630.0,2.6792076470417214
1320927330.0,2.6951078115305904
1320930030.0,2.698762899017879
1320932730.0,2.6558295190397416
1320935430.0,2.5403305129547107
1320938130.0,2.4783339257100465
1320940830.0,2.4334714270764266
1320943530.0,2.326589695875441
1320946230.0,2.2836737640430442
1320948930.0,2.2339248976970794
1320951630.0,2.2774217013105726
1320954330.0,0.041713426781484486
1320957030.0,-0.43721434887788746
1320959730.0,-0.4133507918255077
1320962430.0,-0.3928044794936909
1320965130.0,-0.22261772216086229
1320967830.0,-0.19304158554240303
1320970530.0,-0.1457091752245674
1320973230.0,1.9945291754373784
1320975930.0,2.3996385296048857
1320978630.0,2.481050485656283
1320981330.0,2.5435268133331874
1320984030.0,2.5788193111769715
1320986730.0,2.572560964157674
1320989430.0,2.5715308364054863
1320992130.0,2.585803771134522
1320994830.0,2.508341335216528
1320997530.0,0.9404944122935603
1321000230.0,0.014302046405589408
1321002930.0,0.06269622143298648
1321005630.0,0.10734959858922366
1321008330.0,0.04966264581645419
1321011030.0,0.11212167460064393
1321013730.0,0.2193489557297994
1321016430.0,0.16540408401027662
1321019130.0,0.21082830472971636
1321021830.0,0.11578599036573678
1321024530.0,0.08187510215725524
1321027230.0,-0.0015493977062419617
1321029930.0,-0.1116359854268012
1321032630.0,-0.10205379322576391
1321035330.0,-0.2546664993586205
1321038030.0,-2.1621469044055175
1321040730.0,-2.6485486148641257
1321043430.0,-2.6869328908415753
1321046130.0,-2.6420773552858066
1321048830.0,-2.628776882943697
1321051530.0,-2.485392344967579
1321054230.0,-2.3970750146561386
1321056930.0,0.8859622183367151
1321059630.0,1.0009483014213743
1321062330.0,1.0362749505266606
1321065030.0,1.0159397997363726
1321067730.0,1.096610127371605
1321070430.0,1.0552560185670359
1321073130.0,1.1180840984116571
1321075830.0,1.1110343179074675
1321078530.0,1.193405625287653
1321081230.0,1.1841232142833746
1321083930.0,1.317667664632097
1321086630.0,-0.6533192766029288
1321089330.0,0.023937700512647098
1321092030.0,1.0735145281068412
1321094730.0,1.0807998194691777
1321097430.0,1.047335480629215
1321100130.0,1.1950638678399628
1321102830.0,1.1830180467850369
1321105530.0,1.1688964912252686
1321108230.0,1.1117981647931856
1321110930.0,1.0645182461190643
1321113630.0,1.0044145768633257
1321116330.0,0.8521640775829837
1321119030.0,0.7725193611426562
1321121730.0,0.6915160609210602
1321124430.0,0.6454131609079923
1321127130.0,0.5440466347521351
1321129830.0,0.39116510238403635
1321132530.0,-1.8049282246403493
1321135230.0,-1.9289054749273191
1321137930.0,-1.7781627711344186
1321140630.0,-0.239932138652307
1321143330.0,0.5765526320411709
1321146030.0,0.658687080431946
1321148730.0,0.704243867631476
1321151430.0,0.7355022176969328
1321154130.0,0.826385934426753
1321156830.0,0.7975181348199385
1321159530.0,0.7843963295921981
1321162230.0,0.802273064992562
1321164930.0,0.8635977454499084
1321167630.0,0.8638889805553731
1321170330.0,0.909098257609628
1321173030.0,0.9515418605474224
1321175730.0,0.6735757746373565
1321178430.0,-1.1661140780319386
1321181130.0,-1.2536048694264537
1321183830.0,-1.1971483252213204
1321186530.0,-1.1802681072664427
1321189230.0,-1.1688544402623222
1321191930.0,-1.1010755794844727
1321194630.0,-1.0687151370608206
1321197330.0,-1.1397072914012938
1321200030.0,-1.1313664576231872
1321202730.0,-1.1695537626007138
1321205430.0,-1.2062677052675213
1321208130.0,-1.2969797816310233
1321210830.0,-1.2972039682212255
1321213530.0,-1.414843556485721
1321216230.0,-1.451548487372321
1321218930.0,-1.6084424566190023
1321221630.0,-1.648065628641831
1321224330.0,-1.5812816056042323
1321227030.0,-1.571639478934486
1321229730.0,-1.5316820752838112
1321232430.0,-1.4991187109615964
1321235130.0,-1.468928230266016
1321237830.0,-1.3851395201946843
1321240530.0,-1.3211855844834872
1321243230.0,2.202415912453205
1321245930.0,2.3542186665350187
1321248630.0,2.3758999760803476
1321251330.0,2.38445039442837
1321254030.0,2.364651638118289
1321256730.0,2.316522748653256
1321259430.0,2.4402538445600044
1321262130.0,2.5127908411711246
1321264830.0,2.4332934649954154
1321267530.0,-0.41168185578851535
1321270230.0,-0.9506181733988797
1321272930.0,-0.9330134081267545
1321275630.0,-0.9083497400388012
1321278330.0,-0.8497913707692248
1321281030.0,-0.9178797375392378
1321283730.0,-0.9857882842374011
1321286430.0,-0.9552106334299708
1321289130.0,-1.0482632479787242
1321291830.0,-1.0174272014599808
1321294530.0,-1.1134417938158094
1321297230.0,-1.1290658419977149
1321299930.0,-1.1717016508663676
1321302630.0,-1.2445831221292565
1321305330.0,-1.3401241572884715
1321308030.0,-1.3379551992350969
1321310730.0,-1.3464289041873485
1321313430.0,-1.363477864842622
1321316130.0,-3.7382441290458814
1321318830.0,-3.788315129288293
1321321530.0,-0.671373057834046
1321324230.0,-0.2863455676836679
1321326930.0,-0.1577017117628543
1321329630.0,-0.07830235138823127
1321332330.0,-0.13727303222276532
1321335030.0,-0.0884149304249604
1321337730.0,-0.10023373927691637
1321340430.0,-0.11756961930814214
1321343130.0,-0.054862503992694656
1321345830.0,0.05793055307191253
1321348530.0,0.20921358520973854
1321351230.0,0.23217032848373265
1321353930.0,1.9651660500646244
1321356630.0,2.5242170894912306
1321359330.0,2.6591874455754123
1321362030.0,2.6924406256878797
1321364730.0,2.6921350234610486
1321367430.0,2.639210658683396
1321370130.0,2.6034057724952504
1321372830.0,2.607007665818628
1321375530.0,2.5722351500176615
1321378230.0,2.5258337188344626
1321380930.0,2.402794870480818
1321383630.0,2.442699007499016
1321386330.0,2.305009369363745
1321389030.0,2.1269121040177197
1321391730.0,-1.065796313990063
1321394430.0,-1.0817784900683876
1321397130.0,-1.0582245985270902
1321399830.0,-1.1232668495906353
1321402530.0,-1.0714363648177994
1321405230.0,-1.0814238990824663
1321407930.0,-0.4610274863176187
1321410630.0,1.7217835228266267
1321413330.0,1.821071191868839
1321416030.0,1.881897644167907
1321418730.0,1.8285508892773237
1321421430.0,1.8137874704677301
1321424130.0,1.7477856514165637
1321426830.0,0.6699154234337357
1321429530.0,-0.6328785558911534
1321432230.0,-0.6731921601839304
1321434930.0,-0.5194147044529416
1321437630.0,-0.43931210023492895
1321440330.0,-0.32473072926984514
1321443030.0,-0.3163712579341791
1321445730.0,0.8621139534233748
1321448430.0,2.179041162738656
1321451130.0,2.2348525779408988
1321453830.0,2.2639280022386856
1321456530.0,2.268035446111753
1321459230.0,2.2108490139223136
1321461930.0,2.204292283137363
1321464630.0,2.1756069384721286
1321467330.0,2.135988905719614
1321470030.0,2.1841658162212525
1321472730.0,2.0274548116028086
1321475430.0,0.9165137300382753
1321478130.0,-0.5942152560429861
1321480830.0,-0.6627409991255035
1321483530.0,-0.6211576315467084
1321486230.0,-0.6821822449051638
1321488930.0,-0.6846801907938413
1321491630.0,-0.6417365191366287
1321494330.0,-0.556642844373755
1321497030.0,-0.4779025937733081
1321499730.0,-0.09593993289928449
1321502430.0,2.045275354193734
1321505130.0,2.156202560240615
1321507830.0,2.1962273043657774
1321510530.0,2.05620980545433
1321513230.0,0.7011509793862274
1321515930.0,-0.2559981491294252
1321518630.0,-0.3427543716901482
1321521330.0,-0.3107130118101509
1321524030.0,-0.31515169743960314
1321526730.0,-0.27812050129051613
1321529430.0,-0.13733865769938802
1321532130.0,-0.002377558624687026
1321534830.0,0.09087694534031243
1321537530.0,0.10001963493652966
1321540230.0,0.15309722751754862
1321542930.0,0.12607833391768963
1321545630.0,0.13550290016490862
1321548330.0,0.11435791283179242
1321551030.0,0.17179672551861813
1321553730.0,0.12444322175440448
1321556430.0,0.1771425280645076
1321559130.0,0.07521763686457916
1321561830.0,0.09838232919298662
1321564530.0,-0.03795476010515131
1321567230.0,-0.24468710942198868
1321569930.0,-2.4971998391846455
1321572630.0,-2.6369295914681743
1321575330.0,-2.6144010118317453
1321578030.0,-2.624539397936843
1321580730.0,-2.5807560074333935
1321583430.0,-2.5098463829798163
1321586130.0,-2.434464987834474
1321588830.0,0.2184729704157462
1321591530.0,1.159278743612333
1321594230.0,1.208968949981113
1321596930.0,1.1988957899201296
1321599630.0,0.7550784620135005
1321602330.0,-0.21290602558440241
1321605030.0,-1.3307801301120321
1321607730.0,-1.270601404240324
1321610430.0,-1.318460494651049
1321613130.0,-1.3020801360482608
1321615830.0,-1.2917944058202977
1321618530.0,-1.0325029530819734
1321621230.0,-0.9382918877444126
1321623930.0,-0.9374620222177725
1321626630.0,-0.8803937166879621
1321629330.0,1.0084512521591478
1321632030.0,1.5799941414056207
1321634730.0,1.5509070254847188
1321637430.0,1.6142684516352688
1321640130.0,1.5582691147974401
1321642830.0,1.6118567950981628
1321645530.0,1.566046185309176
1321648230.0,1.5224323936063797
1321650930.0,1.458425513704185
1321653630.0,1.5049288983551037
1321656330.0,1.5210983046715683
1321659030.0,1.4563037027589303
1321661730.0,1.4143807429646813
1321664430.0,1.4212944432166523
1321667130.0,1.435814763887322
1321669830.0,1.48949456214973
1321672530.0,1.498994713282741
1321675230.0,1.4903787092682705
1321677930.0,1.6608020245200237
1321680630.0,3.9662116011274975
1321683330.0,2.1642675258219697
1321686030.0,0.6171444233958141
1321688730.0,0.5300934756172069
1321691430.0,0.46311238888847583
1321694130.0,0.4411141786372923
1321696830.0,0.3499920196319408
1321699530.0,0.3442145652143722
1321702230.0,0.26638940757561613
1321704930.0,0.5502466727755291
1321707630.0,0.5519850823848174
1321710330.0,0.4703261794256264
1321713030.0,0.4876399926038175
1321715730.0,0.5165775688404324
1321718430.0,0.5548493470798803
1321721130.0,0.5344534851346907
1321723830.0,0.518833155072457
1321726530.0,0.4916501265534521
1321729230.0,0.5899891711063674
1321731930.0,0.5617964459294171
1321734630.0,0.5343655108230791
1321737330.0,0.5221344360319335
1321740030.0,0.5098357802027635
1321742730.0,0.546746551869262
1321745430.0,0.5094246773306281
1321748130.0,0.5513128144066854
1321750830.0,0.5463762032606496
1321753530.0,0.5601905060749459
1321756230.0,0.5978846358593728
1321758930.0,0.6032347051400961
1321761630.0,0.5851580561587753
1321764330.0,-1.6779188327133738
1321767030.0,0.790445196399503
1321769730.0,0.7571044924898729
1321772430.0,0.7683386731894188
1321775130.0,0.7164930045973392
1321777830.0,0.7356773571376607
1321780530.0,0.670673527314193
1321783230.0,0.47670827081407197
1321785930.0,0.39598087877595844
1321788630.0,0.32066109580807733
1321791330.0,-0.5821006286297745
1321794030.0,-1.8224414703123557
1321796730.0,-1.7514095581956894
1321799430.0,-1.7921291095521212
1321802130.0,0.5309172780972631
1321804830.0,0.6757531411159334
1321807530.0,0.6800969967623587
1321810230.0,0.6813999999105818
1321812930.0,0.6694369931510664
1321815630.0,0.749378883649058
1321818330.0,0.7115257211435733
1321821030.0,0.6743145905170991
1321823730.0,0.6446162526090689
1321826430.0,0.7278755045329603
1321829130.0,0.7052178910320208
1321831830.0,0.7800275075164791
1321834530.0,0.7709216711531894
1321837230.0,0.7610121514879893
1321839930.0,0.7540683669261625
1321842630.0,0.8097685024877137
1321845330.0,0.7810679342892968
1321848030.0,0.7342840866913889
1321850730.0,-0.6864215131076321
1321853430.0,-1.1102293603117914
1321856130.0,0.5975050690781245
1321858830.0,0.6349106406281635
1321861530.0,0.6301428339634185
1321864230.0,0.6421601671672761
1321866930.0,0.7061673591437057
1321869630.0,0.5579362657473439
1321872330.0,0.5513311961419731
1321875030.0,0.33171051708433197
1321877730.0,0.26768028767685337
1321880430.0,0.25046597229231793
1321883130.0,-1.6951032053440827
1321885830.0,-1.9629905487299766
1321888530.0,-1.944205807486668
1321891230.0,-1.9031900408294575
1321893930.0,-1.8820796133737474
1321896630.0,-1.8901849133953021
1321899330.0,-1.822531882757005
1321902030.0,-1.7609974260093395
1321904730.0,-1.7973457299645474
1321907430.0,-1.7804112325710832
1321910130.0,-1.8453828892807849
1321912830.0,-1.7186477915653882
1321915530.0,-1.7668514806471194
1321918230.0,-1.722127885390762
1321920930.0,-1.7264424727709127
1321923630.0,-1.7158731785990256
1321926330.0,-1.6404713700488287
1321929030.0,-1.6490936320800245
1321931730.0,-1.681686037815723
1321934430.0,-1.6553448697489443
1321937130.0,-1.6557866216324157
1321939830.0,-1.5882422998815002
1321942530.0,1.5325217275849354
1321945230.0,-0.7980203221783597
1321947930.0,-0.9021960075625941
1321950630.0,-0.8656290239065925
1321953330.0,-0.747422268438271
1321956030.0,-0.8115237433896141
1321958730.0,-0.7734353181839708
1321961430.0,-0.793122142298671
1321964130.0,-0.7971136188179742
1321966830.0,-0.8615092255051877
1321969530.0,-1.1423022712666295
1321972230.0,-1.1698068080526696
1321974930.0,-3.0422353984816652
1321977630.0,-3.1585172672664896
1321980330.0,-3.1440138293055213
1321983030.0,-3.183843829101278
1321985730.0,-3.0984186551750668
1321988430.0,-3.0143870948068923
1321991130.0,-3.09153727861127
1321993830.0,-3.0240461900980335
1321996530.0,-3.061315719451187
1321999230.0,-2.9881638027383417
1322001930.0,-2.9530771158852076
1322004630.0,-2.9010986841159934
1322007330.0,-2.8656691639127985
1322010030.0,-2.860859376631538
1322012730.0,-2.849125968079079
1322015430.0,-2.7962034643538516
1322018130.0,-2.8484587340001326
1322020830.0,-2.898937832741865
1322023530.0,-2.9202148572996407
1322026230.0,-2.8434640706509526
1322028930.0,-2.4762033864942623
1322031630.0,-1.5640791248461312
1322034330.0,-1.7912840133773784
1322037030.0,-1.7939487758540054
1322039730.0,-1.6656385588084106
1322042430.0,-1.6635965779584296
1322045130.0,-1.707415757301277
1322047830.0,-1.639301296858065
1322050530.0,-1.6088667583154859
1322053230.0,-1.6331641276532878
1322055930.0,-1.6319702749389933
1322058630.0,-1.7500002784708215
1322061330.0,-1.8901654469386813
1322064030.0,-1.9932344590199307
1322066730.0,-3.376506766831625
1322069430.0,-4.173123767328661
1322072130.0,-4.149490426689965
1322074830.0,-4.152443797859689
1322077530.0,-4.155275301942709
1322080230.0,-4.185958530782983
1322082930.0,-4.155188717640101
1322085630.0,-4.0100429959373685
1322088330.0,-4.080206046399752
1322091030.0,-3.954775975218297
1322093730.0,-3.9587793877647925
1322096430.0,-3.9110548485467405
1322099130.0,-3.8652510619329234
1322101830.0,-3.839702001541127
1322104530.0,-3.896646260815828
1322107230.0,-3.8404466854356087
1322109930.0,-3.8628058783832557
1322112630.0,-3.770201949747303
1322115330.0,-0.8221943562238891
1322118030.0,-0.5719445959531697
1322120730.0,-2.549248380261389
1322123430.0,-2.5953248054801463
1322126130.0,-2.564199423591134
1322128830.0,-2.6138376041401727
1322131530.0,-2.5748002097752476
1322134230.0,-2.6061677207844696
1322136930.0,-2.555085983094017
1322139630.0,-2.557779086847546
1322142330.0,-2.5072934771035307
1322145030.0,-2.5504760610184007
1322147730.0,-2.537595364544188
1322150430.0,-2.6106818070485645
1322153130.0,-2.730784214759325
1322155830.0,-2.9435023220726464
1322158530.0,-3.977092328655516
1322161230.0,-5.038255948225498
1322163930.0,-5.094226490062766
1322166630.0,-5.149914123814341
1322169330.0,-5.14784262550188
1322172030.0,-4.946226873207024
1322174730.0,-4.915048683911749
1322177430.0,-4.857151418546437
1322180130.0,-2.9273675923644475
1322182830.0,-1.9442955042140113
1322185530.0,-1.8508403864116758
1322188230.0,-1.8604151018412836
1322190930.0,-1.8582930925897188
1322193630.0,-1.8161446274136779
1322196330.0,-1.8406651989103864
1322199030.0,-1.8186645444222904
1322201730.0,-1.8554004557620942
1322204430.0,-2.3712689663909714
1322207130.0,-4.042190222125669
1322209830.0,-4.1305114516369486
1322212530.0,-4.14067849415531
1322215230.0,-4.097101081201458
1322217930.0,-4.065564067972218
1322220630.0,-3.9594384030666845
1322223330.0,-3.234571729515608
1322226030.0,-1.3597396867760096
1322228730.0,-1.3764673020962732
1322231430.0,-1.3982974025524015
1322234130.0,-1.368766218694418
1322236830.0,-1.4411102948226926
1322239530.0,-1.4956569208071926
1322242230.0,-1.7035354668700506
1322244930.0,-1.9125669198209323
1322247630.0,-3.6676177028454617
1322250330.0,-4.073536102334543
1322253030.0,-4.132605371358693
1322255730.0,-4.1879394317668925
1322258430.0,-4.1014800389786785
1322261130.0,-4.146062796632776
1322263830.0,-4.0772827729427945
1322266530.0,-4.052496953026491
1322269230.0,-4.024417190827478
1322271930.0,-3.9693459579915498
1322274630.0,-3.8310417225989397
1322277330.0,-3.7416903704148297
1322280030.0,-1.2086270189598451
1322282730.0,-1.0389522025989493
1322285430.0,-1.0283397380469808
1322288130.0,-1.098744744332862
1322290830.0,-1.2617042159314167
1322293530.0,-2.877638817578031
1322296230.0,-3.403147085347797
1322298930.0,-3.441749526585454
1322301630.0,-3.413073974361083
1322304330.0,-3.459863515601967
1322307030.0,-3.4352101532701056
1322309730.0,-3.329727251656692
1322312430.0,-3.3090924007656213
1322315130.0,-3.3974720806289156
1322317830.0,-3.362918429943022
1322320530.0,-3.3421596832010607
1322323230.0,-3.3439038485739445
1322325930.0,-3.355518987013852
1322328630.0,-3.4266595594264118
1322331330.0,-3.3747766329690023
1322334030.0,-3.4222506451701236
1322336730.0,-3.527569528779935
1322339430.0,-3.722513050730754
1322342130.0,-4.783234515265804
1322344830.0,-5.857853940185436
1322347530.0,-5.932680731504178
1322350230.0,-5.836007115720832
1322352930.0,-5.878035835834794
1322355630.0,-2.735044321243066
1322358330.0,-2.5060725613334967
1322361030.0,-2.4437115790479993
1322363730.0,-2.4729592643422222
1322366430.0,-2.434277337200996
1322369130.0,-2.405901405610564
1322371830.0,-2.415778459391987
1322374530.0,-2.4923917968175147
1322377230.0,-2.5411318129316385
1322379930.0,-2.5886442673251793
1322382630.0,-2.610780309563097
1322385330.0,-2.628077141352094
1322388030.0,-3.442074054190556
1322390730.0,-4.720243224844495
1322393430.0,-4.793463346167641
1322396130.0,-4.768277394514968
1322398830.0,-4.779392679489376
1322401530.0,-4.768131818163113
1322404230.0,-4.710929926439377
1322406930.0,-4.74581536416818
1322409630.0,-4.716635813543888
1322412330.0,-4.730209092123999
1322415030.0,-4.7253414863325816
1322417730.0,-4.641137837098512
1322420430.0,-4.679501589695263
1322423130.0,-4.7735119060452575
1322425830.0,-4.806420183245422
1322428530.0,-4.92105863964062
1322431230.0,-4.877724028720735
1322433930.0,-4.908731921826529
1322436630.0,-4.933881142836412
1322439330.0,-4.910561137406688
1322442030.0,-4.8056848457232775
1322444730.0,-1.3088422957878265
1322447430.0,-1.082995115029064
1322450130.0,-1.0581491524655746
1322452830.0,-1.0445242491155966
1322455530.0,-0.9571326584722613
1322458230.0,-0.9360064407637765
1322460930.0,-0.9450361333790909
1322463630.0,-0.8876788803475222
1322466330.0,-3.6868339244202275
1322469030.0,-4.194388021557643
1322471730.0,-4.231492221155804
1322474430.0,-4.258908524126156
1322477130.0,-4.175087782691804
1322479830.0,-4.180358799761876
1322482530.0,-4.11436234339115
1322485230.0,-4.108968395884347
1322487930.0,-4.088179378971006
1322490630.0,-4.034426886253328
1322493330.0,-3.982780270062648
1322496030.0,-3.9726415112668576
1322498730.0,-3.978894045098656
1322501430.0,-4.034537531805938
1322504130.0,-4.008615164976021
1322506830.0,-4.113190917481887
1322509530.0,-4.152623807026629
1322512230.0,-4.295511639730819
1322514930.0,-6.450317931040786
1322517630.0,-6.916526163102503
1322520330.0,-7.036966461101372
1322523030.0,-6.955222858004021
1322525730.0,-6.971150495393601
1322528430.0,-6.88450847847264
1322531130.0,-3.4224167307843913
1322533830.0,-3.174742715753297
1322536530.0,-3.1417492944702303
1322539230.0,-3.138674967903512
1322541930.0,-3.036268617632402
1322544630.0,-2.941099307138927
1322547330.0,-2.8752133989138144
1322550030.0,-2.8159744937097173
1322552730.0,-3.113680571113491
1322555430.0,-4.6087390061824465
1322558130.0,-4.829790323720914
1322560830.0,-2.583647719855179
1322563530.0,-2.5325958976563356
1322566230.0,-2.4970534954088635
1322568930.0,-2.4687810825549548
1322571630.0,-2.4491525492801713
1322574330.0,-2.4531773437959714
1322577030.0,-2.4645277129998817
1322579730.0,-2.449724878346757
1322582430.0,-2.458824509350535
1322585130.0,-2.4745807267150894
1322587830.0,-2.4972264408707474
1322590530.0,-2.459701061825996
1322593230.0,-2.479691655879776
1322595930.0,-2.57207615865471
1322598630.0,-2.6451111348104064
1322601330.0,-2.680043820974049
1322604030.0,-2.668344593758661
1322606730.0,-3.041778288166512
1322609430.0,-5.097129752671378
1322612130.0,-5.227749248822903
1322614830.0,-5.193313803555952
1322617530.0,-3.218161074729238
1322620230.0,-2.40203674460534
1322622930.0,-2.335250974815665
1322625630.0,-2.2772654529725855
1322628330.0,-2.233708672442816
1322631030.0,-2.2004451539116587
1322633730.0,-2.1616082948668236
1322636430.0,-2.1132117009526326
1322639130.0,-1.9925581993661012
1322641830.0,-1.9210620634811164
1322644530.0,-1.9807988048299592
1322647230.0,-1.0146185585569754
1322649930.0,0.18675918281417125
1322652630.0,-1.8066569355232218
1322655330.0,-2.017662771608258
1322658030.0,-2.0418047504352614
1322660730.0,-2.041179845742505
1322663430.0,-2.0512616521867812
1322666130.0,-2.0373781174932333
1322668830.0,-2.0373629757373237
1322671530.0,-2.0960890999076867
1322674230.0,-2.167346840285859
1322676930.0,-2.0807989404942475
1322679630.0,-2.1351329171725126
1322682330.0,-2.163736154071813
1322685030.0,-2.188515275721471
1322687730.0,-2.2194343810676855
1322690430.0,-2.156193132986431
1322693130.0,-2.2616347915832193
1322695830.0,-2.2287050451697326
1322698530.0,-2.3019412447491447
1322701230.0,-2.316350742696528
1322703930.0,-2.2620472894676595
1322706630.0,-2.075455065600977
1322709330.0,0.19170580737062437
1322712030.0,0.26595884274604487
1322714730.0,0.2987158585294196
1322717430.0,0.2650554626472399
1322720130.0,0.299750803612028
1322722830.0,0.31960619920732825
1322725530.0,0.16103146321086115
1322728230.0,-2.6080101732682124
1322730930.0,-2.6344272627319185
1322733630.0,-2.5284437859749573
1322736330.0,-2.495966231565802
1322739030.0,-0.4295857131339744
1322741730.0,-0.15692385657763452
1322744430.0,-0.1745277917394219
1322747130.0,-0.16104307726936895
1322749830.0,-0.1909197795653199
1322752530.0,-0.11887917121282499
1322755230.0,-0.21096930455036045
1322757930.0,-0.22690690741973185
1322760630.0,-0.3214502062483291
1322763330.0,-0.1828001004604971
1322766030.0,-0.2953197558746865
1322768730.0,-0.35821125868466197
1322771430.0,-0.3671971371543634
1322774130.0,-0.3605326607107031
1322776830.0,-0.38507524694705353
1322779530.0,-0.41450142407785506
1322782230.0,-0.4230856565448846
1322784930.0,-0.514876634563791
1322787630.0,-0.517162157745247
1322790330.0,-0.4783234406236545
1322793030.0,-0.6103121324260883
1322795730.0,-0.670808699654998
1322798430.0,-1.9516699800120136
1322801130.0,-1.1143339771413423
1322803830.0,-1.1301197134728227
1322806530.0,-1.076657122100329
1322809230.0,-1.1348591158784984
1322811930.0,-1.0966278879214144
1322814630.0,-0.9993679487518818
1322817330.0,-1.0279859687157682
1322820030.0,-0.8263912952707813
1322822730.0,-0.815833294639674
1322825430.0,-0.7354814842681776
1322828130.0,-0.5870690114160197
1322830830.0,0.17570893618221817
1322833530.0,1.6283959471749085
1322836230.0,1.6482862691149194
1322838930.0,1.6990122510411538
1322841630.0,1.6579995066242645
1322844330.0,1.6724981398154455
1322847030.0,1.6468443964973858
1322849730.0,1.6982668343554792
1322852430.0,1.6562519156335611
1322855130.0,1.6047060873796113
1322857830.0,1.562122114177896
1322860530.0,1.5834403359562543
1322863230.0,1.5425946180116057
1322865930.0,1.4691473674580493
1322868630.0,1.4371351379810449
1322871330.0,1.4040621780620768
1322874030.0,1.4539642375652875
1322876730.0,1.4769310424001105
1322879430.0,1.3767248122443903
1322882130.0,1.2754583839950442
1322884830.0,-2.1050070572822506
1322887530.0,-2.2514207679613207
1322890230.0,-2.3046028557828606
1322892930.0,-2.123207596715389
1322895630.0,0.3239036631087515
1322898330.0,0.3878954873577527
1322901030.0,0.524293564001141
1322903730.0,0.41954608467011667
1322906430.0,0.47460126882668874
1322909130.0,0.4670246997442291
1322911830.0,0.5067167558759138
1322914530.0,0.6715665094249061
1322917230.0,0.6496125046077168
1322919930.0,0.6889678660561458
1322922630.0,-1.348695862725748
1322925330.0,-1.6984321171253214
1322928030.0,-1.7035339024124312
1322930730.0,-1.7004667640259754
1322933430.0,-1.7236524596168863
1322936130.0,-1.6821584454945935
1322938830.0,-1.7496403359089925
1322941530.0,-1.7250925421393504
1322944230.0,-1.7926114714264543
1322946930.0,-1.7501860432450655
1322949630.0,-1.7707336494468962
1322952330.0,-1.765140399512461
1322955030.0,-1.7328579070801595
1322957730.0,-1.7686152149703673
1322960430.0,-1.7827011424695343
1322963130.0,-1.7257526518421287
1322965830.0,-1.763302202950797
1322968530.0,-1.8194475947147168
1322971230.0,-2.0529800304806827
1322973930.0,-4.129478119173257
1322976630.0,-1.1375450296132783
1322979330.0,-1.0971982697712406
1322982030.0,-1.152850865580092
1322984730.0,-1.1506520853962456
1322987430.0,-1.1170147979901515
1322990130.0,-1.1050998366607985
1322992830.0,-1.1230453526463293
1322995530.0,-1.0358056525444113
1322998230.0,-0.9724916842200173
1323000930.0,-0.7655964196132174
1323003630.0,0.3502357968962997
1323006330.0,1.5346972631605809
1323009030.0,1.5301904683848306
1323011730.0,1.5937408128382344
1323014430.0,1.5719478193852865
1323017130.0,1.5675041271894656
1323019830.0,1.551197177501706
1323022530.0,1.630384252127783
1323025230.0,1.5141488384837203
1323027930.0,1.5158061776430714
1323030630.0,1.4654821154754245
1323033330.0,1.5767176518322685
1323036030.0,1.4674581448729214
1323038730.0,1.5007806318557186
1323041430.0,1.4860558792441338
1323044130.0,1.443990273374709
1323046830.0,1.495256779617705
1323049530.0,1.541428617943268
1323052230.0,1.4636509620128777
1323054930.0,1.4427857996590205
1323057630.0,1.42233145802237
1323060330.0,-1.775758626074861
1323063030.0,-1.6451170084263254
1323065730.0,0.39331871499183535
1323068430.0,0.42466009468660104
1323071130.0,0.35798964083551255
1323073830.0,0.3385984968102207
1323076530.0,0.3118738416405904
1323079230.0,0.34043776336119436
1323081930.0,0.2369228361377509
1323084630.0,0.21425634732696608
1323087330.0,0.3622184350830935
1323090030.0,0.6184185355669456
1323092730.0,0.7320277186889825
1323095430.0,2.294255666018728
1323098130.0,2.5957626002904135
1323100830.0,2.175560788780672
1323103530.0,0.1565469119508407
1323106230.0,0.08732699915208286
1323108930.0,0.11772392334319193
1323111630.0,0.06730122618466794
1323114330.0,0.053743217466831084
1323117030.0,0.055802247845861075
1323119730.0,0.13195035375423458
1323122430.0,0.1343331927332656
1323125130.0,0.14968514482529827
1323127830.0,0.13913487617526243
1323130530.0,0.10936658143049272
1323133230.0,0.14015604995302056
1323135930.0,0.12474608706878598
1323138630.0,0.14784824107579198
1323141330.0,0.0917851126429241
1323144030.0,0.0576313075617918
1323146730.0,0.08890960061154374
1323149430.0,-0.5351774081740643
1323152130.0,-0.7836732364620218
1323154830.0,-0.03328548925469477
1323157530.0,-0.08326087728676157
1323160230.0,-0.13951512665983046
1323162930.0,-0.14647870147476283
1323165630.0,-0.10437745645384666
1323168330.0,-0.17813821016858356
1323171030.0,-0.1917557704533408
1323173730.0,-0.12826577695545893
1323176430.0,-0.1587472849886069
1323179130.0,-0.1423064256904638
1323181830.0,-0.022253771482667162
1323184530.0,0.040320322875572856
1323187230.0,0.06632219472271572
1323189930.0,-0.006913814181700673
1323192630.0,0.035069313164001414
1323195330.0,0.009580748851419685
1323198030.0,-0.03479866955365196
1323200730.0,-0.06769259453989207
1323203430.0,-0.09434914611199474
1323206130.0,-0.035905553190161754
1323208830.0,-0.04638257707910043
1323211530.0,0.014194851310037393
1323214230.0,0.005899001423756545
1323216930.0,0.0019247453644197776
1323219630.0,0.05155275308942464
1323222330.0,0.15656823959989197
1323225030.0,0.15798770579357324
1323227730.0,0.128544157803276
1323230430.0,0.16417966977343212
1323233130.0,0.2019203704118695
1323235830.0,2.3069472991525686
1323238530.0,0.12344403327921327
1323241230.0,-0.024055681607762835
1323243930.0,-0.051051360290159664
1323246630.0,-0.15402638980259553
1323249330.0,-0.14769269335218382
1323252030.0,-0.3005819612814662
1323254730.0,-0.3828537207187708
1323257430.0,-0.469054664343048
1323260130.0,-0.3855647562658362
1323262830.0,-0.45776466963192775
1323265530.0,-0.4600974898424397
1323268230.0,-0.46570924039573924
1323270930.0,-0.37139191627926493
1323273630.0,-0.3855910123315027
1323276330.0,-0.3591479396715158
1323279030.0,-0.3173060972569317
1323281730.0,1.774654115688918
1323284430.0,2.0434855215598873
1323287130.0,2.0204307247268503
1323289830.0,2.052304758734806
1323292530.0,2.081919022204545
1323295230.0,2.0861452810215724
1323297930.0,2.0843729241321967
1323300630.0,2.1149230567325503
1323303330.0,2.1871654079898235
1323306030.0,2.193153394916294
1323308730.0,2.242011751177074
1323311430.0,2.206416596096176
1323314130.0,2.2207779007861745
1323316830.0,2.188589217031563
1323319530.0,2.1961087626914377
1323322230.0,2.1312111114900176
1323324930.0,-0.054216234855914536
1323327630.0,0.784993363505464
1323330330.0,0.8542956100130255
1323333030.0,0.8497349248040678
1323335730.0,0.8060318639240336
1323338430.0,0.7904661240932
1323341130.0,0.7381287186719305
1323343830.0,0.6405680912700973
1323346530.0,0.631501178672977
1323349230.0,0.5767006726192108
1323351930.0,0.544230446682036
1323354630.0,0.5001815303414787
1323357330.0,0.4625450549334573
1323360030.0,0.423443524880156
1323362730.0,0.39538056879172245
1323365430.0,0.3877548104867401
1323368130.0,0.4030845456051111
1323370830.0,0.31979251839720746
1323373530.0,0.32683112334365205
1323376230.0,0.21359511246203056
1323378930.0,0.28450154350457524
1323381630.0,0.237488907111981
1323384330.0,0.290026946994999
1323387030.0,0.33023047504866554
1323389730.0,0.35733888921367907
1323392430.0,0.45022930289258056
1323395130.0,0.4928222935994313
1323397830.0,0.4661581400887371
1323400530.0,0.4624000303660978
1323403230.0,0.5012163849339686
1323405930.0,0.6600245475950715
1323408630.0,3.768699096094508
1323411330.0,3.883007818006945
1323414030.0,3.8643708608214524
1323416730.0,0.31409731495239157
1323419430.0,0.117332100825422
1323422130.0,0.02274574238248306
1323424830.0,0.05950762018653677
1323427530.0,0.0015150228819038603
1323430230.0,-0.02933270253606679
1323432930.0,0.02230651238107839
1323435630.0,0.0226366058453209
1323438330.0,0.011120854864884677
1323441030.0,-0.01468435576060756
1323443730.0,-0.0656547931185969
1323446430.0,-0.10440115915326942
1323449130.0,-0.2152239084658163
1323451830.0,-0.17751910199484655
1323454530.0,-0.23517094187025123
1323457230.0,-0.24646783223579405
1323459930.0,-0.25740291297418594
1323462630.0,1.417357696629665
1323465330.0,2.588704738622482
1323468030.0,2.5994958776104795
1323470730.0,2.6959465644729903
1323473430.0,2.6464097318422546
1323476130.0,2.674296387484844
1323478830.0,2.711009260472622
1323481530.0,2.7567191421119333
1323484230.0,2.735933715282499
1323486930.0,2.7107259514326074
1323489630.0,2.750380134698446
1323492330.0,2.7956984310968664
1323495030.0,2.798576352572013
1323497730.0,3.076692715970637
1323500430.0,3.9627421912129535
1323503130.0,1.4180256866276295
1323505830.0,1.347597717489407
1323508530.0,1.3222414048511268
1323511230.0,1.2658114862099978
1323513930.0,1.2536727397500158
1323516630.0,1.2234475098032362
1323519330.0,1.194520513191378
1323522030.0,1.2024280363449407
1323524730.0,1.1226797434064792
1323527430.0,1.147004451739292
1323530130.0,1.0736267685020948
1323532830.0,1.003619220936912
1323535530.0,0.9558704097059376
1323538230.0,0.9828608661720182
1323540930.0,0.9497332276394559
1323543630.0,0.893984625029475
1323546330.0,0.8918808906558979
1323549030.0,0.852658599905169
1323551730.0,1.1632072691610915
1323554430.0,3.266423112615996
1323557130.0,3.376448273010226
1323559830.0,3.3702318730415755
1323562530.0,3.4506289968966826
1323565230.0,3.486487568650716
1323567930.0,3.5145785656210364
1323570630.0,3.423237597977163
1323573330.0,3.451062092049142
1323576030.0,3.4263504325033978
1323578730.0,3.4589967345772834
1323581430.0,3.4504859044265004
1323584130.0,3.4883344556901648
1323586830.0,3.8390828647559943
1323589530.0,5.044016033573428
1323592230.0,2.1119798453137832
1323594930.0,2.1043130423022376
1323597630.0,2.0686341994090753
1323600330.0,2.0411690436533263
1323603030.0,1.9751942326988114
1323605730.0,1.9736527751786639
1323608430.0,1.9811132038006463
1323611130.0,1.9282670272899622
1323613830.0,1.9638636178948445
1323616530.0,2.0080083724918154
1323619230.0,1.9184882282027615
1323621930.0,1.8173615303137467
1323624630.0,1.8688875712227855
1323627330.0,1.7853113695213096
1323630030.0,1.7154715214399516
1323632730.0,1.6424202602721607
1323635430.0,-0.3242052533993558
1323638130.0,-1.0628076621244702
1323640830.0,-1.0943236782351278
1323643530.0,-0.38284559815423336
1323646230.0,1.4828594165053346
1323648930.0,1.547265384631885
1323651630.0,1.6464621393397465
1323654330.0,1.6754744357637605
1323657030.0,1.616832927374901
1323659730.0,1.6174197048948145
1323662430.0,1.6108901959314608
1323665130.0,1.6296141785556983
1323667830.0,1.6892087587083324
1323670530.0,1.6599509356570934
1323673230.0,1.718101108944495
1323675930.0,0.39797447349167214
1323678630.0,-0.5756400843296774
1323681330.0,-0.5264131406808872
1323684030.0,-0.4518992020306598
1323686730.0,-0.48070829282008276
1323689430.0,-0.018555958824208574
1323692130.0,1.771023402134574
1323694830.0,1.9045533407807511
1323697530.0,1.9292225035576394
1323700230.0,1.9970738490386566
1323702930.0,2.036608828250337
1323705630.0,1.98176662406388
1323708330.0,1.8962346598829072
1323711030.0,1.9718514018598512
1323713730.0,1.9297588519356168
1323716430.0,1.831702394725994
1323719130.0,1.7579901620869691
1323721830.0,1.6917703551495151
1323724530.0,1.696032130205083
1323727230.0,1.669883109491309
1323729930.0,1.6470066428316272
1323732630.0,1.6489898449055431
1323735330.0,1.6341795203258016
1323738030.0,0.1796752725356896
1323740730.0,-0.9033175970883462
1323743430.0,-0.938755769471129
1323746130.0,-0.8951373962330251
1323748830.0,-0.8561655168878417
1323751530.0,1.3054548638199321
1323754230.0,1.854549578338947
1323756930.0,1.8712266445836008
1323759630.0,1.9110588548367673
1323762330.0,1.9603841344516582
1323765030.0,1.8828767393754333
1323767730.0,1.9410807328224564
1323770430.0,1.8623928460073103
1323773130.0,1.8844582789503193
1323775830.0,1.8602739172118845
1323778530.0,1.7762371867031561
1323781230.0,1.866865806195392
1323783930.0,1.8336830919338922
1323786630.0,1.888429940476783
1323789330.0,1.8095004282565696
1323792030.0,1.872525892731403
1323794730.0,1.8329287899368296
1323797430.0,1.866963255233486
1323800130.0,1.8189734605905983
1323802830.0,1.7586480813608887
1323805530.0,1.6861301845858065
1323808230.0,1.6271167728301634
1323810930.0,1.554633787894602
1323813630.0,1.544535366352079
1323816330.0,1.5313425204866462
1323819030.0,1.5267064350742316
1323821730.0,1.6093320558099435
1323824430.0,3.9607214082268456
1323827130.0,4.942310191899423
1323829830.0,1.5999923729789884
1323832530.0,1.665437175681177
1323835230.0,1.7934377902095662
1323837930.0,1.9259624406688545
1323840630.0,1.993055747112919
1327702050.0,-2.221418474843631
1327704750.0,-2.3377769724859263
1327707450.0,-2.460037681732871
1327710150.0,-2.542699351232528
1327712850.0,-2.593600532909875
1327715550.0,-1.1703221679838975
1327718250.0,-0.380267922306615
1327720950.0,-0.34464633295763747
1327723650.0,-0.32112045821764923
1327726350.0,-0.3114996641160701
1327729050.0,-0.34132878203942596
1327731750.0,-0.30903914281208245
1327734450.0,-0.36701026479624943
1327737150.0,-0.34622310475316453
1327739850.0,-0.36910317949744353
1327742550.0,-0.38422428986444856
1327745250.0,-0.36062777818969494
1327747950.0,-0.806129801996633
1327750650.0,-1.9596999204803751
1327753350.0,-0.5932070217526473
1327756050.0,-0.5762185345732576
1327758750.0,-0.5789870495696618
1327761450.0,-0.5781157729697952
1327764150.0,-0.5114186242938104
1327766850.0,-0.5341739213723145
1327769550.0,-0.5275049416438833
1327772250.0,-0.48247355631912114
1327774950.0,-0.4951934245176517
1327777650.0,-0.41895773406656645
1327780350.0,-0.4247178783753327
1327783050.0,-0.40613962848163965
1327785750.0,-0.41338959144607657
1327788450.0,-0.3926809726217755
1327791150.0,-0.4220518267055411
1327793850.0,-0.41357613625325484
1327796550.0,-0.46424714054523974
1327799250.0,-0.5188093552046951
1327801950.0,-1.5170176221997735
1327804650.0,-2.92578097987095
1327807350.0,-3.067831934595432
1327810050.0,-3.048919615038585
1327812750.0,-3.0425131046125102
1327815450.0,-2.9848913398731725
1327818150.0,-3.0450704617202575
1327820850.0,-2.332706751735344
1327823550.0,0.028795078765199378
1327826250.0,0.07269722863247807
1327828950.0,-0.010747825925250254
1327831650.0,-0.06840731230653319
1327834350.0,0.02017869245284487
1327837050.0,-0.027554928707502313
1327839750.0,-0.05447137881293429
1327842450.0,-0.08649609837380012
1327845150.0,-0.1542683507077811
1327847850.0,-0.09935536328072203
1327850550.0,-0.1317909402506814
1327853250.0,-0.07185155769991525
1327855950.0,-0.09510970362038051
1327858650.0,-0.06722179445125676
1327861350.0,-0.033377124314114326
1327864050.0,0.030791399844133593
1327866750.0,0.061453836887466196
1327869450.0,0.04671132317267279
1327872150.0,0.06853639323608718
1327874850.0,0.045434247464982036
1327877550.0,0.05667736040896898
1327880250.0,2.7646870086255433
1327882950.0,2.8718348967005625
1327885650.0,2.8463719920359836
1327888350.0,2.7943537272668664
1327891050.0,2.8451184970046484
1327893750.0,2.705763556638118
1327896450.0,-0.7979618018428312
1327899150.0,-0.9351492669371169
1327901850.0,-0.9163282455388639
1327904550.0,-0.9431495072739153
1327907250.0,-1.0111539785484638
1327909950.0,-0.9568636697474346
1327912650.0,-0.9397699514630915
1327915350.0,-0.44347714939360117
1327918050.0,1.0965190072850248
1327920750.0,1.1592058349884553
1327923450.0,1.0614985165902908
1327926150.0,0.9817632134954124
1327928850.0,0.9680172799937736
1327931550.0,0.9570820363057635
1327934250.0,0.9632762964251071
1327936950.0,0.9778987366698857
1327939650.0,0.9458839879901575
1327942350.0,0.9344638546226918
1327945050.0,0.9857417213140991
1327947750.0,0.9824484371366964
1327950450.0,1.085834876774868
1327953150.0,1.0913967671365867
1327955850.0,1.1161483100486578
1327958550.0,1.1289034431078733
1327961250.0,1.166924561185965
1327963950.0,1.1924032845309398
1327966650.0,2.8425636654652067
1327969350.0,3.5974713667661433
1327972050.0,3.610268110001897
1327974750.0,3.5573720834239566
1327977450.0,3.510925395109382
1327980150.0,2.8677376363013707
1327982850.0,-0.10171522837828206
1327985550.0,-0.20212151522238742
1327988250.0,-0.1937030078807993
1327990950.0,-0.261403761173284
1327993650.0,-0.2940234979199374
1327996350.0,-0.3597052909865397
1327999050.0,-0.4077638093729945
1328001750.0,-0.5207306184814797
1328004450.0,-0.4965677593398823
1328007150.0,-0.11373661841210492
1328009850.0,1.4947351578656765
1328012550.0,1.5864115213477703
1328015250.0,1.5550141795745276
1328017950.0,-0.7948409866000645
1328020650.0,-0.8471868738822081
1328023350.0,-0.8479801666554749
1328026050.0,-0.8412806364429457
1328028750.0,-0.8764951972481185
1328031450.0,-0.8992119054384489
1328034150.0,-0.8637773490383438
1328036850.0,-0.8439469805627766
1328039550.0,-0.8231434048631172
1328042250.0,-0.8357326346397826
1328044950.0,-0.8479090511692675
1328047650.0,-0.8303940278790378
1328050350.0,-0.7217533122531847
1328053050.0,-0.6170369814609558
1328055750.0,-0.40623304800288906
1328058450.0,0.9594083158538353
1328061150.0,1.640193185545229
1328063850.0,1.629540887437372
1328066550.0,1.6549409899324132
1328069250.0,0.33364497552392436
1328071950.0,-0.9562078863680199
1328074650.0,-1.0489499321510891
1328077350.0,-1.079851455670763
1328080050.0,-1.0899049850968368
1328082750.0,-1.0844854212232633
1328085450.0,-1.1837637401322354
1328088150.0,-1.302831056643896
1328090850.0,-1.3767460756459684
1328093550.0,-1.4070370820998335
1328096250.0,-1.5434148514536332
1328098950.0,-1.5605817257419972
1328101650.0,-1.4767146140430327
1328104350.0,-1.4256087042932677
1328107050.0,-1.4017387471927805
1328109750.0,0.557907228358232
1328112450.0,0.8966691008916428
1328115150.0,0.9427737370727414
1328117850.0,0.9391339231260929
1328120550.0,1.0211718769776041
1328123250.0,1.066870221323967
1328125950.0,1.0489296317137473
1328128650.0,1.1077231473405504
1328131350.0,1.098924708688429
1328134050.0,1.0795903270657448
1328136750.0,1.1170768706735998
1328139450.0,1.2003124985815248
1328142150.0,1.1424515956795744
1328144850.0,1.1047118522766652
1328147550.0,1.163773798985659
1328150250.0,1.2073974834500518
1328152950.0,1.1736610813964603
1328155650.0,1.2030292862277463
1328158350.0,-1.1879500775168026
1328161050.0,-2.3859411767829783
1328163750.0,-2.421174439148274
1328166450.0,-2.4378117173932594
1328169150.0,-2.3969544208909497
1328171850.0,-2.5008197611129503
1328174550.0,-2.5535747002419953
1328177250.0,-2.623511507554497
1328179950.0,-2.6882008139594404
1328182650.0,-2.819546680427493
1328185350.0,-3.000983139915462
1328188050.0,-3.044879289309364
1328190750.0,-3.040091562081386
1328193450.0,-4.815747812185293
1328196150.0,-1.8952553550340383
1328198850.0,-1.8193810813242521
1328201550.0,-1.7550342329323882
1328204250.0,-1.7518648887671873
1328206950.0,-1.7301230389644786
1328209650.0,-1.65363152396219
1328212350.0,-1.6743906656218144
1328215050.0,-1.6352664263064298
1328217750.0,-1.5971393193561312
1328220450.0,-1.6003267547799283
1328223150.0,-1.505258729600314
1328225850.0,-1.4249117070036732
1328228550.0,-1.4159093187155634
1328231250.0,-1.4203945368119832
1328233950.0,-1.3604357873109336
1328236650.0,-1.374866001440239
1328239350.0,-1.3609787800605488
1328242050.0,-1.2753340379874771
1328244750.0,-1.326865849820905
1328247450.0,-3.6551648770806935
1328250150.0,-3.8624210841187505
1328252850.0,-3.8793833005590272
1328255550.0,-3.8048104324840892
1328258250.0,-3.805869669300307
1328260950.0,-3.88442815175722
1328263650.0,-3.9521031998311855
1328266350.0,-3.941676661168401
1328269050.0,-3.9896006050423125
1328271750.0,-4.178720081101659
1328274450.0,-4.27243949569052
1328277150.0,-4.2637215207371355
1328279850.0,-4.312260968380087
1328282550.0,-4.284083566139145
1328285250.0,-4.29170027910493
1328287950.0,-4.273777485583196
1328290650.0,-4.21055106633986
1328293350.0,-4.1923682200078645
1328296050.0,-4.133059645087002
1328298750.0,-4.100135069158966
1328301450.0,-0.9579413496126676
1328304150.0,-0.09112587299881625
1328306850.0,-0.08051496942960057
1328309550.0,-0.023225596378523505
1328312250.0,-0.029496658567808254
1328314950.0,-0.05597578580159279
1328317650.0,-0.0704304478146014
1328320350.0,-0.016406824564285216
1328323050.0,0.00070324506492625
1328325750.0,-0.0037648174956359526
1328328450.0,0.009190069570024662
1328331150.0,0.012160195766313109
1328333850.0,-3.0997730653918154
1328336550.0,-3.423208243484112
1328339250.0,-3.379252427178301
1328341950.0,-3.373687669842724
1328344650.0,-3.334192796390113
1328347350.0,-3.421812697411781
1328350050.0,-3.3851690867886646
1328352750.0,-3.4336225671205227
1328355450.0,-3.5151141503195333
1328358150.0,-3.5992660499440206
1328360850.0,-3.674515263236316
1328363550.0,-3.71242929122576
1328366250.0,-3.7895678717922863
1328368950.0,-3.76727173393337
1328371650.0,-3.7494809301837506
1328374350.0,-4.3154164314751995
1328377050.0,-5.999797019962301
1328379750.0,-5.999538232023468
1328382450.0,-5.903993582998652
1328385150.0,-5.874009300108128
1328387850.0,-5.832763704448212
1328390550.0,-5.783351967884812
1328393250.0,-4.516533923688428
1328395950.0,-2.055781876126531
1328398650.0,-1.9808897727613726
1328401350.0,-1.991497088893368
1328404050.0,-2.0339565509635236
1328406750.0,-2.0621145559755405
1328409450.0,-2.0652196195515273
1328412150.0,-2.0569419729293372
1328414850.0,-1.9601283967085408
1328417550.0,-1.8272294231709907
1328420250.0,-1.824092397865627
1328422950.0,-1.9001223852656608
1328425650.0,-3.9821822914819336
1328428350.0,-4.389409265688073
1328431050.0,-4.476659306666562
1328433750.0,-4.54337514442625
1328436450.0,-4.510045213293978
1328439150.0,-4.463286051175942
1328441850.0,-4.487059116398996
1328444550.0,-4.557479185500313
1328447250.0,-4.546363429263977
1328449950.0,-4.569057876264736
1328452650.0,-4.504630578116775
1328455350.0,-4.54734289302894
1328458050.0,-4.540151268422591
1328460750.0,-4.581803244466357
1328463450.0,-4.494578128237805
1328466150.0,-4.5032515045618595
1328468850.0,-4.459779109501966
1328471550.0,-4.423677048485047
1328474250.0,-4.34657420985269
1328476950.0,-1.3471192583311336
1328479650.0,-0.7581203887995116
1328482350.0,-0.7004075244097407
1328485050.0,-0.6653298866239652
1328487750.0,-0.7349816005238949
1328490450.0,-0.7793759232417017
1328493150.0,-0.763078704345105
1328495850.0,-0.8212293979389926
1328498550.0,-0.8069102736587581
1328501250.0,-3.7605860601758536
1328503950.0,-3.812429299851374
1328506650.0,-3.7729204676988672
1328509350.0,-3.7424139073050355
1328512050.0,-3.6393484835292895
1328514750.0,-1.3344716840509534
1328517450.0,-1.1089447725786954
1328520150.0,-1.1022301301555046
1328522850.0,-1.11015169417837
1328525550.0,-1.1794421122383767
1328528250.0,-1.1741996837662043
1328530950.0,-1.2789827290715436
1328533650.0,-1.3211223879345653
1328536350.0,-1.314845939598115
1328539050.0,-1.4325303053194318
1328541750.0,-1.3782587497940995
1328544450.0,-1.414066382960499
1328547150.0,-1.4514138661147342
1328549850.0,-1.4277188083243573
1328552550.0,-1.4481228116451916
1328555250.0,-1.4005044729464373
1328557950.0,-1.4075888080958237
1328560650.0,0.25161028074475666
1328563350.0,1.1890336574011826
1328566050.0,1.1882620274487294
1328568750.0,1.2061494649410633
1328571450.0,1.1741127826156514
1328574150.0,1.0667398803087451
1328576850.0,0.9581463079692867
1328579550.0,-2.1933046522556197
1328582250.0,-2.3154160753236965
1328584950.0,-2.342020610607733
1328587650.0,-2.2614631052449568
1328590350.0,-2.2527761179903223
1328593050.0,-2.1442230092998216
1328595750.0,-2.15127584490952
1328598450.0,-2.0176465173728957
1328601150.0,0.008021000467181238
1328603850.0,0.4749664443486381
1328606550.0,0.4612342673368346
1328609250.0,0.5222723436843637
1328611950.0,0.42424750310405557
1328614650.0,0.43142443370527417
1328617350.0,0.2862142137380488
1328620050.0,0.3456716387123322
1328622750.0,0.34639009676587307
1328625450.0,0.22243272165297867
1328628150.0,0.198974787225211
1328630850.0,0.1743743578763315
1328633550.0,0.11395355783446348
1328636250.0,0.15194776618142214
1328638950.0,0.1971120765843466
1328641650.0,0.1790136061688372
1328644350.0,0.2065848262996326
1328647050.0,0.21346124266980837
1328649750.0,2.368962863184578
1328652450.0,2.692716935621945
1328655150.0,2.7024703485799364
1328657850.0,-0.10335317399000132
1328660550.0,-0.7278914470925315
1328663250.0,-0.7542926365528615
1328665950.0,-0.8237585639618032
1328668650.0,-0.8553266132516057
1328671350.0,-0.8265052264516157
1328674050.0,-0.7998879753956203
1328676750.0,-0.8115833136664037
1328679450.0,-0.8010614966119363
1328682150.0,-0.8500446184111183
1328684850.0,-0.8176119876887356
1328687550.0,-0.5529502734671041
1328690250.0,-0.3097620049475438
1328692950.0,-0.6051052835342148
1328695650.0,-0.5595586605494418
1328698350.0,-0.5272853937530044
1328701050.0,-0.5261753222748382
1328703750.0,-0.6036114028064787
1328706450.0,-0.5731819588187648
1328709150.0,-0.5443302056472987
1328711850.0,-0.5390720195197218
1328714550.0,-0.6167535074302464
1328717250.0,-0.6466063129992108
1328719950.0,-0.6534691343842667
1328722650.0,-0.6477898513421678
1328725350.0,-0.5763160467951138
1328728050.0,-0.5748565943145252
1328730750.0,-0.5567990348197043
1328733450.0,-0.548310095892333
1328736150.0,-0.5321127732491391
1328738850.0,1.5906073650148187
1328741550.0,1.8716232757833495
1328744250.0,1.7527463956855058
1328746950.0,-0.5638789408769753
1328749650.0,-0.7900782302281755
1328752350.0,-0.8236505837237758
1328755050.0,-0.8907224780720071
1328757750.0,-0.8752127893357624
1328760450.0,-0.899860170234831
1328763150.0,-0.9111522889461696
1328765850.0,-0.9016612704089368
1328768550.0,-0.9081532044224048
1328771250.0,-0.8205473466802289
1328773950.0,-0.664885548640143
1328776650.0,-0.36811067235362316
1328779350.0,1.5107833106378052
1328782050.0,1.6305121276541854
1328784750.0,1.5717647015182763
1328787450.0,1.611038772945875
1328790150.0,1.5056600392009614
1328792850.0,1.4723055582755933
1328795550.0,1.4727913360738683
1328798250.0,1.4515360564326727
1328800950.0,1.4662003320921428
1328803650.0,1.4508059430844469
1328806350.0,1.4442092239179942
1328809050.0,1.4259138054848393
1328811750.0,1.4328211114334692
1328814450.0,1.5093069495468399
1328817150.0,1.484233702763845
1328819850.0,1.507564202170272
1328822550.0,1.4829126669145865
1328825250.0,1.4449138386905531
1328827950.0,2.6298379498319946
1328830650.0,3.8289730807894102
1328833350.0,0.5057642932131614
1328836050.0,0.3168021845257556
1328838750.0,0.29712396457489376
1328841450.0,0.26585652560049766
1328844150.0,0.24906997204732306
1328846850.0,0.2376293421476987
1328849550.0,0.29179498121393976
1328852250.0,0.21302888364118644
1328854950.0,0.10489352502187899
1328857650.0,-0.07548442733636307
1328860350.0,-1.2037208735507932
1328863050.0,-1.8569724121689148
1328865750.0,-1.702062496158561
1328868450.0,0.10613030836773873
1328871150.0,0.36103389917744266
1328873850.0,0.4163660749930784
1328876550.0,0.4536647662562814
1328879250.0,0.4156270236043156
1328881950.0,0.44905388607480745
1328884650.0,0.44858512705181397
1328887350.0,0.42163740648928183
1328890050.0,0.38341078227347225
1328892750.0,0.4005292161769489
1328895450.0,0.4244690219951792
1328898150.0,0.5461682661529892
1328900850.0,0.5571862850738682
1328903550.0,0.5656527240385572
1328906250.0,0.5005545217032932
1328908950.0,0.5121215980592808
1328911650.0,0.5040758937771841
1328914350.0,0.537293608938171
1328917050.0,0.7295369803823064
1328919750.0,0.6846318618296436
1328922450.0,0.12160358016441819
1328925150.0,0.09722980540212234
1328927850.0,0.08268803341965736
1328930550.0,0.12543344795992084
1328933250.0,0.07021789170383386
1328935950.0,0.07680027174691872
1328938650.0,0.05900915432985698
1328941350.0,-0.057337226327263124
1328944050.0,-0.09375041668818085
1328946750.0,-0.19200000798784345
1328949450.0,-0.2237904331876166
1328952150.0,-1.6708652394321746
1328954850.0,-2.265018627118536
1328957550.0,-2.2770382932992845
1328960250.0,-2.241464453953654
1328962950.0,-2.362945109110143
1328965650.0,-2.477989627092711
1328968350.0,-2.37519246529925
1328971050.0,-2.240211151769927
1328973750.0,-2.295225808602595
1328976450.0,-2.221687035329211
1328979150.0,-2.229313557937104
1328981850.0,-2.1914472382938186
1328984550.0,-2.1218184208013042
1328987250.0,-2.146398739876105
1328989950.0,-2.1130952821172
1328992650.0,-2.151966651587202
1328995350.0,-2.1371873743767367
1328998050.0,-2.1309612949426366
1329000750.0,-2.1405345727331166
1329003450.0,-2.153950542958029
1329006150.0,-2.1649645655092797
1329008850.0,-2.1533184830186087
1329011550.0,0.7628664842675619
1329014250.0,0.1170513394341981
1329016950.0,-1.1800259754998592
1329019650.0,-1.2470919347889833
1329022350.0,-1.2593193613124356
1329025050.0,-1.2712405559641127
1329027750.0,-1.2059411768947257
1329030450.0,-1.1985113724395262
1329033150.0,-1.3338960112166944
1329035880.0,-1.411942214044302
1329038580.0,-1.4670275414818832
1329041280.0,-1.463075510847574
1329043980.0,-1.511222798148367
1329046680.0,-1.463566330685552
1329049380.0,-1.4536428200352702
1329052080.0,-1.435938467305533
1329054780.0,-1.4873079566577019
1329057480.0,-1.4663394226653281
1329060180.0,-1.4149717105565287
1329062880.0,-1.4318290132983407
1329065580.0,-1.4968172914230706
1329068280.0,-1.3774086848503941
1329070980.0,-1.2357639910986222
1329073680.0,-1.30888402708851
1329076380.0,-1.235709073785074
1329079080.0,-1.2732757143865285
1329081780.0,-1.2910082060794537
1329084480.0,-1.257166064578911
1329087180.0,-1.213917348484614
1329089880.0,-1.2622198168545253
1329092580.0,-1.3175189229631599
1329095280.0,-1.3000956101028862
1329097980.0,-1.3211686370064228
1329100680.0,-1.3629063827503103
1329103380.0,-1.1696340508575815
1329106080.0,-1.0968738226035555
1329108780.0,-1.0493236409651558
1329111480.0,-1.0470857921802406
1329114180.0,-1.0506134063132038
1329116880.0,-1.0420765575963742
1329119580.0,-1.1709137157841951
1329122280.0,-1.273333513478093
1329124980.0,-1.3723132001749718
1329127680.0,-1.371006310318819
1329130380.0,-1.3869686391857954
1329133080.0,-3.595784139067689
1329135780.0,-3.8288599603493765
1329138480.0,-3.766891796081609
1329141180.0,-3.7659401655254214
1329143880.0,-3.728840299209679
1329146580.0,-3.6871522982899023
1329149280.0,-3.6553891234854063
1329151980.0,-3.6658316728349405
1329154680.0,-3.666185320398199
1329157380.0,-3.5788902989844473
1329160080.0,-3.6185731019666605
1329162780.0,-3.495465667198687
1329165480.0,-3.457492323518295
1329168180.0,-3.4248287080361877
1329170880.0,-3.4370471745056648
1329173580.0,-3.408783318076729
1329176280.0,-3.4012130400381295
1329178980.0,-3.4843865122529394
1329181680.0,-3.4084792164987903
1329184380.0,-3.462132916318751
1329187080.0,-0.4548693836686084
1329189780.0,0.12378376212356557
1329192480.0,-1.798719793468024
1329195180.0,-2.567402666602078
1329197880.0,-2.583743379117408
1329200580.0,-2.583083052109771
1329203280.0,-2.528044863179275
1329205980.0,-2.567805262375259
1329208680.0,-2.6333076293591375
1329211380.0,-2.7107781246301954
1329214080.0,-2.7738751551313214
1329216780.0,-2.6936794985911945
1329219480.0,-1.2907336010087533
1329222180.0,-0.7121107969161073
1329224880.0,-0.490315565940989
1329227580.0,-0.6650985100005755
1329230280.0,-0.7170122688011986
1329232980.0,-0.7271462891851002
1329235680.0,-0.7685535571081346
1329238380.0,-0.6860387043081175
1329241080.0,-0.683867518045588
1329243780.0,-0.6810052982874595
1329246480.0,-0.7044802851248164
1329249180.0,-0.5886081999503574
1329251880.0,-0.5732598713855452
1329254580.0,-0.5493811494011425
1329257280.0,-0.5421249624339453
1329259980.0,-0.52044353805951
1329262680.0,-0.45097846935129837
1329265380.0,-0.5241740164711928
1329268080.0,-0.5331929054142108
1329270780.0,-0.5543350726234451
1329273480.0,-0.5689867220187352
1329276180.0,-0.4952806582240896
1329278880.0,-0.5770735198093746
1329281580.0,-3.8061553255890317
1329284280.0,-3.8926331286990035
1329286980.0,-3.8457165129445343
1329289680.0,-3.931383829857765
1329292380.0,-3.8799495469299927
1329295080.0,-3.5627385529637934
1329297780.0,-0.7568000756165816
1329300480.0,-0.7411051886880102
1329303180.0,-0.907500055108784
1329305880.0,-1.0000680530191062
1329308580.0,-1.9413075266810438
1329311280.0,-3.354804536009624
1329313980.0,-3.502210359398191
1329316680.0,-3.6306275627693765
1329319380.0,-3.5979220555797156
1329322080.0,-3.5545624652677077
1329324780.0,-3.4769824287934625
1329327480.0,-3.486479031460391
1329330180.0,-3.346217060556654
1329332880.0,-3.2788184733915386
1329335580.0,-3.210795042772503
1329338280.0,-2.6109010461155435
1329340980.0,-0.5342887053214156
1329343680.0,-0.4153610849227505
1329346380.0,-0.42412970677767703
1329349080.0,-0.3842219553771997
1329351780.0,-0.39581113143719904
1329354480.0,-0.5107796505170938
1329357180.0,-0.48377664863309633
1329359880.0,-0.5279587046845791
1329362580.0,-0.5213181397829487
1329365280.0,-0.6320962944096493
1329367980.0,-0.5475796818658409
1329370680.0,-0.5915410797447578
1329373380.0,-0.625814640971555
1329376080.0,-2.5142400196541814
1329378780.0,-3.4640693452905964
1329381480.0,-3.551218408116
1329384180.0,-2.9099043041929917
1329386880.0,-1.1595766847163418
1329389580.0,-1.1260312329890212
1329392280.0,-1.2348015706742785
1329394980.0,-1.2898598431667665
1329397680.0,-1.344313590598631
1329400380.0,-1.3679852361422888
1329403080.0,-1.431330293218906
1329405780.0,-1.475798543590713
1329408480.0,-1.542637122502839
1329411180.0,-1.5342380303177663
1329413880.0,-1.4876917455830778
1329416580.0,-1.440976861402362
1329419280.0,-1.4374653834266553
1329421980.0,-1.3476176254111465
1329424680.0,-1.1405526029036253
1329427380.0,0.867231308563845
1329430080.0,1.1595138055160419
1329432780.0,1.2230189318104863
1329435480.0,1.1906760339716413
1329438180.0,1.2038919109121764
1329440880.0,1.1282854832334692
1329443580.0,1.0757416359678587
1329446280.0,1.0525271285110307
1329448980.0,-1.5364515919690689
1329451680.0,-2.0633616925831006
1329454380.0,-2.089458337336737
1329457080.0,-2.113974069869073
1329459780.0,-2.10805246912696
1329462480.0,-2.0554974057475874
1329465180.0,-2.065444328991788
1329467880.0,-2.088536904559618
1329470580.0,-2.0996923342195544
1329473280.0,-2.16836804990254
1329475980.0,-2.1276113482872745
1329478680.0,-0.04195604966290034
1329481380.0,-1.2350336610981003
1329484080.0,-1.9864322756038177
1329486780.0,-2.1400390821462736
1329489480.0,-2.144582294608682
1329492180.0,-2.241760447075592
1329494880.0,-2.2829048371265515
1329497580.0,-2.2570109238917837
1329500280.0,-2.2436594898800024
1329502980.0,-2.2235996004579874
1329505680.0,-2.203185968007915
1329508380.0,-2.098620461845684
1329511080.0,-2.00972383582922
1329513780.0,-1.8450753703239116
1329516480.0,-0.4971087868526922
1329519180.0,0.41079170659349984
1329521880.0,0.4977787309430255
1329524580.0,0.4894655752725896
1329527280.0,0.482593762649941
1329529980.0,0.4856977851526949
1329532680.0,0.424989067394165
1329535380.0,0.36872430545545853
1329538080.0,-0.810582174154149
1329540780.0,-2.0427774434723176
1329543480.0,-2.161985303491406
1329546180.0,-2.1556323506308956
1329548880.0,-2.191662147714112
1329551580.0,-2.1582338497115927
1329554280.0,-2.2157831771772862
1329556980.0,-2.236117219986994
1329559680.0,-2.2987603498623344
1329562380.0,-2.3247686580025686
1329565080.0,-2.335942432609613
1329567780.0,-2.4048170039836805
1329570480.0,-2.384983023119503
1329573180.0,-2.4930149967926525
1329575880.0,-2.5697511704005365
1329578580.0,-2.643217624525903
1329581280.0,-4.088723124012262
1329583980.0,-4.755452414083919
1329586680.0,-4.742257231880188
1329589380.0,-4.719142792771748
1329592080.0,-4.625609754287751
1329594780.0,-4.572097208195288
1329597480.0,-4.495803479227817
1329600180.0,-1.2319404301174472
1329602880.0,-1.0173213261417402
1329605580.0,-0.8967499644255952
1329608280.0,-0.9038204040955122
1329610980.0,-0.88003743045428
1329613680.0,-0.8847330640016651
1329616380.0,-0.8796275413637034
1329619080.0,-0.8100256597744249
1329621780.0,-0.6821896428901084
1329624480.0,-0.6668509248214889
1329627180.0,-0.6539537993233182
1329629880.0,-0.6665037233790088
1329632580.0,-0.7149810013807496
1329635280.0,-0.7272778409370915
1329637980.0,-0.8034826405292677
1329640680.0,-1.669351027875848
1329643380.0,-3.4675873062004143
1329646080.0,-3.6097219040834148
1329648780.0,-3.634247259707678
1329651480.0,-3.648018573369484
1329654180.0,-3.532788765315928
1329656880.0,-3.4818293606741975
1329659580.0,-3.4722400796109127
1329662280.0,-3.6028368456082376
1329664980.0,-3.6299062325643945
1329667680.0,-3.6064958968223664
1329670380.0,-3.657091263468317
1329673080.0,-3.629857667009503
1329675780.0,-3.5498470153723645
1329678480.0,-3.5333631241653904
1329681180.0,-0.37197741411912943
1329683880.0,-0.13431817918802835
1329686580.0,-0.1349549108574024
1329689280.0,-0.091040492525849
1329691980.0,-0.06850175369382328
1329694680.0,-0.023977464412809013
1329697380.0,-0.03925694001361535
1329700080.0,0.05936811369500106
1329702780.0,0.08686898087719896
1329705480.0,0.17074614864969817
1329708180.0,0.21610897318814182
1329710880.0,0.26412068259870125
1329713580.0,-2.5242363946537694
1329716280.0,-2.7456008452470257
1329718980.0,-2.758402660930102
1329721680.0,-2.6960327968696447
1329724380.0,-2.7001843091764215
1329727080.0,-2.74394360096656
1329729780.0,-2.7627618252211903
1329732480.0,-2.8012065044954397
1329735180.0,-2.777309234822866
1329737880.0,-2.78803941192956
1329740580.0,-3.1291217676706253
1329743280.0,-2.8951841536317033
1329745980.0,-2.9199856589914077
1329748680.0,-2.8843143732777037
1329751380.0,-2.9237993976718712
1329754080.0,-2.9163326712338744
1329756780.0,-2.914402575086598
1329759480.0,-2.9474231694406114
1329762180.0,-2.8526264702550463
1329764880.0,-2.9246654095314284
1329767580.0,-2.889356180464546
1329770280.0,-0.36120246090598584
1329772980.0,0.7033340802482826
1329775680.0,0.7544431147917123
1329778380.0,0.7445091134576671
1329781080.0,0.7123761419161383
1329783780.0,0.6665751560043418
1329786480.0,0.6719697313852464
1329789180.0,-1.7925492366582034
1329791880.0,-2.363562932926982
1329794580.0,-2.3490798146328586
1329797280.0,-2.1647497769411643
1329799980.0,-2.065512760834423
1329802680.0,-1.9764763811280375
1329805380.0,0.06999887423722839
1329808080.0,0.49493123917875437
1329810780.0,0.5826424876237866
1329813480.0,0.5383213077473386
1329816180.0,0.48966543082710245
1329818880.0,0.34559093722288026
1329821580.0,0.3610109064460687
1329824280.0,0.30982097545967235
1329826980.0,0.650527059669713
1329829680.0,0.5197920985801545
1329832380.0,0.1811298466319613
1329835080.0,0.18381870556208924
1329837780.0,0.14422503352244576
1329840480.0,0.1967786789369086
1329843180.0,0.22241402128605614
1329845880.0,0.22393682080354438
1329848580.0,0.20483216896386125
1329851280.0,0.1571005449524705
1329853980.0,0.14924340468320452
1329856680.0,0.11773754318966212
1329859380.0,2.4521140174917946
1329862080.0,-0.20799296724288752
1329864780.0,-0.5522646911180402
1329867480.0,-0.5622408286293137
1329870180.0,-0.6096114842815723
1329872880.0,-0.6313700232230985
1329875580.0,-0.6451695004328712
1329878280.0,-0.5947442613884846
1329880980.0,-0.5288826227238701
1329883680.0,-0.4913385940825492
1329886380.0,-0.2917235871796038
1329889080.0,-0.14867392137463753
1329891780.0,-0.02298954587539015
1329894480.0,1.8295637710377264
1329897180.0,0.980008139771769
1329899880.0,-0.21389107965927678
1329902580.0,-0.294051659371263
1329905280.0,-0.4043694239434501
1329907980.0,-0.36496463089775943
1329910680.0,-0.4106632636432721
1329913380.0,-0.43583251187058636
1329916080.0,-0.4346841940381978
1329918780.0,-0.434625670809794
1329921480.0,-0.46386668077821014
1329924180.0,-0.5245827642778522
1329926880.0,-0.4680203636305009
1329929580.0,-0.49548102409937655
1329932280.0,-0.4558564628887609
1329934980.0,-0.4354705009171198
1329937680.0,-0.3655941841758761
1329940380.0,-0.37562236657916515
1329943080.0,-0.38892760197092
1329945780.0,1.166720756799009
1329948480.0,0.21769311918146173
1329951180.0,-0.40542141029933987
1329953880.0,-0.4672044174474763
1329956580.0,-0.5607166540899584
1329959280.0,-0.5215276973009395
1329961980.0,-0.5194359356408711
1329964680.0,-0.4786237538610294
1329967380.0,-0.5212279430462843
1329970080.0,-0.3773453823531554
1329972780.0,-0.34182454554496644
1329975480.0,-0.2892052032219965
1329978180.0,-0.11320696890814475
1329980880.0,0.10892899458383454
1329983580.0,1.8748595423429606
1329986280.0,1.6721495532271433
1329988980.0,-0.0666716494529851
1329991680.0,-0.1848916996797243
1329994380.0,-0.18192197218223782
1329997080.0,-0.1817127624266277
1329999780.0,-0.04366698833550231
1330002480.0,-0.11788741728716445
1330005180.0,-0.2165978125959498
1330007880.0,-0.2269103952120588
1330010580.0,-0.19875945726764144
1330013280.0,-0.27640456845790595
1330015980.0,-0.2598260038516855
1330018680.0,-0.2746609455097371
1330021380.0,-0.23763933013333371
1330024080.0,-0.16948607362036228
1330026780.0,-0.19408470430775537
1330029480.0,-0.19880387070506345
1330032180.0,-0.1601355492518337
1330034880.0,1.2505963990302575
1330037580.0,-0.0850599275841546
1330040280.0,-0.2788332527815385
1330042980.0,-0.37416076326974235
1330045680.0,-0.37888134793320205
1330048380.0,-0.42962171233543245
1330051080.0,-0.3942646731180446
1330053780.0,-0.4139416373483016
1330056480.0,-0.32771543263646663
1330059180.0,-0.3020708058621153
1330061880.0,-0.2627418326088673
1330064580.0,-0.11620954780633497
1330067280.0,0.12396249384735825
1330069980.0,0.5871986351705232
1330072680.0,1.7416143387071088
1330075380.0,0.02083713837879486
1330078080.0,-0.3199374129638102
1330080780.0,-0.3519130478146053
1330083480.0,-0.3923565561203475
1330086180.0,-0.2935784416759475
1330088880.0,-0.3435674262610462
1330091580.0,-0.4119536867037823
1330094280.0,-0.3792308958053354
1330096980.0,-0.3992423668070728
1330099680.0,-0.3871878985792421
1330102380.0,-0.38907427288560825
1330105080.0,-0.3212955388868579
1330107780.0,-0.37845733295898754
1330110480.0,-0.25698848319061085
1330113180.0,-0.31752009535168213
1330115880.0,-0.27025904514488275
1330118580.0,-0.257100795923634
1330121280.0,0.21751670785681654
1330123980.0,1.6838720498832913
1330126680.0,-0.3087415991296041
1330129380.0,-0.5051573479496767
1330132080.0,-0.5225211961463003
1330134780.0,-0.4697152874707342
1330137480.0,-0.4607584355284189
1330140180.0,-0.5031113520203689
1330142880.0,-0.44333188174371685
1330145580.0,-0.4504465642296225
1330148280.0,-0.4751565092193175
1330150980.0,-0.4075361402641988
1330153680.0,-0.44029287981533116
1330156380.0,-0.3177143776632363
1330159080.0,-0.24100717678996375
1330161780.0,1.4153039368944178
1330164480.0,1.7559477809527095
1330167180.0,1.80512311287535
1330169880.0,1.7256094810871332
1330172580.0,1.8022506099581506
1330175280.0,-0.17428392086517874
1330177980.0,-0.4824144873074374
1330180680.0,-0.5480706778650983
1330183380.0,-0.5963460514110466
1330186080.0,-0.5826973665752462
1330188780.0,-0.5712590168208465
1330191480.0,-0.5626169166853003
1330194180.0,-0.5665559822617752
1330196880.0,-0.4406392076350585
1330199580.0,-0.4174349650222666
1330202280.0,-0.42324563041299257
1330204980.0,-0.3181314679169702
1330207680.0,-0.31298632297958306
1330210380.0,-0.231362836133286
1330213080.0,-0.06404571975136264
1330215780.0,1.7939235212107576
1330218480.0,1.8909152983473234
1330221180.0,1.7936654779670675
1330223880.0,1.7810938182011
1330226580.0,1.7326879401927897
1330229280.0,1.7272105356122722
1330231980.0,1.6982115241250995
1330234680.0,1.6591661817081444
1330237380.0,-0.8151196470249431
1330240080.0,-1.342660857668676
1330242780.0,-1.3255417511979886
1330245480.0,-1.3280132752095142
1330248180.0,-1.2001672758657946
1330250880.0,-1.1025308347674638
1330253580.0,-1.0071020175165586
1330256280.0,0.9805291564977665
1330258980.0,1.109708042743648
1330261680.0,1.081212076010729
1330264380.0,1.023524855452962
1330267080.0,1.095071956612884
1330269780.0,1.0448606081935168
1330272480.0,1.0636512179106603
1330275180.0,1.070634049445033
1330277880.0,1.0977471270847161
1330280580.0,1.1705603007817729
1330283280.0,1.2030354785991335
1330285980.0,1.2718737016559771
1330288680.0,1.264732149600519
1330291380.0,1.3711396405444987
1330294080.0,1.3444314072187353
1330296780.0,1.3956260095895345
1330299480.0,1.4057904037001094
1330302180.0,1.114288084770095
1330304880.0,-1.7050950870973622
1330307580.0,-1.8769967558750125
1330310280.0,-1.8658639619962685
1330312980.0,-1.8921366133936033
1330315680.0,-1.878660117283232
1330318380.0,-1.9025783568142174
1330321080.0,-1.9636475322692206
1330323780.0,-1.9455308932440687
1330326480.0,-1.9768654981442353
1330329180.0,-2.008777441013649
1330331880.0,-2.0813609985014807
1330334580.0,0.9560423167145018
1330337280.0,1.112954973411945
1330339980.0,-0.9831402693440054
1330342680.0,-1.1318530271261977
1330345380.0,-1.2174095459976684
1330348080.0,-1.206556797571153
1330350780.0,-1.1878304715156673
1330353480.0,-1.242360789416665
1330356180.0,-1.2321473960933247
1330358880.0,-1.1848414303291008
1330361580.0,-1.1487820151557457
1330364280.0,-1.1019560096014231
1330366980.0,-1.0778677749309509
1330369680.0,-1.0260526637963494
1330372380.0,-0.9938982501430189
1330375080.0,-0.9602449913320186
1330377780.0,0.29217895609500033
1330380480.0,1.5753688155170096
1330383180.0,1.6728114865596808
1330385880.0,1.6758311415227922
1330388580.0,1.642486427126613
1330391280.0,1.5845249601986495
1330393980.0,1.5366724780111838
1330396680.0,-0.7927429689916323
1330399380.0,-1.0851598414230068
1330402080.0,-1.0978692470993394
1330404780.0,-1.1484964685128602
1330407480.0,-1.1656037256663296
1330410180.0,-1.1807193724838498
1330412880.0,-1.2382222445390312
1330415580.0,-1.3105151117904086
1330418280.0,-1.395145188338006
1330420980.0,-1.4605636378923919
1330423680.0,-0.34537676980872334
1330426380.0,0.7311063464836991
1330429080.0,0.7359399578765249
1330431780.0,0.802859039179026
1330434480.0,0.6925172814760572
1330437180.0,0.7665494013575085
1330439880.0,0.7256591714387071
1330442580.0,0.6985913990091319
1330445280.0,0.716172503688199
1330447980.0,0.7583837710296848
1330450680.0,0.7732419072222285
1330453380.0,0.7358805242512574
1330456080.0,0.7816372385292141
1330458780.0,0.8098484656416076
1330461480.0,0.809542814519773
1330464180.0,0.9000739912839606
1330466880.0,1.1936148296313434
1330469580.0,3.0608266389112373
1330472280.0,3.3048807863985417
1330474980.0,3.3170451361157802
1330477680.0,3.309186599360629
1330480380.0,3.2680901061488896
1330483080.0,3.188470371551773
1330485780.0,3.104847576048485
1330488480.0,-0.2806538604711477
1330491180.0,-0.4038303560072336
1330493880.0,-0.48665962251916994
1330496580.0,-0.5289889566807915
1330499280.0,-0.508714724631119
1330501980.0,-0.5148821653841082
1330504680.0,-0.6055241001295428
1330507380.0,-0.7577980440549084
1330510080.0,-0.8768281934095228
1330512780.0,-0.9276603354203132
1330515480.0,-0.9842261200941209
1330518180.0,0.017405960387549158
1330520880.0,-0.7307729311416438
1330523580.0,-0.9724477676199967
1330526280.0,-0.920399753558172
1330528980.0,-0.9497424954357143
1330531680.0,-0.9254319643957558
1330534380.0,-0.934162884820438
1330537080.0,-0.8818060899545515
1330539780.0,-0.8226138063674568
1330542480.0,-0.8140179393626568
1330545180.0,-0.7823479135525133
1330547880.0,-0.784282430832917
1330550580.0,-0.7124755469909871
1330553280.0,-0.661322081413914
1330555980.0,-0.5900319280592328
1330558680.0,-0.48708146146918807
1330561380.0,-0.4566656011743646
1330564080.0,-0.3878404357886325
1330566780.0,-0.3496691263469529
1330569480.0,-0.3451398930282039
1330572180.0,-0.3696949957574418
1330574880.0,-0.3674814936334201
1330577580.0,-2.0096859185223934
1330580280.0,-3.0855487340427032
1330582980.0,-3.0724677629799544
1330585680.0,-3.114314265114018
1330588380.0,-3.1400280806720957
1330591080.0,-3.2514951056126336
1330593780.0,-3.3436652193703083
1330596480.0,-3.4759371433907518
1330599180.0,-3.4969409018572435
1330601880.0,-3.5962463465070016
1330604580.0,-3.675060885472732
1330607280.0,-3.6678914612591313
1330609980.0,-3.6450628551205
1330612680.0,-3.6731024760666173
1330615380.0,-3.564340408725741
1330618080.0,-3.545151636520302
1330620780.0,-3.5339607479726283
1330623480.0,-3.3631158069526066
1330626180.0,0.07537008590401229
1330628880.0,0.4036560420339015
1330631580.0,0.5370214906526201
1330634280.0,0.576790315557048
1330636980.0,0.5542030184239195
1330639680.0,0.6037379770325799
1330642380.0,0.6340903335353403
1330645080.0,0.629424205874642
1330647780.0,0.7048104060986589
1330650480.0,0.680697002679608
1330653180.0,0.7517492973871356
1330655880.0,0.7526407869793559
1330658580.0,0.7317474669285389
1330661280.0,-2.424377451821641
1330663980.0,-2.5937147675517735
1330666680.0,-2.6276098748573418
1330669380.0,-2.6431629567025254
1330672080.0,-2.651583860772206
1330674780.0,-2.739139539574893
1330677480.0,-2.783320640206142
1330680180.0,-2.9164552789663105
1330682880.0,-2.973170922725558
1330685580.0,-3.0356775622955183
1330688280.0,-3.144279411533148
1330690980.0,-3.211731453889996
1330693680.0,-3.272537376024701
1330696380.0,-3.25208172409026
1330699080.0,-5.410906710803886
1330701780.0,-5.5139780772954055
1330704480.0,-5.502356779486888
1330707180.0,-5.392299226046163
1330709880.0,-1.8243043600928388
1330712580.0,-1.701544945238652
1330715280.0,-1.6567179698152188
1330717980.0,-1.6136919229360842
1330720680.0,-1.5991370388959751
1330723380.0,-1.5770711355092715
1330726080.0,-1.5388462178300983
1330728780.0,-1.4884918601903223
1330731480.0,-1.453268446644131
1330734180.0,-1.4243001706734049
1330736880.0,-1.3932578212799172
1330739580.0,-1.3525946612684265
1330742280.0,-1.3408238532506118
1330744980.0,-1.261299605713333
1330747680.0,-1.217169138378381
1330750380.0,-1.2513578396482217
1330753080.0,-1.285722339037818
1330755780.0,-2.6399960093772563
1330758480.0,-3.9357045377417705
1330761180.0,-4.0358338665937765
1330763880.0,-4.043467214149274
1330766580.0,-4.15525068117006
1330769280.0,-4.204774730343814
1330771980.0,-4.262420213107873
1330774680.0,-4.342833852633277
1330777380.0,-4.342334420025253
1330780080.0,-4.419205122967867
1330782780.0,-4.447786622228222
1330785480.0,-4.449965703750138
1330788180.0,-4.4270223858099484
1330790880.0,-4.406655958598236
1330793580.0,-4.298300846725823
1330796280.0,-3.0955517880362606
1330798980.0,-0.587599501208274
1330801680.0,-0.397709540578262
1330804380.0,-0.39413532546132046
1330807080.0,-0.3396715507558099
1330809780.0,-0.35019711042460244
1330812480.0,-0.3154354489222442
1330815180.0,-0.3671047786117754
1330817880.0,-2.6009331510293237
1330820580.0,-3.278619961630568
1330823280.0,-3.254416715283668
1330825980.0,-3.2188563911913377
1330828680.0,-3.203615217578971
1330831380.0,-3.1793190342271487
1330834080.0,-3.1131976007078492
1330836780.0,-3.099199975758779
1330839480.0,-3.1099160262767214
1330842180.0,-3.062157614198412
1330844880.0,-3.019621556668625
1330847580.0,-2.9473820848120624
1330850280.0,-2.97565049681441
1330852980.0,-3.026189802279987
1330855680.0,-3.068182222551343
1330858380.0,-3.3924313390377563
1330861080.0,-5.4102192614266755
1330863780.0,-5.702970656065531
1330866480.0,-5.694941100726567
1330869180.0,-5.705870074826066
1330871880.0,-5.718884907363815
1330874580.0,-5.67361840444687
1330877280.0,-5.650782239949365
1330879980.0,-5.588870703698575
1330882680.0,-5.462275745088448
1330885380.0,-2.555500035250901
1330888080.0,-1.699664026998164
1330890780.0,-1.6304897010210482
1330893480.0,-1.6117939824330563
1330896180.0,-1.604683942634864
1330898880.0,-1.622717047930223
1330901580.0,-1.596472929133114
1330904280.0,-1.9355554100676784
1330906980.0,-3.8326349132190103
1330909680.0,-3.9195829533128403
1330912380.0,-3.891176324378222
1330915080.0,-3.899268584595376
1330917780.0,-3.816424092009129
1330920480.0,-3.759462698515506
1330923180.0,-3.683924624394507
1330925880.0,-3.571579000438021
1330928580.0,-3.5879351566084097
1330931280.0,-3.5112508714007333
1330933980.0,-3.499317349994982
1330936680.0,-3.5052299834167115
1330939380.0,-3.5155577349305815
1330942080.0,-3.5265249308364446
1330944780.0,-3.545416302789505
1330947480.0,-3.6023976623598912
1330950180.0,-3.597464249241341
1330952880.0,-3.703182585630884
1330955580.0,-3.7496509141414265
1330958280.0,-3.8621942521621975
1330960980.0,-4.03343945855616
1330963680.0,-6.126393402941346
1330966380.0,-6.307856492618356
1330969080.0,-6.27024775476599
1330971780.0,-6.2308523314463
1330974480.0,-6.14076541979847
1330977180.0,-2.4739913157689557
1330979880.0,-2.2939175018407525
1330982580.0,-2.2850998442428647
1330985280.0,-2.2818735363651115
1330987980.0,-2.2936861198778615
1330990680.0,-2.2974536114969624
1330993380.0,-2.3191289790301255
1330996080.0,-2.369084002704767
1330998780.0,-2.3605918417968326
1331001480.0,-2.4821527011092144
1331004180.0,-2.3864514293856303
1331006880.0,-2.3833738328588936
1331009580.0,-2.4111780721611638
1331012280.0,-2.3398298326242184
1331014980.0,-2.3445968735945826
1331017680.0,-2.2696417369495236
1331020380.0,-2.259575431704718
1331023080.0,-2.2356555241196645
1331025780.0,-1.648008940674373
1331028480.0,0.5710954696355657
1331031180.0,0.6217207862317196
1331033880.0,0.5716225217461783
1331036580.0,0.5600756330432262
1331039280.0,0.5142610610110978
1331041980.0,0.4355781935657035
1331044680.0,0.4226425461794463
1331047380.0,0.39982418038093215
1331050080.0,0.4153855367026438
1331052780.0,0.3967197468356858
1331055480.0,0.40520195467257736
1331058180.0,0.4580645094762019
1331060880.0,0.4333136657264163
1331063580.0,0.6053743039184667
1331066280.0,-0.5209894070979999
1331068980.0,-0.9085011405693706
1331071680.0,-0.9172578215014937
1331074380.0,-0.9160149846729553
1331077080.0,-0.9353995583030894
1331079780.0,-1.000918575668976
1331082480.0,-1.0177195190971986
1331085180.0,-0.9574379453166557
1331087880.0,-1.0920313486608393
1331090580.0,-1.0598379534287972
1331093280.0,-1.0392186323271915
1331095980.0,-1.1116378537301728
1331098680.0,-1.0238274425622365
1331101380.0,-1.1636383397849102
1331104080.0,-1.1153605546719518
1331106780.0,-1.082929128159634
1331109480.0,-1.0367365932653172
1331112180.0,-0.415394719006855
1331114880.0,1.5324441830330784
1331117580.0,1.525610777758601
1331120280.0,1.5138777529971037
1331122980.0,1.451743383088683
1331125680.0,1.4043235563916596
1331128380.0,1.3868430944473005
1331131080.0,1.2825218696284821
1331133780.0,1.2765974906334634
1331136480.0,1.3064635697487006
1331139180.0,1.3117538428501803
1331141880.0,1.3271322727115091
1331144580.0,1.326378572258335
1331147280.0,1.3700070917540188
1331149980.0,1.4162385972359175
1331152680.0,2.546647540464619
1331155380.0,3.7358343618803644
1331158080.0,3.792072044964385
1331160780.0,0.1844329203022994
1331163480.0,-0.050374296064688906
1331166180.0,-0.08200058220404571
1331168880.0,-0.12421375528111867
1331171580.0,-0.169438048399968
1331174280.0,-0.22616347381654123
1331176980.0,-0.24484696618961266
1331179680.0,-0.31036413797679074
1331182380.0,-0.3697980970552237
1331185080.0,-0.4480949972336248
1331187780.0,-0.44601295658605977
1331190480.0,-0.3932692760671159
1331193180.0,-0.40214399383347654
1331195880.0,-0.36797467189907707
1331198580.0,-0.12280331999440364
1331201280.0,-0.3192779463981026
1331203980.0,-0.34082519336598693
1331206680.0,-0.38073190439885707
1331209380.0,-0.4295330375287847
1331212080.0,-0.47924882567286886
1331214780.0,-0.4659228753404534
1331217480.0,-0.47264248869879566
1331220180.0,-0.46529263124102727
1331222880.0,-0.4602610101606217
1331225580.0,-0.3959348696282916
1331228280.0,-0.3432926444210125
1331230980.0,-0.3278195435423754
1331233680.0,-0.3198019943153554
1331236380.0,-0.29810244520660945
1331239080.0,-0.2190539616695446
1331241780.0,1.3569962850725972
1331244480.0,2.0465897223560603
1331247180.0,2.0478593465891493
1331249880.0,-0.16477756967250912
1331252580.0,-0.6350596230406325
1331255280.0,-0.6839322517725179
1331257980.0,-0.6743203292509463
1331260680.0,-0.6977886169821375
1331263380.0,-0.6747129556924563
1331266080.0,-0.7250337543559624
1331268780.0,-0.7342374359348582
1331271480.0,-0.7465653614291625
1331274180.0,-0.7838896264946413
1331276880.0,-0.8168531297029347
1331279580.0,-0.8459284863381811
1331282280.0,-0.7095969733055938
1331284980.0,0.5549240802922384
1331287680.0,1.5403619724326632
1331290380.0,0.7457580682086586
1331293080.0,-0.5361902346772638
1331295780.0,-0.6971360489668257
1331298480.0,-0.7283300321550144
1331301180.0,-0.7947930500493499
1331303880.0,-0.7719842685189633
1331306580.0,-0.8270771285356489
1331309280.0,-0.7824135066027793
1331311980.0,-0.7344080618221369
1331314680.0,-0.7586898645161284
1331317380.0,-0.6755330020230019
1331320080.0,-0.6897633258629412
1331322780.0,-0.7225903641490845
1331325480.0,-0.6452026582864789
1331328180.0,-0.6764781105283078
1331330880.0,1.2379996808490148
1331333580.0,1.6696614090369906
1331336280.0,1.680098988207476
1331338980.0,1.4015457615976175
1331341680.0,-0.5819513742905542
1331344380.0,-0.7501184096495592
1331347080.0,-0.7680337005367903
1331349780.0,-0.7579302238779633
1331352480.0,-0.7667666733563294
1331355180.0,-0.8261780394109906
1331357880.0,-0.8986487859949364
1331360580.0,-0.9826350256161902
1331363280.0,-0.9868288069837945
1331365980.0,-1.053511597349143
1331368680.0,-1.125484000782734
1331371380.0,-1.0708496872480282
1331374080.0,-0.9966786396099394
1331376780.0,-0.9422260850795112
1331379480.0,1.222696571597993
1331382180.0,1.3343405954272782
1331384880.0,1.3133495626740626
1331387580.0,1.3252136264006253
1331390280.0,1.3475495847770844
1331392980.0,1.307868760636751
1331395680.0,1.396803777500196
1331398380.0,1.4278644852427647
1331401080.0,1.4384523624691496
1331403780.0,1.4222026042095308
1331406480.0,1.4471430816519444
1331409180.0,1.4548137420648288
1331411880.0,1.4855361961398899
1331414580.0,1.403939726090755
1331417280.0,1.443636978396711
1331419980.0,1.5807721883830652
1331422680.0,2.3144287738366245
1331425380.0,3.564321267409298
1331428080.0,0.345574047138399
1331430780.0,0.24970660786522103
1331433480.0,0.23972313336193452
1331436180.0,0.24715756718387638
1331438880.0,0.26879836161896264
1331441580.0,0.22273945912482418
1331444280.0,0.15253862475898927
1331446980.0,0.07454313188290485
1331449680.0,-0.1580069999119189
1331452380.0,-0.3273271161260709
1331455080.0,-2.2056750174457136
1331457780.0,-2.371919187096694
1331460480.0,-2.32763738802808
1331463180.0,-2.312386325105166
1331465880.0,-2.213928494221875
1331468580.0,-2.3244729711504704
1331471280.0,-2.2700465224135655
1331473980.0,-2.246854148869261
1331476680.0,-2.2878372459920513
1331479380.0,-2.234474509803732
1331482080.0,-2.22154210597634
1331484780.0,-2.15613846071534
1331487480.0,-2.1220068624206476
1331490180.0,-2.073098829378239
1331492880.0,-2.037355425069535
1331495580.0,-2.049143040663296
1331498280.0,-1.9826315661977105
1331500980.0,-1.983918048248512
1331503680.0,-1.9599293758518854
1331506380.0,-1.8485630863999916
1331509080.0,1.4490064925704758
1331511780.0,0.6956887748642657
1331514480.0,-1.039195005480508
1331517180.0,-1.0450015549730836
1331519880.0,-1.1253028939036653
1331522580.0,-1.1066317732615119
1331525280.0,-1.1253298706180601
1331527980.0,-1.147063263501792
1331530680.0,-1.128252861007553
1331533380.0,-1.2068362963164816
1331536080.0,-1.2911918342595072
1331538780.0,-1.4828176553115213
1331541480.0,-1.5244598878219335
1331544180.0,-2.1652236645023777
1331546880.0,-1.3988740570021605
1331549580.0,-1.435593075358355
1331552280.0,-1.3895907860766954
1331554980.0,-1.445058691535877
1331557680.0,-1.5122938737951301
1331560380.0,-1.6031966697824203
1331563080.0,-1.5612888502097633
1331565780.0,-1.4843125769039887
1331568480.0,-1.5164620411819385
1331571180.0,-1.4383104346332232
1331573880.0,-1.386131656592454
1331576580.0,-1.3150769882867905
1331579280.0,-1.2840216252713788
1331581980.0,-1.2526864229209878
1331584680.0,-1.2103022497591098
1331587380.0,-1.1367832235653736
1331590080.0,-1.0901271185410337
1331592780.0,-1.064180698179598
1331595480.0,-1.0107056540234964
1331598180.0,-1.034391453372308
1331600880.0,0.24473755237113437
1331603580.0,-0.2322413351936916
1331606280.0,-0.9979451026777895
1331608980.0,-0.9800666956026305
1331611680.0,-1.0333099699641082
1331614380.0,-1.0934408707909142
1331617080.0,-1.1098797485964553
1331619780.0,-1.143822470202224
1331622480.0,-1.1326492293108288
1331625180.0,-1.2379215015621412
1331627880.0,-1.3256336212096187
1331630580.0,-1.4259092738625725
1331633280.0,-1.4828437378182286
1331635980.0,-1.5569396099551227
1331638680.0,-2.187696334017488
1331641380.0,-3.6625969205123567
1331644080.0,-3.8020402811982876
1331646780.0,-3.8210505831479793
1331649480.0,-3.8009421064145954
1331652180.0,-3.8015296536920857
1331654880.0,-3.7273424475117167
1331657580.0,-3.6368298182877083
1331660280.0,-3.609212496853928
1331662980.0,-3.512608352709691
1331665680.0,-3.464376382985222
1331668380.0,-0.8299963182328725
1331671080.0,-0.20478132716374375
1331673780.0,-0.15248491605569825
1331676480.0,-0.13406522602059567
1331679180.0,-0.09689564411223728
1331681880.0,-0.1454958921758589
1331684580.0,-0.17415530475355467
1331687280.0,-0.2027244876542511
1331689980.0,-0.272637442900475
1331692680.0,-0.2865765755219911
1331695380.0,-0.25373132897877326
1331698080.0,-0.29345885600770316
1331700780.0,-0.3349059567858319
1331703480.0,-0.3692251225488974
1331706180.0,-0.3153152410948792
1331708880.0,-0.9974904664892676
1331711580.0,-3.3738052812793455
1331714280.0,-2.676488228864116
1331716980.0,-1.0307348889236039
1331719680.0,-0.9800230940890629
1331722380.0,-1.133285105270602
1331725080.0,-1.1200516903293476
1331727780.0,-1.243288482710625
1331730480.0,-1.2643858361481932
1331733180.0,-1.2994006858176306
1331735880.0,-1.3145891066066895
1331738580.0,-1.296210273557648
1331741280.0,-1.2850050746215516
1331743980.0,-1.1906256920099736
1331746680.0,-1.171865824767366
1331749380.0,-1.1157302436283203
1331752080.0,-0.9443942647706933
1331754780.0,0.5410003454464629
1331757480.0,1.265631831294428
1331760180.0,1.3059887622090116
1331762880.0,1.3431403066254575
1331765580.0,1.3733897153345538
1331768280.0,-1.3454915140395656
1331770980.0,-1.4826055898204231
1331773680.0,-1.4891680466743367
1331776380.0,-1.5489810086882585
1331779080.0,-1.6245674737017737
1331781780.0,-1.5985133552725586
1331784480.0,-1.6392043310723352
1331787180.0,-1.6619027418959433
1331789880.0,-1.6903150528200968
1331792580.0,-1.6759514031981837
1331795280.0,-1.6254155671855415
1331797980.0,-1.6692467433134368
1331800680.0,-1.7384430525196137
1331803380.0,-2.407469280998214
1331806080.0,-3.818995412275598
1331808780.0,-1.7985727096759092
1331811480.0,-1.6400504321998426
1331814180.0,-1.7329453855115275
1331816880.0,-1.7763984692847146
1331819580.0,-1.8327072260392185
1331822280.0,-1.8473838887313434
1331824980.0,-1.8703219763053482
1331827680.0,-1.8454214133097935
1331830380.0,-1.7607293940300508
1331833080.0,-1.7725983475058342
1331835780.0,-1.6888030694952647
1331838480.0,-1.5619800144977205
1331841180.0,-1.2502522789406783
1331843880.0,-1.0073179526989975
1331846580.0,0.7158265740510785
1331849280.0,1.1090513539859046
1331851980.0,1.1235891114567949
1331854680.0,-0.5177356085553129
1331857380.0,-1.3170205899337475
1331860080.0,-1.3444479823600375
1331862780.0,-1.3609979862484352
1331865480.0,-1.3663630200767898
1331868180.0,-1.321497878741809
1331870880.0,-1.3140679830893873
1331873580.0,-1.3520618582365103
1331876280.0,-1.410445740367635
1331878980.0,-1.3621327135208503
1331881680.0,-1.3981967161475382
1331884380.0,-1.4395254940200743
1331887080.0,-1.4183715506477483
1331889780.0,-1.492417398013771
1331892480.0,-1.5693559196353988
1331895180.0,-1.9951348523529475
1331897880.0,-3.6326896114932765
1331900580.0,-3.95779740315794
1331903280.0,-4.004386042790344
1331905980.0,-4.003272835004509
1331908680.0,-4.036979341337684
1331911380.0,-4.0347299776516365
1331914080.0,-3.968440997090596
1331916780.0,-3.8963552743740877
1331919480.0,-3.8214969474436487
1331922180.0,-3.7116022034575735
1331924880.0,-2.4437426574539813
1331927580.0,-0.1914372038859824
1331930280.0,-0.06709195067114138
1331932980.0,0.02482536764739507
1331935680.0,0.08821478747688616
1331938380.0,0.12492704070677974
1331941080.0,0.14995717775201456
1331943780.0,-0.03442871301646733
1331946480.0,-1.3663113675270893
1331949180.0,-2.0802679592878235
1331951880.0,-2.0198902717234546
1331954580.0,-2.04720661103741
1331957280.0,-2.0895914304375367
1331959980.0,-2.1356886516364852
1331962680.0,-2.12647038424916
1331965380.0,-2.1233166132231815
1331968080.0,-2.1286761777292895
1331970780.0,-2.1394981423772492
1331973480.0,-2.1096006683975475
1331976180.0,-2.181737058891599
1331978880.0,-2.1658297995162172
1331981580.0,-2.171424670096968
1331984280.0,-2.1086225678193102
1331986980.0,-2.387157690129982
1331989680.0,-2.5215163989645646
1331992380.0,-2.6460582590910633
1331995080.0,-2.6887496845286023
1331997780.0,-4.6066222616313155
1332000480.0,-4.903713409614795
1332003180.0,-4.880235577800619
1332005880.0,-4.7612624202760685
1332008580.0,-1.4616209574760717
1332011280.0,-1.3002568070356517
1332013980.0,-1.1748806395992517
1332016680.0,-1.214584076870409
1332019380.0,-1.1567016705793378
1332022080.0,-1.066617326560447
1332024780.0,-0.9006733062556123
1332027480.0,-0.7473211287169477
1332030180.0,-0.6163114662115845
1332032880.0,-0.537505388743881
1332035580.0,-0.5568811689206541
1332038280.0,-0.4980077130932443
1332040980.0,-0.44670519132947106
1332043680.0,-0.48262923232925914
1332046380.0,-0.5030250955352074
1332049080.0,-0.5535155221575678
1332051780.0,-0.5547966161451541
1332054480.0,-0.5904933111826551
1332057180.0,-0.6678495148040895
1332059880.0,-0.7013471089799168
1332062580.0,-0.7276590948183355
1332065280.0,-0.7719609770910552
1332067980.0,-0.8469003015864587
1332070680.0,-0.7867764951068068
1332073380.0,-0.8741141429642596
1332076080.0,-0.9024023245248429
1332078780.0,-1.0316130092062679
1332081480.0,-1.4665860648482294
1332084180.0,-4.438771384034965
1332086880.0,-4.518436512101971
1332089580.0,-4.531573702131027
1332092280.0,-4.516686926357863
1332094980.0,-3.8654317373409697
1332097680.0,-0.8857144752718682
1332100380.0,-0.7476170110578266
1332103080.0,-0.7583550846829041
1332105780.0,-0.7045028332038044
1332108480.0,-0.6316205776430195
1332111180.0,-0.6114619148860072
1332113880.0,-0.5439927675557215
1332116580.0,-0.4210554722111226
1332119280.0,-0.3082309828318728
1332121980.0,-0.2551093452510713
1332124680.0,-0.1962302978708408
1332127380.0,1.9568492762179517
1332130080.0,2.081859277150272
1332132780.0,2.0525232314829793
1332135480.0,2.035628152930798
1332138180.0,2.025762374498072
1332140880.0,1.9888627065179776
1332143580.0,1.9375179521048835
1332146280.0,1.832057184311651
1332148980.0,1.7741344051723615
1332151680.0,1.7908256910720297
1332154380.0,1.6882099415969378
1332157080.0,1.7452905848720377
1332159780.0,1.7185109472520992
1332162480.0,1.7186063611019051
1332165180.0,1.6222709752435094
1332167880.0,1.5793619494762083
1332170580.0,1.5210194877621177
1332173280.0,1.498713030690027
1332175980.0,1.4856227944459306
1332178680.0,1.4856637309770235
1332181380.0,1.5620303779468259
1332184080.0,3.627217178532902
1332186780.0,4.255930805552254
1332189480.0,1.1948591025312112
1332192180.0,0.3990950974677503
1332194880.0,0.4624282593782709
1332197580.0,0.45478564664585974
1332200280.0,0.5600567722016478
1332202980.0,0.5955133556011276
1332205680.0,0.6726733653315193
1332208380.0,0.7333777990672559
1332211080.0,0.8164568041547682
1332213780.0,0.845734190322986
1332216480.0,0.8769548015791884
1332219180.0,0.8332280758246497
1332221880.0,0.8539493975583241
1332224580.0,0.8832281651569076
1332227280.0,0.8282502369649194
1332229980.0,0.8284153353284012
1332232680.0,0.7295491556807576
1332235380.0,0.6999461908989417
1332238080.0,0.6109869037743749
1332240780.0,0.6080630563684224
1332243480.0,0.6187443152610115
1332246180.0,0.5380530712701272
1332248880.0,0.4773722045147224
1332251580.0,0.4567576922451906
1332254280.0,0.4498353153624919
1332256980.0,0.42808855774777044
1332259680.0,0.4060126144735534
1332262380.0,0.3390632147805377
1332265080.0,0.35718523630654886
1332267780.0,0.32952281416160645
1332270480.0,0.32167114095486227
1332273180.0,3.4901349711267073
1332275880.0,3.8416148152965377
1332278580.0,3.792537482340947
1332281280.0,2.5715707499852556
1332283980.0,0.13643559663927363
1332286680.0,0.09559843347309993
1332289380.0,0.10646922257001279
1332292080.0,0.17956613978066116
1332294780.0,0.27077920767780483
1332297480.0,0.45310939274344264
1332300180.0,0.7060498310684977
1332302880.0,0.7348221543713862
1332305580.0,2.7373088241128585
1332308280.0,2.7761330083822884
1332310980.0,2.891637774899749
1332313680.0,2.819014430751224
1332316380.0,2.7650377930805803
1332319080.0,2.7847705338965056
1332321780.0,2.728166242643084
1332324480.0,2.648340775724904
1332327180.0,2.6347172964322567
1332329880.0,2.644542401462445
1332332580.0,2.4811148966234384
1332335280.0,2.4450296263732127
1332337980.0,2.4100787785445448
1332340680.0,2.3566396841973187
1332343380.0,2.4455017523363836
1332346080.0,2.4841220184210613
1332348780.0,2.487153624028025
1332351480.0,2.371365805229516
1332354180.0,2.458124296133292
1332356880.0,2.62503499943125
1332359580.0,4.999512008717176
1332362280.0,5.015095393852135
1332364980.0,2.01405565482213
1332367680.0,1.4220759947152715
1332370380.0,1.3552744446292593
1332373080.0,1.2732613743644094
1332375780.0,1.2796857475803165
1332378480.0,1.258697477579119
1332381180.0,1.2867519406351562
1332383880.0,1.3037952054922641
1332386580.0,1.3722711159782364
1332389280.0,1.3861634140347405
1332391980.0,1.6216512471458486
1332394680.0,3.406370189128836
1332397380.0,3.7591981716944645
1332400080.0,3.700714700693908
1332402780.0,1.4266843637192892
1332405480.0,1.1321225993001462
1332408180.0,1.1249779580707298
1332410880.0,1.0958603639120668
1332413580.0,1.1919991006649013
1332416280.0,1.2357477942130686
1332418980.0,1.097929176318985
1332421680.0,1.1208354950890396
1332424380.0,1.0131095609966962
1332427080.0,1.0272818754576747
1332429780.0,1.0630357238389934
1332432480.0,1.1182072813494415
1332435180.0,1.1518534777702882
1332437880.0,1.1355887586286428
1332440580.0,1.163765450272649
1332443280.0,1.1685949073451525
1332445980.0,3.146508031307377
1332448680.0,1.957972681885252
1332451380.0,1.030522251694407
1332454080.0,0.9906543380702715
1332456780.0,0.9568997454581449
1332459480.0,0.9112825297777647
1332462180.0,0.8993402585230399
1332464880.0,0.867833888889578
1332467580.0,0.9562635582855705
1332470280.0,1.0166601340392845
1332472980.0,0.96476955132934
1332475680.0,0.9740060537128272
1332478380.0,0.9804240549651126
1332481080.0,0.976440491574067
1332483780.0,1.3875478195999733
1332486480.0,3.092676634959645
1332489180.0,1.3276027694697348
1332491880.0,0.8251166714984777
1332494580.0,0.8487169489857251
1332497280.0,0.7826498853982855
1332499980.0,0.837821901665535
1332502680.0,0.846790689761292
1332505380.0,0.9020405442862511
1332508080.0,0.8057102367511106
1332510780.0,0.7259514365101154
1332513480.0,0.7346480781062326
1332516180.0,0.7557878329696166
1332518880.0,0.7961369307481618
1332521580.0,0.8539543295490546
1332524280.0,0.8368458952412823
1332526980.0,0.908535114700527
1332529680.0,0.956595370348964
1332532380.0,1.0508902366321422
1332535080.0,3.0613481838193763
1332537780.0,1.1747026043516655
1332540480.0,0.7939105881815465
1332543180.0,0.7407848029925219
1332545880.0,0.7039895363237747
1332548580.0,0.6961629699941341
1332551280.0,0.6497251242993229
1332553980.0,0.6410799811883123
1332556680.0,0.6887681292464265
1332559380.0,0.649654983325064
1332562080.0,0.6573332080859302
1332564780.0,0.6242253868623209
1332567480.0,0.5946345617497002
1332570180.0,0.6568934688976924
1332572880.0,0.6602240622692079
1332575580.0,0.5818972717161444
1332578280.0,0.5820998834677482
1332580980.0,0.5955057992378556
1332583680.0,0.5947974022140272
1332586380.0,0.6627067486290912
1332589080.0,0.7302513749238813
1332591780.0,0.6227125319675793
1332594480.0,0.5738004678315463
1332597180.0,0.5642214328419186
1332599880.0,0.5691783524158893
1332602580.0,0.6382635978193036
1332605280.0,0.6842585435836668
1332607980.0,0.7057650809349809
1332610680.0,0.7201370988589133
1332613380.0,0.6772989698485503
1332616080.0,0.7600425737191188
1332618780.0,0.8113359877436608
1332621480.0,1.1049551387604026
1332624180.0,2.900657976044073
1332626880.0,0.9788248788645149
1332629580.0,0.6778621326887162
1332632280.0,0.5961861088152602
1332634980.0,0.575109748892487
1332637680.0,0.46840397886310825
1332640380.0,0.4982539989046302
1332643080.0,0.48869908026910025
1332645780.0,0.44767254799970146
1332648480.0,0.4010808271358144
1332651180.0,0.3863491199584814
1332653880.0,0.3593903937250502
1332656580.0,0.4051544609958171
1332659280.0,0.34654890372166847
1332661980.0,0.2224975344677773
1332664680.0,-0.03235157865137239
1332667380.0,-0.43181958545014254
1332670080.0,0.07832087055948023
1332672780.0,0.19003322061377048
1332675480.0,0.2808134047770352
1332678180.0,0.10884729004877158
1332680880.0,0.15550921475215773
1332683580.0,0.17210124023128515
1332686280.0,0.135418067598863
1332688980.0,0.16469955585449725
1332691680.0,0.23866411559370704
1332694380.0,0.2786340721689555
1332697080.0,0.2857345281241237
1332699780.0,0.3161800552823877
1332702480.0,0.3451777366798865
1332705180.0,0.49140702470486985
1332707880.0,0.7712054416772673
1332710580.0,1.456102487961374
1332713280.0,2.798815225924926
1332715980.0,1.7136345410506237
1332718680.0,0.36632652415488565
1332721380.0,0.3095904495710329
1332724080.0,0.2141042952704879
1332726780.0,0.23689787672006446
1332729480.0,0.22377722638390196
1332732180.0,0.21641614178713553
1332734880.0,0.17319248888728112
1332737580.0,0.04380029283493059
1332740280.0,0.061639080571808336
1332742980.0,0.051619001392367636
1332745680.0,-0.0175153460806996
1332748380.0,-0.0642655976688502
1332751080.0,-0.2602646753011584
1332753780.0,-0.3457054970193383
1332756480.0,-2.0387348903831253
1332759180.0,-1.2287082011949053
1332761880.0,-0.08246806501585979
1332764580.0,-0.22400740970036281
1332767280.0,-0.17727395692656955
1332769980.0,-0.25939592904973097
1332772680.0,-0.3247160663909483
1332775380.0,-0.21705090895136436
1332778080.0,-0.16052583067710202
1332780780.0,-0.1287157967992414
1332783480.0,-0.09693872533961212
1332786180.0,-0.09082540027634423
1332788880.0,-0.00251875872172036
1332791580.0,0.08437969195668416
1332794280.0,0.22681408918984403
1332796980.0,0.30457136178009137
1332799680.0,0.4455339494088264
1332802380.0,0.4667786858657621
1332805080.0,0.1633777433190744
1332807780.0,-1.8324301054502143
1332810480.0,-2.081158490289681
1332813180.0,-2.0799985892682002
1332815880.0,-2.073929723194084
1332818580.0,-2.1304793000043674
1332821280.0,-2.0829430369373085
1332823980.0,-2.144230743533825
1332826680.0,-2.222518717274369
1332829380.0,-2.2157086693152053
1332832080.0,-2.342045586720019
1332834780.0,-2.440571699071171
1332837480.0,-2.5116217715391826
1332840180.0,-2.5457364911459024
1332842880.0,-2.5997611628927757
1332845580.0,0.7535896447754169
1332848280.0,1.0049122811468862
1332850980.0,0.9686998863017777
1332853680.0,0.9850834941261724
1332856380.0,0.9557312179299231
1332859080.0,0.9196894682792163
1332861780.0,0.9920811667288092
1332864480.0,1.0136937132114952
1332867180.0,1.0685017450819032
1332869880.0,1.0531047193462655
1332872580.0,1.0943201179975688
1332875280.0,1.1666423152785512
1332877980.0,1.2343373093939078
1332880680.0,1.5637495470361387
1332883380.0,3.3984350431847474
1332886080.0,3.8069030087010276
1332888780.0,3.874024509781549
1332891480.0,3.8746680441152535
1332894180.0,3.8070173836331946
1332896880.0,3.771902828720499
1332899580.0,0.8817171396210028
1332902280.0,0.21407443295919393
1332904980.0,0.12433918336785155
1332907680.0,0.040046516858495806
1332910380.0,-0.0016720676958073
1332913080.0,-0.11637156644937363
1332915780.0,-0.15061484737452702
1332918480.0,-0.27756645341429476
1332921180.0,-0.31622975866599745
1332923880.0,-0.4433983958151373
1332926580.0,-0.5153298015558505
1332929280.0,-0.5402244796674438
1332931980.0,-0.4731915854038107
1332934680.0,-0.308521391767556
1332937380.0,1.8256983986705961
1332940080.0,1.9537718211184085
1332942780.0,2.000103722559004
1332945480.0,1.9627066285966634
1332948180.0,1.9787636807960496
1332950880.0,2.024434156680485
1332953580.0,2.154433439035529
1332956280.0,2.0641691203780965
1332958980.0,2.0133939639123355
1332961680.0,2.217949068578065
1332964380.0,2.1931070794102254
1332967080.0,2.227034109158865
1332969780.0,2.3028532915699884
1332972480.0,2.4044505999659407
1332975180.0,2.5086114432612874
1332977880.0,2.60768500540226
1332980580.0,2.725478810029074
1332983280.0,4.817915055356536
1332985980.0,5.0251251217342485
1332988680.0,4.967030973836046
1332991380.0,1.5280343546695576
1332994080.0,1.2853021622640313
1332996780.0,1.1720901057825586
1332999480.0,1.1092204247551365
1333002180.0,1.0868177709261602
1333004880.0,0.9384002284469659
1333007580.0,0.9337452117347027
1333010280.0,0.7762500892287676
1333012980.0,0.7378905849763555
1333015680.0,0.5631973710165425
1333018380.0,0.5821314671630944
1333021080.0,0.5557063800916922
1333023780.0,0.6136615167027628
1333026480.0,0.5673200569960954
1333029180.0,0.5507412025560257
1333031880.0,0.4999703347690456
1333034580.0,0.5363990573258093
1333037280.0,0.5677166610352629
1333039980.0,0.5875035733655523
1333042680.0,0.6263385277641191
1333045380.0,0.75945804392029
1333048080.0,1.127484715188217
1333050780.0,3.845328374208947
1333053480.0,3.9679343706058887
1333056180.0,4.023304852192666
1333058880.0,4.085135196776548
1333061580.0,4.099291017914794
1333064280.0,4.168546704520821
1333066980.0,4.158061132631872
1333069680.0,4.140014860890176
1333072380.0,4.1947946453918235
1333075080.0,1.1779487593593956
1333077780.0,0.6365919829362099
1333080480.0,0.5045495911932392
1333083180.0,0.501323672044748
1333085880.0,0.4666393504911355
1333088580.0,0.40730494769724146
1333091280.0,0.30667852359218273
1333093980.0,0.29304615768887743
1333096680.0,0.1589053834574372
1333099380.0,0.10327456010941205
1333102080.0,-0.04260127605024877
1333104780.0,-0.1701718871524065
1333107480.0,-1.6488026428129672
1333110180.0,-2.382753976443297
1333112880.0,-2.4851406839850085
1333115580.0,-2.467504879121293
1333118280.0,-2.3914869351526136
1333120980.0,-2.3180225724144066
1333123680.0,-2.2460440076047234
1333126380.0,0.5448934915615666
1333129080.0,1.1178330855292415
1333131780.0,1.2691973718150393
1333134480.0,1.3641284253243384
1333137180.0,1.3525662856887664
1333139880.0,1.4114726901545112
1333142580.0,1.409384151995141
1333145280.0,1.5228966767732004
1333147980.0,1.5473859726230046
1333150680.0,1.4782538369064184
1333153380.0,1.5682298348266102
1333156080.0,1.558888757511511
1333158780.0,1.6778038201251775
1333161480.0,1.7263280423188974
1333164180.0,1.6858775867251836
1333166880.0,1.7012713968081243
1333169580.0,1.6483046905956371
1333172280.0,1.6555056026561488
1333174980.0,1.6235713170410406
1333177680.0,1.6190684079561777
1333180380.0,1.530839637774477
1333183080.0,1.1185409140679212
1333185780.0,-1.779466043090963
1333188480.0,-1.937029771609133
1333191180.0,-1.9714509958732833
1333193880.0,-2.062498514992285
1333196580.0,-1.9928992887984975
1333199280.0,-2.0039563438552364
1333201980.0,-2.0209560018331274
1333204680.0,-1.9428164887160904
1333207380.0,-1.9184644369542525
1333210080.0,-1.9816411574363144
1333212780.0,-1.860611592690958
1333215480.0,1.6940590115924294
1333218180.0,1.8547280101442993
1333220880.0,1.936389826064726
1333223580.0,1.9062221687287035
1333226280.0,1.3955595045706275
1333228980.0,-0.6400583384021843
1333231680.0,-0.6549734005959635
1333234380.0,-0.5942550966215379
1333237080.0,-0.6044258602757395
1333239780.0,-0.5935758983115704
1333242480.0,-0.5163034752588089
1333245180.0,-0.45678098630082786
1333247880.0,-0.3767371114629441
1333250580.0,-0.3747943421822413
1333253280.0,-0.2974967273529501
1333255980.0,-0.4217371474753122
1333258680.0,-0.3725742006770929
1333261380.0,-0.38384105293002335
1333264080.0,-0.4146873630653545
1333266780.0,-0.4252034372822209
1333269480.0,-0.4637017718023344
1333272180.0,-1.1824332442889158
1333274880.0,-2.966423359338222
1333277580.0,-3.0120273736908416
1333280280.0,-2.9710808683989853
1333282980.0,-3.068555285131225
1333285680.0,-3.1295395142730627
1333288380.0,-3.160228028765289
1333291080.0,-3.1462348223780054
1333293780.0,-3.0577150618738074
1333296480.0,-3.0211329262712354
1333299180.0,-2.9292254033201175
1333301880.0,0.11238581549369542
1333304580.0,0.773869287603759
1333307280.0,0.8648539943472713
1333309980.0,0.863838129131949
1333312680.0,0.6835045810394433
1333315380.0,-1.2213492092157594
1333318080.0,-1.4730718027735463
1333320780.0,-1.4744690843780859
1333323480.0,-1.452347447712583
1333326180.0,-1.4303706419356388
1333328880.0,-1.3719495602134941
1333331580.0,-1.29874201134308
1333334280.0,-1.2173563222467578
1333336980.0,-1.1626828327960084
1333339680.0,-1.1453918472153077
1333342380.0,-0.09362984730802282
1333345080.0,1.3751553267413783
1333347780.0,1.4293032770659124
1333350480.0,1.3653999645268584
1333353180.0,1.378911808925153
1333355880.0,1.3487057408776195
1333358580.0,1.3502078389254848
1333361280.0,1.3124064348827744
1333363980.0,1.2233842363467318
1333366680.0,-0.9345083118047341
1333369380.0,-1.2971253957036026
1333372080.0,-1.4675091768712605
1333374780.0,-1.368203423573732
1333377480.0,-1.3923885601858785
1333380180.0,-1.2917490862824934
1333382880.0,-1.3958340857469693
1333385580.0,-1.1934766938704513
1333388280.0,-1.1730127112229525
1333390980.0,0.7064480594103202
1333393680.0,1.5565209466648184
1333396380.0,1.4897839135544473
1333399080.0,1.451734405442295
1333401780.0,1.3468474426169053
1333404480.0,0.015712964866679613
1333407180.0,-0.8212102533279904
1333409880.0,-0.9219426598786811
1333412580.0,-0.9642048917022237
1333415280.0,-0.9562891079971791
1333417980.0,-0.9287677503447469
1333420680.0,-0.9253861031467636
1333423380.0,-0.8357659976477976
1333426080.0,-0.833125692324387
1333428780.0,-0.8196949004956195
1333431480.0,-0.7650972140061754
1333434180.0,-0.7705589868753577
1333436880.0,-0.7063869585434759
1333439580.0,-0.7652192593557174
1333442280.0,-0.746770278504556
1333444980.0,-0.7421212957726482
1333447680.0,-0.7149302704073648
1333450380.0,-0.691327585605336
1333453080.0,-0.6629883891930319
1333455780.0,-0.7070236670408008
1333458480.0,-0.7655268049548454
1333461180.0,-0.7924633603400366
1333463880.0,-0.7994374650990324
1333466580.0,-0.8618843774193294
1333469280.0,-0.8178613175765008
1333471980.0,-0.8040009600610745
1333474680.0,-0.8117435390282992
1333477380.0,0.46080318982080826
1333480080.0,2.7803532100977293
1333482780.0,2.8307324282154127
1333485480.0,2.8252929953490593
1333488180.0,-0.3843319286806377
1333490880.0,-0.5692750663717163
1333493580.0,-0.616134565672354
1333496280.0,-0.6207712552373721
1333498980.0,-0.6445667756170792
1333501680.0,-0.6256230775534561
1333504380.0,-0.5768511920913113
1333507080.0,-0.613065457207
1333509780.0,-0.648261581467267
1333512480.0,-0.5908057882821254
1333515180.0,-0.7117696920466585
1333517880.0,-0.6789484803210826
1333520580.0,-0.6137484933101405
1333523280.0,-0.6517732862368462
1333525980.0,-0.6533322085042812
1333528680.0,-0.62408983441901
1333531380.0,-0.6411695537058506
1333534080.0,-0.5454444859511227
1333536780.0,-0.4658320198725221
1333539480.0,-0.4551908047006066
1333542180.0,-0.5001929946891153
1333544880.0,-0.6553703989166308
1333547580.0,-0.7127319124307405
1333550280.0,-0.5549686872397217
1333552980.0,-0.5865379507948489
1333555680.0,-0.5984639590737117
1333558380.0,-0.5725793277338198
1333561080.0,-0.6365023624874198
1333563780.0,-0.5813732976640154
1333566480.0,3.016351852078486
1333569180.0,-0.035007763539255166
1333571880.0,-0.20881136945519074
1333574580.0,-0.1288262133069793
1333577280.0,-0.1457128399334522
1333579980.0,-0.13930503000995031
1333582680.0,-0.18369328737119872
1333585380.0,-0.22325992747363443
1333588080.0,-0.2698743196358464
1333590780.0,-0.30846653403014557
1333593480.0,-0.34375322811700926
1333596180.0,-0.37769559963300026
1333598880.0,-0.4149761825571545
1333601580.0,-0.4513137169632273
1333604280.0,-0.43375480694507473
1333606980.0,-0.449718649029478
1333609680.0,-0.46962879807466607
1333612380.0,-0.44275561800066043
1333615080.0,-0.3947474856251745
1333617780.0,-0.2609012408164233
1333620480.0,0.9231905668500247
1333623180.0,2.4707518966890802
1333625880.0,2.496325628460994
1333628580.0,2.728050859924366
1333631280.0,2.5021741263896047
1333633980.0,2.4865583608129214
1333636680.0,2.4462683840706063
1333639380.0,2.527213330872172
1333642080.0,2.433636186601092
1333644780.0,2.422804318213082
1333647480.0,2.428732677734331
1333650180.0,2.41596156428605
1333652880.0,2.499852239908563
1333655580.0,2.48770699010808
1333658280.0,1.5207957691706042
1333660980.0,1.116895303094367
1333663680.0,1.1537648483979126
1333666380.0,1.1541581751926344
1333669080.0,1.1651538130222434
1333671780.0,1.1313031465926997
1333674480.0,1.084059909501633
1333677180.0,1.073913654031088
1333679880.0,1.026077257901136
1333682580.0,1.0060111989379834
1333685280.0,0.8052156711427187
1333687980.0,0.7214523428893358
1333690680.0,0.670834403665225
1333693380.0,-1.3841220799303642
1333696080.0,-1.8120375635930372
1333698780.0,-1.885753835180168
1333701480.0,-1.8137082777387548
1333704180.0,-1.8548246185328878
1333706880.0,-1.7540396822164155
1333709580.0,-1.6802360797807694
1333712280.0,-1.6382520051346319
1333714980.0,-1.998122197660905
1333717680.0,-1.9005566665387903
1333720380.0,-1.5575569041237713
1333723080.0,-1.5460493885881874
1333725780.0,-1.4711908380528484
1333728480.0,-1.588115244206307
1333731180.0,-1.5784183010033246
1333733880.0,-1.5637980934805285
1333736580.0,-1.5575388607978482
1333739280.0,-1.5339613851259628
1333741980.0,-1.443193312875593
1333744680.0,1.8814582942777633
1333747380.0,-0.40356370594886926
1333750080.0,-0.6055266967050841
1333752780.0,-0.5709896123595115
1333755480.0,-0.5917193913517167
1333758180.0,-0.5704570291840696
1333760880.0,-0.5706840299120017
1333763580.0,-0.5417533294383645
1333766280.0,-0.5494650000694605
1333768980.0,-0.5569737123543064
1333771680.0,-0.5972968294940415
1333774380.0,-0.8435795122192928
1333777080.0,-0.9719225725410752
1333779780.0,-1.1225911756509959
1333782480.0,-3.008359966084697
1333785180.0,-3.319779560225669
1333787880.0,-3.307728344020603
1333790580.0,-3.2913452490147392
1333793280.0,-3.1247607741709658
1333795980.0,-2.3598566504713574
1333798680.0,-0.2883578590611364
1333801380.0,-0.25440478154496304
1333804080.0,-0.24893254435775702
1333806780.0,-0.24828932035657658
1333809480.0,-0.21234829749460005
1333812180.0,-0.1541783689166607
1333814880.0,-0.16930380360471986
1333817580.0,-0.1571182938362199
1333820280.0,-0.18203456208536295
1333822980.0,-0.11687763779480065
1333825680.0,-0.1144203400921242
1333828380.0,-0.16695306331146753
1333831080.0,-0.1449720872280409
1333833780.0,-0.9787758900859842
1333836480.0,-0.27883622265312624
1333839180.0,-0.25568956392146447
1333841880.0,-0.26282840297281496
1333844580.0,-0.2320816710083875
1333847280.0,-0.22093921283592977
1333849980.0,-0.2077130846562909
1333852680.0,-0.1941648673295333
1333855380.0,-0.11909589794149156
1333858080.0,-0.2465245386531194
1333860780.0,-0.36918425652709175
1333863480.0,-0.3713613321239677
1333866180.0,-0.5758774338535773
1333868880.0,-0.8303973486526388
1333871580.0,-2.763827647718557
1333874280.0,-3.0241298848583256
1333876980.0,-3.067317722576547
1333879680.0,-2.9845551148779066
1333882380.0,-2.980737184416114
1333885080.0,-2.880487154329984
1333887780.0,-3.0129982622089244
1333890480.0,-2.9633413155567894
1333893180.0,-2.8739600919356576
1333895880.0,-2.8040893786603647
1333898580.0,-2.750201747548715
1333901280.0,-2.628042617789049
1333903980.0,-2.682321652209538
1333906680.0,-2.6477536057670648
1333909380.0,-2.577718667529723
1333912080.0,-2.6223176278451774
1333914780.0,-2.6095844124952805
1333917480.0,0.27384028071367084
1333920180.0,0.8317815707634963
1333922880.0,-0.6956210932325462
1333925580.0,-1.5557410412602906
1333928280.0,-1.5537317576571752
1333930980.0,-1.5373051714226733
1333933680.0,-1.545589132383384
1333936380.0,-1.4844025097940516
1333939080.0,-1.5117695789588481
1333941780.0,-1.4832199696418797
1333944480.0,-1.5911893111564268
1333947180.0,-1.6506176803100345
1333949880.0,-1.6643320594408806
1333952580.0,-1.8446507274892383
1333955280.0,-2.0385193429135313
1333957980.0,-2.668433864476185
1333960680.0,-4.021674582968842
1333963380.0,-3.359701654253996
1333966080.0,-1.5995720935192992
1333968780.0,-1.5430686759623597
1333971480.0,-1.470815400555125
1333974180.0,-1.5846602342304834
1333976880.0,-1.5747756664457313
1333979580.0,-1.5518537169959927
1333982280.0,-1.5296883722433279
1333984980.0,-1.5081876999137194
1333987680.0,-1.4840562160356967
1333990380.0,-1.460511519804328
1333993080.0,-1.395745124003895
1333995780.0,-1.3070772158775696
1333998480.0,-1.3153478252800141
1334001180.0,-1.2817329986916661
1334003880.0,-1.311783722910917
1334006580.0,-1.2066132403333825
1334009280.0,-0.7672722411716393
1334011980.0,-1.2189776186949643
1334014680.0,-1.2706821477807182
1334017380.0,-1.2385833785895386
1334020080.0,-1.2469571310417678
1334022780.0,-1.2904945178656249
1334025480.0,-1.2737420810727542
1334028180.0,-1.2309329685373314
1334030880.0,-1.2859928928455417
1334033580.0,-1.304340582092152
1334036280.0,-1.3114929702063591
1334038980.0,-1.394776271080218
1334041680.0,-1.412195756541621
1334044380.0,-1.6526360213690907
1334047080.0,-1.827413478831744
1334049780.0,-3.6783144313407377
1334052480.0,-3.999668478068145
1334055180.0,-4.073870217696083
1334057880.0,-3.981393238909817
1334060580.0,-3.9676811948027932
1334063280.0,-3.9903156546704963
1334065980.0,-3.9331095774908533
1334068680.0,-3.8218684139769152
1334071380.0,-3.81746591646737
1334074080.0,-3.7520688314135384
1334076780.0,-3.73312283453771
1334079480.0,-3.6427776010407626
1334082180.0,-2.092260967588942
1334084880.0,-0.346785934631356
1334087580.0,-0.26463821822255795
1334090280.0,-0.2774487553158451
1334092980.0,-0.265051230394306
1334095680.0,-0.24466458059512775
1334098380.0,-0.3858757828990633
1334101080.0,-0.586925367647865
1334103780.0,-2.59026678168766
1334106480.0,-2.7208953784264907
1334109180.0,-2.690406929901286
1334111880.0,-2.7207951062361815
1334114580.0,-2.7382545921877863
1334117280.0,-2.7735856208961707
1334119980.0,-2.7911491468126712
1334122680.0,-2.770669260442361
1334125380.0,-2.7860053820664348
1334128080.0,-2.8085076866213114
1334130780.0,-2.8890069506332736
1334133480.0,-2.9126480223597184
1334136180.0,-2.906801537774328
1334138880.0,-0.5621547683619781
1334141580.0,-0.5381242080948994
1334144280.0,-2.4642584311438895
1334146980.0,-2.572834133677077
1334149680.0,-2.622762381641195
1334152380.0,-2.62912556317292
1334155080.0,-2.6180382231572707
1334157780.0,-2.6578886723052335
1334160480.0,-2.5769936177142085
1334163180.0,-2.5481269939642743
1334165880.0,-2.4822933260614093
1334168580.0,-2.3626800533402843
1334171280.0,-1.6019293765265843
1334173980.0,-0.34074124106766135
1334176680.0,-0.16919927732635642
1334179380.0,-0.19081031660610392
1334182080.0,-0.14007459217680207
1334184780.0,-0.1996911547579998
1334187480.0,-0.25868375389453035
1334190180.0,-0.2453076698298844
1334192880.0,-0.27722682060704074
1334195580.0,-0.2312938588945599
1334198280.0,-0.2802731232111455
1334200980.0,-0.29959725838381246
1334203680.0,-0.3884874606778794
1334206380.0,-0.4291983051658974
1334209080.0,-0.39871582714783926
1334211780.0,-0.5164543931470291
1334214480.0,-0.5107669732798001
1334217180.0,-0.5903680350184288
1334219880.0,-0.6280113278577915
1334222580.0,-3.7977593336151187
1334225280.0,-3.9720754794197717
1334227980.0,-4.025795860357476
1334230680.0,-4.001772434493773
1334233380.0,-4.022017366477314
1334236080.0,-4.015972132424793
1334238780.0,-4.011734807909477
1334241480.0,-3.97901653126101
1334244180.0,-3.9077642988995933
1334246880.0,-3.922283236683569
1334249580.0,-3.814173856157737
1334252280.0,-0.6052792656335271
1334254980.0,-0.3342378243077917
1334257680.0,-0.29197304033795035
1334260380.0,-0.2368851615459846
1334263080.0,-0.20220207964678139
1334265780.0,-1.3254462636150777
1334268480.0,-2.5363404113172408
1334271180.0,-2.6067878361847647
1334273880.0,-2.5618571658815767
1334276580.0,-2.588057016765589
1334279280.0,-2.547735374029827
1334281980.0,-2.5628587704595134
1334284680.0,-2.516063665334258
1334287380.0,-2.5519549266456636
1334290080.0,-2.6105691933794333
1334292780.0,-2.6021857449002255
1334295480.0,-2.5878795393543896
1334298180.0,-2.6613990450119616
1334300880.0,-2.6452497197873015
1334303580.0,-2.6981474646772483
1334306280.0,-2.6825548765263534
1334308980.0,-2.751245501232148
1334311680.0,-3.867488712638135
1334314380.0,-5.053795789137297
1334317080.0,-5.1165566273901675
1334319780.0,-5.277708104467337
1334322480.0,-5.207639177564545
1334325180.0,-5.27770045413763
1334327880.0,-5.249621304678669
1334330580.0,-2.8980817505180596
1334333280.0,-1.801462876283324
1334335980.0,-1.7901919527553218
1334338680.0,-1.7052561621104587
1334341380.0,-1.5551153792842456
1334344080.0,-1.5200501187711666
1334346780.0,-1.4401591009564356
1334349480.0,-1.2934802672735657
1334352180.0,-1.1661245648752754
1334354880.0,-1.238746604181614
1334357580.0,-3.0214041994590843
1334360280.0,-2.5026231998559467
1334362980.0,-1.0291794849283633
1334365680.0,-0.9401121411168276
1334368380.0,-0.914857973038778
1334371080.0,-0.851600475284954
1334373780.0,-0.8781464640067895
1334376480.0,-0.9318324757678624
1334379180.0,-0.9781230454955505
1334381880.0,-0.9545316370400485
1334384580.0,-0.953815104054371
1334387280.0,-1.0263621317340608
1334389980.0,-1.0834435769109518
1334392680.0,-1.1037177571085692
1334395380.0,-1.1615336736275026
1334398080.0,-1.2476384239413107
1334400780.0,-1.1821362599283702
1334403480.0,-1.2999824847814807
1334406180.0,-2.2812914450720427
1334408880.0,-3.6287153295251926
1334411580.0,-3.643337344550929
1334414280.0,-3.712879901969501
1334416980.0,-3.7309749395949154
1334419680.0,-1.3419582976235063
1334422380.0,-1.0239602345386345
1334425080.0,-1.0030889954276176
1334427780.0,-0.9810324188993889
1334430480.0,-0.9056200868064934
1334433180.0,-0.80325756817453
1334435880.0,-0.7400379827138295
1334438580.0,-0.6353350820183152
1334441280.0,-0.4731357709813153
1334443980.0,-0.4280011134010806
1334446680.0,-0.40799564770833285
1334449380.0,-0.3773073613190263
1334452080.0,-0.3329424783798913
1334454780.0,1.8324416965612897
1334457480.0,1.9573717789460545
1334460180.0,2.002796987389047
1334462880.0,1.859461662659271
1334465580.0,1.8928492219878592
1334468280.0,1.8888644210366863
1334470980.0,1.8083407299830867
1334473680.0,1.8062576978909988
1334476380.0,1.7620487871043906
1334479080.0,1.7516104855821197
1334481780.0,1.726952780188725
1334484480.0,1.787521275672475
1334487180.0,1.7323905795023506
1334489880.0,1.722382865100144
1334492580.0,1.7230019931380696
1334495280.0,1.6401454241157296
1334497980.0,1.5982931581534103
1334500680.0,1.6445110490089974
1334503380.0,1.4843888161771304
1334506080.0,1.4774263156255927
1334508780.0,1.4182860453260275
1334511480.0,1.391837764870445
1334514180.0,-1.7792018014501707
1334516880.0,0.47244099379256
1334519580.0,0.508469549379214
1334522280.0,0.5761586905748572
1334524980.0,0.6470215073917132
1334527680.0,0.7350187113341349
1334530380.0,0.8123699737983259
1334533080.0,0.9808070153605684
1334535780.0,1.026764703089185
1334538480.0,1.1445896697225635
1334541180.0,1.157037869202469
1334543880.0,1.2163776185088864
1334546580.0,1.2544326398581518
1334549280.0,1.1688211414492855
1334551980.0,1.1635925192811385
1334554680.0,1.1420071672815766
1334557380.0,1.1063128719501378
1334560080.0,1.0820687748062312
1334562780.0,1.0760349050672744
1334565480.0,1.0279245418440723
1334568180.0,0.9704434121065617
1334570880.0,1.0207019865794678
1334573580.0,0.9423053692391079
1334576280.0,0.9347203834018103
1334578980.0,1.0031708975225797
1334581680.0,0.9014060848950294
1334584380.0,0.8503426413584236
1334587080.0,0.903720309929696
1334589780.0,0.7887914344787532
1334592480.0,0.8013625224463112
1334595180.0,0.7419770092033673
1334597880.0,-2.5644969352117926
1334600580.0,0.5469036998747185
1334603280.0,0.5714970527563423
1334605980.0,0.5698740176245565
1334608680.0,0.6032071804636416
1334611380.0,0.6680457809740972
1334614080.0,0.7263281026581581
1334616780.0,0.7543720932553128
1334619480.0,0.809536793343625
1334622180.0,0.9627554381962682
1334624880.0,1.110198882002038
1334627580.0,2.9890632001746553
1334630280.0,3.3833913293874787
1334632980.0,3.333691428492301
1334635680.0,3.309718365979336
1334638380.0,3.324514603645923
1334641080.0,3.2983879095733357
1334643780.0,3.2741767956674437
1334646480.0,3.1610517418489223
1334649180.0,3.157075647175077
1334651880.0,3.08555634174121
1334654580.0,3.050243249256681
1334657280.0,3.110856071599727
1334659980.0,3.0555158968437013
1334662680.0,3.0528933394278397
1334665380.0,3.036824309884196
1334668080.0,3.019697431963806
1334670780.0,3.0176945012431986
1334673480.0,3.0208977704359654
1334676180.0,2.8957879718998356
1334678880.0,2.913324036567559
1334681580.0,2.9239800166560883
1334684280.0,1.8009553515744585
1334686980.0,1.6392071080854862
1334689680.0,1.8576973869915605
1334692380.0,1.8515156193273867
1334695080.0,1.8505308780184748
1334697780.0,1.860377487021026
1334700480.0,1.8340699040533082
1334703180.0,1.8025478502096917
1334705880.0,1.8136019567910182
1334708580.0,1.9009725177407688
1334711280.0,2.0517336210106123
1334713980.0,2.2242453596928726
1334716680.0,2.333944851725704
1334719380.0,4.437846980247883
1334722080.0,4.431310051441159
1334724780.0,4.503977543023723
1334727480.0,4.488846750704795
1334730180.0,4.417857582044661
1334732880.0,4.381600593170759
1334735580.0,4.263043696121031
1334738280.0,4.234428534837207
1334740980.0,4.233156550571948
1334743680.0,4.209716174679983
1334746380.0,4.224812197544082
1334749080.0,4.265905731585576
1334751780.0,4.300200227758296
1334754480.0,4.231707249155221
1334757180.0,4.207184598582586
1334759880.0,4.217315372275834
1334762580.0,4.197175271291258
1334765280.0,4.194874442315211
1334767980.0,4.169591869408833
1334770680.0,4.154689621079996
1334773380.0,1.7190684132277738
1334776080.0,2.888695469549873
1334778780.0,2.869292860392335
1334781480.0,2.894316351519848
1334784180.0,2.862976268171252
1334786880.0,2.8691548057302043
1334789580.0,2.7709638578731415
1334792280.0,2.7662515323599735
1334794980.0,2.7813270550018103
1334797680.0,2.8046757753043607
1334800380.0,2.8856476288736985
1334803080.0,3.1062445354451143
1334805780.0,3.3117334533743303
1334808480.0,4.871645313922926
1334811180.0,5.07706777754936
1334813880.0,5.009329912120563
1334816580.0,5.033415524635444
1334819280.0,4.958563540368317
1334821980.0,4.92701670689749
1334824680.0,4.899365527045006
1334827380.0,4.922786349461205
1334830080.0,4.9073499231454605
1334832780.0,4.916312313942768
1334835480.0,4.965370668623962
1334838180.0,4.870416663911612
1334840880.0,4.853319899025621
1334843580.0,4.843861620104775
1334846280.0,4.817100348356433
1334848980.0,4.872081522625024
1334851680.0,4.861372660393613
1334854380.0,4.807113989688133
1334857080.0,4.85888801133072
1334859780.0,4.839271248873814
1334862480.0,6.766972537700497
1334865180.0,3.5673080977455243
1334867880.0,3.4810551572895463
1334870580.0,3.4666792878846593
1334873280.0,3.421319468087461
1334875980.0,3.4069752434368183
1334878680.0,3.350465537573598
1334881380.0,3.3076613737428318
1334884080.0,3.247762881473335
1334886780.0,3.294774644097629
1334889480.0,3.3955773741482744
1334892180.0,3.3037723183130936
1334894880.0,3.3327699590417126
1334897580.0,3.3786766098772034
1334900280.0,3.3578408417554897
1334902980.0,3.4764328709383676
1334905680.0,3.4890404987905583
1334908380.0,3.5475697900438092
1334911080.0,5.564215659785816
1334913780.0,5.153627641008086
1334916480.0,2.9967171678759996
1334919180.0,2.9377762677146677
1334921880.0,2.9582362418315995
1334924580.0,2.8732476135798493
1334927280.0,2.9435962092474597
1334929980.0,2.9409008497808315
1334932680.0,2.90891641154289
1334935380.0,2.857281856285482
1334938080.0,2.8952151072015795
1334940780.0,2.945568033024017
1334943480.0,2.9812447312799293
1334946180.0,3.011635283886079
1334948880.0,3.2124382015172728
1334951580.0,4.365156139289354
1334954280.0,2.853222041287296
1334956980.0,2.7547711360632263
1334959680.0,2.7284177246104093
1334962380.0,2.6236274224300473
1334965080.0,2.6369739805546146
1334967780.0,2.6145816860555158
1334970480.0,2.5838666127735053
1334973180.0,2.5476057534697816
1334975880.0,2.559087422263815
1334978580.0,2.5545222810567907
1334981280.0,2.4523041295418864
1334983980.0,2.50634882995584
1334986680.0,2.4837122253604207
1334989380.0,2.576616011450369
1334992080.0,2.5931756953737874
1334994780.0,2.648135958979111
1334997480.0,2.550165543409463
1335000180.0,2.0083649698086106
1335002880.0,0.08271340757372059
1335005580.0,0.024889750356322793
1335008280.0,0.08530861072603102
1335010980.0,0.05379241688220304
1335013680.0,0.022051495037089808
1335016380.0,0.05317304099946796
1335019080.0,0.054450806424995335
1335021780.0,0.10667404489058185
1335024480.0,0.10155796795160654
1335027180.0,0.09564991721580896
1335029880.0,0.21451030364670487
1335032580.0,0.3194906491469567
1335035280.0,3.647787181019652
1335037980.0,3.744581183637024
1335040680.0,2.7250965204762565
1335043380.0,1.5313195350526314
1335046080.0,1.3890182020187467
1335048780.0,1.3011940201020877
1335051480.0,1.2779448842343584
1335054180.0,1.2610845470022127
1335056880.0,1.2730727165056521
1335059580.0,1.2754131386149652
1335062280.0,1.295696804161821
1335064980.0,1.2764193214744353
1335067680.0,1.2618367912311328
1335070380.0,1.3185369324871488
1335073080.0,1.3118589261027012
1335075780.0,1.293904920335649
1335078480.0,1.232026383032121
1335081180.0,1.3263898269998151
1335083880.0,3.6532095571301113
1335086580.0,3.6054808441624573
1335089280.0,1.3873077208848485
1335091980.0,1.2631882674880046
1335094680.0,1.3108058548355928
1335097380.0,1.3476295540952208
1335100080.0,1.3856142702694285
1335102780.0,1.3893723887240412
1335105480.0,1.3689759694964891
1335108180.0,1.4036120356662707
1335110880.0,1.41011351341254
1335113580.0,1.3821546839879204
1335116280.0,1.4543349617367767
1335118980.0,1.4630773271181567
1335121680.0,1.9005551972104797
1335124380.0,3.642411528351431
1335127080.0,3.715363173774165
1335129780.0,2.15299928781576
1335132480.0,1.4711320718841705
1335135180.0,1.4161454918524043
1335137880.0,1.3873821199341592
1335140580.0,1.329633232289524
1335143280.0,1.3565539658938803
1335145980.0,1.2937771361064279
1335148680.0,1.3089782446307936
1335151380.0,1.249278657650109
1335154080.0,1.2651282717433219
1335156780.0,1.246626289480588
1335159480.0,1.1495803359059664
1335162180.0,1.153131682158829
1335164880.0,1.1230903240838472
1335167580.0,1.1098357725349786
1335170280.0,0.9327666733990156
1335172980.0,-0.06596996570570468
1335175680.0,0.9672079193071568
1335178380.0,1.0497201203478141
1335181080.0,1.0077702898086045
1335183780.0,1.1060162573755008
1335186480.0,1.058410351573258
1335189180.0,1.1816756177225045
1335191880.0,1.1134508512958234
1335194580.0,1.1905247291126102
1335197280.0,1.1990058648936213
1335199980.0,1.208377126835643
1335202680.0,1.2636004203864104
1335205380.0,1.2847653140261173
1335208080.0,1.383733535106984
1335210780.0,1.7171627661118407
1335213480.0,2.8098668564982745
1335216180.0,3.654626819349801
1335218880.0,1.8088750614714684
1335221580.0,1.418152475140829
1335224280.0,1.3204728417342153
1335226980.0,1.2881888015612901
1335229680.0,1.1948706172622963
1335232380.0,1.2141886040106442
1335235080.0,1.2148867489609358
1335237780.0,1.154402161362185
1335240480.0,1.1115413974056878
1335243180.0,1.1340734934801162
1335245880.0,1.1088819278233757
1335248580.0,1.1336789858247869
1335251280.0,1.032235178746589
1335253980.0,1.0245855799560388
1335256680.0,0.9217932426679738
1335259380.0,0.8607276724435451
1335262080.0,0.8066289504459689
1335264780.0,1.0128026173202045
1335267480.0,0.7994793280865338
1335270180.0,0.8599297679644167
1335272880.0,0.8894436488301949
1335275580.0,0.9019321411022077
1335278280.0,0.8473618212349834
1335280980.0,0.9930692154869121
1335283680.0,0.9521502531472947
1335286380.0,0.9697977524795931
1335289080.0,1.0300151690161385
1335291780.0,1.049724774554761
1335294480.0,1.0715798986519758
1335297180.0,1.1656535513960193
1335299880.0,1.273188918062857
1335302580.0,1.468199399933951
1335305280.0,1.4865979772789046
1335307980.0,1.4190059287725205
1335310680.0,0.6636583892609451
1335313380.0,-0.7676155314324262
1335316080.0,-0.8296396501756078
1335318780.0,-0.7729166005039474
1335321480.0,-0.7602213589913163
1335324180.0,-0.7533935325872676
1335326880.0,-0.8225729460743025
1335329580.0,-0.8068516985020153
1335332280.0,-0.8268993268214047
1335334980.0,-0.8445768668070457
1335337680.0,-0.9149773204229916
1335340380.0,-0.917034495893887
1335343080.0,-1.009889692257417
1335345780.0,-1.000553475716174
1335348480.0,-1.0933760180685397
1335351180.0,-1.148348219332803
1335353880.0,-1.1595519137910628
1335356580.0,-1.0720115733384716
1335359280.0,-1.0531188209256186
1335361980.0,-1.0548724841912076
1335364680.0,-1.0345215883925505
1335367380.0,-0.9555699487845288
1335370080.0,-0.9543426927686482
1335372780.0,-0.9302931005341861
1335375480.0,-0.8507610585160705
1335378180.0,1.973945525835859
1335380880.0,3.1772076515246965
1335383580.0,3.2422723837212573
1335386280.0,3.2574763413792596
1335388980.0,3.3359705145447265
1335391680.0,3.3458140914802357
1335394380.0,3.2274056013687016
1335397080.0,-0.0978502005864641
1335399780.0,-0.1954169853914891
1335402480.0,-0.19493183540845394
1335405180.0,-0.24045248873605374
1335407880.0,-0.14323332079456463
1335410580.0,-0.20094918223935565
1335413280.0,-0.21373970254953178
1335415980.0,-0.2115023662187241
1335418680.0,-0.25611884480440494
1335421380.0,-0.2464817598491038
1335424080.0,-0.35993697417234216
1335426780.0,-0.3891507025780072
1335429480.0,-0.5717495000873214
1335432180.0,-0.9820994078983745
1335434880.0,-2.9585647243599453
1335437580.0,-2.9971880225663483
1335440280.0,-2.9341441141130247
1335442980.0,-2.9116225203015347
1335445680.0,-2.8192059851324416
1335448380.0,-0.22928942923724094
1335451080.0,0.5744509001307847
1335453780.0,0.6109583484229404
1335456480.0,0.6178271707304646
1335459180.0,0.655218349697293
1335461880.0,0.6897484076980049
1335464580.0,0.7131943004497998
1335467280.0,0.7499004401342688
1335469980.0,0.7795872684269511
1335472680.0,0.832396855980619
1335475380.0,0.8913806595224685
1335478080.0,0.9648977828333614
1335480780.0,1.0168132394351517
1335483480.0,0.986239788674709
1335486180.0,1.3372385982649746
1335488880.0,2.0421930669548374
1335491580.0,0.9886892097584621
1335494280.0,0.9956450436777402
1335496980.0,0.9081092726055715
1335499680.0,0.9342748046919667
1335502380.0,0.9320564211241447
1335505080.0,0.8847383382993996
1335507780.0,0.8705819683200104
1335510480.0,0.7873178534579779
1335513180.0,0.7644178298257884
1335515880.0,0.6498118751039499
1335518580.0,0.656150771574886
1335521280.0,0.5450425135470027
1335523980.0,0.5424583610008256
1335526680.0,0.5109382009548256
1335529380.0,0.4921163172864169
1335532080.0,0.5819054476018266
1335534780.0,0.6449809702066318
1335537480.0,0.5437868691544452
1335540180.0,2.0451392334272214
1335542880.0,3.324884410258278
1335545580.0,3.3233375588064007
1335548280.0,3.3483456236603217
1335550980.0,3.3099257068257657
1335553680.0,3.346209926662766
1335556380.0,0.7457912868913752
1335559080.0,0.22239462222987072
1335561780.0,0.22234168615526073
1335564480.0,0.2677991066667289
1335567180.0,0.2988531743043268
1335569880.0,0.4157542241327121
1335572580.0,0.4487498584559546
1335575280.0,0.5336190749587786
1335577980.0,0.716857865482126
1335580680.0,0.7128745450889085
1335583380.0,0.7285646505899877
1335586080.0,0.6728076418232831
1335588780.0,0.712263605355588
1335591480.0,0.7088604460532508
1335594180.0,0.6497386855024558
1335596880.0,0.5699023134190213
1335599580.0,0.5597680799210707
1335602280.0,-0.34454868357062196
1335604980.0,-2.050236433628527
1335607680.0,-2.2220772514495764
1335610380.0,-2.210251248749387
1335613080.0,-2.2812205928773324
1335615780.0,-2.1746180508140185
1335618480.0,-2.1696797833039057
1335621180.0,-2.095257442794491
1335623880.0,-2.1914965735799115
1335626580.0,-2.060974133511337
1335629280.0,1.1012627984722485
1335631980.0,1.559776564895543
1335634680.0,1.646125743857823
1335637380.0,1.6930693059836983
1335640080.0,1.553127743541836
1335642780.0,0.1490686119898328
1335645480.0,-0.502069011619227
1335648180.0,-0.4593140620631857
1335650880.0,-0.41878305320844333
1335653580.0,-0.40302204041088885
1335656280.0,-0.28245731598505586
1335658980.0,-0.1783689594922464
1335661680.0,-0.09325007913417949
1335664380.0,2.180120123138181
1335667080.0,2.5127005393651416
1335669780.0,2.4450552249330997
1335672480.0,2.474580433699572
1335675180.0,2.5299790498702635
1335677880.0,2.4580464563980513
1335680580.0,2.4246636585022543
1335683280.0,2.3228307442271614
1335685980.0,2.3102569439950287
1335688680.0,2.2803434148078736
1335691380.0,2.415100519508485
1335694080.0,2.317437961853102
1335696780.0,0.2898737764280668
1335699480.0,0.29684170743865934
1335702180.0,0.5136885051070692
1339563075.0,1.533612615566824
1339565775.0,1.3946197236453202
1339568475.0,1.1504952495637895
1339571175.0,0.9530283522155116
1339573875.0,0.7478364456387965
1339576575.0,0.6338818983484487
1339579275.0,0.616047981380774
1339581975.0,0.6737662477160882
1339584675.0,0.7349133824183127
1339587375.0,0.7789489908085159
1339590075.0,0.7620050393763051
1339592775.0,0.7288459993743857
1339595475.0,0.7638955370620693
1339598175.0,0.768883798319763
1339600875.0,0.7429960108501916
1339603575.0,0.5900058954377414
1339606275.0,-1.8024492520688682
1339608975.0,-2.0182681872328203
1339611675.0,-2.0229609661963366
1339614375.0,0.30689411570278935
1339617075.0,0.6851828174083607
1339619775.0,0.7207512087231578
1339622475.0,0.674718278286349
1339625175.0,0.718132020895581
1339627875.0,0.6172768135295996
1339630575.0,0.7198867345497035
1339633275.0,0.8270869961060043
1339635975.0,0.9538267496385799
1339638675.0,0.9766581347001022
1339641375.0,0.9082515569677412
1339644075.0,0.9411049372114064
1339646775.0,0.8954527585776191
1339649475.0,0.7902164500710569
1339652175.0,0.8436414289489278
1339654875.0,0.7138845519105246
1339657575.0,0.6356075545664908
1339660275.0,0.47192405796860726
1339662975.0,0.4832041646233165
1339665675.0,0.4963233693582083
1339668375.0,0.5415796266065342
1339671075.0,0.5891265515435578
1339673775.0,0.6472376177319177
1339676475.0,0.7607611212479242
1339679175.0,0.8331535326370272
1339681875.0,0.8361005667156007
1339684575.0,0.7849971614117806
1339687275.0,0.7908598378424472
1339689975.0,0.7711515997538356
1339692675.0,0.8005800080299821
1339695375.0,3.8195564361929257
1339698075.0,2.198266102245725
1339700775.0,0.29587794042816995
1339703475.0,0.200933822947718
1339706175.0,0.19875791784363628
1339708875.0,0.2393388686810738
1339711575.0,0.19815303679908425
1339714275.0,0.17352210425380576
1339716975.0,0.230583742168335
1339719675.0,0.35107615075395415
1339722375.0,0.7685470080356822
1339725075.0,2.4476162559512886
1339727775.0,2.500247242310479
1339730475.0,2.472931610802192
1339733175.0,2.42093841809438
1339735875.0,2.40663106253578
1339738575.0,2.430299141304488
1339741275.0,2.4097055884172676
1339743975.0,2.352395081952608
1339746675.0,2.307630307235371
1339749375.0,2.388562887648959
1339752075.0,2.372531371417267
1339754775.0,2.4014857040853883
1339757475.0,2.4575593063119925
1339760175.0,2.4620257662239737
1339762875.0,2.499712806597472
1339765575.0,2.546833856027547
1339768275.0,2.459683560549962
1339770975.0,2.5606789665874032
1339773675.0,2.5855422597171014
1339776375.0,2.6174804046961526
1339779075.0,4.738314765752563
1339781775.0,1.8749135933361174
1339784475.0,1.291877320321646
1339787175.0,1.1538284120530022
1339789875.0,1.1562389046066812
1339792575.0,1.2122390038039725
1339795275.0,1.1838984217010022
1339797975.0,1.1646695335806214
1339800675.0,1.1021526255045728
1339803375.0,1.111561557372994
1339806075.0,1.1262060655898267
1339808775.0,1.0562803062882438
1339811475.0,1.0086842534378206
1339814175.0,0.18305493316108823
1339816875.0,-1.1048603248906943
1339819575.0,0.5915048441219426
1339822275.0,0.7173237822663623
1339824975.0,0.7633928815139086
1339827675.0,0.7144283654826893
1339830375.0,0.6779623033770008
1339833075.0,0.5878866059025825
1339835775.0,0.6046573610227881
1339838475.0,0.6386034939853573
1339841175.0,0.6685685256387046
1339843875.0,0.8065174479218342
1339846575.0,0.8482834055060948
1339849275.0,0.8123535075158657
1339851975.0,0.7838710138296108
1339854675.0,0.804878733090618
1339857375.0,0.8904862241097078
1339860075.0,0.9252784054647805
1339862775.0,0.9315016667521547
1339865475.0,0.9779425314696653
1339868175.0,0.7917004150449429
1339870875.0,0.5895127033734582
1339873575.0,0.5882181675684421
1339876275.0,0.551200833671345
1339878975.0,0.5705649257379548
1339881675.0,0.535124846910918
1339884375.0,0.5194511840435325
1339887075.0,0.3965680906104865
1339889775.0,0.42511457447395173
1339892475.0,0.394947416064241
1339895175.0,0.36618925746779496
1339897875.0,0.3005550424058754
1339900575.0,0.21900022088212268
1339903275.0,0.13366734367758681
1339905975.0,0.08718908033367256
1339908675.0,0.05344082697908448
1339911375.0,0.05372961029581802
1339914075.0,0.0323055456256327
1339916775.0,-0.005428826184981972
1339919475.0,-0.09959725366837802
1339922175.0,-0.09050779276969934
1339924875.0,-0.13092393089112875
1339927575.0,-0.007048411343305361
1339930275.0,0.06166898233990992
1339932975.0,0.13874948294659362
1339935675.0,0.10109571688516894
1339938375.0,0.16337743406739946
1339941075.0,0.10410902026879398
1339943775.0,0.11381121822958562
1339946475.0,0.15198705757273956
1339949175.0,0.19281413233963463
1339951875.0,3.2905867921273853
1339954575.0,3.695286241672733
1339957275.0,3.723296988864007
1339959975.0,1.210227853749842
1339962675.0,0.1024024887873054
1339965375.0,0.12458995627264358
1339968075.0,0.11060788381843167
1339970775.0,0.11209197578904195
1339973475.0,0.07025792896996563
1339976175.0,0.06560127413465011
1339978875.0,0.092532223659191
1339981575.0,0.04839432143185718
1339984275.0,-0.05625474445938039
1339986975.0,-0.13327422910876408
1339989675.0,-0.15030327394296705
1339992375.0,-0.1974964104824437
1339995075.0,-0.24388660399114315
1339997775.0,-0.23438948626736078
1340000475.0,-0.24722104733606898
1340003175.0,-0.26189196829952266
1340005875.0,-0.2813852440836797
1340008575.0,-0.09796341078578052
1340011275.0,2.056443368991097
1340013975.0,2.801132126290213
1340016675.0,2.841120508170775
1340019375.0,2.871019148518002
1340022075.0,2.8872717157902628
1340024775.0,2.952744636617979
1340027475.0,2.903283893242474
1340030175.0,2.9148284942171188
1340032875.0,2.891294163615015
1340035575.0,2.9475419874362103
1340038275.0,2.9094749266003532
1340040975.0,2.9322766462594814
1340043675.0,1.690069703426019
1340046375.0,-0.26874876924350133
1340049075.0,1.5671506589251862
1340051775.0,1.6710652960402967
1340054475.0,1.6213729802306318
1340057175.0,1.6628454919986382
1340059875.0,1.6123597542131165
1340062575.0,1.5872386670079663
1340065275.0,1.5928168876098994
1340067975.0,1.5634917965715829
1340070675.0,1.479257001126257
1340073375.0,1.4444986660808183
1340076075.0,1.3498879259232126
1340078775.0,1.2795539615370046
1340081475.0,1.214987243189256
1340084175.0,1.1869538730124418
1340086875.0,1.1453425776128938
1340089575.0,1.061163316370937
1340092275.0,1.005243495828239
1340094975.0,1.0434173718617785
1340097675.0,1.1005783602861356
1340100375.0,1.1316930128755587
1340103075.0,3.141906876053042
1340105775.0,3.6304043019720496
1340108475.0,3.626214943698045
1340111175.0,3.6505076367828337
1340113875.0,3.677098807685411
1340116575.0,3.6940652569442705
1340119275.0,3.7185726426216377
1340121975.0,3.7246305913518256
1340124675.0,3.68771769168643
1340127375.0,3.637357077011302
1340130075.0,3.661167024401635
1340132775.0,0.3374483793988077
1340135475.0,0.4124982483057522
1340138175.0,0.4162638888711854
1340140875.0,2.0614812959581172
1340143575.0,2.43116255480291
1340146275.0,2.473714948698756
1340148975.0,2.5064983464662873
1340151675.0,2.519068151423596
1340154375.0,2.4748020711001004
1340157075.0,2.462839960743196
1340159775.0,2.3323659977909585
1340162475.0,2.2525405844106103
1340165175.0,2.203076702850069
1340167875.0,2.126229953784531
1340170575.0,2.107338345243562
1340173275.0,2.0468542055777164
1340175975.0,1.9715476363676885
1340178675.0,1.9477022977357024
1340181375.0,1.9586534147937016
1340184075.0,1.9623357425618622
1340186775.0,2.0294332418450267
1340189475.0,2.113125330035473
1340192175.0,3.6672787949179337
1340194875.0,4.384183513714362
1340197575.0,4.533708873134202
1340200275.0,4.481685629296237
1340202975.0,4.420983249549124
1340205675.0,1.3837887772542103
1340208375.0,1.2675227269729419
1340211075.0,1.2048738102599827
1340213775.0,1.2302537866243028
1340216475.0,1.2281787791765737
1340219175.0,1.330298306010917
1340221875.0,1.3897875211517032
1340224575.0,1.5247078238183747
1340227275.0,1.5423042618986358
1340229975.0,1.6065827888754427
1340232675.0,1.5452683277774497
1340235375.0,1.5717350493310391
1340238075.0,1.6682042596203246
1340240775.0,1.6320856778358461
1340243475.0,1.600176676666706
1340246175.0,1.4816539612943131
1340248875.0,1.4458791196056495
1340251575.0,1.319787028009074
1340254275.0,1.3133445159763824
1340256975.0,1.3288902112824132
1340259675.0,1.2550195082904736
1340262375.0,1.1955399107652909
1340265075.0,1.1328802885842038
1340267775.0,1.1318117032208193
1340270475.0,1.15048214490713
1340273175.0,1.214853763769412
1340275875.0,1.22776026301662
1340278575.0,1.3207480937308844
1340281275.0,4.596886122069321
1340283975.0,4.867591801885311
1340286675.0,4.880800257309829
1340289375.0,4.851898192672081
1340292075.0,4.830664005869721
1340294775.0,2.1654119355307273
1340297475.0,1.2657484565259551
1340300175.0,1.2083534546826513
1340302875.0,1.1856561538512551
1340305575.0,1.3115747046149977
1340308275.0,1.5430185690781002
1340310975.0,1.7455551793256348
1340313675.0,3.1287867186453013
1340316375.0,3.8824653331603827
1340319075.0,3.9750069257820257
1340321775.0,3.9641689206690955
1340324475.0,3.989719360047218
1340327175.0,4.036249995603612
1340329875.0,3.9753824862081046
1340332575.0,3.8741713846584673
1340335275.0,3.7768712030793665
1340337975.0,3.6666625221606637
1340340675.0,3.6694455432255495
1340343375.0,3.630160983941522
1340346075.0,3.6029607793888374
1340348775.0,3.4748512253520687
1340351475.0,3.466929058364144
1340354175.0,3.464380286809103
1340356875.0,3.5020216855293427
1340359575.0,3.54800094411641
1340362275.0,3.587535591622668
1340364975.0,3.8450216239529027
1340367675.0,6.051690785196911
1340370375.0,6.05966940890616
1340373075.0,3.1219184998807066
1340375775.0,2.7121303890589843
1340378475.0,2.6182559644279877
1340381175.0,2.5673017274202437
1340383875.0,2.5724726544081307
1340386575.0,2.555046660147781
1340389275.0,2.587384297620872
1340391975.0,2.6760422826710055
1340394675.0,2.7868523843929154
1340397375.0,2.923438909494706
1340400075.0,2.9618371640465284
1340402775.0,3.051020245839254
1340405475.0,3.1282220644308723
1340408175.0,3.1515649768104765
1340410875.0,5.0800966152433205
1340413575.0,5.48627587914558
1340416275.0,5.463837320661298
1340418975.0,5.3310427992069265
1340421675.0,5.20912065905739
1340424375.0,5.098099765720548
1340427075.0,5.096071237945523
1340429775.0,5.077268040272202
1340432475.0,5.007769343170793
1340435175.0,4.981619137174931
1340437875.0,5.0190320716106385
1340440575.0,5.04442608721763
1340443275.0,4.99271400629172
1340445975.0,5.090553807569023
1340448675.0,5.120304663534085
1340451375.0,5.13492344123631
1340454075.0,5.010757703933791
1340456775.0,4.947481526751545
1340459475.0,5.038922456482652
1340462175.0,5.0733870492614415
1340464875.0,4.960296826937906
1340467575.0,1.4691884521374732
1340470275.0,1.2552114540543755
1340472975.0,1.2765717568834702
1340475675.0,1.3374938955354878
1340478375.0,4.14714111769149
1340481075.0,4.282590172210092
1340483775.0,4.307767231610711
1340486475.0,4.3593135356336745
1340489175.0,4.428164752217697
1340491875.0,4.40127913017659
1340494575.0,4.496784423396122
1340497275.0,4.586255633900322
1340499975.0,4.606414353372486
1340502675.0,4.55399182629094
1340505375.0,4.5037745352285015
1340508075.0,4.50004448984069
1340510775.0,4.385442639433251
1340513475.0,4.4492931460670775
1340516175.0,4.381224435868205
1340518875.0,4.381598248580445
1340521575.0,4.283215016036394
1340524275.0,4.274646118178367
1340526975.0,4.229913993645027
1340529675.0,4.277212806959142
1340532375.0,4.326151357306998
1340535075.0,4.268179260013511
1340537775.0,2.7815493944705167
1340540475.0,0.9855222119688563
1340543175.0,1.0398350397670413
1340545875.0,1.0245824799346508
1340548575.0,3.9444237484485427
1340551275.0,4.0572567031872495
1340553975.0,4.129468278565184
1340556675.0,4.01766078522283
1340559375.0,3.89989087062483
1340562075.0,3.568156603497897
1340564775.0,3.0845873599981246
1340567475.0,1.727248389786439
1340570175.0,1.6822425487990529
1340572875.0,1.8151417593511212
1340575575.0,1.9131930626061262
1340578275.0,1.9817618841385638
1340580975.0,2.0775272362729424
1340583675.0,2.1844372069358826
1340586375.0,2.220410420017487
1340589075.0,2.1967514701951245
1340591775.0,2.221993565115156
1340594475.0,2.2294790828758266
1340597175.0,2.165014143814716
1340599875.0,2.2013794001378812
1340602575.0,2.2385805670119225
1340605275.0,2.2593587556845023
1340607975.0,2.177881737853255
1340610675.0,2.1946957380341416
1340613375.0,2.221510916381476
1340616075.0,2.2830937370098354
1340618775.0,2.3128012787298076
1340621475.0,2.343934080672369
1340624175.0,2.3346812994473396
1340626875.0,2.330978964085773
1340629575.0,2.2194673148609922
1340632275.0,-0.7062605194921616
1340634975.0,-0.8028416841208355
1340637675.0,-0.8059912050718765
1340640375.0,-0.7754865796677279
1340643075.0,0.12787257410218444
1340645775.0,2.748828907177682
1340648475.0,2.7065338897545246
1340651175.0,2.550854456041918
1340653875.0,2.4993699993913765
1340656575.0,2.5029182780099575
1340659275.0,2.4187112915334694
1340661975.0,2.4115857018144595
1340664675.0,0.1909074756280802
1340667375.0,0.2779740958242769
1340670075.0,0.3208550966314192
1340672775.0,0.45122725610048064
1340675475.0,0.48220517686897324
1340678175.0,0.45707484887083183
1340680875.0,0.4284642775196801
1340683575.0,0.34888005808923594
1340686275.0,0.4264823906574975
1340688975.0,0.437558880414457
1340691675.0,0.357749907490188
1340694375.0,0.3458408819360841
1340697075.0,0.3934696142335383
1340699775.0,0.4196271084975933
1340702475.0,0.42551826092795864
1340705175.0,0.49579764672395754
1340707875.0,0.5187414448283221
1340710575.0,0.5022396705136316
1340713275.0,0.555048089787249
1340715975.0,0.4997862503096826
1340718675.0,0.5135406774083151
1340721375.0,0.4856202182211291
1340724075.0,-2.0620735392037943
1340726775.0,-2.175037315314569
1340729475.0,1.2543665274748719
1340732175.0,1.3992882916553242
1340734875.0,1.3029887824104947
1340737575.0,1.3373551854793106
1340740275.0,1.283137871257395
1340742975.0,1.1915254842148215
1340745675.0,1.1064093270655917
1340748375.0,1.0475247549979088
1340751075.0,1.0873290216675002
1340753775.0,1.1614736144145184
1340756475.0,-0.157025499273999
1340759175.0,-1.0375995269571092
1340761875.0,-1.058008418112479
1340764575.0,1.226153023117405
1340767275.0,1.2987588429831476
1340769975.0,1.2652188337690404
1340772675.0,1.3678788128426334
1340775375.0,1.3264756765851757
1340778075.0,1.2609903762923977
1340780775.0,1.294918120613687
1340783475.0,1.3243270240960499
1340786175.0,1.3352396253200993
1340788875.0,1.4058373523204466
1340791575.0,1.5145302862366918
1340794275.0,1.4763395178503345
1340796975.0,1.4640775899056848
1340799675.0,1.3689721199378369
1340802375.0,1.468096230969877
1340805075.0,1.5068217587172228
1340807775.0,1.5094693609287333
1340810475.0,1.450307203008066
1340813175.0,1.5110870337348672
1340815875.0,3.822805777352926
1340818575.0,3.85908374575979
1340821275.0,1.2379333853826324
1340823975.0,1.1485380979649733
1340826675.0,1.1750435571038054
1340829375.0,1.1212331861926828
1340832075.0,1.1142560913740738
1340834775.0,1.061728260102825
1340837475.0,0.9746912845854467
1340840175.0,0.9677894558357707
1340842875.0,0.9799761085857881
1340845575.0,0.9603760387285263
1340848275.0,1.003753687183547
1340850975.0,1.0125014525548863
1340853675.0,1.2587772124371952
1340856375.0,2.9941563334772923
1340859075.0,3.159451653304501
1340861775.0,3.1697529530466397
1340864475.0,3.2120534624970105
1340867175.0,3.1128537660483175
1340869875.0,3.1886662432051764
1340872575.0,3.144845689349694
1340875275.0,3.239291845261988
1340877975.0,3.239409542168289
1340880675.0,3.3037952356726237
1340883375.0,3.256947120114461
1340886075.0,3.370859912513737
1340888775.0,3.434539887434539
1340891475.0,3.2569929647417553
1340894175.0,3.1841495232392276
1340896875.0,3.1708751528824735
1340899575.0,3.148131785704578
1340902275.0,-0.038409441276769485
1340904975.0,-0.16752527017024477
1340907675.0,0.9366326107187319
1340910375.0,2.365852390171284
1340913075.0,2.477834099487467
1340915775.0,2.4621957077062007
1340918475.0,2.3969333332980227
1340921175.0,2.1872580490369558
1340923875.0,2.020877073929995
1340926575.0,1.9674023625149744
1340929275.0,0.9173709398052381
1340931975.0,-0.38642895156763757
1340934675.0,-0.40682945496439515
1340937375.0,-0.46607642863563115
1340940075.0,-0.4833607244743803
1340942775.0,-0.4974092033355362
1340945475.0,-0.4266151109143266
1340948175.0,-0.4202319991509569
1340950875.0,-0.49181804603506407
1340953575.0,-0.536586120028403
1340956275.0,-0.39925914006880703
1340958975.0,-0.3848495611034366
1340961675.0,-0.3445295555540042
1340964375.0,-0.3169896386289963
1340967075.0,-0.22023654273846205
1340969775.0,-0.20346684552515626
1340972475.0,-0.21226948362021858
1340975175.0,-0.20158352793882273
1340977875.0,-0.24480421220019366
1340980575.0,-0.22168863920427384
1340983275.0,-0.178005351119225
1340985975.0,-0.14520177365488962
1340988675.0,-0.14368386986174642
1340991375.0,0.7264608975454792
1340994075.0,0.49273135881523444
1340996775.0,0.5217872930213332
1340999475.0,0.5136546622051696
1341002175.0,0.5092902378258088
1341004875.0,0.5822060537204834
1341007575.0,0.5972174944110691
1341010275.0,0.47678846996672064
1341012975.0,0.3844845423059269
1341015675.0,0.13917108161123792
1341018375.0,-0.7553162354763572
1341021075.0,-1.610895269929756
1341023775.0,-1.2476407495617536
1341026475.0,0.18041310665915944
1341029175.0,0.21370251620891167
1341031875.0,0.26062846174980336
1341034575.0,0.24720391298609456
1341037275.0,0.2947035597769627
1341039975.0,0.19505485933390787
1341042675.0,0.3105804939765733
1341045375.0,0.32149453660804284
1341048075.0,0.30449661973904085
1341050775.0,0.3809988094985499
1341053475.0,0.4221328386812502
1341056175.0,0.4843254808803579
1341058875.0,0.43617967314389716
1341061575.0,0.4327298292898263
1341064275.0,0.4514422888337606
1341066975.0,0.4159099752766906
1341069675.0,0.37325817993885835
1341072375.0,0.38361959597463624
1341075075.0,0.13091622831493055
1341077775.0,-1.392234980186771
1341080475.0,0.3299394707023282
1341083175.0,0.491164676279368
1341085875.0,0.5345026886727453
1341088575.0,0.5242189048789498
1341091275.0,0.5562583155830225
1341093975.0,0.542217225782565
1341096675.0,0.5379127243632809
1341099375.0,0.5216216991987892
1341102075.0,0.42548430140951154
1341104775.0,0.1609899688236851
1341107475.0,-0.3479453896993334
1341110175.0,-1.9303752740030973
1341112875.0,-2.0820888027500075
1341115575.0,-2.1076272710865283
1341118275.0,-2.0777567652936284
1341120975.0,-2.0735777859560756
1341123675.0,-2.101096534573344
1341126375.0,-2.100536419092549
1341129075.0,-1.9986225170126204
1341131775.0,-2.029540648161941
1341134475.0,-1.9091824520383511
1341137175.0,-1.8273142833776888
1341139875.0,-1.7211627881404183
1341142575.0,-1.6882562798642482
1341145275.0,-1.7244796303882595
1341147975.0,-1.6864992947833457
1341150675.0,-1.696047771812971
1341153375.0,-1.6787603186560602
1341156075.0,-1.662805371869183
1341158775.0,-0.49623463195803197
1341161475.0,1.6000478500180009
1341164175.0,-0.017049701816773677
1341166875.0,-0.8995101939169103
1341169575.0,-0.8456220764569764
1341172275.0,-0.8344757223291879
1341174975.0,-0.8126224169106138
1341177675.0,-0.752699522752323
1341180375.0,-0.8098693459186279
1341183075.0,-0.748252583883243
1341185775.0,-0.6947749704476394
1341188475.0,-0.7241642663142898
1341191175.0,-0.7411513943821149
1341193875.0,-0.8807326039966483
1341196575.0,-1.1824067355475165
1341199275.0,-1.3829266511974367
1341201975.0,-3.2200257066388076
1341204675.0,-3.2844383587925847
1341207375.0,-3.3169414830639994
1341210075.0,-3.367339233976935
1341212775.0,-3.3562616399435683
1341215475.0,-3.2663262716917814
1341218175.0,-3.2140967438032817
1341220875.0,-3.0740858829227307
1341223575.0,-2.9815865820441445
1341226275.0,-2.8850511642035315
1341228975.0,-2.8032481453637104
1341231675.0,-2.7530615123943676
1341234375.0,-2.799226454680678
1341237075.0,-2.7900961153946753
1341239775.0,0.40117176223921547
1341242475.0,0.4728610948357357
1341245175.0,0.5098221466184611
1341247875.0,0.45893335594342943
1341250575.0,0.09560602487403003
1341253275.0,-1.9138336426902356
1341255975.0,-1.9182041022272642
1341258675.0,-1.9188744955489767
1341261375.0,-1.8820752102211884
1341264075.0,-1.889136626336466
1341266775.0,-1.8628901260030375
1341269475.0,-1.87128280718062
1341272175.0,-1.8724913545617312
1341274875.0,-1.8021903915103508
1341277575.0,-1.8388267165707646
1341280275.0,-1.8284924060772596
1341282975.0,-1.9450007376428857
1341285675.0,-1.9898770697231782
1341288375.0,-2.0178435764118205
1341291075.0,-2.024653525756321
1341293775.0,-2.058340834263589
1341296475.0,-2.1402143791078174
1341299175.0,-2.2339658940794607
1341301875.0,-2.1702323212950034
1341304575.0,-2.1535454611402827
1341307275.0,-2.106202553556784
1341309975.0,-1.9747207803580409
1341312675.0,-1.8228245265016767
1341315375.0,1.3220569127780095
1341318075.0,1.3280771059530707
1341320775.0,1.3830753957904562
1341323475.0,1.4870224155974086
1341326175.0,1.4789010684982884
1341328875.0,1.4816795755162673
1341331575.0,1.4913358563012764
1341334275.0,1.4284635051155306
1341336975.0,0.39181097347668015
1341339675.0,-2.013153672723206
1341342375.0,-2.0242488014132505
1341345075.0,-1.9924835315884195
1341347775.0,-1.9331351741837182
1341350475.0,-1.9025611349042038
1341353175.0,-1.8826163366533422
1341355875.0,-1.9024150738413539
1341358575.0,-1.8555761615934898
1341361275.0,-1.8097059353243026
1341363975.0,-1.777158385864226
1341366675.0,-1.8527495142965904
1341369375.0,-1.9434710773344648
1341372075.0,-1.9630098712531492
1341374775.0,-2.0037185807606193
1341377475.0,-1.9477082893295972
1341380175.0,-2.020277309285035
1341382875.0,-2.02588948809003
1341385575.0,-2.1064657277687218
1341388275.0,-2.151301242324763
1341390975.0,-4.585617366408229
1341393675.0,-4.772594322288882
1341396375.0,-4.7501360704152376
1341399075.0,-4.64834704794103
1341401775.0,-2.125870450675535
1341404475.0,-1.137425961829564
1341407175.0,-1.0168572582116724
1341409875.0,-0.968756909882444
1341412575.0,-0.9894056168418217
1341415275.0,-0.9605135413112578
1341417975.0,-0.8951818304196024
1341420675.0,-0.8849454966115502
1341423375.0,-0.9146831718516637
1341426075.0,-1.2883957085842326
1341428775.0,-2.8746266529918785
1341431475.0,-2.9907809909044545
1341434175.0,-2.9262697300994773
1341436875.0,-2.918344556477109
1341439575.0,-2.9397820604700087
1341442275.0,-2.8961244021606376
1341444975.0,-2.8040532666693423
1341447675.0,-2.815906684407935
1341450375.0,-2.8347795127528457
1341453075.0,-2.8314627259157135
1341455775.0,-2.848051177870502
1341458475.0,-2.9189508256694694
1341461175.0,-2.864803366856165
1341463875.0,-2.8598185769048996
1341466575.0,-2.8460447632694468
1341469275.0,-2.870175457988296
1341471975.0,-2.9512436140227862
1341474675.0,-2.9747066431816904
1341477375.0,-2.968109057598383
1341480075.0,-3.0550753930019994
1341482775.0,-5.376739437080147
1341485475.0,-5.516933783467977
1341488175.0,-5.448111379125635
1341490875.0,-2.099792015590168
1341493575.0,-1.7654796622668698
1341496275.0,-1.752927588415929
1341498975.0,-1.7612524868785613
1341501675.0,-1.650508180654981
1341504375.0,-1.662005864219907
1341507075.0,-1.6020393012465775
1341509775.0,-1.5463505133785986
1341512475.0,-1.5332391385149435
1341515175.0,-1.6874683108632382
1341517875.0,-2.6901241739026602
1341520575.0,-3.4241742689623607
1341523275.0,-3.5023592821299587
1341525975.0,-3.4867650900900458
1341528675.0,-3.488294986415866
1341531375.0,-3.4282120002009435
1341534075.0,-3.345360040116219
1341536775.0,-3.4161180710579515
1341539475.0,-3.3753162773155907
1341542175.0,-3.4370711341370566
1341544875.0,-3.5297528002929823
1341547575.0,-3.4907442090058964
1341550275.0,-3.4532649052742386
1341552975.0,-3.4505206539458584
1341555675.0,-3.5208080105995805
1341558375.0,-3.5645505196727356
1341561075.0,-3.526313229441712
1341563775.0,-3.539939147335758
1341566475.0,-3.4513590904088574
1341569175.0,-3.453210118955184
1341571875.0,-3.468263735948682
1341574575.0,-3.4987617330858427
1341577275.0,-3.575583029393016
1341579975.0,-2.4864616595024813
1341582675.0,-2.4080565659182867
1341585375.0,-2.4322607907535314
1341588075.0,-2.3974434578664727
1341590775.0,-2.3299994917572917
1341593475.0,-2.3149354282527668
1341596175.0,-2.201118256704376
1341598875.0,-2.098842207932023
1341601575.0,-1.9401244395006643
1341604275.0,-1.9188094828522821
1341606975.0,-1.9213018088592264
1341609675.0,-0.40488829534669435
1341612375.0,0.3724384140430743
1341615075.0,0.42074126479761276
1341617775.0,0.39740057735525625
1341620475.0,0.3916244206716044
1341623175.0,0.40954073431024085
1341625875.0,0.31000568319907984
1341628575.0,0.19012586255624342
1341631275.0,0.14573707481588372
1341633975.0,0.22169182079804273
1341636675.0,0.2558880839969788
1341639375.0,0.22548646110141135
1341642075.0,0.1916580356641191
1341644775.0,0.13072877274703387
1341647475.0,0.18380857790725713
1341650175.0,0.11798013609995905
1341652875.0,0.2608943835532216
1341655575.0,0.21034574684915697
1341658275.0,0.1488648570108353
1341660975.0,0.15015449594187658
1341663675.0,0.09126839901398398
1341666375.0,0.2894814921638442
1341669075.0,-0.6453185309582352
1341671775.0,-0.8431932884504079
1341674475.0,-0.8394982689026733
1341677175.0,-0.8306698022937553
1341679875.0,-0.8394586851039492
1341682575.0,-0.8100765738882103
1341685275.0,-0.7139094123422751
1341687975.0,-0.5832633075190756
1341690675.0,-0.5655806575297504
1341693375.0,-0.5464847496530467
1341696075.0,-0.5524602263498366
1341698775.0,-0.5163598296631449
1341701475.0,-0.5117285723191571
1341704175.0,-0.48893222733232733
1341706875.0,-0.4652801520481944
1341709575.0,-0.4888864848760477
1341712275.0,-0.5323756501429955
1341714975.0,-0.5632688435736952
1341717675.0,-0.6292351448830686
1341720375.0,-0.6008700164802008
1341723075.0,-0.5817046225829472
1341725775.0,-0.6251178771916557
1341728475.0,-0.653545565863908
1341731175.0,-0.6458331763135448
1341733875.0,-0.6628798203054203
1341736575.0,-0.6480491585593313
1341739275.0,-0.6182597972826898
1341741975.0,-0.6206990543383313
1341744675.0,-0.6844490736048385
1341747375.0,-0.6583421759150383
1341750075.0,-0.7996832876529822
1341752775.0,-0.8678309745357637
1341755475.0,-4.252446090111732
1341758175.0,-4.353915824857239
1341760875.0,-0.8952117493107039
1341763575.0,-0.800964545393839
1341766275.0,-0.7637128922117427
1341768975.0,-0.7031040655648155
1341771675.0,-0.6462455653925758
1341774375.0,-0.5279187987676153
1341777075.0,-0.4783406105789254
1341779775.0,-0.4791170418986326
1341782475.0,-0.577403188235337
1341785175.0,-1.0969863242234226
1341787875.0,-2.7739839736652243
1341790575.0,-0.5058859284086736
1341793275.0,-0.34665166229922306
1341795975.0,-0.3386827064218778
1341798675.0,-0.3587221170499504
1341801375.0,-0.4189765081627854
1341804075.0,-0.4255537830921412
1341806775.0,-0.3507479147672541
1341809475.0,-0.3211511308925594
1341812175.0,-0.3263006758112965
1341814875.0,-0.38733507721315164
1341817575.0,-0.3689538143196103
1341820275.0,-0.3953490750054982
1341822975.0,-0.3483784122218765
1341825675.0,-0.4037434285678785
1341828375.0,-0.3870596402518629
1341831075.0,-0.42114850507061874
1341833775.0,-0.4567711901487428
1341836475.0,-0.5224986958459112
1341839175.0,-1.3130773578463106
1341841875.0,-3.12825394067616
1341844575.0,-3.2332801466667433
1341847275.0,-3.109798426641049
1341849975.0,-0.5651208991471606
1341852675.0,-0.5051306118583909
1341855375.0,-0.4468235761610799
1341858075.0,-0.4314732831527408
1341860775.0,-0.3850115387133144
1341863475.0,-0.39284221998553903
1341866175.0,-0.3653420380950365
1341868875.0,-0.4551795420239557
1341871575.0,-0.4052421493109648
1341874275.0,-0.711121448242352
1341876975.0,-2.3930136166690943
1341879675.0,-2.5063887947180206
1341882375.0,-2.4364222317670965
1341885075.0,-2.474052643062379
1341887775.0,-2.5183581341747185
1341890475.0,-2.5014133864053463
1341893175.0,-2.480130422966937
1341895875.0,-2.4423036573383854
1341898575.0,-2.4892782139925487
1341901275.0,-2.512058729449535
1341903975.0,-2.4632568544205355
1341906675.0,-2.440622451785771
1341909375.0,-2.48910383833541
1341912075.0,-2.435698696889773
1341914775.0,-2.387032521968308
1341917475.0,-2.4440053568904716
1341920175.0,-2.4153514030622034
1341922875.0,-2.4431104483439867
1341925575.0,-2.4474854398842183
1341928275.0,-2.4170918735289604
1341930975.0,-2.517422666475653
1341933675.0,-1.5490288708403455
1341936375.0,-1.844592368017942
1341939075.0,-1.8855913320197715
1341941775.0,-1.9324656783141734
1341944475.0,-1.851266248547688
1341947175.0,-1.8313493208974307
1341949875.0,-1.8672004513105094
1341952575.0,-1.7833980604682154
1341955275.0,-1.6096407958444274
1341957975.0,-1.4309420823436199
1341960675.0,-1.3670687414269196
1341963375.0,0.7423741224707499
1341966075.0,0.8636943242345012
1341968775.0,0.8237144415524256
1341971475.0,0.7344235016440166
1341974175.0,0.6646201747877853
1341976875.0,0.6100585338712108
1341979575.0,0.6557960075978713
1341982275.0,0.6570669166589482
1341984975.0,0.5960162012023034
1341987675.0,0.5657751451216768
1341990375.0,0.6227912829458546
1341993075.0,0.5984582600700321
1341995775.0,0.5598103811427961
1341998475.0,0.5905359127669669
1342001175.0,0.6334168292872562
1342003875.0,0.6649562680997292
1342006575.0,0.6751946230994577
1342009275.0,0.7989275540707581
1342011975.0,0.8113037679874537
1342014675.0,0.7842326077524717
1342017375.0,0.7167902280519343
1342020075.0,0.6965824431798069
1342022775.0,0.49547575305319924
1342025475.0,-2.944816860977113
1342028175.0,-3.092804480241341
1342030875.0,-3.0008825818746345
1342033575.0,-0.5907333573552194
1342036275.0,-0.07403485017172784
1342038975.0,-0.0016382905747605037
1342041675.0,-0.0509255413711287
1342044375.0,-0.04562257549591209
1342047075.0,-0.012236633677474629
1342049775.0,0.014733612885748926
1342052475.0,0.08745955710941189
1342055175.0,0.06449697679454403
1342057875.0,0.010917570210807526
1342060575.0,-0.04234717298703572
1342063275.0,-0.09778547967241025
1342065975.0,-0.0158174950614125
1342068675.0,-0.020665750491275503
1342071375.0,-0.00099505812983125
1342074075.0,-0.02333848382772885
1342076775.0,0.01374253706512718
1342079475.0,0.014601623289195231
1342082175.0,0.024842439462332777
1342084875.0,0.08937531656869169
1342087575.0,0.11464465191582462
1342090275.0,0.08537690013005772
1342092975.0,0.1997990703740129
1342095675.0,0.2172551566129357
1342098375.0,2.8568397858571757
1342101075.0,3.187738460843974
1342103775.0,3.1259850011770993
1342106475.0,3.067799461484185
1342109175.0,3.0208809648446504
1342111875.0,-0.5469352907386451
1342114575.0,-0.7023281363806007
1342117275.0,-0.6737585080416295
1342119975.0,-0.6942278534949935
1342122675.0,-0.7160876655063362
1342125375.0,-0.7072298882966379
1342128075.0,-0.802959060881193
1342130775.0,-0.7784192525954836
1342133475.0,0.0406657204747205
1342136175.0,1.5264139262050094
1342138875.0,1.4508629842896994
1342141575.0,1.410511310274586
1342144275.0,0.6796867689295709
1342146975.0,-1.1477488453378157
1342149675.0,-1.2075179300426555
1342152375.0,-1.1296070339241453
1342155075.0,-1.0892861380525858
1342157775.0,-1.1138960433439138
1342160475.0,-1.1349320406557695
1342163175.0,-1.073868901633034
1342165875.0,-1.0471220627921696
1342168575.0,-0.9658098918008307
1342171275.0,-0.920198398504624
1342173975.0,-0.9256101285104421
1342176675.0,-0.8732352288685945
1342179375.0,-0.8084762877603566
1342182075.0,-0.46779580764174966
1342184775.0,1.4021837586673485
1342187475.0,1.5094696559632723
1342190175.0,1.5558114275896742
1342192875.0,1.6014734401043995
1342195575.0,1.4658490409312037
1342198275.0,-0.9062275235525874
1342200975.0,-1.1664492706744056
1342203675.0,-1.1882238148224644
1342206375.0,-1.1910858421608168
1342209075.0,-1.1990939735575523
1342211775.0,-1.302428455174521
1342214475.0,-1.313366382886187
1342217175.0,-1.3983315904489757
1342219875.0,-1.4536281709882815
1342222575.0,-1.4127652360128593
1342225275.0,-1.4035903272408348
1342227975.0,0.6875042752387515
1342230675.0,0.7608994158997007
1342233375.0,0.6970220266771889
1342236075.0,-0.9504514255327763
1342238775.0,-1.4769935945744237
1342241475.0,-1.4866390459342824
1342244175.0,-1.4840182760537743
1342246875.0,-1.5015549620411832
1342249575.0,-1.458105586348296
1342252275.0,-1.4357112593954184
1342254975.0,-1.368973744233756
1342257675.0,-1.348731621136693
1342260375.0,-1.3441195045779466
1342263075.0,-1.3037405090799439
1342265775.0,-1.3128671459019472
1342268475.0,-1.3800317143702046
1342271175.0,-1.29329588224914
1342273875.0,-1.1840403718056507
1342276575.0,-0.7558802849253823
1342279275.0,1.145629477826759
1342281975.0,1.206056185674953
1342284675.0,1.1969558898340154
1342287375.0,-0.29096738488635765
1342290075.0,-1.3009201287926828
1342292775.0,-1.3422692768087359
1342295475.0,-1.3630302135751435
1342298175.0,-1.3926082211259825
1342300875.0,-1.4374147186146047
1342303575.0,-1.5091773381723783
1342306275.0,-1.524075040121744
1342308975.0,-1.577211346710186
1342311675.0,-1.5958799150281493
1342314375.0,-1.7265349399106356
1342317075.0,-1.842398461966468
1342319775.0,-1.8305274961317082
1342322475.0,-1.8464333690559158
1342325175.0,-1.654418443035098
1342327875.0,-0.6717346472769066
1342330575.0,0.5906204534321944
1342333275.0,0.5896624970907851
1342335975.0,0.6926322079896465
1342338675.0,0.6875377892909
1342341375.0,0.723144669857362
1342344075.0,0.7399407716177961
1342346775.0,0.7970824331773372
1342349475.0,0.7666640549575163
1342352175.0,0.9247618809936284
1342354875.0,0.7693989407976574
1342357575.0,0.7841759261100094
1342360275.0,0.7804918028766679
1342362975.0,0.8288787826972737
1342365675.0,0.8968851292264617
1342368375.0,0.9066861831539086
1342371075.0,0.9385859881375609
1342373775.0,-1.3034986162473103
1342376475.0,-1.863819150048812
1342379175.0,-0.20023166741287923
1342381875.0,-0.08145972894678266
1342384575.0,-0.0928049116526779
1342387275.0,-0.13789468694787388
1342389975.0,-0.22516175828621954
1342392675.0,-0.22947661933994823
1342395375.0,-0.32168222406642144
1342398075.0,-0.419859960013639
1342400775.0,-0.49947647135908824
1342403475.0,-0.6593828604197256
1342406175.0,-0.8188803348203635
1342408875.0,-0.8555097787621264
1342411575.0,-1.7417292724140623
1342414275.0,-3.0017067068827146
1342416975.0,-3.005266213556638
1342419675.0,-3.056908993943125
1342422375.0,-2.9463612798008114
1342425075.0,-2.9301254280462956
1342427775.0,-2.8792798122790373
1342430475.0,-2.8547759257338896
1342433175.0,-2.7929156471890337
1342435875.0,-2.714625926522416
1342438575.0,-2.5907299945284024
1342441275.0,-2.7375082670097584
1342443975.0,-2.6794728974668374
1342446675.0,-2.6403995597856067
1342449375.0,-2.5989163070524626
1342452075.0,0.41434742330895347
1342454775.0,0.532004810419636
1342457475.0,0.5502477453057395
1342460175.0,0.5313715910980079
1342462875.0,-0.7616079005886434
1342465575.0,-1.9090412492332405
1342468275.0,-1.9263106111111483
1342470975.0,-1.9271551312558017
1342473675.0,-1.950866405475324
1342476375.0,-2.0409286618661895
1342479075.0,-2.0733767679336097
1342481775.0,-2.0784965208154915
1342484475.0,-2.1743453649771425
1342487175.0,-2.2206531163508316
1342489875.0,-2.3731412078573726
1342492575.0,-2.4702176917056704
1342495275.0,-2.4515742947874344
1342497975.0,-2.4350131223693268
1342500675.0,-2.407649249094021
1342503375.0,-2.401372123361739
1342506075.0,-2.445013226107676
1342508775.0,-2.312858584684676
1342511475.0,-2.204651551889839
1342514175.0,0.7082308384792384
1342516875.0,0.8932567976350754
1342519575.0,0.9285321569783491
1342522275.0,0.9319930582859115
1342524975.0,0.935684809008535
1342527675.0,0.7346883122394559
1342530375.0,0.7736301893118593
1342533075.0,0.7460159283894825
1342535775.0,0.7639893643657842
1342538475.0,0.8496855704566997
1342541175.0,0.8141157742442715
1342543875.0,0.8699410617107333
1342546575.0,0.8430299232352922
1342549275.0,-2.001612135167562
1342551975.0,-0.34902408664427753
1342554675.0,-0.13231111931037276
1342557375.0,-0.12029740296048885
1342560075.0,-0.21786407154814924
1342562775.0,-0.21768511780345534
1342565475.0,-0.2480932703147687
1342568175.0,-0.2651041500333804
1342570875.0,-0.2870573485615182
1342573575.0,-0.3740665193674033
1342576275.0,-0.5291310978525416
1342578975.0,-0.5933966866051321
1342581675.0,-0.5941329519359329
1342584375.0,-0.581809279964375
1342587075.0,-0.6397128951912805
1342589775.0,-0.6069569044703655
1342592475.0,-0.6712289930395912
1342595175.0,-0.6161248961644787
1342597875.0,-0.6523430404564579
1342600575.0,-0.5059714327387042
1342603275.0,0.6223098412706349
1342605975.0,1.988150332083876
1342608675.0,1.9904899611428846
1342611375.0,2.0267573501586185
1342614075.0,1.85363721572935
1342616775.0,1.8675208631469502
1342619475.0,1.8137688979136328
1342622175.0,1.8468979909846155
1342624875.0,1.9229939240795773
1342627575.0,1.9442140705401698
1342630275.0,1.930233945248176
1342632975.0,-0.7723425076354147
1342635675.0,-1.35933071938814
1342638375.0,-1.2011363939647595
1342641075.0,-0.624313256570332
1342643775.0,0.9010002549633782
1342646475.0,0.9775544399854255
1342649175.0,0.9230539910252844
1342651875.0,0.9657300103939122
1342654575.0,0.9419912031540889
1342657275.0,0.9171569937157642
1342659975.0,0.8443530313397218
1342662675.0,0.7416306223340996
1342665375.0,0.663745730345255
1342668075.0,0.6276894862861866
1342670775.0,0.6536046174784644
1342673475.0,0.5823190956197664
1342676175.0,0.5790791757445106
1342678875.0,0.5181781750774235
1342681575.0,0.5489085313300279
1342684275.0,0.5543833409847991
1342686975.0,0.612378284691772
1342689675.0,0.6121315784702688
1342692375.0,1.2145056821844662
1342695075.0,2.9964885855085583
1342697775.0,3.1196482104346046
1342700475.0,2.966813025652698
1342703175.0,2.9554294796266447
1342705875.0,0.1816399508071811
1342708575.0,-0.11544622141224181
1342711275.0,-0.1443700511028112
1342713975.0,-0.19584990109018463
1342716675.0,-0.14492746438642712
1342719375.0,-0.16525836507233294
1342722075.0,0.0028225611794994165
1342724775.0,0.06157514769950012
1342727475.0,0.27000002087922326
1342730175.0,0.2361692290809856
1342732875.0,2.1023798341857685
1342735575.0,2.2683123984143094
1342738275.0,2.3434210651115563
1342740975.0,2.321396662063222
1342743675.0,2.3456283629192
1342746375.0,2.3262826301951804
1342749075.0,2.1332547479581194
1342751775.0,2.0179994461709043
1342754475.0,2.0487667743284135
1342757175.0,2.1282989768186837
1342759875.0,2.1476503532439892
1342762575.0,2.09748941452753
1342765275.0,2.0634936471156777
1342767975.0,2.098135042727364
1342770675.0,2.0852460734203078
1342773375.0,2.100473971611166
1342776075.0,2.1345336907306205
1342778775.0,2.1614103550168977
1342781475.0,2.5178791947167554
1342784175.0,4.444828746230883
1342786875.0,1.174086482722771
1342789575.0,1.051655232350015
1342792275.0,0.9815689667713059
1342794975.0,0.921753830368317
1342797675.0,0.9372618077970856
1342800375.0,0.8257274531659391
1342803075.0,0.8742650210156455
1342805775.0,0.8643900319707143
1342808475.0,0.8958607844771791
1342811175.0,0.8714968355930921
1342813875.0,0.928920154800096
1342816575.0,0.9120474027887155
1342819275.0,0.8667480772900262
1342821975.0,0.855506889158903
1342824675.0,-0.5080963941429957
1342827375.0,-1.4837987492962839
1342830075.0,-1.4904512008320978
1342832775.0,-1.5395078211974464
1342835475.0,-1.5984010653163523
1342838175.0,-1.6309553646810855
1342840875.0,-1.5812984301854556
1342843575.0,-1.5436803674459725
1342846275.0,-1.563955046593378
1342848975.0,-1.5639292884593488
1342851675.0,-1.618623347629324
1342854375.0,-1.5736428328261525
1342857075.0,-1.6668085361936278
1342859775.0,-1.5735544931431775
1342862475.0,-1.5385963515887227
1342865175.0,-1.5204849430684817
1342867875.0,-1.5720900449699968
1342870575.0,0.43630509807405815
1342873275.0,1.944886732736535
1342875975.0,-0.1494272398921339
1342878675.0,-0.5109204187424439
1342881375.0,-0.4172384521147592
1342884075.0,-0.4493419136524608
1342886775.0,-0.4585399469862068
1342889475.0,-0.44020196972144277
1342892175.0,-0.41347760059625216
1342894875.0,-0.3930984854164876
1342897575.0,-0.38879764137570305
1342900275.0,-0.16945288533779035
1342902975.0,-0.08201576286634804
1342905675.0,2.0034977974230515
1342908375.0,2.0248850161771372
1342911075.0,2.0848482287477452
1342913775.0,2.0992896659082305
1342916475.0,2.0685693557459786
1342919175.0,1.9867067050388414
1342921875.0,1.9806822013753163
1342924575.0,1.9017832804970851
1342927275.0,1.9824378552399367
1342929975.0,1.9855252521749094
1342932675.0,2.0075062599474904
1342935375.0,2.020218876953095
1342938075.0,1.9577718647779534
1342940775.0,2.0033113945748937
1342943475.0,1.9822882985720014
1342946175.0,1.993878143027132
1342948875.0,1.9755079547045398
1342951575.0,1.9572203784571514
1342954275.0,1.9287188829823947
1342956975.0,2.258715054208807
1342959675.0,4.353108551654373
1342962375.0,2.0689185484926895
1342965075.0,0.9725142857151639
1342967775.0,0.9731169218484013
1342970475.0,0.9861342742929367
1342973175.0,0.9494797154232231
1342975875.0,0.8887055958975054
1342978575.0,0.8496294816552847
1342981275.0,0.7766700773748596
1342983975.0,0.6838890131384119
1342986675.0,0.7802265004071955
1342989375.0,0.7786289912804989
1342992075.0,0.8078828667696598
1342994775.0,0.8696821122592837
1342997475.0,2.9512846443899434
1343000175.0,3.125876812466629
1343002875.0,3.188872958481312
1343005575.0,3.158870354606819
1343008275.0,3.1533441415946015
1343010975.0,3.0387960760987767
1343013675.0,3.1050064827841766
1343016375.0,3.1191241078007295
1343019075.0,3.1610178418520434
1343021775.0,3.1385187228869995
1343024475.0,3.0901799979000657
1343027175.0,3.0873653881262157
1343029875.0,3.0661901050767995
1343032575.0,3.1653459972212374
1343035275.0,3.162986959183229
1343037975.0,3.1199836989173377
1343040675.0,3.115697874624715
1343043375.0,3.1825966773293715
1343046075.0,3.0662340359188818
1343048775.0,2.9498514087935632
1343051475.0,-0.319310870914137
1343054175.0,-0.4408805624071874
1343056875.0,-0.30607586716737956
1343059575.0,-0.056421992885276495
1343062275.0,2.2273033726243057
1343064975.0,2.283770982025203
1343067675.0,2.141809787569173
1343070375.0,1.931459704457609
1343073075.0,1.8535494767379248
1343075775.0,1.7930953746756302
1343078475.0,0.7673543735081978
1343081175.0,-0.4263468611192991
1343083875.0,-0.4514657968135225
1343086575.0,-0.4341481237426308
1343089275.0,-0.35300536008506356
1343091975.0,-0.3703352277445049
1343094675.0,-0.356700533805423
1343097375.0,-0.2917880321741677
1343100075.0,-0.24783228533652846
1343102775.0,-0.20484636925604605
1343105475.0,-0.2506403442607166
1343108175.0,-0.2365635724751769
1343110875.0,-0.21884001357850025
1343113575.0,-0.24136328157746334
1343116275.0,-0.23250085984815883
1343118975.0,-0.16056103378701891
1343121675.0,-0.24121321550228458
1343124375.0,-0.16893430299700185
1343127075.0,-0.23768656865249227
1343129775.0,-0.19278183131399373
1343132475.0,-0.16687214991310384
1343135175.0,-0.0913946271064674
1343137875.0,-0.4967644092916714
1343140575.0,-0.525670764952821
1343143275.0,0.48314255360673997
1343145975.0,0.48892540921073646
1343148675.0,0.486347932340891
1343151375.0,0.4692484141211253
1343154075.0,0.4387103230775722
1343156775.0,0.3211812885084271
1343159475.0,0.16742046533826738
1343162175.0,0.13418959914136508
1343164875.0,0.05337264707807776
1343167575.0,0.03226346751952747
1343170275.0,0.1534115266417473
1343172975.0,0.1894174965545119
1343175675.0,0.22938380269559389
1343178375.0,0.5488353362679277
1343181075.0,0.2294435116309046
1343183775.0,0.21365724366737027
1343186475.0,0.2705897645676316
1343189175.0,0.2805208155751586
1343191875.0,0.3237839981655668
1343194575.0,0.2797746257081144
1343197275.0,0.28359633540407003
1343199975.0,0.3110177103094145
1343202675.0,0.28809733997755416
1343205375.0,0.33255259772425916
1343208075.0,0.3462614402919826
1343210775.0,0.3686407320198839
1343213475.0,0.3439055515662801
1343216175.0,0.3898205648878559
1343218875.0,0.41521126153870114
1343221575.0,0.35511331303300153
1343224275.0,0.3926866047897306
1343226975.0,0.4810880189689044
1343229675.0,0.4803531883892731
1343232375.0,0.46801912905559107
1343235075.0,-0.24030986846628366
1343237775.0,0.4481830859458853
1343240475.0,0.491518320701374
1343243175.0,0.4413260829900878
1343245875.0,0.43648662146304673
1343248575.0,0.33203540926086816
1343251275.0,0.17491561520088794
1343253975.0,0.11363437206713911
1343256675.0,0.057657395012086
1343259375.0,0.022088291233728796
1343262075.0,-0.022367761320765567
1343264775.0,-0.06918270994691511
1343267475.0,-0.059030864438113895
1343270175.0,-0.1323966162067336
1343272875.0,-0.002245723472640293
1343275575.0,0.047610462250560204
1343278275.0,0.08328889804727169
1343280975.0,0.0850894062545251
1343283675.0,0.12479861216672816
1343286375.0,0.13714006085885444
1343289075.0,0.1352211435992956
1343291775.0,0.23289067990552326
1343294475.0,0.26775136819185263
1343297175.0,0.23619900232415603
1343299875.0,0.27563440838426345
1343302575.0,0.346314255170455
1343305275.0,0.23847749747099556
1343307975.0,0.24585452842845257
1343310675.0,0.2913042410085893
1343313375.0,0.37038129476087533
1343316075.0,0.38277941833618456
1343318775.0,-0.8553152554723056
1343321475.0,0.36590746847025457
1343324175.0,0.34823051220070056
1343326875.0,0.3715709612137914
1343329575.0,0.37831017209242646
1343332275.0,0.3040804538963755
1343334975.0,0.2022350822949477
1343337675.0,0.058833800784100276
1343340375.0,-0.035066847629906306
1343343075.0,-0.16656160903104933
1343345775.0,-0.2702197372828721
1343348475.0,-1.3749652112038575
1343351175.0,-2.5866882987001816
1343353875.0,-2.6365244458766597
1343356575.0,-2.6347197616507287
1343359275.0,-2.546931174571853
1343361975.0,-2.4522403495610092
1343364675.0,-2.4468915365877137
1343367375.0,-2.487815950773097
1343370075.0,-2.439975197920262
1343372775.0,-2.393838648008625
1343375475.0,-2.3663607991220204
1343378175.0,-2.3159004406236647
1343380875.0,-2.3161306704631386
1343383575.0,-2.236036829422261
1343386275.0,-2.1894351534417353
1343388975.0,-2.17065541049692
1343391675.0,-2.242429035383452
1343394375.0,-2.1669213201677167
1343397075.0,-2.081254723809593
1343399775.0,-2.0486770220295796
1343402475.0,-2.066360851859372
1343405175.0,1.2469177235852271
1343407875.0,0.8781752497943955
1343410575.0,-1.1621173312258577
1343413275.0,-1.23051605788757
1343415975.0,-1.239713887314565
1343418675.0,-1.2145912529384475
1343421375.0,-1.2983033790090985
1343424075.0,-1.3198247822342069
1343426775.0,-1.4129034457413923
1343429475.0,-1.4606675931749464
1343432175.0,-1.591103005828785
1343434875.0,-1.7817503384256668
1343437575.0,-3.371475100425897
1343440275.0,-3.8460873139229648
1343442975.0,-3.8172194772638193
1343445675.0,-3.778092254304596
1343448375.0,-3.712392912469113
1343451075.0,-3.008118336139347
1343453775.0,-1.3179735766137526
1343456475.0,-1.1487723476413407
1343459175.0,-1.1382401888801041
1343461875.0,-1.0911649647871968
1343464575.0,-1.023174941570801
1343467275.0,-0.9511111865509463
1343469975.0,-0.9520283929770983
1343472675.0,-0.8897275732330172
1343475375.0,-0.9208618465082736
1343478075.0,-0.904121937354347
1343480775.0,-0.8500043114637492
1343483475.0,-0.921537922740356
1343486175.0,-0.8262138414777098
1343488875.0,-0.8695445742661718
1343491575.0,-0.8890051742196476
1343494275.0,-0.9367238077428226
1343496975.0,-0.8926170887828562
1343499675.0,-0.9866242527764939
1343502375.0,-3.2873963796717476
1343505075.0,-3.5863283556690817
1343507775.0,-3.6205158321670012
1343510475.0,-1.320320405506095
1343513175.0,-0.8832854693646937
1343515875.0,-0.8234805515677976
1343518575.0,-0.9428085888446276
1343521275.0,-1.0707519601941442
1343523975.0,-1.268468816583578
1343526675.0,-1.3436214731110283
1343529375.0,-1.4102459383949792
1343532075.0,-1.3899885198072468
1343534775.0,-1.4255195020859048
1343537475.0,-1.371214657118685
1343540175.0,-1.4503084958449222
1343542875.0,-1.3851521451592816
1343545575.0,-1.3896441027299318
1343548275.0,-1.266992088549955
1343550975.0,-1.1471467259598
1343553675.0,-1.1115579336927794
1343556375.0,-0.7360425420354488
1343559075.0,1.452365842974416
1343561775.0,1.5833411422297559
1343564475.0,1.561534578941263
1343567175.0,1.4654939659871218
1343569875.0,1.4195155370515238
1343572575.0,1.5830877740936842
1343575275.0,1.507932855239062
1343577975.0,1.4570292755798846
1343580675.0,1.384217596881399
1343583375.0,-1.7066191819024823
1343586075.0,-1.817050691154435
1343588775.0,-1.8368729166026867
1343591475.0,-1.8430298507381053
1343594175.0,-1.8236776780748585
1343596875.0,-1.916483879390114
1343599575.0,-1.8820676094898374
1343602275.0,-1.9450410199752923
1343604975.0,-1.9482974098186219
1343607675.0,-1.9657782934735621
1343610375.0,-0.3058280729354408
1343613075.0,-1.6587110322725493
1343615775.0,-1.7432854298534153
1343618475.0,-1.7258574875131387
1343621175.0,-1.7359756852826251
1343623875.0,-1.6975971435905706
1343626575.0,-1.7662185233620846
1343629275.0,-1.7459457343692293
1343631975.0,-1.7025473034650815
1343634675.0,-1.6708782403242992
1343637375.0,-1.6294500443791264
1343640075.0,-1.5838514214653117
1343642775.0,-1.5007669944608608
1343645475.0,-1.4291030610452253
1343648175.0,-1.3265982365300317
1343650875.0,-1.0136587821527598
1343653575.0,0.6858847922567293
1343656275.0,0.8288523088817215
1343658975.0,0.882794197345504
1343661675.0,0.791343470235347
1343664375.0,0.7154562776605076
1343667075.0,-1.481860049376536
1343669775.0,-1.568247844888532
1343672475.0,-1.6935527789045466
1343675175.0,-1.6459951268929842
1343677875.0,-1.6929700966670396
1343680575.0,-1.7915763103835616
1343683275.0,-1.8227142620108907
1343685975.0,-1.8058711696806427
1343688675.0,-1.8645892946114202
1343691375.0,-1.8369908668897494
1343694075.0,-1.8696039044718304
1343696775.0,-1.9710329834175866
1343699475.0,-2.0498927745144613
1343702175.0,-2.1562188693388293
1343704875.0,-2.3215321544655296
1343707575.0,-4.057097077637678
1343710275.0,-4.204979605808319
1343712975.0,-4.251349276891091
1343715675.0,-4.170217049360559
1343718375.0,-4.1547755383935225
1343721075.0,-4.0353429141053425
1343723775.0,-3.937009911429243
1343726475.0,-3.8365160360021093
1343729175.0,-0.9523346232712697
1343731875.0,-0.4946302469447801
1343734575.0,-0.4923642606239298
1343737275.0,-0.4484825088657374
1343739975.0,-0.4190805129420596
1343742675.0,-0.4198595075547473
1343745375.0,-0.32310524736800517
1343748075.0,-0.41107022895405976
1343750775.0,-0.3776506717373991
1343753475.0,-0.4443605283446175
1343756175.0,-0.7804930311614839
1343758875.0,-2.7950410319496655
1343761575.0,-2.841167301071181
1343764275.0,-2.8685350778119414
1343766975.0,-2.9099683900049627
1343769675.0,-2.934246459603685
1343772375.0,-2.9563272910849037
1343775075.0,-2.9959540151928366
1343777775.0,-2.999891908178057
1343780475.0,-3.055524515905148
1343783175.0,-3.0810499190014298
1343785875.0,-3.1100922508913413
1343788575.0,-3.074621487132049
1343791275.0,-3.0107369827145476
1343793975.0,-3.0561985550469615
1343796675.0,-3.0133687362285855
1343799375.0,-3.04659951727254
1343802075.0,-3.0089345599259616
1343804775.0,-3.1039982232810246
1343807475.0,-2.9891513792973683
1343810175.0,-2.92963371078622
1343812875.0,-0.8968801443767518
1343815575.0,0.6230198872016501
1343818275.0,0.7174228453353351
1343820975.0,0.7238036696434449
1343823675.0,0.8207879314583693
1343826375.0,0.8231963515660823
1343829075.0,1.0500506871959203
1343831775.0,1.2144864660976395
1343834475.0,1.3402509533254658
1343837175.0,1.4717107118368347
1349273850.0,0.49550218230351106
1349276550.0,0.3089561175243887
1349279250.0,0.13339977839888206
1349281950.0,-0.017479585049755997
1349284650.0,-0.16629542986729007
1349287350.0,-0.3878381078179416
1349290050.0,-0.4593880116639468
1349292750.0,-0.497723319765754
1349295450.0,-0.45059391134233806
1349298150.0,-0.4531638773495672
1349300850.0,0.2487140568174766
1349303550.0,1.6959539593553643
1349306250.0,1.7361274268490376
1349308950.0,1.7116604547055658
1349311650.0,1.7181150173576327
1349314350.0,1.7200262393014611
1349317050.0,1.6921619891909359
1349319750.0,1.7157581915568016
1349322450.0,1.698018601861719
1349325150.0,1.7213334457541691
1349327850.0,1.718242777470664
1349330550.0,1.8549519084188262
1349333250.0,1.8233804103147406
1349335950.0,1.8724202281684654
1349338650.0,1.97782430186831
1349341350.0,2.2014192602908906
1349344050.0,2.3159127072389083
1349346750.0,3.915366987730863
1349349450.0,4.061296896632484
1349352150.0,1.023687369293043
1349354850.0,0.9285773554274783
1349357550.0,0.9057556381971779
1349360250.0,0.9554697058152897
1349362950.0,0.9857644682840601
1349365650.0,0.8935538685271922
1349368350.0,0.8003896743159657
1349371050.0,0.8006554609313525
1349373750.0,0.691752121459956
1349376450.0,0.5886741272792619
1349379150.0,0.44236439152433604
1349381850.0,0.43478856145796385
1349384550.0,0.35423929834479395
1349387250.0,0.3237975069370975
1349389950.0,0.37564052485180355
1349392650.0,0.4287559294133416
1349395350.0,0.29183159766634503
1349398050.0,-1.9134724397621596
1349400750.0,-2.004037175587115
1349403450.0,-1.981919459227214
1349406150.0,-1.947198836248134
1349408850.0,-1.9271069055903922
1349411550.0,-1.9368426461370518
1349414250.0,-1.9374255330966719
1349416950.0,-1.8231225880163322
1349419650.0,-1.7542123085881656
1349422350.0,-1.7689325145510395
1349425050.0,1.3731654669467446
1349427750.0,1.7758692602323833
1349430450.0,1.8100573188208102
1349433150.0,1.8182615004565434
1349435850.0,1.8675238775042544
1349438550.0,1.7940614141827211
1349441250.0,1.7050912830425204
1349443950.0,1.6764025879549251
1349446650.0,1.6525553674310913
1349449350.0,1.6270424715164609
1349452050.0,1.5852967288293485
1349454750.0,1.4910820856805174
1349457450.0,1.4266210282410725
1349460150.0,1.283498235700364
1349462850.0,-0.2638181660289547
1349465550.0,-1.824273706263142
1349468250.0,-1.774019622722193
1349470950.0,-1.867525046822351
1349473650.0,-1.849251596301201
1349476350.0,-1.8434989996194133
1349479050.0,-1.1656501710701264
1349481750.0,0.9078521589522381
1349484450.0,1.0022529008150798
1349487150.0,0.9746257172735397
1349489850.0,1.029809507767709
1349492550.0,1.0586635028044213
1349495250.0,1.0794784662728603
1349497950.0,1.0467110268788247
1349500650.0,1.091095155178465
1349503350.0,1.1772971589765575
1349506050.0,1.1842670209683774
1349508750.0,1.125633182864732
1349511450.0,1.1744850127132338
1349514150.0,1.4347691964207172
1349516850.0,2.234545573059222
1349519550.0,3.611453279865742
1349522250.0,1.3098478146042964
1349524950.0,0.9018388926199918
1349527650.0,0.8826992965326781
1349530350.0,0.8676497351531509
1349533050.0,0.8584388039805333
1349535750.0,0.8013841264610164
1349538450.0,0.8706514030804158
1349541150.0,0.804369198816687
1349543850.0,0.7152075012442651
1349546550.0,0.6845690450394386
1349549250.0,0.6383336697222717
1349551950.0,0.5175149395144558
1349554650.0,0.4064734319633203
1349557350.0,-0.9135950896803138
1349560050.0,-1.6924469586927273
1349562750.0,-1.8366517752264144
1349565450.0,-1.8235642499643632
1349568150.0,-1.8088302771932092
1349570850.0,-1.737964762898855
1349573550.0,-1.7269093856941424
1349576250.0,-1.6630635560115934
1349578950.0,-1.5654516993617449
1349581650.0,-1.5433014427065075
1349584350.0,-1.530415920448803
1349587050.0,-1.485780308725822
1349589750.0,-1.3835446855694329
1349592450.0,-1.392679693360634
1349595150.0,-1.3052544476613548
1349597850.0,1.8287975771897038
1349600550.0,1.9097492174852277
1349603250.0,2.017940913771298
1349605950.0,2.092173221330995
1349608650.0,1.7475488403191548
1349611350.0,-0.2128942379415264
1349614050.0,-0.18493654188506525
1349616750.0,-0.20715208388222095
1349619450.0,-0.16578410617975692
1349622150.0,-0.239626134715337
1349624850.0,-0.2131493942160887
1349627550.0,-0.2776292708094843
1349630250.0,-0.28794277541564384
1349632950.0,-0.31977953756032207
1349635650.0,-0.3441606444370109
1349638350.0,-0.4463480087869698
1349641050.0,-0.39898314648033306
1349643750.0,-0.5388828426629573
1349646450.0,-0.6263025902281356
1349649150.0,-0.6956479578325343
1349651850.0,-0.7867892889990742
1349654550.0,-0.820064219334455
1349657250.0,-2.747925253667148
1349659950.0,-3.0751900421516893
1349662650.0,-3.0609855748108714
1349665350.0,-2.9991574872312867
1349668050.0,-2.916060916185387
1349670750.0,-1.193880203484298
1349673450.0,0.3401968542139855
1349676150.0,0.4392865447128429
1349678850.0,0.4497281004962588
1349681550.0,0.4498320928022679
1349684250.0,0.47099102216702704
1349686950.0,0.5064475233068322
1349689650.0,0.5690012852854522
1349692350.0,0.6344673474282843
1349695050.0,0.6939626024193615
1349697750.0,0.5779461318343238
1349700450.0,0.7910306553972646
1349703150.0,0.8032399992631554
1349705850.0,0.9442188412904216
1349708550.0,0.8692782116676483
1349711250.0,0.8478647912739063
1349713950.0,0.857820639142858
1349716650.0,0.832328090222461
1349719350.0,0.691784453620528
1349722050.0,0.7077631604453813
1349724750.0,0.638331920901436
1349727450.0,0.7144990668817002
1349730150.0,-1.2933575033578961
1349732850.0,-2.68343657785411
1349735550.0,-2.7631674509560185
1349738250.0,-2.765572291353976
1349740950.0,-2.742002169640159
1349743650.0,-2.785767832696223
1349746350.0,-2.821602067998839
1349749050.0,-2.7355964305303644
1349751750.0,-2.7384379644945227
1349754450.0,-2.640735125475203
1349757150.0,0.6954545746603173
1349759850.0,0.9496063740012914
1349762550.0,1.041710012937358
1349765250.0,0.9914169919966014
1349767950.0,0.9897225549977691
1349770650.0,0.9680914688258042
1349773350.0,0.23523677442113922
1349776050.0,-1.3430505758096842
1349778750.0,-1.404455135686078
1349781450.0,-1.3434839890587966
1349784150.0,-1.266427076555658
1349786850.0,-1.2073970377855687
1349789550.0,-1.0712851979632774
1349792250.0,-0.9312708882768845
1349794950.0,-0.9112001301221824
1349797650.0,1.3168919763255644
1349800350.0,1.4728354544562592
1349803050.0,1.4870836402680254
1349805750.0,1.4084716249340943
1349808450.0,1.4409277861365126
1349811150.0,1.3794943804300601
1349813850.0,1.3690091460437657
1349816550.0,1.2706113234353893
1349819250.0,1.2558330625705878
1349821950.0,-0.3259715024243235
1349824650.0,-1.2060441318513426
1349827350.0,-1.3002353106140276
1349830050.0,-1.208092352301037
1349832750.0,-1.2757877044537054
1349835450.0,-1.1931923280581032
1349838150.0,-1.2070937571167235
1349840850.0,-1.128301028248444
1349843550.0,-1.054181779757272
1349846250.0,1.1254860194603111
1349848950.0,1.5273543999303172
1349851650.0,1.5250058385598777
1349854350.0,1.4982071405051443
1349857050.0,1.3921748010046429
1349859750.0,1.3047892745071294
1349862450.0,0.997930596512532
1349865150.0,-0.6390200293621717
1349867850.0,-0.8250076510439612
1349870550.0,-0.7248664873372945
1349873250.0,-0.655487651149258
1349875950.0,-0.573346879403033
1349878650.0,-0.5281853778061532
1349881350.0,-0.46955651991288505
1349884050.0,-0.3997510575555623
1349886750.0,-0.42932407675186823
1349889450.0,-0.39825694847505133
1349892150.0,-0.43099041877829336
1349894850.0,-0.4621315890474307
1349897550.0,-0.453344374033378
1349900250.0,-0.44008662246798735
1349902950.0,-0.5719491223034936
1349905650.0,-0.5424121713047043
1349908350.0,-0.6351995285535565
1349911050.0,-0.6328545552458138
1349913750.0,-0.629590145619062
1349916450.0,-0.6651018104550701
1349919150.0,-0.7195166815548362
1349921850.0,-0.7407503000089832
1349924550.0,-0.7486389784048413
1349927250.0,-0.6876255010769796
1349929950.0,-0.65789318615262
1349932650.0,-0.42744648632472604
1349935350.0,3.0070749369736802
1349938050.0,3.105764074080696
1349940750.0,3.045872993501405
1349943450.0,2.976848980689425
1349946150.0,-0.15271343135935922
1349948850.0,-0.5005925551768655
1349951550.0,-0.4735968456447779
1349954250.0,-0.4865561632617812
1349956950.0,-0.4319032560522942
1349959650.0,-0.4462781233610258
1349962350.0,-0.36286573909868025
1349965050.0,-0.2981232319138485
1349967750.0,-0.2899404636860936
1349970450.0,-0.2156206883173013
1349973150.0,-0.20000941422017604
1349975850.0,-0.2076705610639067
1349978550.0,-0.25451972349043217
1349981250.0,-0.22914359588611433
1349983950.0,-0.2631484257424006
1349986650.0,-0.16684224563741168
1349989350.0,-0.2411998066710055
1349992050.0,-0.2022457494903449
1349994750.0,-0.22855818429857777
1349997450.0,-0.2209035710706928
1350000150.0,-0.230043737197974
1350002850.0,-0.31575911629437314
1350005550.0,-0.37680596327336957
1350008250.0,-0.395148735931258
1350010950.0,-0.38878863147064635
1350013650.0,-0.3586288269253828
1350016350.0,-0.36547406229345825
1350019050.0,-0.28459386779641704
1350021750.0,2.885442941299033
1350024450.0,3.3509688559600477
1350027150.0,0.16770844191444212
1350029850.0,0.012389490175991114
1350032550.0,-0.03002339929182085
1350035250.0,-0.004013787711755867
1350037950.0,-0.00010243780585028617
1350040650.0,-0.013095729891176688
1350043350.0,0.04723389337760864
1350046050.0,-0.01141306509478568
1350048750.0,-0.006342592501994204
1350051450.0,0.04788101856860294
1350054150.0,-0.0484320621716563
1350056850.0,-0.038326183931673086
1350059550.0,-0.0284617434157326
1350062250.0,-0.09587464692725689
1350064950.0,-0.10005703439892955
1350067650.0,-0.09672331526749645
1350070350.0,-0.10481584162940294
1350073050.0,0.013215334420237923
1350075750.0,-0.06671820720484334
1350078450.0,-0.011494709761677768
1350081150.0,-0.013473776135498383
1350083850.0,-0.0076278120320409926
1350086550.0,0.08724402756479321
1350089250.0,0.033447059315790284
1350091950.0,0.027120101005721153
1350094650.0,0.02846609176486936
1350097350.0,0.0061712399160569475
1350100050.0,0.04316740778875783
1350102750.0,0.025267140906152008
1350105450.0,0.10078127472135634
1350108150.0,0.13035908733664314
1350110850.0,3.5523913390298105
1350113550.0,0.5077367912386421
1350116250.0,0.10033544365700209
1350118950.0,0.06649513999397527
1350121650.0,0.08274031053068143
1350124350.0,0.11859524244988506
1350127050.0,0.04711414321738516
1350129750.0,0.13795810257232688
1350132450.0,0.06894048532535635
1350135150.0,0.0006053530906910964
1350137850.0,0.05406980729853217
1350140550.0,-0.04704598706987895
1350143250.0,-0.07186367994037823
1350145950.0,-0.11332285834870959
1350148650.0,-0.12602872241853902
1350151350.0,-0.11144044946840381
1350154050.0,-0.08286925371487541
1350156750.0,-0.04831925870010423
1350159450.0,0.006043390422263428
1350162150.0,0.007286441721646497
1350164850.0,0.026367976368504742
1350167550.0,0.06236182593158901
1350170250.0,0.14559606312485585
1350172950.0,0.195615051342088
1350175650.0,0.1718170285948588
1350178350.0,0.15630546253714783
1350181050.0,0.1475209319947055
1350183750.0,0.13645582370597253
1350186450.0,0.14807000155639116
1350189150.0,0.13977888943921357
1350191850.0,0.20893663840109866
1350194550.0,0.21321030803119356
1350197250.0,0.19007901280377837
1350199950.0,1.4651781151202954
1350202650.0,2.491435759936678
1350205350.0,0.21637119041687924
1350208050.0,0.19374129523239958
1350210750.0,0.25601581091527237
1350213450.0,0.1447908435768568
1350216150.0,0.018513077176152137
1350218850.0,0.18447258852330606
1350221550.0,0.14777458267479915
1350224250.0,0.09835480093556725
1350226950.0,0.008782598324671653
1350229650.0,-0.096095849600772
1350232350.0,-0.18627317568456192
1350235050.0,-0.2963272721099486
1350237750.0,-0.29799236359738757
1350240450.0,-2.781088051253562
1350243150.0,-2.808426507574211
1350245850.0,-2.7301228716787023
1350248550.0,-2.6366816860962103
1350251250.0,0.04242113662255065
1350253950.0,0.12365120701659293
1350256650.0,0.20501065113123218
1350259350.0,0.21198845225566743
1350262050.0,0.23651863060914025
1350264750.0,0.17872334441437943
1350267450.0,0.19930287820130843
1350270150.0,0.22227090918397607
1350272850.0,0.22778513519938315
1350275550.0,0.2388281878388625
1350278250.0,0.29207617372520644
1350280950.0,0.26352888444117184
1350283650.0,0.2414320713830307
1350286350.0,0.2291028990312327
1350289050.0,1.943844151750369
1350291750.0,0.015324057393058865
1350294450.0,0.0013050096225697416
1350297150.0,0.017856484454711108
1350299850.0,-0.07924878614988984
1350302550.0,-0.004721537350150129
1350305250.0,-0.01617007674957449
1350307950.0,0.0719281483499401
1350310650.0,0.0607277622012532
1350313350.0,-0.02024080013893581
1350316050.0,-0.1067602493077402
1350318750.0,-0.19213667978394255
1350321450.0,-0.5923139909316433
1350324150.0,-2.4037986734642516
1350326850.0,-2.5904946196746153
1350329580.0,-2.602223586739342
1350332280.0,-2.5722586947047716
1350334980.0,-2.6042485673723945
1350337680.0,-2.490631267239337
1350340380.0,-2.424568829783624
1350343080.0,-2.30636562180635
1350345780.0,-0.35431336401768476
1350348480.0,0.28170498350758066
1350351180.0,0.3637401232042805
1350353880.0,0.40380613353232775
1350356580.0,0.4230926555224812
1350359280.0,0.4726428016930413
1350361980.0,0.40796599271953937
1350364680.0,0.4624066495786394
1350367380.0,0.45897242740397814
1350370080.0,0.4080444089668447
1350372780.0,0.3672429856335384
1350375480.0,0.41938797254539395
1350378180.0,0.3489944064576491
1350380880.0,-0.15062012262470148
1350383580.0,-0.004168567205795171
1350386280.0,-0.04634593937709042
1350388980.0,-0.012442386151434448
1350391680.0,-0.009236857457665337
1350394380.0,0.057684639209441
1350397080.0,0.11770498567989307
1350399780.0,0.08779841894829588
1350402480.0,0.04003506040089633
1350405180.0,-0.08466537552342857
1350407880.0,-0.2737977718355751
1350410580.0,-0.6557437166641478
1350413280.0,-2.2753297438061395
1350415980.0,-2.530487603745314
1350418680.0,-2.548436553556968
1350421380.0,-2.558205648018969
1350424080.0,-2.523099037004613
1350426780.0,-2.5083177578172524
1350429480.0,-2.358679852813083
1350432180.0,-2.3891938884692934
1350434880.0,-2.3183339707157984
1350437580.0,-2.261200065419274
1350440280.0,-2.1967448148515416
1350442980.0,-2.139189284858844
1350445680.0,-2.1065023388808584
1350448380.0,-2.1358993241466067
1350451080.0,-2.0596254262854075
1350453780.0,-2.038867144581843
1350456480.0,-2.110690291941836
1350459180.0,-2.1057352068989417
1350461880.0,0.6209259872637745
1350464580.0,1.2239353936510327
1350467280.0,-0.6694216144367999
1350469980.0,-1.0803046817323434
1350472680.0,-1.1321369398785919
1350475380.0,-1.132371785791662
1350478080.0,-1.0541020312005003
1350480780.0,-1.0466603457894337
1350483480.0,-1.040698882081756
1350486180.0,-1.0015032273385884
1350488880.0,-1.0673241056279892
1350491580.0,-1.148454487194499
1350494280.0,-1.2606206376707405
1350496980.0,-1.3633236172550482
1350499680.0,-1.7063356119007267
1350502380.0,-2.5444005812181274
1350505080.0,-3.7627175820266814
1350507780.0,-3.8314373173654985
1350510480.0,-3.706807200611678
1350513180.0,-1.2592937550082581
1350515880.0,-1.0688277591244457
1350518580.0,-1.0083958839378795
1350521280.0,-1.009255655542404
1350523980.0,-0.9564372215844799
1350526680.0,-0.8999442397788471
1350529380.0,-0.8536628650695945
1350532080.0,-0.8577963689027115
1350534780.0,-0.8373939461965847
1350537480.0,-0.7258087048820414
1350540180.0,-0.7884769303726387
1350542880.0,-0.8264514204846023
1350545580.0,-0.8879855756771349
1350548280.0,-0.8447218972741553
1350550980.0,-0.2023956599402652
1350553680.0,1.412755427928829
1350556380.0,-0.6297560547495777
1350559080.0,-0.9338302960815099
1350561780.0,-0.9495110511362839
1350564480.0,-0.9352998137351562
1350567180.0,-0.902994251870922
1350569880.0,-0.895859086202961
1350572580.0,-0.8690781900566265
1350575280.0,-0.9078816288757139
1350577980.0,-0.887184341353418
1350580680.0,-0.919069672393988
1350583380.0,-1.0065747786864847
1350586080.0,-1.1313780770863673
1350588780.0,-1.3083185050950874
1350591480.0,-1.5705303323353803
1350594180.0,-3.219723832136026
1350596880.0,-3.641131724997223
1350599580.0,-3.6621744066145823
1350602280.0,-3.5858959378205952
1350604980.0,-3.57110810453068
1350607680.0,-3.551223419359957
1350610380.0,-3.4658802488033302
1350613080.0,-3.3801449310249154
1350615780.0,-3.3361205794288935
1350618480.0,-3.2844993087277885
1350621180.0,-3.2899779052075644
1350623880.0,-3.195557733760296
1350626580.0,-3.022190990508676
1350629280.0,0.05514909177574623
1350631980.0,0.11503711586499321
1350634680.0,0.07921982021207441
1350637380.0,0.11234778784952937
1350640080.0,0.12418996246051961
1350642780.0,-0.09874273227345043
1350645480.0,-2.0903429738456794
1350648180.0,-2.2463236494702983
1350650880.0,-2.2222078003739227
1350653580.0,-2.1070344558224576
1350656280.0,-2.154869334769984
1350658980.0,-2.1868846245588998
1350661680.0,-2.149008548640637
1350664380.0,-2.1446484535067896
1350667080.0,-2.2196032613946954
1350669780.0,-2.2547632296367226
1350672480.0,-2.328411901415052
1350675180.0,-2.3309600237938923
1350677880.0,-2.4774474302648173
1350680580.0,-2.63628420244558
1350683280.0,-1.6031940379507432
1350685980.0,-0.054529349963615914
1350688680.0,-1.7234361183870703
1350691380.0,-2.0529067926495372
1350694080.0,-2.102654610895854
1350696780.0,-2.0239298964737884
1350699480.0,-2.0058976174519216
1350702180.0,-1.9214216282454402
1350704880.0,-1.871963482929715
1350707580.0,-1.855727152041851
1350710280.0,-1.7936771851634035
1350712980.0,-1.757415960307867
1350715680.0,-1.323290483365355
1350718380.0,0.1477753350215778
1350721080.0,0.40920235364228574
1350723780.0,0.44496624060187173
1350726480.0,0.43171519199808017
1350729180.0,0.3458823531732378
1350731880.0,0.2070673141705015
1350734580.0,0.153192602803216
1350737280.0,0.11095187044642785
1350739980.0,-1.5229385386816432
1350742680.0,-1.8153137111873434
1350745380.0,-1.8836219830998289
1350748080.0,-1.8995350039274683
1350750780.0,-1.930806733039617
1350753480.0,-1.9426577265221567
1350756180.0,-1.9188308322124215
1350758880.0,-1.9601930193329054
1350761580.0,-1.943212102911474
1350764280.0,-2.011722119650557
1350766980.0,-2.035850728454676
1350769680.0,-2.1677020755845433
1350772380.0,-2.245669315947282
1350775080.0,-2.243240544656203
1350777780.0,-2.226876234392847
1350780480.0,-2.2393225848149143
1350783180.0,-2.2171213624980055
1350785880.0,-2.194577668131359
1350788580.0,-2.107622176558948
1350791280.0,-2.054866001040267
1350793980.0,-1.923331851704802
1350796680.0,1.3133855678492523
1350799380.0,1.4650608408272774
1350802080.0,1.517239617119401
1350804780.0,1.4843912793237166
1350807480.0,1.5360184618646429
1350810180.0,1.3907267961747323
1350812880.0,-1.5534179293208865
1350815580.0,-1.6350129500012827
1350818280.0,-1.6507877015106374
1350820980.0,-1.630122899817536
1350823680.0,-1.616411181427452
1350826380.0,-1.6142532208256455
1350829080.0,-1.5725567501052353
1350831780.0,-1.5407137575893444
1350834480.0,-1.6347062659493758
1350837180.0,-1.6401789105376565
1350839880.0,-1.6958557517213535
1350842580.0,-1.7012285502048599
1350845280.0,-1.727529208796767
1350847980.0,-1.7108036663740052
1350850680.0,-1.8280005973759899
1350853380.0,-1.8433248362490247
1350856080.0,-3.5208469573684056
1350858780.0,-4.435212999512032
1350861480.0,-4.406480652553938
1350864180.0,-4.415877008732025
1350866880.0,-4.425081170899404
1350869580.0,-4.401750706771423
1350872280.0,-4.312017154269654
1350874980.0,-1.423334436828469
1350877680.0,-0.9277275852422804
1350880380.0,-0.8439062231250603
1350883080.0,-0.7754621566693345
1350885780.0,-0.7398277174968371
1350888480.0,-0.6993128797414272
1350891180.0,-0.6711258454474205
1350893880.0,-0.52472706071066
1350896580.0,-0.44284748009283703
1350899280.0,-1.2133881472217638
1350901980.0,-2.568048806441624
1350904680.0,-2.65511859217861
1350907380.0,-2.6449105040974814
1350910080.0,-2.5720634594929095
1350912780.0,-0.7673313397694415
1350915480.0,-0.20401842698069572
1350918180.0,-0.19595013073706014
1350920880.0,-0.20860716845891147
1350923580.0,-0.2056650848052186
1350926280.0,-0.23724337636991777
1350928980.0,-0.22955675685560095
1350931680.0,-0.279199272212054
1350934380.0,-0.19420477605396513
1350937080.0,-0.3175427568512248
1350939780.0,-0.273063820718761
1350942480.0,-0.3755443116147603
1350945180.0,-0.406608605216519
1350947880.0,-0.4929958943003214
1350950580.0,-0.8714411789522671
1350953280.0,-2.8845944529292353
1350955980.0,-3.039201484187487
1350958680.0,-3.0216641970956744
1350961380.0,-2.994374077155811
1350964080.0,-2.962103354195591
1350966780.0,-2.802380928241206
1350969480.0,-0.4858251955716355
1350972180.0,-0.13149448008826425
1350974880.0,-0.16161924889013335
1350977580.0,-0.11680368820748299
1350980280.0,-0.04789204976322026
1350982980.0,0.03990412459671688
1350985680.0,0.13678071555028737
1350988380.0,0.005905938852890813
1350991080.0,-0.10280282873554825
1350993780.0,-1.8035675415567596
1350996480.0,-1.8538174317211826
1350999180.0,-1.7854284708310786
1351001880.0,-1.7882789831020887
1351004580.0,-1.82800976990643
1351007280.0,-1.8430959751100318
1351009980.0,-1.9240698309754123
1351012680.0,-1.9634210089029125
1351015380.0,-1.927588997507172
1351018080.0,-1.9977435126224918
1351020780.0,-1.8967729742094832
1351023480.0,-1.9840534619392542
1351026180.0,-2.0140083434070277
1351028880.0,-2.0458257479126303
1351031580.0,-2.0492289589625443
1351034280.0,-1.9668612565050978
1351036980.0,-2.027756323025301
1351039680.0,-2.0896140870137003
1351042380.0,-2.1175529844594223
1351045080.0,-2.1306004562899545
1351047780.0,-2.0930383117874385
1351050480.0,-2.1392798823745807
1351053180.0,-0.3035284674390084
1351055880.0,1.2825342853355721
1351058580.0,1.3358082125404849
1351061280.0,1.284512047521929
1351063980.0,1.3224474818231897
1351066680.0,1.3315139359430646
1351069380.0,1.47703001278947
1351072080.0,-0.12808664168895234
1351074780.0,-1.664463220271756
1351077480.0,-1.5746662748756535
1351080180.0,-1.4294897449201471
1351082880.0,0.5578016108551367
1351085580.0,1.0741839241801188
1351088280.0,0.9624394910082401
1351090980.0,1.0365837972107101
1351093680.0,0.9709004902371703
1351096380.0,0.9522962810879676
1351099080.0,0.8930530294945811
1351101780.0,0.8881594897148659
1351104480.0,0.8258076642286483
1351107180.0,0.8976300302555558
1351109880.0,0.8166250067868361
1351112580.0,0.8239384801408391
1351115280.0,0.7112188160610913
1351117980.0,0.7608556947130865
1351120680.0,0.7956910526089018
1351123380.0,0.7556765253090987
1351126080.0,0.6926766519881653
1351128780.0,0.6645316371717911
1351131480.0,0.6181779779435601
1351134180.0,0.621288773804622
1351136880.0,0.571658378051012
1351139580.0,0.579901716861059
1351142280.0,1.92422553122816
1351144980.0,3.108743242284447
1351147680.0,3.0553568310549792
1351150380.0,-0.054137124129539416
1351153080.0,-0.19135123174967816
1351155780.0,-0.11962161380051839
1351158480.0,-0.027402442552272532
1351161180.0,-0.03679956133620976
1351163880.0,0.07992577822722069
1351166580.0,0.3305369163458636
1351169280.0,0.4545566586605787
1351171980.0,1.3882500316514097
1351174680.0,2.602002565289496
1351177380.0,2.6196440381317245
1351180080.0,2.5991473489554267
1351182780.0,2.588918781629218
1351185480.0,2.5272687307608237
1351188180.0,2.496964070821491
1351190880.0,2.4928141256925755
1351193580.0,2.495102584485778
1351196280.0,2.428331695007529
1351198980.0,2.4286048999752836
1351201680.0,2.3822298906163724
1351204380.0,2.4321056851485423
1351207080.0,2.3857846688660516
1351209780.0,2.3987575393876455
1351212480.0,2.3546087903033026
1351215180.0,2.3503977150317894
1351217880.0,2.33789139423115
1351220580.0,2.3109953304856674
1351223280.0,2.3218519059282983
1351225980.0,2.290472065171116
1351228680.0,2.245030161073686
1351231380.0,1.4445252002769564
1351234080.0,0.5322606831684311
1351236780.0,1.2257426635422632
1351239480.0,1.234435884648235
1351242180.0,1.2451171594119614
1351244880.0,1.306026294802848
1351247580.0,1.2630099685132166
1351250280.0,1.2594113809443854
1351252980.0,1.3272962059341467
1351255680.0,1.4957972473416135
1351258380.0,1.6505008040753069
1351261080.0,1.810512958451369
1351263780.0,1.8475740116315365
1351266480.0,2.69209095576079
1351269180.0,3.9049084691255302
1351271880.0,3.8915968686466442
1351274580.0,3.8414858364832583
1351277280.0,3.820388778436353
1351279980.0,3.8689118175177555
1351282680.0,3.7484116082017636
1351285380.0,3.744227088731833
1351288080.0,3.692293479103313
1351290780.0,3.7173595330222042
1351293480.0,3.6850556179114164
1351296180.0,3.6764800297287934
1351298880.0,3.663614396980023
1351301580.0,3.706912251484397
1351304280.0,3.7257270000492895
1351306980.0,3.6921735515905993
1351309680.0,3.647733061311129
1351312380.0,3.6339875797381467
1351315080.0,3.6518425342000285
1351317780.0,3.566779070191899
1351320480.0,0.03785127881516814
1351323180.0,2.057655856159869
1351325880.0,2.2133197719537634
1351328580.0,2.243887530265141
1351331280.0,2.273036415266347
1351333980.0,2.235714599854333
1351336680.0,2.2069905325210755
1351339380.0,2.243099009641128
1351342080.0,2.2980301088628323
1351344780.0,2.4624064842631697
1351347480.0,2.4960093021257705
1351350180.0,2.563213732878296
1351352880.0,2.52440235924567
1351355580.0,2.56840495826944
1351358280.0,2.5379077512072286
1351360980.0,2.507527505737187
1351363680.0,2.4271644594687416
1351366380.0,2.5025253629019346
1351369080.0,2.345271847260875
1351371780.0,2.2314980679019527
1351374480.0,2.2201826519497274
1351377180.0,2.1835601436453373
1351379880.0,2.157891203351255
1351382580.0,2.1017748404985355
1351385280.0,2.1274204581688707
1351387980.0,2.1097577693732603
1351390680.0,2.161372207961847
1351393380.0,2.1872522999744035
1351396080.0,2.1407541550562996
1351398780.0,2.210805699453431
1351401480.0,2.2112400398843306
1351404180.0,2.210411808697586
1351406880.0,5.278384747699022
1351409580.0,5.0269023514503886
1351412280.0,1.840053811605685
1351414980.0,1.8211393496353026
1351417680.0,1.784298089041016
1351420380.0,1.768521504762191
1351423080.0,1.7721235217046
1351425780.0,1.75620115603121
1351428480.0,1.7250825080152197
1351431180.0,1.798023897876078
1351433880.0,1.8618677698690647
1351436580.0,1.8967051752418627
1351439280.0,2.180026606539087
1351441980.0,4.078079340611225
1351444680.0,4.178267801224763
1351447380.0,4.1270273758297265
1351450080.0,4.1084674721784324
1351452780.0,4.055994532831249
1351455480.0,3.997727368107803
1351458180.0,1.7302388915600488
1351460880.0,1.253325679623174
1351463580.0,1.262219418195997
1351466280.0,1.2770398617635408
1351468980.0,1.2854299374785967
1351471680.0,1.2681791345298734
1351474380.0,1.2737950045064963
1351477080.0,1.292595006338388
1351479780.0,1.355575516083718
1351482480.0,1.4350194831618808
1351485180.0,1.495047405755514
1351487880.0,1.5816829616382506
1351490580.0,3.681634289181801
1351493280.0,3.835750274520535
1351495980.0,3.5557074277460856
1351498680.0,1.655057191303115
1351501380.0,1.5024264516903827
1351504080.0,1.467403780592747
1351506780.0,1.4028787043866942
1351509480.0,1.45756259828633
1351512180.0,1.4274535838485463
1351514880.0,1.4300354000463926
1351517580.0,1.444389615856835
1351520280.0,1.449867721027715
1351522980.0,1.444489722241883
1351525680.0,1.431290224704071
1351528380.0,1.4538101832699795
1351531080.0,1.3769625317447947
1351533780.0,2.128115578126568
1351536480.0,3.699939786776241
1351539180.0,3.7368871713050282
1351541880.0,3.590021625502345
1351544580.0,1.6819692317216095
1351547280.0,1.2123381662340194
1351549980.0,1.251632777352512
1351552680.0,1.1315290015360233
1351555380.0,1.187550714223221
1351558080.0,1.1601698729049588
1351560780.0,1.2084545095050885
1351563480.0,1.2460101074602505
1351566180.0,1.2803878805412694
1351568880.0,1.2777708961210692
1351571580.0,1.321472470621842
1351574280.0,1.3400155163810439
1351576980.0,1.652392269414861
1351579680.0,3.5331380586112004
1351582380.0,3.6493050897951207
1351585080.0,3.282578677129493
1351587780.0,1.4714289349922467
1351590480.0,1.3665258911356943
1351593180.0,1.255811420310664
1351595880.0,1.276531561904136
1351598580.0,1.2778817235337954
1351601280.0,1.3601479037453998
1351603980.0,1.3078319349733363
1351606680.0,1.3093344792822847
1351609380.0,1.3106107056983092
1351612080.0,1.2969939237283654
1351614780.0,1.2911115066739
1351617480.0,1.2388936255669023
1351620180.0,1.2089314517031937
1351622880.0,1.24558574775142
1351625580.0,1.2512309844908884
1351628280.0,1.6443289460638368
1351630980.0,3.5035677776953094
1351633680.0,3.559437485241517
1351636380.0,3.622736158131289
1351639080.0,3.5260282598207766
1351641780.0,3.441420496332398
1351644480.0,3.535241237988089
1351647180.0,3.5503477188521515
1351649880.0,3.6060543347524856
1351652580.0,3.6146479200558304
1351655280.0,3.6134179696950923
1351657980.0,3.6135684256223612
1351660680.0,3.6550115204974816
1351663380.0,3.778594938552459
1351666080.0,4.042834027265059
1351668780.0,5.115197474346019
1351671480.0,5.825177630423923
1351674180.0,3.3310311915174395
1351676880.0,2.3147407580174786
1351679580.0,2.2204594570168865
1351682280.0,2.277843983281059
1351684980.0,2.2607546158418756
1351687680.0,2.2523117230805383
1351690380.0,2.283001258448394
1351693080.0,2.200340816425893
1351695780.0,2.152179799981127
1351698480.0,2.1235256014319646
1351701180.0,2.054037867815964
1351703880.0,2.0610491491932237
1351706580.0,1.9858238701433777
1351709280.0,2.033550626144347
1351711980.0,1.9600264888789525
1351714680.0,1.4323982568091367
1351717380.0,-0.6069940697235552
1351720080.0,-0.6299398056805501
1351722780.0,-0.28107074822139566
1351725480.0,1.7667653895217086
1351728180.0,1.8044613487256527
1351730880.0,1.8556254793230096
1351733580.0,1.8702425319782776
1351736280.0,1.9524424450389688
1351738980.0,1.990444238966603
1351741680.0,2.020417698975649
1351744380.0,2.0610056547377837
1351747080.0,2.1044436636445027
1351749780.0,2.089752328459838
1351752480.0,2.0753284137878154
1351755180.0,2.1991805349693436
1351757880.0,2.4764182702945448
1351760580.0,2.1872785498702854
1351763280.0,0.22465364999706594
1351765980.0,2.148796614002208
1351768680.0,2.2462261969935753
1351771380.0,2.2253192927238956
1351774080.0,2.1715353169051923
1351776780.0,2.205315850189038
1351779480.0,2.202029245596009
1351782180.0,2.140524091713928
1351784880.0,2.091542792367278
1351787580.0,2.070434880021679
1351790280.0,2.015498365607044
1351792980.0,1.9806541995332623
1351795680.0,2.0133878239475393
1351798380.0,1.8558663078741802
1351801080.0,0.31931847270129765
1351803780.0,-0.4454174756583029
1351806480.0,-0.48858446390505605
1351809180.0,-0.3648157282888178
1351811880.0,-0.39939645506873944
1351814580.0,-0.36766364505623983
1351817280.0,-0.29439741691521704
1351819980.0,-0.24875214622329622
1351822680.0,-0.19890016486908735
1351825380.0,-0.13096932719892607
1351828080.0,-0.09414672668907542
1351830780.0,-0.10959951443416571
1351833480.0,-0.05516808618509117
1351836180.0,-0.04130920943296701
1351838880.0,1.6440457134835924
1351841580.0,3.2736301547323876
1351844280.0,3.355265124484049
1351846980.0,3.391864521203388
1351849680.0,2.940243811162105
1351852380.0,0.9910647581506282
1351855080.0,0.9253932358053589
1351857780.0,0.908757772766819
1351860480.0,0.9540009474372368
1351863180.0,0.9505897031385473
1351865880.0,0.9492766385479001
1351868580.0,0.9234728149293971
1351871280.0,0.9068248158723691
1351873980.0,0.8733037348089852
1351876680.0,0.8081401861765016
1351879380.0,0.7442340913825944
1351882080.0,0.8006257154768264
1351884780.0,0.7062726875968792
1351887480.0,0.6740450109786025
1351890180.0,0.5487153180655184
1351892880.0,0.4111943333578836
1351895580.0,0.43824833710621647
1351898280.0,-1.71368092769373
1351900980.0,0.5588531843688145
1351903680.0,1.111637765815118
1351906380.0,1.1801749361141844
1351909080.0,1.2060337710856572
1351911780.0,1.2074777190893542
1351914480.0,1.2180269441003588
1351917180.0,1.1985328723048099
1351919880.0,1.233350770121632
1351922580.0,1.2406420487775165
1351925280.0,1.270857048366139
1351927980.0,1.327367464705958
1351930680.0,1.5286512517617723
1351933380.0,1.8074535881326597
1351936080.0,3.5697047075611863
1351938780.0,3.797730464653881
1351941480.0,3.5228473915230154
1351944180.0,1.731757123784604
1351946880.0,1.6465647011455644
1351949580.0,1.5764035971656085
1351952280.0,1.5278162621289653
1351954980.0,1.5271714809647676
1351957680.0,1.4697149147733057
1351960380.0,1.4489599382111464
1351963080.0,1.448556019342334
1351965780.0,1.3828829624139303
1351968480.0,1.4582453774516182
1351971180.0,1.3330813192499704
1351973880.0,1.3143188661814804
1351976580.0,1.2225308993720319
1351979280.0,1.1862932162022446
1351981980.0,1.255966241004586
1351984680.0,1.2097297913587113
1351987380.0,1.198377632870006
1351990080.0,1.3181052513971565
1351992780.0,1.3286406419355217
1351995480.0,1.6099934169184564
1351998180.0,3.831237981273887
1352000880.0,4.034800334538971
1352003580.0,4.084848792610359
1352006280.0,4.099467597402452
1352008980.0,4.108976453155492
1352011680.0,4.041155366102316
1352014380.0,4.0155521220051185
1352017080.0,4.12065842328272
1352019780.0,4.0941151580271935
1352022480.0,0.9132574168235692
1352025180.0,0.8885969089712376
1352027880.0,0.9763669937347004
1352030580.0,0.9862538272395796
1352033280.0,1.169388400701422
1352035980.0,1.076284664596301
1352038680.0,1.1628913617141734
1352041380.0,1.0930192957617635
1352044080.0,1.0980833708778164
1352046780.0,1.0624613547951185
1352049480.0,1.0809914475405833
1352052180.0,1.0308842621573433
1352054880.0,1.071465561370104
1352057580.0,0.9646406062351787
1352060280.0,0.830741115720798
1352062980.0,0.4411602207751173
1352065680.0,-1.5911221208921802
1352068380.0,-1.6924564364092305
1352071080.0,-1.7351790643240292
1352073780.0,-1.7806438907905147
1352076480.0,-1.728636237774566
1352079180.0,-1.6916208223146612
1352081880.0,-1.6421494456753578
1352084580.0,-1.4947560918741942
1352087280.0,1.949063222983085
1352089980.0,2.1142131866254203
1352092680.0,2.1473361665073014
1352095380.0,2.108491580272613
1352098080.0,2.084730142158719
1352100780.0,1.99093355859722
1352103480.0,1.9998288505130972
1352106180.0,1.7830654288122503
1352108880.0,-0.039458721481025805
1352111580.0,-0.10192034468050792
1352114280.0,0.03657804755300731
1352116980.0,0.16247415749711536
1352119680.0,0.23402547559831532
1352122380.0,0.25539925951429154
1352125080.0,0.3390168919434018
1352127780.0,2.355555018968147
1352130480.0,2.58567261797117
1352133180.0,2.557963108539525
1352135880.0,2.576696904499215
1352138580.0,2.5436337654190027
1352141280.0,2.593979602430892
1352143980.0,2.487913792268671
1352146680.0,2.462132750961132
1352149380.0,2.3425470433635383
1352152080.0,2.2912209674759936
1352154780.0,2.287704022023661
1352157480.0,2.2194473100888104
1352160180.0,2.1521449906115606
1352162880.0,2.1381562216614327
1352165580.0,2.106099767500041
1352168280.0,2.1351046211562448
1352170980.0,2.184375804315664
1352173680.0,2.2372817916415215
1352176380.0,2.531050234876176
1352179080.0,4.610200544997355
1352181780.0,4.665177412503226
1352184480.0,4.602223083118474
1352187180.0,4.466253129446102
1352189880.0,4.296841013920897
1352192580.0,1.4053868960371574
1352195280.0,1.1827696220144333
1352197980.0,1.1927420950456167
1352200680.0,1.2928811331600514
1352203380.0,1.4636269692792894
1352206080.0,1.553238565498276
1352208780.0,1.5896294657828207
1352211480.0,1.6158142450361765
1352214180.0,1.6337532158920567
1352216880.0,1.7149664415810548
1352219580.0,1.6241144551224806
1352222280.0,1.62437964447912
1352224980.0,1.5946685521861923
1352227680.0,1.6568422295239884
1352230380.0,1.523306927449596
1352233080.0,1.5418210063334357
1352235780.0,1.4465871440686158
1352238480.0,1.4183386221361047
1352241180.0,1.3563270787203123
1352243880.0,-0.8605495833920145
1352246580.0,-1.2140062810781274
1352249280.0,-1.2404968710590936
1352251980.0,-1.2040014463460977
1352254680.0,-1.1801864572262275
1352257380.0,-1.1996533635240212
1352260080.0,-1.1776489353502768
1352262780.0,1.8302073345876977
1352265480.0,2.401452677549713
1352268180.0,2.400097986095659
1352270880.0,2.3620102783538925
1352273580.0,2.025988105774587
1352276280.0,1.8560379471971942
1352278980.0,0.27023445698196724
1352281680.0,-0.025342322370789816
1352284380.0,0.0014305044833520242
1352287080.0,0.03604935163889422
1352289780.0,0.2261631814014038
1352292480.0,0.4220662692649455
1352295180.0,0.48545571761843576
1352297880.0,0.5800053355548584
1352300580.0,0.5183465109777785
1352303280.0,0.6227751195837357
1352305980.0,0.6108498254631627
1352308680.0,2.4957885352429514
1352311380.0,2.8498304882812135
1352314080.0,3.008833905219632
1352316780.0,2.896453672089166
1352319480.0,2.8376239596668142
1352322180.0,2.794377094339495
1352324880.0,2.822880162123056
1352327580.0,2.827660270493851
1352330280.0,2.737223653356807
1352332980.0,2.748942372336586
1352335680.0,2.677037928001056
1352338380.0,2.756531550342885
1352341080.0,2.7443360452788568
1352343780.0,2.7229658947409803
1352346480.0,2.693984175772897
1352349180.0,2.7376282401575907
1352351880.0,2.7656901306380632
1352354580.0,4.123639072803002
1352357280.0,2.827253908837889
1352359980.0,1.7221563652354348
1352362680.0,1.709529520897064
1352365380.0,1.6544654755925023
1352368080.0,1.5804033117106826
1352370780.0,1.5869210594757988
1352373480.0,1.551778731220594
1352376180.0,1.6065420713229344
1352378880.0,1.7179556910169254
1352381580.0,1.7305486715243035
1352384280.0,1.7794521274032604
1352386980.0,1.7520102914160134
1352389680.0,1.7770080070644099
1352392380.0,1.7509386064517116
1352395080.0,1.7445568961497315
1352397780.0,1.7842769050796505
1352400480.0,1.8403568472816971
1352403180.0,1.7608949614591154
1352405880.0,1.6924039494444116
1352408580.0,1.695304800958752
1352411280.0,1.7149374393504502
1352413980.0,1.7472558579441966
1352416680.0,1.771154372349912
1352419380.0,1.6940956616615495
1352422080.0,1.6651572272191686
1352424780.0,1.6713580962946253
1352427480.0,1.6629064669095044
1352430180.0,1.6501799648461883
1352432880.0,1.661608444523921
1352435580.0,1.6437106081324941
1352438280.0,1.255677581855366
1352440980.0,1.767519244338132
1352443680.0,1.7607415002505036
1352446380.0,1.7660139949228437
1352449080.0,1.7876034061904988
1352451780.0,1.8001639145670936
1352454480.0,1.6864223547196389
1352457180.0,1.56371770664515
1352459880.0,1.446312319440608
1352462580.0,1.3634781643617941
1352465280.0,1.3832623022620396
1352467980.0,1.3921846138365765
1352470680.0,1.4267137252499822
1352473380.0,1.4893817715989428
1352476080.0,1.5336698842317276
1352478780.0,1.480718905709665
1352481480.0,1.5561133618195697
1352484180.0,1.579752349913889
1352486880.0,1.6704473260912494
1352489580.0,1.5710863477483201
1352492280.0,1.6487227201496353
1352494980.0,1.5921006705698346
1352497680.0,1.6450066558733738
1352500380.0,1.536804707197831
1352503080.0,1.605339919837519
1352505780.0,1.6315588456844239
1352508480.0,1.5755469003091207
1352511180.0,1.5671160831036275
1352513880.0,1.59812957247064
1352516580.0,1.541149440263979
1352519280.0,1.59037317369922
1352521980.0,1.5796226764408345
1352524680.0,1.6977847303045337
1352527380.0,2.4324232938356545
1352530080.0,1.658089548322522
1352532780.0,1.6331664199747138
1352535480.0,1.655551367395617
1352538180.0,1.7310884216765032
1352540880.0,1.6110027895188637
1352543580.0,1.590381611566528
1352546280.0,1.4435025981439367
1352548980.0,1.3494579358323051
1352551680.0,1.302862932658428
1352554380.0,1.2884707801789261
1352557080.0,1.3061713086807174
1352559780.0,-0.6407445370185485
1352562480.0,-0.8768684403124496
1352565180.0,-0.9392074202653475
1352567880.0,-0.909808861973886
1352570580.0,-0.9003931558944771
1352573280.0,-0.8300899593193094
1352575980.0,-0.8942424289041355
1352578680.0,-0.854847875664575
1352581380.0,-0.8838962282716523
1352584080.0,-0.8265176940016659
1352586780.0,-0.8466670307241202
1352589480.0,-0.8479125527721862
1352592180.0,-0.7424456363748959
1352594880.0,-0.7387824053969894
1352597580.0,-0.7127060651837951
1352600280.0,-0.690778082867098
1352602980.0,-0.7347266261076584
1352605680.0,-0.7601577245666817
1352608380.0,-0.6765987543274434
1352611080.0,-0.5929616115370777
1352613780.0,1.3377199855619324
1352616480.0,2.3436935730957487
1352619180.0,0.4111054160616163
1352621880.0,0.3807440703904774
1352624580.0,0.3346189527210299
1352627280.0,0.3443316636518716
1352629980.0,0.3768159034245855
1352632680.0,0.3335215991458824
1352635380.0,0.28303204932421977
1352638080.0,0.29468245575256447
1352640780.0,0.17462209976332588
1352643480.0,0.11107748954475483
1352646180.0,0.08578432956551296
1352648880.0,0.1186346037431747
1352651580.0,0.12900448480621662
1352654280.0,0.09718920807296172
1352656980.0,0.09895455579643908
1352659680.0,0.15794994961703424
1352662380.0,0.17357468662009978
1352665080.0,0.10913357996852824
1352667780.0,0.07324588987060565
1352670480.0,0.18936848031896147
1352673180.0,0.20913948910481395
1352675880.0,0.1986605236305934
1352678580.0,0.23740114086973563
1352681280.0,0.22445784558854598
1352683980.0,0.30688649756694986
1352686680.0,0.30494148532983445
1352689380.0,0.30576460880828904
1352692080.0,0.3369075730838631
1352694780.0,0.32905155637394046
1352697480.0,0.37598401604881815
1352700180.0,0.3437170114166861
1352702880.0,3.693443596706828
1352705580.0,0.5669007822777132
1352708280.0,0.48176918680249514
1352710980.0,0.48905684300507346
1352713680.0,0.4676550920233069
1352716380.0,0.4981643809619527
1352719080.0,0.47360915545417015
1352721780.0,0.44369650431133323
1352724480.0,0.4662617342985982
1352727180.0,0.42060256231684434
1352729880.0,0.3132256965735962
1352732580.0,0.1286102563011582
1352735280.0,-0.9703772641559567
1352737980.0,-2.1111445391421455
1352740680.0,-2.1571430617582337
1352743380.0,-2.1342916026872274
1352746080.0,-2.1544020161117885
1352748780.0,-2.192737478926091
1352751480.0,-2.150322875907534
1352754180.0,-2.1321278168408924
1352756880.0,-1.9511879765876188
1352759580.0,-2.0092377564664616
1352762280.0,-1.9145716615796289
1352764980.0,-1.8862426771451908
1352767680.0,-1.8615802448027239
1352770380.0,-1.8300963759213857
1352773080.0,-1.7936484037294917
1352775780.0,-1.785245765077633
1352778480.0,-1.7897929064507139
1352781180.0,-1.762660001315112
1352783880.0,-1.7282384241871398
1352786580.0,-1.7344776449218955
1352789280.0,-1.6641747249394996
1352791980.0,-1.6778793859070333
1352794680.0,-0.7050415773694851
1352797380.0,-0.5931849583115536
1352800080.0,-0.6347845255257027
1352802780.0,-0.6022635937273151
1352805480.0,-0.6318241546041747
1352808180.0,-0.6007238481885793
1352810880.0,-0.6195116075948022
1352813580.0,-0.617106711474122
1352816280.0,-0.6206730181656326
1352818980.0,-0.6716171322676985
1352821680.0,-0.803400622746608
1352824380.0,-2.431869343025994
1352827080.0,-3.046737938236248
1352829780.0,-3.0395113954798205
1352832480.0,-3.0554217296850084
1352835180.0,-3.079553144501091
1352837880.0,-3.0686801231488516
1352840580.0,-3.044827641432107
1352843280.0,-2.8883980061686145
1352845980.0,-2.920889363316263
1352848680.0,-0.4383715802798065
1352851380.0,0.015473825057455315
1352854080.0,0.08286139744208754
1352856780.0,0.1541605708157192
1352859480.0,0.1689409146246703
1352862180.0,0.14045872589593955
1352864880.0,0.12903624891734466
1352867580.0,0.1163559794749176
1352870280.0,0.12093131719402095
1352872980.0,0.054489977086063845
1352875680.0,0.04344387363849478
1352878380.0,-2.185336708899854
1352881080.0,-1.596249699724865
1352883780.0,-0.31230421196156044
1352886480.0,-0.2516761179141156
1352889180.0,-0.17824746928252466
1352891880.0,-0.24228777869589635
1352894580.0,-0.11316218693508517
1352897280.0,-0.11851691763723693
1352899980.0,-0.15023495307960388
1352902680.0,-0.12331619078369727
1352905380.0,-0.14162043982767614
1352908080.0,-0.1441142270107889
1352910780.0,-0.27865340279274164
1352913480.0,-0.6821168704234424
1352916180.0,-2.3574756154008583
1352918880.0,-2.71406359793923
1352921580.0,-2.7398072970230487
1352924280.0,-2.7766160653056886
1352926980.0,-2.8108202894480314
1352929680.0,-2.6657558282277307
1352932380.0,-2.654896733585815
1352935080.0,-0.33458845125798575
1352937780.0,-0.04241600033657278
1352940480.0,0.00844073941070178
1352943180.0,0.09792675592382238
1352945880.0,0.09640467541194653
1352948580.0,0.07848563971666067
1352951280.0,0.050442345863501714
1352953980.0,0.07161002428850338
1352956680.0,0.1031344803189711
1352959380.0,0.06368891119612385
1352962080.0,0.0232405456636684
1352964780.0,-1.2719733997886635
1352967480.0,-2.3289946593320963
1352970180.0,-1.479456629492205
1352972880.0,-0.28744793184282
1352975580.0,-0.20815439590273854
1352978280.0,-0.21995914482710077
1352980980.0,-0.11314883568704204
1352983680.0,-0.16290246537641906
1352986380.0,-0.058224843865389175
1352989080.0,-0.12882471836732634
1352991780.0,-0.13615439196595958
1352994480.0,-0.11863961967819137
1352997180.0,-0.16476407069276888
1352999880.0,-0.21641514860783673
1353002580.0,-0.24682186534931816
1353005280.0,-0.7145498285819656
1353007980.0,-2.5589229389788954
1353010680.0,-2.810014880599823
1353013380.0,-2.8694998334492254
1353016080.0,-2.756391541776452
1353018780.0,-2.8246333503363132
1353021480.0,-2.7751793790726538
1353024180.0,-2.6896111328756547
1353026880.0,-2.6321873192281657
1353029580.0,-2.4887700876321333
1353032280.0,-2.243847586129249
1353034980.0,0.2976284563317222
1353037680.0,0.4440823762787147
1353040380.0,0.4636177022450454
1353043080.0,0.47319524167861005
1353045780.0,0.4884005039374699
1353048480.0,0.41105259692963614
1353051180.0,0.194479879094132
1353053880.0,-1.6381112934043358
1353056580.0,-1.962022591639652
1353059280.0,-1.9962909080019529
1353061980.0,-1.9095558805447297
1353064680.0,-1.9395922889120811
1353067380.0,-1.7887700515942697
1353070080.0,-1.7565185547286433
1353072780.0,-1.7057077543217076
1353075480.0,-1.6841878113764324
1353078180.0,-1.6446437232382323
1353080880.0,-1.6472686161916101
1353083580.0,-1.6862765943105842
1353086280.0,-1.6996135953199314
1353088980.0,-1.7270688027107326
1353091680.0,-1.8279397052707793
1353094380.0,-1.9018198967484068
1353097080.0,-2.3441387067614983
1353099780.0,-4.149738382709785
1353102480.0,-4.254710111769327
1353105180.0,-4.264480447977661
1353107880.0,-4.217846650842773
1353110580.0,-4.200505661300383
1353113280.0,-4.159026504237687
1353115980.0,-3.2159191768922426
1353118680.0,-0.5891552972746581
1353121380.0,-0.48173200864144405
1353124080.0,-0.3942070193765801
1353126780.0,-0.38769612870970604
1353129480.0,-0.40008587217036506
1353132180.0,-0.3784371793919945
1353134880.0,-0.3507636757774435
1353137580.0,-0.3907298134536461
1353140280.0,-0.6509756691030759
1353142980.0,-2.0413106871868933
1353145680.0,-2.62640700428355
1353148380.0,-2.6224903182593664
1353151080.0,-2.6199764812511432
1353153780.0,-2.5409210585976894
1353156480.0,-2.507014342179957
1353159180.0,-2.4969553932226063
1353161880.0,-2.4559657155824937
1353164580.0,-2.376105958897284
1353167280.0,-2.3995692439218033
1353169980.0,-2.427693739723594
1353172680.0,-2.480621795691576
1353175380.0,-2.38934209737954
1353178080.0,-2.523616157905309
1353180780.0,-2.534961010549665
1353183480.0,-2.6231370517540995
1353186180.0,-2.791030137539849
1353188880.0,-3.4824911528419307
1353191580.0,-5.009127366699033
1353194280.0,-5.032030600927698
1353196980.0,-5.031505608763496
1353199680.0,-4.96339658670874
1353202380.0,-4.268508582716009
1353205080.0,-1.2980189141185292
1353207780.0,-1.2149961692786917
1353210480.0,-1.1286711773012996
1353213180.0,-1.0883010954943018
1353215880.0,-1.0090322370085971
1353218580.0,-0.9878794650234113
1353221280.0,-0.9281692616729629
1353223980.0,-0.881903444131126
1353226680.0,-0.8740646328347736
1353229380.0,-1.0297706614882998
1353232080.0,-1.0572961143099917
1353234780.0,-2.6628124857968203
1353237480.0,-3.277943360048681
1353240180.0,-1.3780585031721273
1353242880.0,-0.9001337260627906
1353245580.0,-0.8716838131790325
1353248280.0,-0.9297995342474792
1353250980.0,-0.8760422785586002
1353253680.0,-0.8714962715023944
1353256380.0,-0.9049962626139632
1353259080.0,-0.9738812674344786
1353261780.0,-0.8489688974483727
1353264480.0,-0.9287785164872275
1353267180.0,-0.9593166347674469
1353269880.0,-0.9975483757560824
1353272580.0,-1.065348473074124
1353275280.0,-1.0512933411426957
1353277980.0,-1.1871929748597836
1353280680.0,-1.18739047892592
1353283380.0,-1.2696223814363066
1353286080.0,-1.2607683083244865
1353288780.0,-1.230086127216481
1353291480.0,-1.1951598842913995
1353294180.0,1.009170241081307
1353296880.0,1.4308146411667622
1353299580.0,1.4553278423060192
1353302280.0,1.55237327121867
1353304980.0,1.5677724724818063
1353307680.0,1.5550804474076187
1353310380.0,1.6860782558539995
1353313080.0,-1.3586460342982036
1353315780.0,-1.591428594793058
1353318480.0,-1.54729844331888
1353321180.0,-1.4890564106279385
1353323880.0,-1.487339176287179
1353326580.0,-1.3737653965989125
1353329280.0,-1.374653885681937
1353331980.0,-1.3758891395479225
1353334680.0,-1.4069169702786724
1353337380.0,-1.3837901197333053
1353340080.0,-1.4342573452579757
1353342780.0,-1.4370885787534746
1353345480.0,-1.4461717246556987
1353348180.0,-1.4266096532963672
1353350880.0,-1.5062151039556682
1353353580.0,-1.5540618548062355
1353356280.0,-1.5770683119997102
1353358980.0,-1.5824005585688496
1353361680.0,-1.5773022745787273
1353364380.0,-1.6390743688926364
1353367080.0,-2.345919950387838
1353369780.0,-4.446552778911752
1353372480.0,-4.482641677539533
1353375180.0,-4.453719441288882
1353377880.0,-4.439610790360177
1353380580.0,-1.1663235595976005
1353383280.0,-1.0274292415229525
1353385980.0,-0.9554165004359731
1353388680.0,-0.9312152431186291
1353391380.0,-0.8772886586016284
1353394080.0,-0.7664560849940187
1353396780.0,-0.567372427124667
1353399480.0,-0.4037519743765188
1353402180.0,-0.49618424583346155
1353404880.0,-1.2812168030265525
1353407580.0,-0.5184018516067681
1353410280.0,-0.34373139763883387
1353412980.0,-0.34326528253018296
1353415680.0,-0.2997192381787954
1353418380.0,-0.27936581939869143
1353421080.0,-0.25779322230070534
1353423780.0,-0.18637327855122976
1353426480.0,-0.2835153573012974
1353429180.0,-0.268661355820484
1353431880.0,-0.2794856000823245
1353434580.0,-0.2267526127095607
1353437280.0,-0.38528049409526943
1353439980.0,-0.32272613333898903
1353442680.0,-0.40039433063648744
1353445380.0,-0.4032910977045958
1353448080.0,-0.453406314319011
1353450780.0,-0.4598515218646071
1353453480.0,-0.4584678175657757
1353456180.0,-0.5317181965846771
1353458880.0,-0.4928651081123121
1353461580.0,-0.5411364762376252
1353464280.0,-0.6191592355313276
1353466980.0,1.2092847225175376
1353469680.0,1.9069798807791472
1353472380.0,1.9842475975802358
1353475080.0,1.9413300050573525
1353477780.0,1.9141468430285897
1353480480.0,1.9231361182981175
1353483180.0,1.9330380099726483
1353485880.0,-0.987380816840016
1353488580.0,-0.9463493807976135
1353491280.0,-0.8557773187260977
1353493980.0,-0.7949501966364494
1353496680.0,-0.689226236895081
1353499380.0,1.2202763520894564
1353502080.0,1.556517604846647
1353504780.0,1.6227887389884472
1353507480.0,1.653803743234107
1353510180.0,1.7405997932633852
1353512880.0,1.629164172807009
1353515580.0,1.6395936291160638
1353518280.0,1.6060309195382843
1353520980.0,1.6429052019578592
1353523680.0,1.5233517656339757
1353526380.0,1.5606507254994426
1353529080.0,1.5310999118379982
1353531780.0,1.5374742393638314
1353534480.0,1.5121764775652196
1353537180.0,1.4505166636371882
1353539880.0,1.5055659277459768
1353542580.0,1.4398183669949276
1353545280.0,1.4545088504305852
1353547980.0,1.4176134255797308
1353550680.0,1.3312207003681635
1353553380.0,1.2010980569503715
1353556080.0,1.1287793908057324
1353558780.0,-0.1382136670789862
1353561480.0,0.42551360673053296
1353564180.0,0.442076744279575
1353566880.0,0.4153784382680783
1353569580.0,0.45912595428967506
1353572280.0,0.47731602059403144
1353574980.0,0.5436278831741106
1353577680.0,0.742065931781724
1353580380.0,0.8463994121688359
1353583080.0,0.9104112471466692
1353585780.0,1.0599056717897781
1353588480.0,1.0642658164451575
1353591180.0,1.1021538779827722
1353593880.0,1.7363310573518618
1353596580.0,3.212882570392793
1353599280.0,3.2496623648959257
1353601980.0,3.234083011930693
1353604680.0,3.219717672857996
1353607380.0,3.2921178738723427
1353610080.0,3.239689111239528
1353612780.0,3.149909058528607
1353615480.0,3.078742853479895
1353618180.0,3.119890255430988
1353620880.0,3.113771848889286
1353623580.0,3.0716957789398407
1353626280.0,3.0927596409432
1353628980.0,3.012226165854287
1353631680.0,3.115258219675951
1353634380.0,3.1065450517650675
1353637080.0,3.0661780003937054
1353639780.0,3.000446736468973
1353642480.0,2.920892767701986
1353645180.0,-0.41976363715281195
1353647880.0,-0.6939679279885524
1353650580.0,-0.7379336662573337
1353653280.0,-0.7818325438234695
1353655980.0,1.3627198247056072
1353658680.0,2.0119837492709394
1353661380.0,2.0117972261297155
1353664080.0,2.070837598124598
1353666780.0,2.061440716859181
1353669480.0,2.075941466323627
1353672180.0,2.1893789284109744
1353674880.0,2.2836955924588835
1353677580.0,2.3150047690408257
1353680280.0,2.3675427634957202
1353682980.0,2.3788499066760096
1353685680.0,0.12210556593578303
1353688380.0,-0.04396065868962751
1353691080.0,-0.07050562752669975
1353693780.0,-0.09441024131783138
1353696480.0,-0.16967884110357545
1353699180.0,-0.20959044853017872
1353701880.0,-0.2614970364414546
1353704580.0,-0.1603301844851046
1353707280.0,-0.2598438515993564
1353709980.0,-0.21857730557101718
1353712680.0,-0.18796589753776516
1353715380.0,-0.19516888245578912
1353718080.0,-0.1827666950875937
1353720780.0,-0.13280084198282793
1353723480.0,-0.13267078926165254
1353726180.0,-0.19541458368553322
1353728880.0,-0.2006082994723215
1353731580.0,-0.2537340928631693
1353734280.0,-2.4307567305642124
1353736980.0,0.4342175664393437
1353739680.0,0.38383679706234375
1353742380.0,0.4277782382564794
1353745080.0,0.48750180176659796
1353747780.0,0.44203431649555114
1353750480.0,0.4519955188006861
1353753180.0,0.4294772709264123
1353755880.0,0.48220542048676407
1353758580.0,0.6413082629341034
1353761280.0,0.919378290286005
1353763980.0,2.493584971968943
1353766680.0,2.8905859208929883
1353769380.0,2.971818960204729
1353772080.0,2.881260081135025
1353774780.0,2.861864435936951
1353777480.0,2.833327415263625
1353780180.0,2.8334206157627477
1353782880.0,2.783569506480518
1353785580.0,2.7567188451547793
1353788280.0,2.703781420420995
1353790980.0,2.7760953787922915
1353793680.0,2.6637270468535235
1353796380.0,2.71348990965933
1353799080.0,2.7206623121697646
1353801780.0,2.759748860730326
1353804480.0,2.78586600065114
1353807180.0,2.848180677761036
1353809880.0,2.8238530580005374
1353812580.0,2.741825297579908
1353815280.0,2.7663637034837905
1353817980.0,2.774695592064802
1353820680.0,4.538977846580877
1353823380.0,1.7825195764058606
1353826080.0,1.6096083887090913
1353828780.0,1.5763592927402783
1353831480.0,1.5515439807096527
1353834180.0,1.5144206636719844
1353836880.0,1.552249940264545
1353839580.0,1.447095527232932
1353842280.0,1.418276006759669
1353844980.0,1.4483243645003938
1353847680.0,1.4139183099034085
1353850380.0,1.642835377204534
1353853080.0,2.690412551236733
1353855780.0,3.6268465852098757
1353858480.0,3.630760363940311
1353861180.0,3.6122670664702525
1353863880.0,3.6500435950531482
1353866580.0,3.6437345084694357
1353869280.0,3.577772817965382
1353871980.0,3.539194490599158
1353874680.0,3.48057446675125
1353877380.0,3.5404475156914827
1353880080.0,3.452958686971783
1353882780.0,3.454385184997335
1353885480.0,3.474612737626188
1353888180.0,3.4487252809252027
1353890880.0,3.5548789876514775
1353893580.0,3.591370751154699
1353896280.0,3.5469803157413082
1353898980.0,3.5069284190334713
1353901680.0,3.5634658898197813
1353904380.0,3.754296528243515
1353907080.0,5.863830538654355
1353909780.0,2.848090656518224
1353912480.0,2.2854533253936893
1353915180.0,2.228454341842337
1353917880.0,2.167733232990912
1353920580.0,2.1606252791037264
1353923280.0,2.1330601806847085
1353925980.0,2.0664155899179093
1353928680.0,2.020222720575248
1353931380.0,1.9561763444894211
1353934080.0,2.0283322936759305
1353936780.0,1.99718097475116
1353939480.0,1.9817568891244548
1353942180.0,2.107586458703821
1353944880.0,2.066612945061223
1353947580.0,2.258794056056729
1353950280.0,3.5876782210894476
1353952980.0,4.443709839379721
1353955680.0,4.4357260474600935
1353958380.0,4.389784250727331
1353961080.0,4.379881700727964
1353963780.0,4.418033445319679
1353966480.0,4.356605608729581
1353969180.0,4.339689787472338
1353971880.0,4.394015752778415
1353974580.0,4.304381010324136
1353977280.0,4.350256986595127
1353979980.0,4.413671976894648
1353982680.0,4.39814600758919
1353985380.0,4.362113539545845
1353988080.0,4.406531907943531
1353990780.0,4.461602359157666
1353993480.0,4.61880666885412
1353996180.0,6.381220139991257
1353998880.0,3.1251452716730626
1354001580.0,2.961256594284663
1354004280.0,2.890675005143663
1354006980.0,2.8631375640450187
1354009680.0,2.8664238814209853
1354012380.0,2.7977671564372883
1354015080.0,2.739780310610115
1354017780.0,2.6921742070589687
1354020480.0,2.7361759516352038
1354023180.0,2.692941870101123
1354025880.0,2.652878480663958
1354028580.0,2.63734612526747
1354031280.0,2.5808768671840596
1354033980.0,2.5746172835944208
1354036680.0,2.5554748377948613
1354039380.0,2.5536917685896867
1354042080.0,2.5491726385111235
1354044780.0,2.5307447766316216
1354047480.0,2.4641034709448206
1354050180.0,2.496467026825428
1354052880.0,2.4747328504303994
1354055580.0,2.469609703077964
1354058280.0,2.386528514341393
1354060980.0,2.3654028490395547
1354063680.0,2.4389533510379806
1354066380.0,2.4746419633293044
1354069080.0,2.4483310656452204
1354071780.0,2.446363091759139
1354074480.0,2.478268040835303
1354077180.0,2.533178303306073
1354079880.0,5.303880282969715
1354082580.0,6.1033166755970285
1354085280.0,6.091151884395998
1354087980.0,4.774623740175059
1354090680.0,2.4527623088563075
1354093380.0,2.3535060140697226
1354096080.0,2.3864045085765895
1354098780.0,2.3360190724531265
1354101480.0,2.2808690399153306
1354104180.0,2.263435268462956
1354106880.0,2.2587897665437993
1354109580.0,2.27568185513303
1354112280.0,2.295577549191819
1354114980.0,2.2836483428515066
1354117680.0,2.1862980215362597
1354120380.0,2.1316284513345067
1354123080.0,2.1401865580993444
1354125780.0,2.0860475682059416
1354128480.0,2.102673132955033
1354131180.0,2.08715659892178
1354133880.0,2.027858937881149
1354136580.0,4.5218149940647265
1354139280.0,2.091328806262453
1354141980.0,2.0819522865812985
1354144680.0,2.049944055454233
1354147380.0,2.0579600059993197
1354150080.0,2.09475679297762
1354152780.0,2.1578464809441016
1354155480.0,2.1429008750668572
1354158180.0,2.1344964492581084
1354160880.0,2.1562083737598243
1354163580.0,2.216737249160076
1354166280.0,2.254208507759813
1354168980.0,2.4348323769113165
1354171680.0,3.6708346178902787
1354174380.0,4.392490770126159
1354177080.0,2.368514368392482
1354179780.0,2.208458988840391
1354182480.0,2.1702146099142396
1354185180.0,2.1718838293703016
1354187880.0,2.1971071206839383
1354190580.0,2.191770117444861
1354193280.0,2.2060380392697425
1354195980.0,2.141618216012489
1354198680.0,2.194799733396934
1354201380.0,2.207378141702492
1354204080.0,1.9811885448155806
1354206780.0,1.9308176810851023
1354209480.0,1.986921174456313
1354212180.0,1.9384381084247764
1354214880.0,1.9010564681878748
1354217580.0,1.9316761009274614
1354220280.0,1.8792037161950361
1354222980.0,1.9796231711541736
1354225680.0,1.9660880813074186
1354228380.0,4.288879666637854
1354231080.0,4.419513766095747
1354233780.0,2.550894834548444
1354236480.0,1.957901049612076
1354239180.0,1.9614908869458816
1354241880.0,1.8640408170672345
1354244580.0,1.8767656876099181
1354247280.0,1.8838120681365638
1354249980.0,1.9213465202606415
1354252680.0,1.9213929288422094
1354255380.0,1.9771273547168846
1354258080.0,2.1814612571702696
1354260780.0,2.3726713945853533
1354263480.0,3.315384671003585
1354266180.0,4.017888217967027
1354268880.0,2.5977303685536697
1354271580.0,2.384475011976434
1354274280.0,2.3918562070171845
1354276980.0,2.4398250686052165
1354279680.0,2.4262857841111725
1354282380.0,2.3766609207809495
1354285080.0,2.376653793187444
1354287780.0,2.360181611826903
1354290480.0,2.289249336792949
1354293180.0,2.261669648483206
1354295880.0,2.2816811061811677
1354298580.0,2.246532671702113
1354301280.0,2.1756840490253637
1354303980.0,2.142483903390172
1354306680.0,2.0996118282517955
1354309380.0,2.157719806513768
1354312080.0,2.150044457922718
1354314780.0,2.1753563619081717
1354317480.0,2.244839735451052
1354320180.0,4.451465700229534
1354322880.0,4.639629770316191
1354325580.0,4.622249748555447
1354328280.0,4.6203196137518034
1354330980.0,4.5622757241432055
1354333680.0,4.559882107846562
1354336380.0,4.585717047709096
1354339080.0,4.5760503307559475
1354341780.0,4.619384083790635
1354344480.0,4.669720651673572
1354347180.0,4.74116925869626
1354349880.0,2.1816980364251037
1354352580.0,1.5735234805645462
1354355280.0,1.5998974478415846
1354357980.0,1.5715539016873095
1354360680.0,1.5583152814139112
1354363380.0,1.6772180334909024
1354366080.0,1.7044891716463724
1354368780.0,1.716678684421936
1354371480.0,1.7596315839395231
1354374180.0,1.6483993120499179
1354376880.0,1.6453315811039602
1354379580.0,1.6067092516958041
1354382280.0,1.629703805684784
1354384980.0,1.499285781727309
1354387680.0,1.554916516531165
1354390380.0,1.4829960274023222
1354393080.0,1.4241728416266142
1354395780.0,1.3712937817385864
1354398480.0,1.2204017068991106
1354401180.0,-1.198707656195495
1354403880.0,-1.3594616844127643
1354406580.0,-1.3032159504451784
1354409280.0,-1.134337748617014
1354411980.0,2.223085822056646
1354414680.0,2.322228681767058
1354417380.0,2.32936463231934
1354420080.0,2.3929988794867825
1354422780.0,2.4017851580973684
1354425480.0,2.302631259502732
1354428180.0,2.394276473266217
1354430880.0,2.414188405386483
1354433580.0,2.5550858227306605
1354436280.0,2.748631279377065
1354438980.0,2.262988930376224
1354441680.0,1.8553471814005889
1354444380.0,2.720157137622948
1354447080.0,2.729844753438954
1354449780.0,2.7929988039281284
1354452480.0,2.868553070755695
1354455180.0,2.8878926705593813
1354457880.0,2.9277973962896624
1354460580.0,2.8656241896401298
1354463280.0,2.854549143629896
1354465980.0,2.7794794364560573
1354468680.0,2.7890269231356797
1354471380.0,2.656509460426463
1354474080.0,2.6949509840536052
1354476780.0,2.6529951588903202
1354479480.0,2.576193507430247
1354482180.0,2.5426297397240205
1354484880.0,2.4466325587491724
1354487580.0,2.494667336940722
1354490280.0,2.4546443781530343
1354492980.0,2.4975580540169915
1354495680.0,2.5910690166954566
1354498380.0,4.149536688163465
1354501080.0,5.093790659565826
1354503780.0,5.15285457708535
1354506480.0,5.171236879953938
1354509180.0,5.185267910259228
1354511880.0,5.086874262644898
1354514580.0,4.922468729468562
1354517280.0,1.85323676845249
1354519980.0,1.7112805329662706
1354522680.0,1.7676844033699126
1354525380.0,1.9274294603701492
1354528080.0,2.09351140125969
1354530780.0,2.193338011678179
1354533480.0,3.5827146162876318
1354536180.0,4.391031197888566
1354538880.0,4.470874170370877
1354541580.0,4.464275866774983
1354544280.0,4.530273774840111
1354546980.0,4.537773575218893
1354549680.0,4.490351462625512
1354552380.0,4.421752624680323
1354555080.0,4.4626199477049795
1354557780.0,4.476669585833122
1354560480.0,4.388574140421127
1354563180.0,4.30264323784391
1354565880.0,4.261894283649497
1354568580.0,4.2285668138522965
1354571280.0,3.014251295193958
1354573980.0,1.4470103836716817
1354576680.0,1.3182365834594805
1354579380.0,1.3825943737951718
1354582080.0,1.4199009877943354
1354584780.0,1.4415128547139489
1354587480.0,1.4242576619672604
1354590180.0,1.4979289495285286
1354592880.0,3.7540604478104456
1354595580.0,4.094838465816849
1354598280.0,4.128414958127877
1354600980.0,4.049061789481669
1354603680.0,3.6261991384698717
1354606380.0,2.0774317530540998
1354609080.0,1.8884634411757872
1354611780.0,2.01075825945955
1354614480.0,2.069567649596138
1354617180.0,2.071153325100255
1354619880.0,2.14130512753448
1354622580.0,2.22081716198511
1354625280.0,2.3096169491157923
1354627980.0,2.317477712273302
1354630680.0,2.372343543913786
1354633380.0,2.4132844149348216
1354636080.0,2.4008022895324075
1354638780.0,2.4363332284834485
1354641480.0,2.440989045346271
1354644180.0,2.4005971316793193
1354646880.0,2.391637961711268
1354649580.0,2.3390481860372176
1354652280.0,2.3009183572969505
1354654980.0,2.246245571044568
1354657680.0,2.2215692972955026
1354660380.0,2.2313982899446785
1354663080.0,2.1347313344099064
1354665780.0,2.1489667639944514
1354668480.0,2.175673468310805
1354671180.0,2.1879271032811403
1354673880.0,2.156960929619345
1354676580.0,2.149564313202063
1354679280.0,3.149877744868405
1354681980.0,5.525243019353297
1354684680.0,2.4162258760323425
1354687380.0,2.2541919779996533
1354690080.0,2.198920270657254
1354692780.0,2.218511938914361
1354695480.0,2.1432408620157446
1354698180.0,2.160488485510257
1354700880.0,2.120427573498631
1354703580.0,2.1219385924978553
1354706280.0,2.1508724498545746
1354708980.0,2.335120954438196
1354711680.0,2.509769097003101
1354714380.0,2.6035852179813617
1354717080.0,4.7496839420564925
1354719780.0,4.902581746614487
1354722480.0,4.939015267399867
1354725180.0,4.927440036421359
1354727880.0,5.0184705554480615
1354730580.0,4.9660490666598776
1354733280.0,4.9317711854050685
1354735980.0,4.906717624369975
1354738680.0,4.896251701912746
1354741380.0,4.78055682912094
1354744080.0,4.793673935101083
1354746780.0,4.80800758037131
1354749480.0,4.729008176456858
1354752180.0,4.736092436877669
1354754880.0,4.777354126249179
1354757580.0,4.731232979584547
1354760280.0,4.623464080267723
1354762980.0,1.830738381624485
1354765680.0,1.3917569321379801
1354768380.0,2.860104599641204
1354771080.0,3.8429759025131034
1354773780.0,3.8152302748773934
1354776480.0,3.7451097572803462
1354779180.0,3.693666741230629
1354781880.0,3.554178929578086
1354784580.0,3.5204838433910766
1354787280.0,3.3842087502547713
1354789980.0,3.373275207089904
1354792680.0,3.4209184410649414
1354795380.0,3.441464206558237
1354798080.0,3.542033460645854
1354800780.0,1.8030079095946405
1354803480.0,1.3343878456871607
1354806180.0,1.3294136571672652
1354808880.0,1.2944302087595077
1354811580.0,1.3363999378399
1354814280.0,1.3474366311392316
1354816980.0,1.3246904450587351
1354819680.0,1.338325577027888
1354822380.0,1.3277592268428862
1354825080.0,1.3723561326199842
1354827780.0,1.3206241222259223
1354830480.0,1.3246620260155737
1354833180.0,1.3401915247793852
1354835880.0,1.3407255323153038
1354838580.0,1.388777483797412
1354841280.0,1.4105483133168946
1354843980.0,1.4183462732521832
1354846680.0,1.3424483534097362
1354849380.0,1.3807957020063952
1354852080.0,1.3659986613095043
1354854780.0,1.3406587046839888
1354857480.0,2.4419191410765677
1354860180.0,2.1825569459380176
1354862880.0,2.1646992562966716
1354865580.0,2.0942188289318437
1354868280.0,2.136608866152585
1354870980.0,2.1004847716614563
1354873680.0,1.987555190791653
1354876380.0,1.9795579575736326
1354879080.0,1.9008152000871235
1354881780.0,1.9466118994858164
1354884480.0,1.960314457781351
1354887180.0,1.9569284702905634
1354889880.0,2.037736087730451
1354892580.0,2.076621571316849
1354895280.0,2.1131434812031102
1354897980.0,2.1539039136439726
1354900680.0,2.181905806369315
1354903380.0,2.1405537388337734
1354906080.0,2.1601294039326433
1354908780.0,2.1075813399419303
1354911480.0,2.126248001590028
1354914180.0,2.1768562908560227
1354916880.0,2.193217474257125
1354919580.0,2.1994442540363934
1354922280.0,2.1193555874264405
1354924980.0,2.14535940518428
1354927680.0,2.230120931312058
1354930380.0,2.200270169503426
1354933080.0,2.139115534138398
1354935780.0,2.1286746267034005
1354938480.0,2.132129954198689
1354941180.0,0.3323370122550102
1354943880.0,1.6057137556448424
1354946580.0,2.2957929136920256
1354949280.0,2.3469580445316467
1354951980.0,2.290337532261418
1354954680.0,2.3086139526122906
1354957380.0,2.2349475769333083
1354960080.0,2.0880553474206636
1354962780.0,1.9745371711756832
1354965480.0,1.7912142499823176
1354968180.0,1.7530897830458798
1354970880.0,-0.2004803405147868
1354973580.0,-0.5945699550325685
1354976280.0,-0.45532821930999035
1354978980.0,-0.4641399564350195
1354981680.0,-0.39460719756664275
1354984380.0,-0.40298401154623775
1354987080.0,-0.28826145509066237
1354989780.0,-0.2538908054931994
1354992480.0,-0.2084853797165067
1354995180.0,-0.2166761404115789
1354997880.0,-0.15632318944645363
1355000580.0,-0.13924840841565356
1355003280.0,-0.07874824924959967
1355005980.0,-0.08383453238920424
1355008680.0,-0.12586030286618666
1355011380.0,-0.08467060098573143
1355014080.0,-0.042189424247794705
1355016780.0,-0.08524991797892767
1355019480.0,-0.1040536783138748
1355022180.0,-0.12211591153263157
1355024880.0,-0.12876793907889805
1355027580.0,-0.08542155838605936
1355030280.0,-1.4153672277131193
1355032980.0,-0.47625428864458286
1355035680.0,0.9443890276055811
1355038380.0,0.9819020850970617
1355041080.0,1.0058097425941526
1355043780.0,1.0246010748986976
1355046480.0,0.9943160125908719
1355049180.0,0.9083544792941609
1355051880.0,0.7953237253995837
1355054580.0,0.597525975910429
1355057280.0,0.4853164015442246
1355059980.0,-0.3724068975618309
1355062680.0,-1.5695088463930915
1355065380.0,-1.5774450614205477
1355068080.0,-1.541762279757819
1355070780.0,-1.5073132193153356
1355073480.0,-1.4479228011047383
1355076180.0,-1.4400916856359913
1355078880.0,-1.4282843421953544
1355081580.0,-1.4630526150551475
1355084280.0,-1.4009508647384052
1355086980.0,-1.434706121152601
1355089680.0,-1.313860025044903
1355092380.0,-1.310121696946851
1355095080.0,-1.2708629545973338
1355097780.0,-1.236519459143949
1355100480.0,-1.1894956484320574
1355103180.0,-1.2049688210605325
1355105880.0,-1.2125878831253374
1355108580.0,-1.164681575571791
1355111280.0,-1.1302892559432394
1355113980.0,-1.1157383364958378
1355116680.0,-1.0899384137642585
1355119380.0,2.049412051096283
1355122080.0,0.5881639491477131
1355124780.0,-0.09593052669467284
1355127480.0,-0.11766560409080284
1355130180.0,-0.09029726343237598
1355132880.0,-0.0908152838469789
1355135580.0,-0.15277859007917982
1355138280.0,-0.16573658921174683
1355140980.0,-0.12785306514172134
1355143680.0,-0.20310965779273715
1355146380.0,-0.3081724041492748
1355149080.0,-0.4109735399168528
1355151780.0,-0.5242540813578955
1355154480.0,-1.41345090205607
1355157180.0,-2.5696373651502142
1355159880.0,-2.6292819577332125
1355162580.0,-2.64351625022141
1355165280.0,-2.649861109763094
1355167980.0,-2.657734213434111
1355170680.0,-2.6007029404218542
1355173380.0,-2.588808357618774
1355176080.0,-2.5028203103956628
1355178780.0,-2.4146952383698306
1355181480.0,-2.4107598584888024
1355184180.0,-2.327640608154468
1355186880.0,-2.2341924403723112
1355189580.0,-2.2549743171695127
1355192280.0,-2.2645550087804907
1355194980.0,-2.2510352163651532
1355197680.0,-2.1923082056649434
1355200380.0,-2.2250568617834006
1355203080.0,-2.2101734522306344
1355205780.0,1.1437257026157397
1355208480.0,1.2761728107162469
1355211180.0,-0.8322123628280735
1355213880.0,-1.0502616564084235
1355216580.0,-1.0127643241475823
1355219280.0,-0.9838720856906775
1355221980.0,-0.9684010701618035
1355224680.0,-0.9672430016313456
1355227380.0,-0.9915995138233882
1355230080.0,-1.0666078856488355
1355232780.0,-1.103447177912841
1355235480.0,-1.1485864936766461
1355238180.0,-1.257309426104456
1355240880.0,-1.3484453293045249
1355243580.0,-1.4107809333922319
1355246280.0,-1.382716590747549
1355248980.0,-1.3993829547708287
1355251680.0,-1.393109178394468
1355254380.0,-1.4477886908937592
1355257080.0,-1.358219084034232
1355259780.0,-1.2864875459935092
1355262480.0,-1.260497244865519
1355265180.0,-1.16224359641231
1355267880.0,-1.0838364542018155
1355270580.0,-1.0209851863337747
1355273280.0,-0.9949021080094269
1355275980.0,-0.9657450231249243
1355278680.0,-0.9825409683886335
1355281380.0,-0.9799883752752123
1355284080.0,-0.9528235312179163
1355286780.0,2.23860498825735
1355289480.0,2.3412607056185664
1355292180.0,2.262287415948066
1355294880.0,-0.8757520607678373
1355297580.0,-1.1686035503149412
1355300280.0,-1.1297065331954173
1355302980.0,-1.0565775612519985
1355305680.0,-1.0524380603690133
1355308380.0,-1.0960130914595823
1355311080.0,-1.0373224338301554
1355313780.0,-0.9200258754503352
1355316480.0,-0.9160297686838135
1355319180.0,-0.9755393164161035
1355321880.0,-1.0367391350833373
1355324580.0,-1.1083670435924375
1355327280.0,-1.4517635399040216
1355329980.0,-3.3920458306673424
1355332680.0,-3.5727353127217896
1355335380.0,-3.530704296887933
1355338080.0,-3.5952783785440374
1355340780.0,-3.5895498505564944
1355343480.0,-3.5719094738095976
1355346180.0,-3.4794549273344444
1355348880.0,-3.4086469861297815
1355351580.0,-3.347125616822808
1355354280.0,-1.6502123580137606
1355356980.0,-0.15115678844719582
1355359680.0,-0.03535296537887689
1355362380.0,-0.03073923613354168
1355365080.0,-0.0038108500223188457
1355367780.0,-0.04727252105573143
1355370480.0,-0.10438587545647238
1355373180.0,-0.1836037104480681
1355375880.0,-0.19431467123735047
1355378580.0,-2.3884055526708607
1355381280.0,-2.6355863601849876
1355383980.0,-2.576526316483182
1355386680.0,-2.4935195249481126
1355389380.0,-1.7086711749252288
1355392080.0,-0.1943973868116018
1355394780.0,-0.21006539774859334
1355397480.0,-0.16887014595738492
1355400180.0,-0.1600617185957276
1355402880.0,-0.14262438912433595
1355405580.0,-0.17032869169958076
1355408280.0,-0.19312170951997132
1355410980.0,-0.2341933242700236
1355413680.0,-0.26529465148885834
1355416380.0,-0.2902927330815146
1355419080.0,-0.35631409498583366
1355421780.0,-1.159331980466419
1355424480.0,-2.7602378158503313
1355427180.0,-2.878924396022711
1355429880.0,-2.925919132313709
1355432580.0,-2.9312963482335306
1355435280.0,-2.842365155936278
1355437980.0,-2.7795209452942515
1355440680.0,-2.6722611845541167
1355443380.0,-0.4296553836775274
1355446080.0,-0.020177343777191936
1355448780.0,-0.038849056137820526
1355451480.0,-0.026125944984471516
1355454180.0,-0.01616265370472547
1355456880.0,-0.014904632811777674
1355459580.0,-0.09776453934802021
1355462280.0,-0.08225860043464195
1355464980.0,-0.38454040952339597
1355467680.0,-2.365149132403502
1355470380.0,-2.4859159529478063
1355473080.0,-2.4011216455367332
1355475780.0,-2.360262034888706
1355478480.0,-2.31215248212834
1355481180.0,-2.209509276029138
1355483880.0,-2.272299482875269
1355486580.0,-2.1513437402329885
1355489280.0,-2.172638545888475
1355491980.0,-2.173672517380851
1355494680.0,-2.180441796731799
1355497380.0,-2.1928795014908076
1355500080.0,-2.2762466904534904
1355502780.0,-2.248736746171602
1355505480.0,-2.22761468410053
1355508180.0,-2.297351475826787
1355510880.0,-2.3840603016272723
1355513580.0,-2.4263738594299014
1355516280.0,-2.93919610860587
1355518980.0,-4.855139005870427
1355521680.0,-4.910431573035481
1355524380.0,-4.9102509097473614
1355527080.0,-4.777998920578824
1355529780.0,-4.630951274952793
1355532480.0,-1.215688555246743
1355535180.0,-1.1036322824145373
1355537880.0,-1.039302362205774
1355540580.0,-0.9971230501611785
1355543280.0,-0.9850916696196066
1355545980.0,-0.9648781153838399
1355548680.0,-0.9744254097754776
1355551380.0,-1.0351385774996231
1355554080.0,-1.354633681588325
1355556780.0,-2.415791974878857
1355559480.0,-3.0918730348673478
1355562180.0,-3.0314221817219504
1355564880.0,-2.9427992592488863
1355567580.0,-2.8796768241658697
1355570280.0,-0.7270469476349888
1355572980.0,-0.6554566939679489
1355575680.0,-0.6375404377596396
1355578380.0,-0.6332713347183017
1355581080.0,-0.613340436356566
1355583780.0,-0.5916579539551208
1355586480.0,-0.6238386987689637
1355589180.0,-0.5869676270125979
1355591880.0,-0.5890523815889992
1355594580.0,-0.6024651729999846
1355597280.0,-0.6749538746406074
1355599980.0,-0.6994126061107977
1355602680.0,-0.7471406601055435
1355605380.0,-0.78259770520026
1355608080.0,-0.8461972741076238
1355610780.0,-1.174790060114418
1355613480.0,-3.158511759079744
1355616180.0,-3.1812734173704484
1355618880.0,-2.923319112897019
1355621580.0,-0.6727443088871325
1355624280.0,-0.5140972819225738
1355626980.0,-0.4959289833487901
1355629680.0,-0.49426729987899876
1355632380.0,-0.44687538226432366
1355635080.0,-0.4307369469709954
1355637780.0,-0.3742577003138763
1355640480.0,-0.3759759972685117
1355643180.0,-0.4042358227077898
1355645880.0,-0.5542960465066926
1355648580.0,-0.5410738056982609
1355651280.0,-0.533606896680368
1355653980.0,-2.634376100570421
1355656680.0,-2.7760520336701404
1355659380.0,-2.7540204914756714
1355662080.0,-2.7488204680547597
1355664780.0,-2.7123901362094784
1355667480.0,-2.715917668520092
1355670180.0,-2.7496162644481217
1355672880.0,-2.7519928151513966
1355675580.0,-2.701074946238691
1355678280.0,-2.697108871583339
1355680980.0,-2.692234713933459
1355683680.0,-2.6992767953034047
1355686380.0,-2.705892614440131
1355689080.0,-2.7171892476127937
1355691780.0,-2.767792119462456
1355694480.0,-2.7237876602897586
1355697180.0,-2.8675384686104337
1355699880.0,-2.865958151670867
1355702580.0,-2.8465820677319584
1355705280.0,-2.8167387192343654
1355707980.0,0.1805083041711555
1355710680.0,0.6875185820141496
1355713380.0,0.7196399143562644
1355716080.0,0.7578909128575049
1355718780.0,0.8447468458545018
1355721480.0,0.8799090530762896
1355724180.0,0.8908467768438584
1355726880.0,-0.7734004159823371
1355729580.0,-2.2592551687838522
1355732280.0,-2.2096634147672205
1355734980.0,-2.1562305978160907
1355737680.0,-2.137887382664644
1355740380.0,-2.0844032090919598
1355743080.0,-2.1862506622400986
1355745780.0,-2.1411666749511653
1355748480.0,-2.215667565174755
1355751180.0,-2.1053187293310316
1355753880.0,-2.0922575368668106
1355756580.0,-2.1070272271996657
1355759280.0,-2.0848939307767864
1355761980.0,-2.009936054933121
1355764680.0,-2.0395045523426347
1355767380.0,-1.9993283176341379
1355770080.0,-2.018281255673884
1355772780.0,-1.988812324173665
1355775480.0,-2.0760320843976388
1355778180.0,-2.0957207729869936
1355780880.0,-2.130952140016035
1355783580.0,-2.219890336050355
1355786280.0,-2.218891461683967
1355788980.0,-4.558007698369721
1355791680.0,-5.09072805990877
1355794380.0,-5.144490427941349
1355797080.0,-5.139519129682128
1355799780.0,-1.9347607510505895
1355802480.0,-1.3852780716977122
1355805180.0,-1.2294448820389903
1355807880.0,-1.1995264399054406
1355810580.0,-1.1959129267212916
1355813280.0,-1.1561307504268257
1355815980.0,-1.0223999720341794
1355818680.0,-0.9921972392504017
1355821380.0,-1.1339826076522002
1355824080.0,-2.7906108551835302
1355826780.0,-3.084440466119702
1355829480.0,-3.0950675185775935
1355832180.0,-1.044800616871015
1355834880.0,-0.9175977142640193
1355837580.0,-0.8120880652759865
1355840280.0,-0.7767820188780945
1355842980.0,-0.829942272272234
1355845680.0,-0.8233363383311314
1355848380.0,-0.8197059366244446
1355851080.0,-0.775090894215424
1355853780.0,-0.7592394430656384
1355856480.0,-0.8124656657928142
1355859180.0,-0.7664825653408514
1355861880.0,-0.782762056923815
1355864580.0,-0.7844187365298012
1355867280.0,-0.8065174522564575
1355869980.0,-0.9296212463313793
1355872680.0,-0.9232278782344281
1355875380.0,-0.9115010443877907
1355878080.0,-0.9877807772882932
1355880780.0,-1.087218164127421
1355883480.0,-1.2968496345002336
1355886180.0,-3.3894245914158034
1355888880.0,-1.1947688619267467
1355891580.0,-1.0520922402961332
1355894280.0,-1.0491886097794634
1355896980.0,-1.0512152785387912
1355899680.0,-0.9878702204044032
1355902380.0,-0.8508017164064938
1355905080.0,-0.7414059900516747
1355907780.0,-0.6527289735794284
1355910480.0,-0.5950407875137955
1355913180.0,-0.6587100284272935
1355915880.0,-0.695764421678291
1355918580.0,-0.6596142350327909
1355921280.0,-0.7524846550934399
1355923980.0,-0.7077130124592657
1355926680.0,-0.7610279429863169
1355929380.0,-0.7601026608475081
1355932080.0,-0.8474758189335319
1355934780.0,-0.8037052741107118
1355937480.0,-0.781293418892659
1355940180.0,-0.7914975258251786
1355942880.0,-0.7833284492303108
1355945580.0,-0.7437091864906904
1355948280.0,-0.6930205230173101
1355950980.0,-0.6880611771348697
1355953680.0,-0.7097701396185698
1355956380.0,-0.7430648115603447
1355959080.0,-0.6948495113349509
1355961780.0,-0.7164214479443842
1355964480.0,-0.7649542537821219
1355967180.0,-0.8818201824541632
1355969880.0,-0.9109925387498663
1355972580.0,-1.0309265334063582
1355975280.0,-1.6446466385183953
1355977980.0,-1.1578032527042126
1355980680.0,-1.1332934412417899
1355983380.0,-1.1219662109889441
1355986080.0,-1.1077320628463667
1355988780.0,-0.9914282086179185
1355991480.0,-0.8515177756005698
1355994180.0,-0.6733920550747712
1355996880.0,-0.4626349163336556
1355999580.0,-0.40971978681218957
1356002280.0,1.4676443411317734
1356004980.0,1.4408185189930691
1356007680.0,1.3976431488276546
1356010380.0,1.411147484243486
1356013080.0,1.33386369737579
1356015780.0,-0.6915813676443463
1356018480.0,-0.9479370152576223
1356021180.0,-0.9189706823824508
1356023880.0,-0.9473459788686114
1356026580.0,-0.9083954569012747
1356029280.0,-0.9493988467089025
1356031980.0,-0.9468679390341777
1356034680.0,-0.9516358752294423
1356037380.0,-0.8831793540811077
1356040080.0,-0.9237809187569326
1356042780.0,-0.9960120090987346
1356045480.0,-0.9890659818232734
1356048180.0,-0.9361038794231433
1356050880.0,-0.9683766310240003
1356053580.0,-0.961610214126182
1356056280.0,-1.0031627062506914
1356058980.0,-1.0269594272834013
1356061680.0,-0.8478484523614611
1356064380.0,1.275319578191528
1356067080.0,-0.7593326947295793
1356069780.0,-0.9234781102602767
1356072480.0,-0.9474661213543811
1356075180.0,-0.8713221688772421
1356077880.0,-0.8228123534415488
1356080580.0,-0.71188840151828
1356083280.0,-0.6098950238558132
1356085980.0,-0.4596861637027416
1356088680.0,-0.3308100853986957
1356091380.0,0.3828259731885737
1356094080.0,1.5373735770923815
1356096780.0,1.6343177589663753
1356099480.0,1.5700832602954335
1356102180.0,1.521806004853289
1356104880.0,1.5296072097234514
1356107580.0,1.5735419205512358
1356110280.0,1.5559137799237703
1356112980.0,1.5992822949767458
1356115680.0,1.5725405025188195
1356118380.0,1.5898325991872468
1356121080.0,1.554929359285154
1356123780.0,1.5745739838121722
1356126480.0,1.6232974337307269
1356129180.0,1.616288837850277
1356131880.0,1.6090324259339468
1356134580.0,1.615930108074508
1356137280.0,1.614304257875034
1356139980.0,1.5745903014960447
1356142680.0,1.5399578256611903
1356145380.0,1.5554749851198721
1356148080.0,1.483818967657129
1356150780.0,-1.508270738380645
1356153480.0,-2.0403095481642026
1356156180.0,-2.054192447955444
1356158880.0,-0.06380623656843909
1356161580.0,0.7191713380433669
1356164280.0,0.7595362939203767
1356166980.0,0.7564593132216828
1356169680.0,0.8556993938939286
1356172380.0,0.8107814543583061
1356175080.0,0.9147340370002155
1356177780.0,0.7898946856821283
1356180480.0,0.8240148930302098
1356183180.0,0.8886328572027935
1356185880.0,0.8661763947040413
1356188580.0,0.8982601882101449
1356191280.0,0.8219608218915937
1356193980.0,0.9334155551548804
1356196680.0,-1.0055359582697747
1356199380.0,-1.3684897594096412
1356202080.0,-1.4328607929563475
1356204780.0,-1.3538251963889536
1356207480.0,-1.3274885795256068
1356210180.0,-1.3356660505712057
1356212880.0,-1.373096394213718
1356215580.0,-1.3090714232812672
1356218280.0,-1.2941395292966718
1356220980.0,-1.2758588651157368
1356223680.0,-1.220785339907394
1356226380.0,-1.3137136156965425
1356229080.0,-1.3231441983460854
1356231780.0,-1.259658478454071
1356234480.0,0.11005238149607521
1356237180.0,1.9048478947597403
1356239880.0,1.8517431600205612
1356242580.0,0.4245396869367255
1356245280.0,-0.7090046430526229
1356247980.0,-0.8046540224927412
1356250680.0,-0.7732185711897728
1356253380.0,-0.8027944970048964
1356256080.0,-0.8298366121393599
1356258780.0,-0.8331400060539238
1356261480.0,-0.7395458136014383
1356264180.0,-0.15543051672881347
1356266880.0,1.3102348037974139
1356269580.0,1.4204721795925082
1356272280.0,1.4010189325979638
1356274980.0,1.4024439581444028
1356277680.0,1.3803502088460107
1356280380.0,1.395328487055508
1356283080.0,1.4380664995049415
1356285780.0,1.4071951496005681
1356288480.0,1.3974250894426916
1356291180.0,1.4032518004195538
1356293880.0,1.436443210333465
1356296580.0,1.41193717719608
1356299280.0,1.379686401058109
1356301980.0,1.3487209252509729
1356304680.0,1.4133905256485377
1356307380.0,1.47810102257165
1356310080.0,1.5015654152325908
1356312780.0,1.524696713899317
1356315480.0,1.630746627024081
1356318180.0,3.6846544712053912
1356320880.0,3.9191119992967174
1356323580.0,3.993488752385815
1356326280.0,1.425660821835379
1356328980.0,0.3155310585303823
1356331680.0,0.19252931874879664
1356334380.0,0.1535004578273913
1356337080.0,0.16705372599693646
1356339780.0,0.079896286897565
1356342480.0,0.027501830855015896
1356345180.0,0.017367109241178014
1356347880.0,-0.010820326066465213
1356350580.0,0.06447564358458635
1356353280.0,-0.013331577153422813
1356355980.0,0.31444162178286206
1356358680.0,2.141168077104737
1356361380.0,2.228918331117285
1356364080.0,2.25072448978392
1356366780.0,2.270767589500281
1356369480.0,2.2158256548112547
1356372180.0,2.24225005801938
1356374880.0,2.203079443742382
1356377580.0,2.2319926002367936
1356380280.0,2.174255877817444
1356382980.0,2.237526629204325
1356385680.0,2.2169543491193906
1356388380.0,2.235918816416671
1356391080.0,2.264854366174262
1356393780.0,2.283668663455188
1356396480.0,2.30504390616116
1356399180.0,2.3275695620521617
1356401880.0,2.3230865096403193
1356404580.0,2.3500847456118095
1356407280.0,2.38141686059177
1356409980.0,2.5172256921434837
1356412680.0,4.052001423458137
1356415380.0,1.2991371238001932
1356418080.0,1.1889132808548482
1356420780.0,1.1676910679965147
1356423480.0,1.1354403667267547
1356426180.0,1.0962247927703288
1356428880.0,1.1080655113130433
1356431580.0,1.0337095682353663
1356434280.0,1.0530979351985934
1356436980.0,0.8935792835618201
1356439680.0,0.7751215470238151
1356442380.0,0.8030942466132558
1356445080.0,0.7512003431069729
1356447780.0,0.7040912096069292
1356450480.0,0.7115482962138913
1356453180.0,0.8275348143783674
1356455880.0,0.7618682130909349
1356458580.0,0.7935213878913316
1356461280.0,0.8024501345716146
1356463980.0,0.8561054033955315
1356466680.0,0.8649451717075749
1356469380.0,0.8566275421639205
1356472080.0,0.9041008569560631
1356474780.0,0.9084450763925815
1356477480.0,0.9107374638177816
1356480180.0,0.9250791627793546
1356482880.0,0.9486252314218007
1356485580.0,0.9369148423952254
1356488280.0,0.966936878595078
1356490980.0,1.064351378065453
1356493680.0,3.8737485300102605
1356496380.0,4.483811572672238
1356499080.0,4.439734379472554
1356501780.0,2.4369471726205347
1356504480.0,0.815475538005046
1356507180.0,0.7095118074230129
1356509880.0,0.6874849977632209
1356512580.0,0.6788950167065764
1356515280.0,0.5965196502117749
1356517980.0,0.6018175872927713
1356520680.0,0.5497994590670601
1356523380.0,0.4880421573791409
1356526080.0,0.4517450941635559
1356528780.0,0.4802722962545545
1356531480.0,0.4385503546278642
1356534180.0,0.33098150981422236
1356536880.0,0.35735209114389477
1356539580.0,0.3672110788536429
1356542280.0,0.4033743231420317
1356544980.0,0.42149812403701503
1356547680.0,0.4579937344839209
1356550380.0,0.46726534609945247
1356553080.0,0.5813955082359996
1356555780.0,0.7157168626117141
1356558480.0,3.2582054532486495
1356561180.0,3.5495121135412546
1356563880.0,3.5536251211464673
1356566580.0,3.619310443314987
1356569280.0,3.5827912336844747
1356571980.0,3.5224330241887003
1356574680.0,3.4981697808863146
1356577380.0,3.540619605124533
1356580080.0,3.5200844278235763
1356582780.0,3.5910759162425734
1356585480.0,3.62841041029381
1356588180.0,3.9063252978837113
1356590880.0,1.7886230382790984
1356593580.0,2.09357840303025
1356596280.0,2.1053076603907925
1356598980.0,2.0846661249890985
1356601680.0,2.052477056648854
1356604380.0,1.9872686619884803
1356607080.0,1.9686914024469786
1356609780.0,1.8651498836852056
1356612480.0,1.8758076069917706
1356615180.0,1.8095391723047385
1356617880.0,1.7934816019245545
1356620580.0,1.7175098855574333
1356623280.0,1.7428496365589012
1356625980.0,1.704082848071522
1356628680.0,1.6506828657607286
1356631380.0,1.6424717716495252
1356634080.0,1.6719651031206695
1356636780.0,1.6702300858690364
1356639480.0,1.6698306717709386
1356642180.0,1.7390195753686726
1356644880.0,3.949397076215888
1356647580.0,4.130372341497207
1356650280.0,4.122499530862115
1356652980.0,4.122122344979459
1356655680.0,4.1399567641117585
1356658380.0,4.107167399692656
1356661080.0,4.1038760221633765
1356663780.0,4.087849881975956
1356666480.0,4.164839826432882
1356669180.0,4.128850810150055
1356671880.0,4.141007354731897
1356674580.0,4.148539541773175
1356677280.0,4.392952613748321
1356679980.0,2.7495178740321364
1356682680.0,2.8227180863441674
1356685380.0,2.8444449446704994
1356688080.0,2.854019810796842
1356690780.0,2.7765131966690717
1356693480.0,2.76286390743266
1356696180.0,2.6169018479606336
1356698880.0,2.621285980898705
1356701580.0,2.591271450361404
1356704280.0,2.570809813026017
1356706980.0,2.52228911902651
1356709680.0,2.5248025749263263
1356712380.0,2.5276196646020708
1356715080.0,2.525862063407317
1356717780.0,2.500449306226102
1356720480.0,2.4925787952525127
1356723180.0,2.5391276457848733
1356725880.0,2.4834558421893576
1356728580.0,2.4761178160931934
1356731280.0,2.4660550631987803
1356733980.0,3.588811431721581
1356736680.0,2.4691451074539543
1356739380.0,2.1041613207077887
1356742080.0,2.033894953579619
1356744780.0,1.9973220210130762
1356747480.0,2.0154228548549327
1356750180.0,2.0469038108589075
1356752880.0,2.1006445227768324
1356755580.0,2.1103880326540434
1356758280.0,2.1148300013022094
1356760980.0,2.1351816433056854
1356763680.0,2.178423428025553
1356766380.0,2.3479600974135337
1356769080.0,1.6173917231755581
1356771780.0,0.3728475945061689
1356774480.0,0.3023898273269481
1356777180.0,0.2506424980590509
1356779880.0,0.29015882028832607
1356782580.0,0.20226421964204633
1356785280.0,0.26261635664192795
1356787980.0,0.32892032880158695
1356790680.0,0.27087294281531626
1356793380.0,0.2134748340239696
1356796080.0,0.19048923861228673
1356798780.0,0.25194794757939576
1356801480.0,0.2911649342472913
1356804180.0,0.31389217109301626
1356806880.0,0.30492276147404596
1356809580.0,0.28604593841066617
1356812280.0,0.2815099573010116
1356814980.0,0.28425786211420245
1356817680.0,0.21824512349161296
1356820380.0,0.25617262954003195
1356823080.0,-2.033778427301172
1356825780.0,0.17765074583448381
1356828480.0,1.2138324790994375
1356831180.0,1.2185563249074107
1356833880.0,1.2145899350799425
1356836580.0,1.2512736475601685
1356839280.0,1.2762036218361459
1356841980.0,1.3304099762433736
1356844680.0,1.3124987387339786
1356847380.0,1.3072374051359645
1356850080.0,1.4278171289020634
1356852780.0,1.6189915349638113
1356855480.0,1.7843440870631468
1356858180.0,0.9956733815941732
1356860880.0,1.8115124594244492
1356863580.0,1.7993124091607342
1356866280.0,1.8458619346178011
1356868980.0,1.8016226624094998
1356871680.0,1.803836884663923
1356874380.0,1.772665532206645
1356877080.0,1.7670636038682233
1356879780.0,1.7053914378039394
1356882480.0,1.7182420323937322
1356885180.0,1.796071408183309
1356887880.0,1.754453408155058
1356890580.0,1.7304731500807122
1356893280.0,1.7928833533189277
1356895980.0,1.7304007479417578
1356898680.0,1.733087873555462
1356901380.0,1.7063248837831964
1356904080.0,1.6184516989150097
1356906780.0,1.7377238201616194
1356909480.0,1.738367305767781
1356912180.0,3.230655588385787
1356914880.0,4.143913417091994
1356917580.0,4.0710414451069425
1356920280.0,3.861872247224511
1356922980.0,1.4347624440638924
1356925680.0,1.267288300315414
1356928380.0,1.2697193970482488
1356931080.0,1.2476401183429573
1356933780.0,1.2090921808229211
1356936480.0,1.2983418250259717
1356939180.0,1.3993340293526444
1356941880.0,1.7204323738449716
1356944580.0,1.8769578457673504
1356947280.0,3.0410962885783306
1356949980.0,3.7545782064179036
1356952680.0,3.8759590089440508
1356955380.0,3.670959039458751
1356958080.0,3.664982208423993
1356960780.0,3.641278876803966
1356963480.0,3.643710829379046
1356966180.0,3.577749351289839
1356968880.0,3.594387828109717
1356971580.0,3.620768171144249
1356974280.0,3.6352624336871315
1356976980.0,3.6076020096792547
1356979680.0,3.668127151664976
1356982380.0,3.6613853972602897
1356985080.0,3.6490842729146777
1356987780.0,3.6204355622212177
1356990480.0,3.532252630708939
1356993180.0,3.5343508538392427
1356995880.0,3.5524232431779694
1356998580.0,3.5790043717338165
1357001280.0,3.536318815304071
1357003980.0,2.712022144973048
1357006680.0,2.2334125358863446
1357009380.0,2.5077806706478327
1357012080.0,2.4899230617229478
1357014780.0,2.5009559042477747
1357017480.0,2.473446785307573
1357020180.0,2.428702789904321
1357022880.0,2.429929196534289
1357025580.0,2.4384373466571674
1357028280.0,2.5110869228637682
1357030980.0,2.616534099436251
1357033680.0,2.594782148782201
1357036380.0,2.6717695201934077
1357039080.0,2.6932471204271167
1357041780.0,2.612923859227493
1357044480.0,2.7229546521086263
1357047180.0,2.7055558541108553
1357049880.0,2.708803900285943
1357052580.0,2.6564930791399775
1357055280.0,2.6887924126154985
1357057980.0,2.67744186803597
1357060680.0,2.780966087331109
1357063380.0,2.7045496519380947
1357066080.0,2.7125766756357166
1357068780.0,2.67442602175214
1357071480.0,2.6842821894474014
1357074180.0,2.676161688673176
1357076880.0,2.6799595057231897
1357079580.0,2.6570928855765317
1357082280.0,2.6485977994086056
1357084980.0,2.669966999663785
1357087680.0,2.6176360897361235
1357090380.0,1.9884520762844033
1357093080.0,0.24669841136574178
1357095780.0,2.4213715079136477
1357098480.0,2.491580084816178
1357101180.0,2.5045762934841207
1357103880.0,2.440895211615697
1357106580.0,2.3771771215743627
1357109280.0,2.29707420628219
1357111980.0,2.2231267045305003
1357114680.0,2.2612240592068247
1357117380.0,2.3827960194536217
1357120080.0,2.4205894372882995
1357122780.0,2.5338096800207666
1357125480.0,2.492245830789045
1357128180.0,2.7953400557657915
1357130880.0,2.466540094157864
1357133580.0,2.4533060925207053
1357136280.0,2.4948539786992114
1357138980.0,2.4332266507284146
1357141680.0,2.5333723967623314
1357144380.0,2.5401109742006724
1357147080.0,2.561010323153738
1357149780.0,2.484835788237149
1357152480.0,2.51502087383858
1357155180.0,2.553065852018193
1357157880.0,2.5173962748993404
1357160580.0,2.5266320164783735
1357163280.0,2.5241785048148984
1357165980.0,2.5459348092661287
1357168680.0,2.4896635535596943
1357171380.0,2.582755852742025
1357174080.0,2.5030808633773063
1357176780.0,2.4813333129739306
1357179480.0,2.53057486566982
1357182180.0,0.596005037001504
1357184880.0,2.454071150605131
1357187580.0,2.581213765895825
1357190280.0,2.526749384077874
1357192980.0,2.437248034141959
1357195680.0,2.3265349543368927
1357198380.0,2.2446452492205538
1357201080.0,2.1967136623214003
1357203780.0,2.1178104136910747
1357206480.0,2.036260134019642
1357209180.0,2.0719646221668313
1357211880.0,2.04203813290232
1357214580.0,2.183472675183822
1357217280.0,2.3177886915685235
1357219980.0,2.363735613642035
1357222680.0,2.4016297256007135
1357225380.0,2.404511710560314
1357228080.0,2.4155732763157687
1357230780.0,2.4968922364594732
1357233480.0,2.486927824100718
1357236180.0,2.526953492482704
1357238880.0,2.5871374498385933
1357241580.0,2.6541829854687933
1357244280.0,2.6000703584207656
1357246980.0,2.588177033022731
1357249680.0,2.5804683974343448
1357252380.0,2.6146202838428394
1357255080.0,2.584366531680672
1357257780.0,2.6215670325845792
1357260480.0,2.584700684593969
1357263180.0,2.5688025870924776
1357265880.0,2.5181544804921714
1357268580.0,-0.7655091305595647
1357271280.0,-0.8125734878958042
1357273980.0,1.4625243580743188
1357276680.0,2.6344340940287623
1357279380.0,2.5808814508713454
1357282080.0,2.5061657426506088
1357284780.0,2.3407782986835457
1357287480.0,2.174402886619788
1357290180.0,2.0620308722429286
1357292880.0,2.0803648949578246
1357295580.0,0.07717726716569473
1357298280.0,-0.03927112942270128
1357300980.0,-0.041519429079329484
1357303680.0,0.02341872364004871
1357306380.0,0.06868895091204763
1357309080.0,0.0857111111154154
1357311780.0,0.04030210414958901
1357314480.0,0.08376062660269668
1357317180.0,0.10778321145278369
1357319880.0,0.17116270632558894
1357322580.0,0.15057340332487001
1357325280.0,0.23394734889075153
1357327980.0,0.21761451206401716
1357330680.0,0.27591870196059176
1357333380.0,0.28267066010420194
1357336080.0,0.2583261034559712
1357338780.0,0.28417222308149803
1357341480.0,0.2610105898157258
1357344180.0,0.31553469736098805
1357346880.0,0.28713118184771247
1357349580.0,0.2924594065153201
1357352280.0,0.2586590330578531
1357354980.0,-1.6565271757767164
1357357680.0,-2.2425537669319624
1357360380.0,-0.5408834873305182
1357363080.0,1.1907255288192005
1357365780.0,1.228346154043038
1357368480.0,1.2083466485761676
1357371180.0,1.128249402645821
1357373880.0,0.9870459425201545
1357376580.0,0.8659592781861818
1357379280.0,0.6809048147623571
1357381980.0,0.6277922073303159
1357384680.0,0.5825865198412998
1357387380.0,-1.434490042968065
1357390080.0,-1.6436732668283298
1357392780.0,-1.579550701004365
1357395480.0,-1.5907606379146557
1357398180.0,-1.5767247172143186
1357400880.0,-1.4277511725057082
1357403580.0,-1.040689110601562
1357406280.0,0.8368800818681166
1357408980.0,1.0004718693752466
1357411680.0,1.046443136940809
1357414380.0,1.0694180917109009
1357417080.0,1.0329997189136577
1357419780.0,1.0534641309339179
1357422480.0,1.1138918239737166
1357425180.0,1.0911513692770427
1357427880.0,1.0587032113300268
1357430580.0,1.096826759726241
1357433280.0,1.0638572782218887
1357435980.0,1.0494533921890081
1357438680.0,1.1061591660161696
1357441380.0,1.0951124863045436
1357444080.0,1.1076717532905036
1357446780.0,0.7173521527585649
1357449480.0,-1.3962185936209437
1357452180.0,-1.45364517298529
1357454880.0,0.35725965701172413
1357457580.0,1.1228594596455252
1357460280.0,1.1606467608775404
1357462980.0,1.1782232947672355
1357465680.0,0.9238062582102771
1357468380.0,0.7678525505714049
1357471080.0,0.6744513335664806
1357473780.0,0.4799333614909074
1357476480.0,0.50547225901866
1357479180.0,0.4606061296535131
1357481880.0,-0.22112608749822016
1357484580.0,-1.6656747167526191
1357487280.0,-1.6519323321885793
1357489980.0,-1.6600541478303512
1357492680.0,-1.6542701262250432
1357495380.0,-1.6540851329874329
1357498080.0,-1.6095781616815827
1357500780.0,-1.518397494252099
1357503480.0,-1.4656133857492648
1357506180.0,-1.5042198038901802
1357508880.0,-1.4464782080749785
1357511580.0,-1.4233606035199955
1357514280.0,-1.4224197014171978
1357516980.0,-1.3411616373354605
1357519680.0,-1.3921847247026449
1357522380.0,-1.3946934697816573
1357525080.0,-1.3842787580760216
1357527780.0,-1.3040499543625685
1357530480.0,-1.257049211937158
1357533180.0,-1.2469152785741073
1357535880.0,1.9615281052914497
1357538580.0,1.9818710278387925
1357541280.0,2.0327204214355277
1357543980.0,-0.1344650454908276
1357546680.0,-0.7283953736038598
1357549380.0,-0.7913214925393106
1357552080.0,-0.874472610308402
1357554780.0,-0.8929881307736593
1357557480.0,-0.949241517306433
1357560180.0,-1.134718464642674
1357562880.0,-1.1828719922881419
1357565580.0,-1.2480498377070148
1357568280.0,-1.3087561490207804
1357570980.0,-1.309780710170827
1357573680.0,-1.2709871153666654
1357576380.0,-1.2589473464908565
1357579080.0,-1.2453423847364888
1357581780.0,-1.1614644714901488
1357584480.0,-1.1092774457860912
1357587180.0,-1.0336747565585824
1357589880.0,-0.9587657397491682
1357592580.0,-0.9743575548420438
1357595280.0,-0.9003483273443749
1357597980.0,-0.8757471376059698
1357600680.0,-0.9080936437551657
1357603380.0,-0.8171703992311166
1357606080.0,-0.8834082574019249
1357608780.0,-0.9191191568909005
1357611480.0,-0.9555808922258393
1357614180.0,-0.8780257346139138
1357616880.0,-0.8465842919648594
1357619580.0,2.166055279449722
1357622280.0,2.5239142620210373
1357624980.0,-0.625549109124421
1357627680.0,-0.6798607172422635
1357630380.0,-0.6958616357288463
1357633080.0,-0.673379285355054
1357635780.0,-0.6110678537508534
1357638480.0,-0.6903902755335878
1357641180.0,-0.686610154988756
1357643880.0,-0.723754431475669
1357646580.0,-1.040706517556174
1357649280.0,-1.282188450128075
1357651980.0,-2.8535335137630113
1357654680.0,-3.201188042423695
1357657380.0,-3.2713099556279417
1357660080.0,-3.21171688061915
1357662780.0,-3.1724603309590123
1357665480.0,-3.133174104953355
1357668180.0,-3.0698964082007194
1357670880.0,-3.03661294261218
1357673580.0,-2.9935284095007546
1357676280.0,-2.971470662182327
1357678980.0,-2.9065961776891527
1357681680.0,-2.8396450096199715
1357684380.0,-2.7877438395983063
1357687080.0,-2.751542337026933
1357689780.0,-2.735405453723814
1357692480.0,-2.7333634934116446
1357695180.0,-2.7270043650573825
1357697880.0,-2.7012252480363657
1357700580.0,-2.63361165693226
1357703280.0,-0.5027855094393487
1357705980.0,0.6773537607233777
1357708680.0,-1.2646729294999375
1357711380.0,-1.870872850064984
1357714080.0,-1.8727096552954094
1357716780.0,-1.861607906088409
1357719480.0,-1.7887277358819915
1357722180.0,-1.7411580040558192
1357724880.0,-1.8177158311086714
1357727580.0,-1.8114383636052196
1357730280.0,-1.669575571038962
1357732980.0,-1.6925871093629894
1357735680.0,-1.516975184622737
1357738380.0,-1.6559748207007488
1357741080.0,-2.6073569051156937
1361607150.0,2.5491678574272214
1361609850.0,2.447810359095513
1361612550.0,2.255806986101703
1361615250.0,2.149953980458889
1361617950.0,1.9995663220117876
1361620650.0,1.5068286197317775
1361623350.0,-0.9970548922373439
1361626050.0,-1.1111287780802002
1361628750.0,-1.2044387333255884
1361631450.0,-1.1968660415950012
1361634150.0,-1.213742011987307
1361636850.0,-1.2189169278607608
1361639550.0,-1.237840430822132
1361642250.0,-1.2008861107589155
1361644950.0,-1.1331783155716835
1361647650.0,-0.5598504567190048
1361650350.0,1.5311136842124426
1361653050.0,1.6471371884292978
1361655750.0,1.6181938418779396
1361658450.0,-1.1113977413563418
1361661150.0,-1.5086124362133262
1361663850.0,-1.6004106845987849
1361666550.0,-1.564874324430889
1361669250.0,-1.5464702027832118
1361671950.0,-1.6081734461594692
1361674650.0,-1.594613047056157
1361677350.0,-1.4795860666105796
1361680050.0,-1.4544322788082127
1361682750.0,-1.424088922161701
1361685450.0,-1.3883926175212764
1361688150.0,-1.263916175739439
1361690850.0,0.5185285876466992
1361693550.0,1.1346949752459352
1361696250.0,1.0800308370790788
1361698950.0,1.0975020561591862
1361701650.0,1.007900844039085
1361704350.0,1.0340323954112307
1361707050.0,0.994589601306501
1361709750.0,-1.3541193375096725
1361712450.0,-1.7761800639680132
1361715150.0,-1.8322192670437119
1361717850.0,-1.7968396622763407
1361720550.0,-1.798766110263216
1361723250.0,-1.7704807103153257
1361725950.0,-1.8476822668497448
1361728650.0,-1.8267566974599276
1361731350.0,-1.7761735921429818
1361734050.0,-1.7493075856929465
1361736750.0,-1.4931190542282593
1361739450.0,0.657595233827891
1361742150.0,0.8196536312053126
1361744850.0,0.8562042863658803
1361747550.0,0.7181781170946806
1361750250.0,-1.2515374771734287
1361752950.0,-1.4755249339765157
1361755650.0,-1.4702131265110836
1361758350.0,-1.5335672286031468
1361761050.0,-1.4891017549431922
1361763750.0,-1.4486555957408598
1361766450.0,-1.478160667175871
1361769150.0,-1.4156328669930929
1361771850.0,-1.4459045721748396
1361774550.0,-1.376807819629505
1361777250.0,-1.304357980288728
1361779950.0,-1.1431145955054944
1361782650.0,0.6907840913780774
1361785350.0,1.0701128801108837
1361788050.0,1.0970372473159387
1361790750.0,1.1065328131566048
1361793450.0,1.0972976901745994
1361796150.0,0.937443595240893
1361798850.0,0.8564473504194154
1361801550.0,0.8780470304665755
1361804250.0,0.8799209340413086
1361806950.0,0.865009835743507
1361809650.0,0.8494234844060315
1361812350.0,0.8709245424156222
1361815050.0,0.8852031461329375
1361817750.0,0.8637478209211338
1361820450.0,0.89407684663081
1361823150.0,0.957074896161771
1361825850.0,0.9594890958302926
1361828550.0,2.3488805218355537
1361831250.0,-0.10608740090441415
1361833950.0,-0.16567357323771148
1361836650.0,-0.28110462941745595
1361839350.0,-0.3043781692973653
1361842050.0,-0.31129000840826393
1361844750.0,-0.3872366942716212
1361847450.0,-0.3325834580578828
1361850150.0,-0.3932528231641754
1361852850.0,-0.34790795121469387
1361855550.0,-0.30246455025326213
1361858250.0,-0.3534480636252795
1361860950.0,-0.26428436686637724
1361863650.0,-0.30250834810837546
1361866350.0,-1.9194449750197862
1361869050.0,-2.423113457839065
1361871750.0,-2.2655005043593803
1361874450.0,-0.3624017951382825
1361877150.0,-0.2620110826672999
1361879850.0,-0.13159940802668757
1361882550.0,-0.3664943978923816
1361885250.0,-0.3215702574123611
1361887950.0,-0.31342038062112465
1361890650.0,-0.3095330184213765
1361893350.0,-0.33874247560996196
1361896050.0,-0.30105870034819304
1361898750.0,-0.2226095340183747
1361901450.0,-0.29221484290911803
1361904150.0,-0.2566829373081987
1361906850.0,-0.24005071800485211
1361909550.0,-0.20004464664384614
1361912250.0,-0.16909049343720994
1361914950.0,-0.11920343325351723
1361917650.0,-0.05791097685764157
1361920350.0,-0.43712931155286583
1361923050.0,-0.47304309906820663
1361925750.0,-0.49375252410226267
1361928450.0,-0.5155294011177034
1361931150.0,-0.553160576333056
1361933850.0,-0.5962307293333708
1361936550.0,-0.5375713985681045
1361939250.0,-0.6234928191755387
1361941950.0,-0.659467881336326
1361944650.0,-0.6496947904256842
1361947350.0,-0.6432497908004677
1361950050.0,-0.7309416074633361
1361952750.0,-0.7676108560488046
1361955450.0,-0.9151704767514843
1361958150.0,-2.8612560672616496
1361960850.0,-2.917898952569942
1361963550.0,-2.888944650398571
1361966250.0,-2.917818673892498
1361968950.0,-2.930077090881724
1361971650.0,-2.9143721012757737
1361974350.0,-2.9284351955147088
1361977050.0,-2.916451760781655
1361979750.0,-2.9020761598185913
1361982450.0,-2.860059984660154
1361985150.0,-2.903672533798982
1361987850.0,-2.83174870037854
1361990550.0,-2.8308622274415143
1361993250.0,-2.8218816058756317
1361995950.0,-2.7524407730602434
1361998650.0,-2.7245827514282155
1362001350.0,-2.6895332897346407
1362004050.0,-1.43983595644454
1362006750.0,0.8004616833882494
1362009450.0,-1.0492668095508861
1362012150.0,-1.553416630128737
1362014850.0,-1.6049159901371866
1362017550.0,-1.6684094841760668
1362020250.0,-1.6680831425248925
1362022950.0,-1.6338492715719894
1362025650.0,-1.7112286516276072
1362028350.0,-1.7266046096074206
1362031050.0,-1.7786174782439446
1362033750.0,-1.7802520296140472
1362036450.0,-1.848556637663421
1362039150.0,-1.9279310186366843
1362041850.0,-1.7559112202416713
1362044550.0,0.24788338016091416
1362047250.0,0.5349391254130751
1362049950.0,0.5481505257992865
1362052650.0,0.540319786700195
1362055350.0,0.548779566550138
1362058050.0,0.5008982971311298
1362060750.0,0.550008335329494
1362063450.0,0.4962278411048544
1362066150.0,0.4983663751148413
1362068850.0,0.530830406947274
1362071550.0,0.5250831053433842
1362074250.0,0.5970589312731533
1362076950.0,0.6109970131263367
1362079650.0,0.5847142377074874
1362082350.0,0.676992354193743
1362085050.0,0.6955742903333544
1362087750.0,0.7056218876639093
1362090450.0,0.8217130629996632
1362093150.0,2.8907039704812405
1362095850.0,3.1603713807303393
1362098550.0,3.1593468360669874
1362101250.0,-0.004806335138880513
1362103950.0,-0.48508797240486956
1362106650.0,-0.5668116135508967
1362109350.0,-0.5950379776130319
1362112050.0,-0.6455346156100177
1362114750.0,-0.6805334313301046
1362117450.0,-0.7754914544153451
1362120150.0,-0.8280875135807833
1362122850.0,-0.9018510912042927
1362125550.0,-0.9676827071988896
1362128250.0,-1.0430429264661143
1362130950.0,-0.9309316366823168
1362133650.0,-0.11645091983464795
1362136350.0,1.163283591694551
1362139050.0,1.2223331891282214
1362141750.0,1.103037029225618
1362144450.0,1.1162933257786847
1362147150.0,1.0836918720075914
1362149850.0,1.0463381720516622
1362152550.0,1.098325218154315
1362155250.0,1.1117505275773851
1362157950.0,1.1107112230399991
1362160650.0,1.1256616343992505
1362163350.0,1.1874081739718747
1362166050.0,1.160681131568282
1362168750.0,1.2970384989869501
1362171450.0,1.25688158547257
1362174150.0,1.337549641861841
1362176850.0,1.4082514757836293
1362179550.0,1.4119362740602526
1362182250.0,1.4850405986515227
1362184950.0,1.5398436799754052
1362187650.0,1.623588277199616
1362190350.0,2.496380907536178
1362193050.0,0.2870666623562954
1362195750.0,0.16472421838250284
1362198450.0,0.16043995497955166
1362201150.0,0.12496912052108655
1362203850.0,0.09636450853511747
1362206550.0,0.015700380305446515
1362209250.0,-0.1429339590657719
1362211950.0,-0.22486165991426788
1362214650.0,-0.4053959383312815
1362217350.0,-0.4000338952408242
1362220050.0,-0.4213061716182267
1362222750.0,-0.35634440133799217
1362225450.0,-0.3893723348150786
1362228150.0,-0.4015963336786399
1362230850.0,-0.4522418135811108
1362233550.0,-0.4285987111985037
1362236250.0,-0.43144953929652274
1362238950.0,-0.36531818950828665
1362241650.0,-0.4235932879639108
1362244350.0,-0.411866015915507
1362247050.0,-0.38638641451643707
1362249750.0,-0.2991632760840446
1362252450.0,-0.31221889435110484
1362255150.0,-0.2437800247253108
1362257850.0,-0.19589210129615253
1362260550.0,-0.13943214610011978
1362263250.0,-0.07536555316136173
1362265950.0,-0.043828180894024626
1362268650.0,0.06567033694335578
1362271350.0,3.0915988395991008
1362274050.0,3.220396184535872
1362276750.0,3.2602926709066082
1362279450.0,0.5621779296587874
1362282150.0,-0.3555960547043071
1362284850.0,-0.41810755806949373
1362287550.0,-0.4326177865333989
1362290250.0,-0.442144187122949
1362292950.0,-0.4864596129772849
1362295650.0,-0.6111475127553945
1362298350.0,-0.7853212512634684
1362301050.0,-0.9552917937208463
1362303750.0,-1.0472356152317843
1362306450.0,-0.9364681872190772
1362309150.0,-1.576449761134711
1362311850.0,-1.1185540210560418
1362314550.0,-1.2047609698656458
1362317250.0,-1.2147402477152411
1362319950.0,-1.2006894543751798
1362322650.0,-1.1653016377289873
1362325350.0,-1.1329730577335795
1362328050.0,-1.1233641070067222
1362330750.0,-1.0508325075490461
1362333450.0,-1.0168949176531896
1362336150.0,-0.9632057333603257
1362338850.0,-0.9345791192286867
1362341550.0,-0.8685653197160832
1362344250.0,-0.7854658109742445
1362346950.0,-0.7511398841796506
1362349650.0,-0.6910799631649525
1362352350.0,-0.6903893508848284
1362355050.0,-0.6830396234353202
1362357750.0,-0.6744615647139085
1362360450.0,-0.672924842634302
1362363150.0,-0.6943385483131692
1362365850.0,-0.6423853585636721
1362368550.0,-0.691549416964989
1362371250.0,-2.767102656893144
1362373950.0,-3.555802148103595
1362376650.0,-3.601354907385968
1362379350.0,-3.5702011014804214
1362382050.0,-3.6541016919880747
1362384750.0,-3.6804884963923428
1362387450.0,-3.7601224302307514
1362390150.0,-3.67272267936724
1362392850.0,-0.5838340178512738
1362395550.0,-0.5488982450693243
1362398250.0,-0.6565540269888288
1362400950.0,-0.849629322952751
1362403650.0,-0.8561999996818201
1362406350.0,-0.8994096897347106
1362409050.0,-0.8662936618147796
1362411750.0,-0.8195237763113994
1362414450.0,-0.798446305946328
1362417150.0,-0.670324400850177
1362419850.0,-0.7053660367712382
1362422550.0,-0.6074116604958135
1362425250.0,-0.5505826139567773
1362427950.0,-0.4371667117512743
1362430650.0,-0.05939267127502035
1362433350.0,1.954615618723551
1362436050.0,2.0626903607953864
1362438750.0,2.058187947108479
1362441450.0,2.0006529038186613
1362444150.0,1.9766093601430725
1362446850.0,1.8924902832603436
1362449550.0,-0.9634641446137664
1362452250.0,-1.2924732026989716
1362454950.0,-1.3075204314789346
1362457650.0,-1.3407250413997076
1362460350.0,-1.363194427900794
1362463050.0,-1.3706638853433617
1362465750.0,-1.3325371793502825
1362468450.0,-1.3681919994337761
1362471150.0,-1.4121536756771604
1362473850.0,-1.5284803641490043
1362476550.0,-1.7915387279877848
1362479250.0,-2.3249550812883797
1362481950.0,-1.636556826147313
1362484650.0,-1.658496577906078
1362487350.0,-1.8222271546259776
1362490050.0,-1.790855006078857
1362492750.0,-1.7892419234688646
1362495450.0,-1.7747522298037097
1362498150.0,-1.7441605858896878
1362500850.0,-1.6848519801347095
1362503550.0,-1.633526690440732
1362506250.0,-1.6175964541775727
1362508950.0,-1.524891500371524
1362511650.0,-1.4698980559073789
1362514350.0,-1.3539296660950413
1362517050.0,-1.2557169824495418
1362519750.0,-1.0619771874581545
1362522450.0,-0.9409319945638686
1362525150.0,-0.7953902101062909
1362527850.0,-1.0765568060294015
1362530550.0,-1.0997126995652877
1362533250.0,-1.1759783739751413
1362535950.0,-1.1714491070268593
1362538650.0,-1.1645806523474107
1362541350.0,-1.1035618926792097
1362544050.0,-1.1402823475958712
1362546750.0,-1.1375873279673385
1362549450.0,-1.1366430244443109
1362552150.0,-1.098711305624306
1362554850.0,-1.1307165014672194
1362557550.0,-1.1131451630476477
1362560250.0,-1.2016889752850943
1362562950.0,-1.3322694815478258
1362565650.0,-2.462751042837283
1362568350.0,-3.599899590882643
1362571050.0,-3.736776570733724
1362573750.0,-3.8182994017457474
1362576450.0,-3.8349474763257376
1362579150.0,-3.813826753775345
1362581850.0,-3.7991271762895167
1362584550.0,-3.7792535630623547
1362587250.0,-3.788022131111262
1362589950.0,-3.756136152495827
1362592650.0,-3.7361664972301014
1362595350.0,-3.64038776753668
1362598050.0,-3.2279911166919817
1362600750.0,-0.21448115276982094
1362603450.0,-0.041677409873443594
1362606150.0,-0.005667492249500583
1362608850.0,0.076254384760432
1362611550.0,-0.0895934879713991
1362614250.0,-2.1157504519784993
1362616950.0,-2.3595328944481935
1362619650.0,-2.4439020263695
1362622350.0,-2.42116205878483
1362625050.0,-2.2925895475244147
1362627750.0,-2.305268838926793
1362630450.0,-2.3668921397483587
1362633150.0,-2.3702947609361615
1362635850.0,-2.336597425158203
1362638550.0,-2.277112561829796
1362641250.0,-2.3043909610834135
1362643950.0,-2.3831774743756284
1362646650.0,-2.393693909706883
1362649350.0,-2.3729380984655393
1362652050.0,-2.4572093116410656
1362654750.0,-2.6102985163010715
1362657450.0,-4.430315650943669
1362660150.0,-4.884688139862021
1362662850.0,-4.944157836491797
1362665550.0,-4.879954103128853
1362668250.0,-4.886642933021619
1362670950.0,-4.843025000477297
1362673650.0,-4.8187011795654655
1362676350.0,-4.730501076063746
1362679050.0,-4.744360339431182
1362681750.0,-1.4239168821857788
1362684450.0,-1.264990426336027
1362687150.0,-1.2061598895418797
1362689850.0,-1.1663749076049044
1362692550.0,-1.0586859593394706
1362695250.0,-0.9899861949371598
1362697950.0,-1.0126232187576534
1362700650.0,-0.9917787288567865
1362703350.0,-2.0131558303360464
1362706050.0,-3.196702237791868
1362708750.0,-3.134789276640845
1362711450.0,-3.1152482708616844
1362714150.0,-3.1229324875234
1362716850.0,-3.152974788555639
1362719550.0,-3.236663952682818
1362722250.0,-3.1550847718237662
1362724950.0,-3.121967211118715
1362727650.0,-3.135367780980232
1362730350.0,-3.1259215362066755
1362733050.0,-3.159534861163138
1362735750.0,-3.1317522523447963
1362738450.0,-3.1346297549273743
1362741150.0,-3.07948850759783
1362743850.0,-3.1994921894071524
1362746550.0,-3.3494355823692956
1362749250.0,-3.3306607668657193
1362751950.0,-3.43864800425024
1362754650.0,-3.6361758689256476
1362757350.0,-5.277096854052843
1362760050.0,-5.899641984592421
1362762750.0,-5.882449318425586
1362765450.0,-5.901352600365669
1362768150.0,-5.372168181984023
1362770850.0,-2.218811226011411
1362773550.0,-2.0845396622386545
1362776250.0,-1.9953218265738144
1362778950.0,-1.8902265680939365
1362781650.0,-1.8120536779942142
1362784350.0,-1.7900690951477713
1362787050.0,-1.7280400096365156
1362789750.0,-1.675939374652529
1362792450.0,-1.6577013683473751
1362795150.0,-1.5824656211841557
1362797850.0,-1.6024692005073575
1362800550.0,-1.6043519875428274
1362803250.0,-1.664515818640382
1362805950.0,-1.7372287464996816
1362808650.0,-1.7269290203996377
1362811350.0,-1.7024022104327514
1362814050.0,-1.7259484053881806
1362816750.0,-1.7575778060669052
1362819450.0,-1.7788825297729147
1362822150.0,-1.7765469240422647
1362824850.0,-1.8299176212363477
1362827550.0,-1.7308587235486073
1362830250.0,-1.8379488230485777
1362832950.0,-1.9161754754554465
1362835650.0,-1.8943491749035104
1362838350.0,-1.9422678240018456
1362841050.0,-1.940391328183864
1362843750.0,-1.9989931304041875
1362846450.0,-1.9436718437684135
1362849150.0,-1.958391873269477
1362851850.0,-1.9561642297745436
1362854550.0,-1.9800509129596833
1362857250.0,1.2243388372461652
1362859950.0,1.7343376264905714
1362862650.0,-0.31476386943975854
1362865350.0,-1.9546930948357897
1362868050.0,-1.9248158399197735
1362870750.0,-1.9066320685870721
1362873450.0,-1.8658923859732113
1362876150.0,-1.8326416962968608
1362878850.0,-1.8179959628660356
1362881550.0,-1.707954869825926
1362884250.0,-1.645676113660528
1362886950.0,-1.6057426625770006
1362889650.0,-1.5500542430025916
1362892350.0,-1.6934001935958918
1362895050.0,-1.626984309388206
1362897750.0,-1.6754871223933776
1362900450.0,-1.6986301295421526
1362903150.0,-1.7211554168082728
1362905850.0,-1.7237800460619042
1362908550.0,-1.7507094973112203
1362911250.0,-1.8344676488703442
1362913950.0,-1.7774605222905393
1362916650.0,-1.8374932474285117
1362919350.0,-1.8299750531662653
1362922050.0,-1.824771455606367
1362924750.0,-1.8494570292965875
1362927450.0,-1.8423284664525852
1362930150.0,-1.8309116231578173
1362932850.0,-1.906384985944726
1362935550.0,-1.9039367295515888
1362938250.0,-1.8686212307950996
1362940950.0,-1.9168651852169205
1362943650.0,-1.9369908136116294
1362946350.0,-1.8893717274897028
1362949050.0,1.659371984840874
1362951750.0,-1.522293601485785
1362954450.0,-1.755143490222821
1362957150.0,-1.756270391797841
1362959850.0,-1.7235963383537865
1362962550.0,-1.7229702088641545
1362965250.0,-1.6597426234069985
1362967950.0,-1.6233007093883032
1362970650.0,-1.5512881839003967
1362973350.0,-1.5111839595016363
1362976050.0,-1.4265232756989121
1362978750.0,-1.5269387738712794
1362981450.0,-1.5139513609300366
1362984150.0,-1.5369647801391295
1362986850.0,-1.64757057648049
1362989550.0,-3.242672166284393
1362992250.0,-4.133721024788031
1362994950.0,-4.152773812418587
1362997650.0,-4.114042723876992
1363000350.0,-4.077945132177263
1363003050.0,-4.214403298191485
1363005750.0,-4.225220433066369
1363008450.0,-4.226800467276149
1363011150.0,-4.2331235920017605
1363013850.0,-4.220509822491124
1363016550.0,-4.201720269636439
1363019250.0,-4.294772098691965
1363021950.0,-4.155266630894545
1363024650.0,-4.11234420387305
1363027350.0,-4.113416617057027
1363030050.0,-4.0645157323407375
1363032750.0,-4.046455803518995
1363035450.0,-1.1800472018157961
1363038150.0,-2.6274990850652955
1363040850.0,-2.7903382049831578
1363043550.0,-2.832028368242959
1363046250.0,-2.8390861957419418
1363048950.0,-2.843902714727676
1363051650.0,-2.839058236350411
1363054350.0,-2.841450226732263
1363057050.0,-2.7372041483955627
1363059750.0,-2.716291136406113
1363062450.0,-2.6507064776575078
1363065150.0,-2.506453913254859
1363067850.0,-0.4318295066130986
1363070550.0,-0.3435064667721406
1363073250.0,-1.8692955760547818
1363075950.0,-2.5698990294277735
1363078650.0,-2.67965995239814
1363081350.0,-2.688761541816575
1363084050.0,-2.638526191698162
1363086750.0,-2.571893043840504
1363089450.0,-2.591272896244874
1363092150.0,-2.6637417243257744
1363094850.0,-2.6797315685016656
1363097550.0,-2.715048574752302
1363100250.0,-2.672115911660086
1363102950.0,-2.6877964976488613
1363105650.0,-2.700967228989896
1363108350.0,-2.6380341961378804
1363111050.0,-2.6058657652710906
1363113750.0,-2.5726015896653394
1363116450.0,-2.541361708338485
1363119150.0,-1.91077892329929
1363121850.0,-0.3192818154771828
1363124550.0,-2.240356926784102
1363127250.0,-2.355854343283795
1363129950.0,-2.4252297549991795
1363132650.0,-2.417588804238619
1363135350.0,-2.427755585054882
1363138050.0,-2.4125709394748185
1363140750.0,-2.3774138581488558
1363143450.0,-2.3757817111160477
1363146150.0,-2.389028233085014
1363148850.0,-2.330949646749417
1363151550.0,-2.349225596585427
1363154250.0,-1.9944805834129795
1363156950.0,-0.126916036463399
1363159650.0,-0.3965607775097908
1363162350.0,-2.109711135058859
1363165050.0,-2.331226792364248
1363167750.0,-2.384108714669395
1363170450.0,-2.338353627744425
1363173150.0,-2.3161077372581644
1363175850.0,-2.412883125481443
1363178550.0,-2.4888212382874713
1363181250.0,-2.474174643848926
1363183950.0,-2.480378176250838
1363186650.0,-2.4055861800971456
1363189350.0,-2.470007765983894
1363192050.0,-2.4350383462405887
1363194750.0,-2.4219040067235085
1363197450.0,-2.3696180474213975
1363200150.0,-2.3562303543275505
1363202850.0,-2.2912185639404186
1363205550.0,-2.313921017737755
1363208250.0,-0.01596788097728563
1363210950.0,0.2635762524622578
1363213650.0,-1.1314783893720062
1363216350.0,-2.2132216368923707
1363219050.0,-2.2784046115557146
1363221750.0,-2.3455210318830098
1363224450.0,-2.4368374887696405
1363227150.0,-2.327499223991879
1363229850.0,-2.3815127407792716
1363232550.0,-2.370527430594393
1363235250.0,-2.465816842980985
1363237950.0,-2.470556682657815
1363240650.0,-2.355430994453485
1363243350.0,-2.2293442539724424
1363246050.0,-0.8894339544262948
1363248750.0,-0.44315383377787043
1363251450.0,-0.48344566774594
1363254150.0,-2.4538038654899026
1363256850.0,-2.5459503059211386
1363259550.0,-2.5664015697986997
1363262250.0,-2.5893721721711813
1363264950.0,-2.672882435481995
1363267650.0,-2.6341555946310393
1363270350.0,-2.677858852495831
1363273050.0,-2.631204400516708
1363275750.0,-2.649388054212892
1363278450.0,-2.570381573027589
1363281150.0,-2.5799992103428337
1363283850.0,-2.5603723120583766
1363286550.0,-2.541015601505279
1363289250.0,-2.412783073339483
1363291950.0,-2.368838401876019
1363294650.0,-0.2988408718447033
1363297350.0,-0.021564137492958935
1363300050.0,-0.040711878480834685
1363302750.0,-0.424929370766165
1363305450.0,-2.4312572732377475
1363308150.0,-2.5132325680907286
1363310850.0,-2.602960053930616
1363313550.0,-2.5549810149263408
1363316250.0,-2.5712098581499845
1363318950.0,-2.5599608506364575
1363321650.0,-2.584073859201908
1363324350.0,-2.666880200851722
1363327050.0,-2.595464434225647
1363329750.0,-2.598800755632851
1363332450.0,-2.589007107729145
1363335150.0,-2.178832870028259
1363337850.0,-0.5561139966627024
1363340550.0,-0.4365784521801288
1363343250.0,-0.3500804816328582
1363345950.0,-0.40007449912914694
1363348650.0,-0.46659300944969573
1363351350.0,-0.5098508989894981
1363354050.0,-0.5379644551554179
1363356750.0,-0.5809451332859794
1363359450.0,-0.5490014029067538
1363362150.0,-0.5043309020821596
1363364850.0,-0.43183524389115746
1363367550.0,-0.5036255548733664
1363370250.0,-0.5069336309417452
1363372950.0,-0.46864098665054144
1363375650.0,-0.3876551195957063
1363378350.0,0.11670159467578856
1363381050.0,1.8289758100742688
1363383750.0,2.0469691355399107
1363386450.0,1.9909454416378196
1363389150.0,1.9390574120369024
1363391850.0,1.9359781985058362
1363394550.0,-1.1079442457980804
1363397250.0,-1.6778994901263502
1363399950.0,-1.8247481358702657
1363402650.0,-1.7690130740214443
1363405350.0,-1.8344269520242449
1363408050.0,-1.8258805856372078
1363410750.0,-1.849929607552042
1363413450.0,-1.8749011347588578
1363416150.0,-1.9279147516374167
1363418850.0,-1.9297337844709546
1363421550.0,-2.0868703518622738
1363424250.0,-1.2291963364758658
1363426950.0,-0.8968124856253326
1363429650.0,-1.8975707318232082
1363432350.0,-1.8998428721670564
1363435050.0,-1.9503104314768507
1363437750.0,-2.011102139556783
1363440450.0,-2.076023094074344
1363443150.0,-2.0969856200128163
1363445850.0,-2.067194083557922
1363448550.0,-2.0769351219643397
1363451250.0,-2.011590831451116
1363453950.0,-1.9850740948863859
1363456650.0,-1.9876094630863292
1363459350.0,-1.8931031813929735
1363462050.0,-1.7966155744495893
1363464750.0,-1.7426836337305645
1363467450.0,-1.223847755651974
1363470150.0,0.4809986504367032
1363472850.0,0.6942122901946561
1363475550.0,0.6862011949106943
1363478250.0,0.4028795788129571
1363480950.0,-1.7673924221612083
1363483650.0,-1.9252836995049734
1363486350.0,-1.9476223746636663
1363489050.0,-1.9381632875576429
1363491750.0,-2.000357441378384
1363494450.0,-2.162052590814966
1363497150.0,-2.1259406098080547
1363499850.0,-2.1092296647173328
1363502550.0,-2.1864764889515698
1363505250.0,-2.2387564573780026
1363507950.0,-2.4079914584832807
1363510650.0,-2.5385220850729695
1363513350.0,-2.599233525986193
1363516050.0,-2.129751313735369
1363518750.0,-0.6565820554324375
1363521450.0,-2.294657140623457
1363524150.0,-2.3888610861754387
1363526850.0,-2.3728548428563556
1363529550.0,-2.4521160797074515
1363532250.0,-2.3891027197710457
1363534950.0,-2.4918282126479596
1363537650.0,-2.4028701807356754
1363540350.0,-2.433818201934031
1363543050.0,-2.3728641375465997
1363545750.0,-2.31339155048272
1363548450.0,-2.255244949040133
1363551150.0,-2.2374562617303866
1363553850.0,-2.144964179307607
1363556550.0,-1.8837185335347613
1363559250.0,-1.7098830884647498
1363561950.0,-0.7401493784958006
1363564650.0,0.40133395758246593
1363567350.0,0.32654576361849763
1363570050.0,0.22536971464046474
1363572750.0,0.3316272054450735
1363575450.0,0.2748429862945727
1363578150.0,0.24085429872843633
1363580850.0,0.04374046369773055
1363583550.0,-0.06080806405546468
1363586250.0,-0.11224393909611763
1363588950.0,-0.19526869394616142
1363591650.0,-2.7252162898664665
1363594350.0,-3.27293200037289
1363597050.0,-3.321464357215433
1363599750.0,-3.3525694959057546
1363602450.0,-3.3289567584914153
1363605150.0,-3.29389000137499
1363607850.0,-3.3481191075782704
1363610550.0,-3.2954143940046094
1363613250.0,-3.2255314314418797
1363615950.0,-3.2356180681464366
1363618650.0,-3.2038840538222644
1363621350.0,-3.198102103019778
1363624050.0,-3.1581427481606
1363626750.0,-3.202396790444368
1363629450.0,-3.165126119950969
1363632150.0,-3.1783390995870207
1363634850.0,-3.0313129383654314
1363637550.0,-2.986761530022875
1363640250.0,-0.05125952459579253
1363642950.0,0.588365904996607
1363645650.0,0.6107782674121438
1363648350.0,0.6612206637850022
1363651050.0,0.6898560794998048
1363653750.0,0.6157391901421363
1363656450.0,0.546963084406741
1363659150.0,-1.9127680889983196
1363661850.0,-2.4188942509353524
1363664550.0,-2.4517874102385235
1363667250.0,-2.5334100134448363
1363669950.0,-2.5638113566636207
1363672650.0,-2.5743484381879114
1363675350.0,-2.64067842305829
1363678050.0,-2.7162531204758125
1363680750.0,-2.797924859519668
1363683450.0,-2.8423558165645204
1363686150.0,-2.8658243121501243
1363688850.0,-2.909624349196065
1363691550.0,-3.1586486420388553
1363694250.0,-4.488763101755779
1363696950.0,-3.039314366289915
1363699650.0,-2.452448414210977
1363702350.0,-2.446196390743438
1363705050.0,-2.4106969642666343
1363707750.0,-2.4086997639678884
1363710450.0,-2.306550399191366
1363713150.0,-2.3185454865169675
1363715850.0,-2.386326282243857
1363718550.0,-2.3022556062830972
1363721250.0,-2.280384839432429
1363723950.0,-2.203544491529641
1363726650.0,-2.0603597044774062
1363729350.0,-1.9681535799446692
1363732050.0,-1.7911005269868099
1363734750.0,-1.5393431976806937
1363737450.0,0.3226991610334835
1363740150.0,0.5645643591768419
1363742850.0,0.6340548271423359
1363745550.0,0.6169968821371015
1363748250.0,0.5869711583380024
1363750950.0,0.5328495441355585
1363753650.0,0.4289934789719041
1363756350.0,0.40778296793610025
1363759050.0,0.3685490801787523
1363761750.0,0.3060272898294727
1363764450.0,0.1762335298503217
1363767150.0,0.011701728497541808
1363769850.0,-2.836855239509106
1363772550.0,-3.131963324909634
1363775250.0,-3.086692404092389
1363777950.0,-3.149510429990329
1363780650.0,-3.200406686675251
1363783350.0,-3.2228977205963645
1363786050.0,-3.2510190163872608
1363788750.0,-3.235823018748704
1363791450.0,-3.193031894689284
1363794150.0,-3.138628250603233
1363796850.0,-3.080084824909477
1363799550.0,-3.045200637575249
1363802250.0,-3.0320087180597
1363804950.0,-2.8979328234236164
1363807650.0,-2.8045791877842987
1363810350.0,-0.7881950933154087
1363813050.0,0.2927827691841287
1363815750.0,0.38756600851601775
1363818450.0,0.4250331717084066
1363821150.0,0.36472656424624006
1363823850.0,0.3821199366265091
1363826550.0,0.1830155146766117
1363829250.0,-1.9580852325387639
1363831950.0,-2.325875679313981
1363834650.0,-2.342043801840589
1363837350.0,-2.274909039071673
1363840050.0,-2.3546871560565705
1363842750.0,-2.3495280170797344
1363845450.0,-2.363362202589059
1363848150.0,-2.3313631152740584
1363850850.0,-2.371825768561564
1363853550.0,-2.4409997198958138
1363856250.0,-2.4599950701306454
1363858950.0,-2.612797795258757
1363861650.0,-2.5760386741875436
1363864350.0,-2.6796054134235305
1363867050.0,-2.8464582305792305
1363869750.0,-3.9640873521927347
1363872450.0,-4.871185337710472
1363875150.0,-4.950648346924908
1363877850.0,-4.895445164474751
1363880550.0,-4.852023167721967
1363883250.0,-4.790808430425159
1363885950.0,-1.873137400046204
1363888650.0,-1.4904337098915335
1363891350.0,-1.462049006586227
1363894050.0,-1.405760922500832
1363896750.0,-1.346062742979342
1363899450.0,-1.349129313969911
1363902150.0,-1.3007509342804724
1363904850.0,-1.245867186065567
1363907550.0,-1.2648996060335946
1363910250.0,-1.2143771612809644
1363912950.0,-1.2040100046045836
1363915650.0,-1.0659322582617392
1363918350.0,-0.9593444869395853
1363921050.0,-0.9381770900764366
1363923750.0,-0.8600457100427548
1363926450.0,-0.9395573745697448
1363929150.0,-0.9125909531378227
1363931850.0,-0.5040574385893137
1363934550.0,1.2762962157926552
1363937250.0,1.3481699215237768
1363939950.0,1.2482642572370253
1363942650.0,1.2756781315074193
1363945350.0,1.2290954337089488
1363948050.0,0.2530815272980078
1363950750.0,-2.069934307132371
1363953450.0,-2.13841270341905
1363956150.0,-2.1919833940901015
1363958850.0,-2.2438979525416585
1363961550.0,-2.31263809601802
1363964250.0,-2.1957311692859776
1363966950.0,-2.3413942997220545
1363969650.0,-2.216338633811972
1363972350.0,-2.2134897969339704
1363975050.0,-2.2096432506356507
1363977750.0,-2.052304405476576
1363980450.0,-0.13482578435832693
1363983150.0,0.33603371861991604
1363985850.0,0.3927565540177227
1363988550.0,0.3872110995367848
1363991250.0,-1.1673280750673882
1363993950.0,-2.012085051590816
1363996650.0,-2.045867455054349
1363999350.0,-2.0493090395217735
1364002050.0,-2.0717501666080125
1364004750.0,-1.9818504383296727
1364007450.0,-1.9719217334186965
1364010150.0,-1.9166496114789595
1364012850.0,-1.946122815348673
1364015550.0,-1.91875792518195
1364018250.0,-1.8427046886999108
1364020950.0,-1.8419949980275305
1364023650.0,-1.8985121324074896
1364026350.0,-1.9752784336494074
1364029050.0,-1.9670923995743692
1364031750.0,-1.9298936173965728
1364034450.0,-1.882980819425626
1364037150.0,-1.98311609754262
1364039850.0,-1.9736323894996133
1364042550.0,-2.0818129952957065
1364045250.0,-2.175275898366692
1364047950.0,-2.192854403482613
1364050650.0,-2.2027513916196426
1364053350.0,-2.2351213636437706
1364056050.0,-2.204766396987168
1364058750.0,-2.255786456266918
1364061450.0,-2.2489898999809554
1364064150.0,1.1294961612842371
1364066850.0,1.4075950891808304
1364069550.0,1.453740627208191
1364072250.0,1.4297810248115184
1364074950.0,1.3656205553769212
1364077650.0,-1.1097964793977155
1364080350.0,-1.9247675299254183
1364083050.0,-2.0122887325860574
1364085750.0,-1.9297771033231186
1364088450.0,-1.9379627470235903
1364091150.0,-1.8868925032017216
1364093850.0,-1.8187358870011394
1364096550.0,-1.8147925568574408
1364099250.0,-1.8037250368482205
1364101950.0,-1.7566168067065462
1364104650.0,-1.7064839963289558
1364107350.0,-1.7606431872587223
1364110050.0,-1.7310884868439018
1364112750.0,-1.809448403466888
1364115450.0,-1.8228819174028388
1364118150.0,-1.7815417358386014
1364120850.0,-1.6961174421592204
1364123550.0,-1.748287099124667
1364126250.0,-1.7397166732557423
1364128950.0,-1.8481269070648523
1364131650.0,-1.8896450196405397
1364134350.0,-1.892244491080362
1364137050.0,-1.9808030463710224
1364139750.0,-1.98903744387448
1364142450.0,-1.961859628142264
1364145150.0,-2.0185316358069088
1364147850.0,-1.998887897895088
1364150550.0,-1.9056845011726864
1364153250.0,1.676579071347902
1364155950.0,1.7558811052151668
1364158650.0,-1.3834754278073262
1364161350.0,-1.5536417904389168
1364164050.0,-1.606936821536408
1364166750.0,-1.619631397344591
1364169450.0,-1.6267007518393939
1364172150.0,-1.6183577919829304
1364174850.0,-1.6049900724956387
1364177550.0,-1.6139053524999838
1364180250.0,-1.5739309113757258
1364182950.0,-1.6023652486901483
1364185650.0,-1.5961091862230603
1364188350.0,-1.5560686265479546
1364191050.0,-1.5484189517402172
1364193750.0,-1.5640091904630253
1364196450.0,-1.5322263375029195
1364199150.0,-1.5103370801901406
1364201850.0,-1.5162519217496708
1364204550.0,-1.4739206106611107
1364207250.0,-1.4039473989097644
1364209950.0,-1.4564770535471894
1364212650.0,-1.3818793607382247
1364215350.0,-1.39883199392321
1364218050.0,-1.4751652270716136
1364220750.0,-1.518746038095145
1364223450.0,-1.5622604279292034
1364226150.0,-1.5433467472584539
1364228850.0,-1.6214095045818055
1364231550.0,-1.6567079534115692
1364234250.0,-1.5742289007865224
1364236950.0,-1.5100926433680684
1364239650.0,1.6989515795763168
1364242350.0,2.1386521293678697
1364245050.0,-1.135410847892416
1364247750.0,-1.2989380270704203
1364250450.0,-1.402209306367979
1364253150.0,-1.4573324861554227
1364255850.0,-1.476710250335401
1364258550.0,-1.5520618843657417
1364261250.0,-1.449998017844905
1364263950.0,-1.4586038934204453
1364266650.0,-1.482562328917851
1364269350.0,-1.4968791847415162
1364272050.0,-1.5826443243098822
1364274750.0,-1.5092427093620984
1364277450.0,-1.561707797513094
1364280150.0,-1.526799529435408
1364282850.0,-1.4207775054704257
1364285550.0,1.0856464986040635
1364288250.0,1.2053078986715775
1364290950.0,1.2183804036890251
1364293650.0,1.237652063280592
1364296350.0,1.2168153618393092
1364299050.0,1.3371683706226918
1364301750.0,1.2938547557826041
1364304450.0,1.3139109532817201
1364307150.0,1.3110396114311982
1364309850.0,1.2924347909048777
1364312550.0,1.244341084854284
1364315250.0,1.1618271882020395
1364317950.0,1.0972323185067125
1364320650.0,1.1516878792492946
1364323350.0,1.127060517779654
1364326050.0,1.1803271468879188
1364328750.0,3.396579371564286
1364331450.0,3.5745497438807377
1364334150.0,0.04453157807859043
1364336850.0,-0.10560847003014828
1364339550.0,-0.09701891782049188
1364342250.0,-0.1487477650073572
1364344950.0,-0.19758401240633816
1364347650.0,-0.22022518115963408
1364350350.0,-0.1813431777180483
1364353050.0,-0.26553889084595994
1364355750.0,-0.2308801827537934
1364358450.0,-0.4072502117191732
1364361150.0,-0.4100401299992882
1364363850.0,-0.461896586623709
1364366550.0,-0.4881212271816082
1364369250.0,-0.4818575552538391
1364371950.0,-0.5569239130670383
1364374650.0,1.0245521689932104
1364377350.0,1.9945745874897796
1364380050.0,-0.13947826324874768
1364382750.0,-0.5027053946651563
1364385450.0,-0.4447556341645793
1364388150.0,-0.5486702568239252
1364390850.0,-0.4683355659416293
1364393550.0,-0.4697421031306419
1364396250.0,-0.498105534612165
1364398950.0,-0.5337128512394145
1364401650.0,-0.5340447183070296
1364404350.0,-0.5333418022698595
1364407050.0,-0.5578308814599495
1364409750.0,-0.5784969502269917
1364412450.0,-0.5138384220290106
1364415150.0,-0.566642696907337
1364417850.0,-0.14043879068802312
1364420550.0,1.7630026700941528
1364423250.0,1.8395568989983246
1364425950.0,0.07848501197310043
1364428650.0,-0.585937732293786
1364431350.0,-0.6642686264207782
1364434050.0,-0.6417824893116517
1364436750.0,-0.5814696200557137
1364439450.0,-0.5863831401738082
1364442150.0,-0.6544048496702715
1364444850.0,-0.7590715137149573
1364447550.0,-0.7450499187210937
1364450250.0,-0.811163127517716
1364452950.0,-0.8584436118528345
1364455650.0,-0.8977726051713262
1364458350.0,-0.9463534525523869
1364461050.0,-0.9366158654952983
1364463750.0,-0.903642469120399
1364466450.0,-0.6406834053613579
1364469150.0,1.2771509273026425
1364471850.0,1.627055689582022
1364474550.0,1.678217262219107
1364477250.0,1.7030383650139527
1364479950.0,1.67013851346303
1364482650.0,1.6259126732245477
1364485350.0,1.6333647444397457
1364488050.0,1.5799547046518114
1364490750.0,1.5797848789892157
1364493450.0,1.6010113390277638
1364496150.0,1.5970834544356762
1364498850.0,1.6205975214103603
1364501550.0,1.565557784296999
1364504250.0,1.6407790012451642
1364506950.0,1.6803266700340203
1364509650.0,1.9653992201227766
1364512350.0,0.8540700270856689
1364515050.0,0.35843422076624165
1364517750.0,0.32110566987944367
1364520450.0,0.48206575146562614
1364523150.0,0.45816705750806364
1364525850.0,0.5236424240752626
1364528550.0,0.40966771888173525
1364531250.0,0.2821942534533832
1364533950.0,0.21784496002570108
1364536650.0,0.08572884982419282
1364539350.0,-0.07540804809914903
1364542050.0,-0.24970591579631218
1364544750.0,-0.3242893440791761
1364547450.0,-0.4360102269193078
1364550150.0,-2.462417533787942
1364552850.0,-2.8150450374541833
1364555550.0,-2.83103959119191
1364558250.0,-2.776584783225587
1364560950.0,-2.4424535379407075
1364563650.0,-2.5286852121562617
1364566350.0,-2.518368158140646
1364569050.0,-2.5303878840245773
1364571750.0,-2.5535165904590826
1364574450.0,-2.5601645584301878
1364577150.0,-2.6152059655989035
1364579850.0,-2.558513795599879
1364582550.0,-2.4844695802221963
1364585250.0,-2.489713500796313
1364587950.0,-2.413587515609322
1364590650.0,-2.341561526030773
1364593350.0,0.7597173226490668
1364596050.0,1.1715409582504037
1364598750.0,1.259167776084837
1364601450.0,-0.7676162365956714
1364604150.0,-1.2529692125746692
1364606850.0,-1.329011401865671
1364609550.0,-1.373864307174074
1364612250.0,-1.2971791122580782
1364614950.0,-1.3379121879530658
1364617650.0,-1.4503202496140375
1364620350.0,-1.4911009518342837
1364623050.0,-1.5049214801381652
1364625750.0,-1.620157515145678
1364628450.0,-1.6933668521981247
1364631150.0,-1.8312702159368541
1364633850.0,-1.9883480327353027
1364636550.0,-2.251995556365216
1364639250.0,-2.0987957431379414
1364641950.0,-1.5584547237243669
1364644650.0,-1.3301673506639702
1364647350.0,-1.2885158567943904
1364650050.0,-1.3578796854404231
1364652750.0,-1.3247339303019885
1364655450.0,-1.3702885150636916
1364658150.0,-1.3802235428360348
1364660850.0,-1.3570653467271825
1364663550.0,-1.3867811616073595
1364666250.0,-1.381758076436796
1364668950.0,-1.331010691754983
1364671650.0,-1.3285617797612588
1364674350.0,-1.2429177654036891
1364677050.0,-1.192556960397411
1364679750.0,-1.184925359292123
1364682450.0,-1.080827695370374
1364685150.0,-0.7724632263613387
1364687850.0,1.1932679681889908
1364690550.0,1.2812768578253895
1364693250.0,1.27400788146835
1364695950.0,1.22611373103598
1364698650.0,1.1112256282820567
1364701350.0,-1.0619943068575708
1364704050.0,-1.6397696377268574
1364706750.0,-1.681531102499008
1364709450.0,-1.6869225040593392
1364712150.0,-1.7042771088828204
1364714850.0,-1.8049250889397115
1364717550.0,-1.8718874862958046
1364720250.0,-2.0390769644266697
1364722950.0,-1.9962501953237108
1364725650.0,-2.0085542810869583
1364728350.0,-2.0922643323227987
1364731050.0,-1.9758310229376264
1364733750.0,-1.9003519327145284
1364736450.0,-1.8865510551993907
1364739150.0,-1.873030890400912
1364741850.0,-1.8454565728975183
1364744550.0,-1.8059095458271202
1364747250.0,-1.816291915420095
1364749950.0,-1.8258473558370554
1364752650.0,-1.8357403282724079
1364755350.0,-1.7774902473087764
1364758050.0,-1.6791440337311485
1364760750.0,-1.4978069236326519
1364763450.0,1.548288227357773
1364766150.0,1.6287419804745582
1364768850.0,1.61414130082332
1364771550.0,1.5719636989975356
1364774250.0,-0.5837388056768873
1364776950.0,-1.4887708734421778
1364779650.0,-1.499411158521184
1364782350.0,-1.4742297733068028
1364785050.0,-1.40199159088408
1364787750.0,-1.5241142813483748
1364790450.0,-1.502457505276709
1364793150.0,-1.5261009144262516
1364795850.0,-1.5676917386578566
1364798550.0,-1.580719317103899
1364801250.0,-1.7563328905405342
1364803950.0,-2.1921689242587092
1364806650.0,-3.8401343327373922
1364809350.0,-4.0229204611789555
1364812050.0,-4.031367901953416
1364814750.0,-2.7808283943173535
1364817450.0,-1.4063833483141082
1364820150.0,-1.3031166364014553
1364822850.0,-1.2480211082717574
1364825550.0,-1.2832921513062274
1364828250.0,-1.3311713248678245
1364830950.0,-1.299914669190258
1364833650.0,-1.3353110047468135
1364836350.0,-1.2650220578564983
1364839050.0,-1.2147425145302009
1364841750.0,-1.100085150887594
1364844450.0,-0.9882592242984458
1364847150.0,-0.9094438104335438
1364849850.0,-0.7616340078761255
1364852550.0,-0.7430404356611291
1364855250.0,-2.531332799913656
1364857950.0,-3.0616533105443864
1364860650.0,-3.1871112191073223
1364863350.0,-3.1424800784655815
1364866050.0,-3.1364514159000976
1364868750.0,-3.1163202612877967
1364871450.0,-3.022754673116509
1364874150.0,-3.0299215809567954
1364876850.0,-3.0527829587573194
1364879550.0,-2.9918362696381564
1364882250.0,-2.969979670957315
1364884950.0,-3.027346660864083
1364887650.0,-3.111645985664154
1364890350.0,-3.1778424521241675
1364893050.0,-3.627558591202302
1364895750.0,-5.304482414748406
1364898450.0,-5.72608499653137
1364901150.0,-5.658359517555311
1364903850.0,-5.601721266457389
1364906550.0,-5.752953258804553
1364909250.0,-5.771647543021174
1364911950.0,-5.696665119692597
1364914650.0,-5.727662320525354
1364917350.0,-5.645911317088348
1364920050.0,-5.580343317119258
1364922750.0,-4.925558790110216
1364925450.0,-1.6431925957600981
1364928150.0,-1.4683398071203726
1364930850.0,-1.4155184996248238
1364933550.0,-1.3599644641435304
1364936250.0,-1.3401760655333987
1364938950.0,-1.5153134590541697
1364941650.0,-3.4051377958980993
1364944350.0,-3.6068823945832946
1364947050.0,-3.589014637539634
1364949750.0,-3.61317962980371
1364952450.0,-3.559533805581907
1364955150.0,-3.5879890181713563
1364957850.0,-3.505177084295468
1364960550.0,-3.4834634429657854
1364963250.0,-3.5284634728681112
1364965950.0,-3.4749252406561766
1364968650.0,-3.505291053717059
1364971350.0,-3.5459260647237727
1364974050.0,-3.6130350372707483
1364976750.0,-3.6439267051999025
1364979450.0,-3.709111335478724
1364982150.0,-4.060526274410165
1364984850.0,-5.811642210566788
1364987550.0,-6.1251077669119525
1364990250.0,-6.0553452011208435
1364992950.0,-6.141739865938547
1364995650.0,-6.126996917792127
1364998350.0,-6.078049585367864
1365001050.0,-6.124352359061845
1365003750.0,-5.98968927507164
1365006450.0,-2.615676288560735
1365009150.0,-2.458604553436601
1365011850.0,-2.3347243850407438
1365014550.0,-2.267133183033593
1365017250.0,-2.246449947052639
1365019950.0,-2.1642060099316893
1365022650.0,-2.051089809765415
1365025350.0,-2.0194635542317485
1365028050.0,-2.2853959941842845
1365030750.0,-4.026750405127871
1365033450.0,-4.1858288086131665
1365036150.0,-4.228431708294295
1365038850.0,-4.166637523313511
1365041550.0,-4.105569453726616
1365044250.0,-4.087739482468692
1365046950.0,-4.106836799106702
1365049650.0,-4.14318315963007
1365052350.0,-4.092908655949742
1365055050.0,-4.115711951513902
1365057750.0,-4.12749084701511
1365060450.0,-4.16973400432974
1365063150.0,-4.20143370760465
1365065850.0,-4.255987479165839
1365068550.0,-4.20314413656925
1365071250.0,-4.26535766125852
1365073950.0,-4.427905711729693
1365076650.0,-4.618336556865813
1365079350.0,-6.65683741476488
1365082050.0,-6.742737519972792
1365084750.0,-6.805116338745393
1365087450.0,-6.785215181339936
1365090150.0,-6.71318330154898
1365092850.0,-3.317414779044725
1365095550.0,-3.111678488209691
1365098250.0,-3.028419068990388
1365100950.0,-2.9767101763470123
1365103650.0,-2.979780654709657
1365106350.0,-2.8179610984344095
1365109050.0,-2.7532454619012583
1365111750.0,-2.5810246169750144
1365114450.0,-2.4744862718258958
1365117150.0,-2.489192017582809
1365119850.0,-2.6059760981379156
1365122550.0,-1.2973479706470528
1365125250.0,-2.198347260392069
1365127950.0,-2.2749986823325514
1365130650.0,-2.3500779213455587
1365133350.0,-2.327245480000954
1365136050.0,-2.246453296474897
1365138750.0,-2.2605450816221833
1365141450.0,-2.3391653629845734
1365144150.0,-2.3167196170176396
1365146850.0,-2.328256695765276
1365149550.0,-2.3826785092097396
1365152250.0,-2.4319472549630063
1365154950.0,-2.358831261801271
1365157650.0,-2.4810792608778343
1365160350.0,-2.5007101459327146
1365163050.0,-2.2453278997352015
1365165750.0,-2.4422546516087777
1365168450.0,-2.509269942153338
1365171150.0,-2.546789760580367
1365173850.0,-2.5908308664811557
1365176550.0,-2.5870137743067403
1365179250.0,-2.375709387541008
1365181950.0,-0.06998763624568483
1365184650.0,0.10474919542267003
1365187350.0,0.16853002852835175
1365190050.0,0.1831191809461643
1365192750.0,0.23666287502504701
1365195450.0,0.26276126197066674
1365198150.0,0.30164639243892566
1365200850.0,-2.5700412434886175
1365203550.0,-2.8705853325371606
1365206250.0,-2.830420897967059
1365208950.0,-2.7285600261101592
1365211650.0,-2.6700400791939387
1365214350.0,-2.6732913845813187
1365217050.0,-0.5339214466968372
1365219750.0,-0.46600612047100753
1365222450.0,-0.39742476768691404
1365225150.0,-0.34809150425303415
1365227850.0,-0.3524827350349824
1365230550.0,-0.3633080131035342
1365233250.0,-0.45620134872137896
1365235950.0,-0.47141667802023335
1365238650.0,-0.5229934285495119
1365241350.0,-0.527740915970071
1365244050.0,-0.6264745394603892
1365246750.0,-0.6253895177333959
1365249450.0,-0.42829324273009206
1365252150.0,-0.5796857832206967
1365254850.0,-0.5963575731213382
1365257550.0,-0.6292301180123161
1365260250.0,-0.7934917898369918
1365262950.0,-0.8040987394371371
1365265650.0,-0.9138710177285816
1365268350.0,-0.9420374723227667
1365271050.0,-0.9775411487347583
1365273750.0,-3.4279452499452816
1365276450.0,-1.5015434063770385
1365279150.0,-1.275018708808517
1365281850.0,-1.1733902735104778
1365284550.0,-1.1856244324863212
1365287250.0,-1.1018216103983036
1365289950.0,-1.0369706341865026
1365292650.0,-1.0246921373554585
1365295350.0,-0.9152840696400517
1365298050.0,-0.7903815165644517
1365300750.0,-0.748877996755624
1365303450.0,-0.5784990355041373
1365306150.0,-0.7121042113258511
1365308850.0,-0.702544467854608
1365311550.0,-0.7267354267674477
1365314250.0,-0.7588512272135688
1365316950.0,-0.7764710662551124
1365319650.0,-0.851604135260942
1365322350.0,-0.7852085683303471
1365325050.0,-0.9047869508227109
1365327750.0,-0.9144250156214468
1365330450.0,-0.9492705524099563
1365333150.0,-0.9454541626522825
1365335850.0,-0.8510235504129469
1365338550.0,-0.845871151420738
1365341250.0,-0.8490778868585664
1365343950.0,-0.8749779737406413
1365346650.0,-0.9231615416104262
1365349350.0,-0.9315874237693151
1365352050.0,-0.9737052074029577
1365354750.0,-1.0450868668418423
1365357450.0,-0.9904341116656497
1365360150.0,-0.9882577482816259
1365362850.0,0.5029103545919611
1365365550.0,-1.1385705393723526
1365368250.0,-1.20635249264231
1365370950.0,-1.1594883075807445
1365373650.0,-1.1292942178058354
1365376350.0,-1.0836641797240816
1365379050.0,-1.1122586161301342
1365381750.0,-0.9565441581147525
1365384450.0,-0.8581955310067144
1365387150.0,-0.697852259576166
1365389850.0,-0.5743397092062423
1365392550.0,0.9240045425914332
1365395250.0,1.4683082841691828
1365397950.0,1.4855402963927986
1365400650.0,1.4450329183571
1365403350.0,1.4947063980838209
1365406050.0,1.3857303160112622
1365408750.0,1.3982142960714157
1365411450.0,1.2920139838241766
1365414150.0,1.3407083279656717
1365416850.0,1.269267649590148
1365419550.0,1.1601024593070974
1365422250.0,1.31961833759172
1365424950.0,1.2859104382145858
1365427650.0,1.3090246704848596
1365430350.0,1.292840906894071
1365433050.0,1.2939218587137589
1365435750.0,1.2760613387578132
1365438450.0,1.2387540304640652
1365441150.0,1.2428395463159063
1365443850.0,1.2344488667089877
1365446550.0,1.190191309035896
1365449250.0,0.21151265352918358
1365451950.0,0.1302415392637215
1365454650.0,0.10038464165768346
1365457350.0,0.1360805654329056
1365460050.0,0.13934435796150524
1365462750.0,0.09644107904429688
1365465450.0,-0.012104075898434985
1365468150.0,0.024250320656051372
1365470850.0,0.059840320938548075
1365473550.0,0.18690070755738475
1365476250.0,0.269027973868873
1365478950.0,0.3106056818340619
1365481650.0,0.35369332026911593
1365484350.0,0.038791690519104804
1365487050.0,-1.9469672717823983
1365489750.0,-1.9699034141970344
1365492450.0,-0.5897348021823348
1365495150.0,-0.016630766654117224
1365497850.0,-0.03183492639570318
1365500550.0,0.013729013184132555
1365503250.0,-0.05892103859406461
1365505950.0,-0.06958314755263473
1365508650.0,0.2241148528651422
1365511350.0,0.03933209587657416
1365514050.0,0.05211058098399235
1365516750.0,0.08227743298715495
1365519450.0,0.03041380310313002
1365522150.0,0.009317762447182076
1365524850.0,-0.00894384978730045
1365527550.0,0.057948264444263486
1365530250.0,0.04271282820084821
1365532950.0,0.028804565516907132
1365535650.0,-0.5359510517749015
1365538350.0,-2.5213742185592594
1365541050.0,-2.3201680363571597
1365543750.0,-0.46726389260152246
1365546450.0,-0.3358220613925482
1365549150.0,-0.4275243017186767
1365551850.0,-0.417777824451548
1365554550.0,-0.43061322005215175
1365557250.0,-0.49298497351017545
1365559950.0,-0.36878246888394983
1365562650.0,-0.3263249164667741
1365565350.0,-0.36780709857336547
1365568050.0,-0.348511754092101
1365570750.0,-0.29820822990478746
1365573450.0,-0.3210616941798605
1365576150.0,-0.38444843954709995
1365578850.0,-2.164225060235424
1365581550.0,-2.829255340686217
1365584250.0,-2.8705864845493068
1365586950.0,-2.9014775520629428
1365589650.0,-2.960855673609416
1365592350.0,-2.939982548954731
1365595050.0,-2.720024943856089
1365597750.0,-2.78035045881785
1365600450.0,-2.750600500763653
1365603150.0,-2.8311844455113544
1365605850.0,-2.876357466309372
1365608550.0,-2.8500722654971753
1365611250.0,-2.852446708692213
1365613950.0,-2.7901586950293336
1365616650.0,-2.7055417212381485
1365619350.0,-2.3614012893060305
1365622050.0,0.6479052639474503
1365624750.0,0.628289650492377
1365627450.0,-1.5253374293882587
1365630150.0,-1.6677166105620813
1365632850.0,-1.7301193170813178
1365635550.0,-1.7721398775291846
1365638250.0,-1.79554301750548
1365640950.0,-1.819106400613947
1365643650.0,-1.8305043107276333
1365646350.0,-1.7388256244589968
1365649050.0,-1.8034782698599656
1365651750.0,-1.7827857533742986
1365654450.0,-1.7409747862633935
1365657150.0,-1.6930923243083384
1365659850.0,-1.5165456439007983
1365662550.0,0.6180280141585399
1365665250.0,0.7599117120348637
1365667950.0,0.5012600330880161
1365670650.0,-1.3996259976745193
1365673350.0,-1.7576320230547822
1365676050.0,-1.8457901300709807
1365678750.0,-1.7952642714670617
1365681450.0,-1.668668141086897
1365684150.0,-1.7679893060583822
1365686850.0,-1.7687962759416678
1365689550.0,-1.7696451708633276
1365692250.0,-1.794867662774493
1365694950.0,-1.792507993709762
1365697650.0,-1.7581645666488157
1365700350.0,-1.7583250162782065
1365703050.0,-1.7000234421469713
1365705750.0,-1.5771515618462786
1365708450.0,0.5170053979613556
1365711150.0,0.8808828984268757
1365713850.0,0.8810619378188562
1365716550.0,-0.9698565583879031
1365719250.0,-1.5146898987424322
1365721950.0,-1.6501967699848024
1365724650.0,-1.6453917740308555
1365727350.0,-1.6728286724164718
1365730050.0,-1.654132659323949
1365732750.0,-1.521966211908591
1365735450.0,-1.6812929789340103
1365738150.0,-1.6254935081181543
1365740850.0,-1.712286729747376
1365743550.0,-1.720823682976146
1365746250.0,-1.697960914639566
1365748950.0,-1.7379027931893347
1365751650.0,-1.727189624739026
1365754350.0,-1.4090971044516039
1365757050.0,0.4332595941006616
1365759750.0,0.2544629255892801
1365762450.0,-1.6380137806985715
1365765150.0,-1.727060000868903
1365767850.0,-1.7200239059847888
1365770550.0,-1.6776409984148586
1365773250.0,-1.699159123495889
1365775950.0,-1.7226806345777845
1365778650.0,-1.7695890616446945
1365781350.0,-1.7344679142315442
1365784050.0,-1.733562849413886
1365786750.0,-1.7495661555236381
1365789450.0,-1.628920847176147
1365792150.0,-1.562794169277339
1365794850.0,-1.1246131617163257
1365797550.0,0.5156226307907161
1365800250.0,0.6489839393476302
1365802950.0,0.6705405367121102
1365805650.0,0.23027146066402793
1365808350.0,-1.6363045961356875
1365811050.0,-1.7571132468663393
1365813750.0,-1.780461656033708
1365816450.0,-1.831244175209548
1365819150.0,-1.7321760927958962
1365821850.0,-1.7377740036234002
1365824550.0,-1.8007342653768035
1365827250.0,-1.767190611590678
1365829950.0,-1.8359477176537098
1365832650.0,-1.8768309962346166
1365835350.0,-1.8882054029811286
1365838050.0,-1.884768752077946
1365840750.0,-1.9944003052682433
1365843450.0,-1.896291277265874
1365846150.0,-0.8879906282279819
1365848850.0,0.19656702066268394
1365851550.0,0.24513926493324334
1365854250.0,0.2875711635807363
1365856950.0,0.39781017053223877
1365859650.0,0.35944787408240586
1365862350.0,0.2994215568857328
1365865050.0,0.2615751268192241
1365867750.0,0.2797224543301695
1365870450.0,0.2333630604913992
1365873150.0,0.3476832305740629
1365875850.0,0.3910450032182382
1365878550.0,0.4590916840267596
1365881250.0,0.6038048751805434
1365883950.0,0.9326921549188398
1365886650.0,1.0219287138595234
1365889350.0,2.798626293515156
1365892050.0,1.6793609154155433
1365894750.0,-0.6271357836308198
1365897450.0,-0.7780672422573787
1365900150.0,-0.7617607644862971
1365902850.0,-0.8161886341951856
1365905550.0,-0.7603187557318449
1365908250.0,-0.7678519803291124
1365910950.0,-0.859030330635477
1365913650.0,-0.8087686096273217
1365916350.0,-0.8866957504307038
1365919050.0,-0.9048403421663238
1365921750.0,-0.9952114671429797
1365924450.0,-1.0277157423849417
1365927150.0,-1.0628946483599577
1365929850.0,-1.2872969606025038
1365932550.0,-3.3524696757708057
1365935250.0,-3.6504788913122184
1365937950.0,-3.651067786109138
1365940650.0,-3.5335555182210214
1365943350.0,-3.415652703655752
1365946050.0,-3.379197692232168
1365948750.0,-3.3828509758315306
1365951450.0,-1.2804390468162978
1365954150.0,-0.9007379733382663
1365956850.0,-0.9026472078483891
1365959550.0,-0.818443561274961
1365962250.0,-0.8137029112515393
1365964950.0,-0.7725487420586035
1365967650.0,-0.6958662295952251
1365970350.0,-0.6141762102413395
1365973050.0,-0.5790550639570995
1365975750.0,-0.48014662493716287
1365978450.0,-0.4962057802825086
1365981150.0,-2.6050895676240486
1365983850.0,-2.9036642314099765
1365986550.0,-2.9366708521086764
1365989250.0,-2.839159076026874
1365991950.0,-2.8730789802957304
1365994650.0,-2.861495688146988
1365997350.0,-2.9463570058436517
1366000050.0,-2.928138048770961
1366002750.0,-2.9872654973095223
1366005450.0,-3.042577011217901
1366008150.0,-3.0776288523044286
1366010850.0,-3.149922533969857
1366013550.0,-3.219243656937664
1366016250.0,-3.2464355085433567
1366018950.0,-3.4001099130851458
1366021650.0,-4.288697787901839
1366024350.0,-5.477909105891598
1366027050.0,-5.423805378936748
1366029750.0,-2.292299801080901
1366032450.0,-2.186624115152057
1366035150.0,-2.182905773195955
1366037850.0,-2.119599001377111
1366040550.0,-2.0769530049860805
1366043250.0,-2.144978838017238
1366045950.0,-2.0292612921496413
1366048650.0,-2.0331589484774497
1366051350.0,-2.016248948905428
1366054050.0,-1.8425020466825686
1366056750.0,-1.794931899197337
1366059450.0,-1.4739722230362418
1366062150.0,-1.3802011371024605
1366064850.0,0.43267012616345824
1366067550.0,0.692426079992714
1366070250.0,0.6796100421862263
1366072950.0,0.5664495398845588
1366075650.0,0.4623950605752043
1366078350.0,-0.5702876810362909
1366081050.0,-1.8355471204697835
1366083750.0,-1.8490576316642375
1366086450.0,-1.9082780542928788
1366089150.0,-1.9986955770819748
1366091850.0,-2.005031981608539
1366094550.0,-2.020274410302676
1366097250.0,-2.0798308755638573
1366099950.0,-2.1795451725919577
1366102650.0,-2.1890312170343122
1366105350.0,-2.3190967662212643
1366108050.0,-2.3569083281292365
1366110750.0,-2.3699118625586095
1366113450.0,-2.4127813291527502
1366116150.0,-2.280778866649115
1366118850.0,-2.2554979556583135
1366121550.0,-2.233264454868788
1366124250.0,-2.185220235575457
1366126950.0,-2.118164054307897
1366129650.0,-2.0373933388561056
1366132350.0,-1.9988673844799223
1366135050.0,0.4469855644343852
1366137750.0,0.9000974618045063
1366140450.0,0.9938840402073197
1366143150.0,1.0200954619744493
1366145850.0,1.0257544164173282
1366148550.0,1.0674219066652881
1366151250.0,1.0890837372197382
1366153950.0,1.0712680594568553
1366156650.0,0.9935417893286171
1366159350.0,-1.9995503904975749
1366162050.0,-2.1616640067020967
1366164750.0,-2.1430523451390115
1366167450.0,-2.1293898942948317
1366170150.0,-2.123984363402087
1366172850.0,-2.118381981510339
1366175550.0,-2.142186845544188
1366178250.0,-2.161110909359053
1366180950.0,-2.2348529795957575
1366183650.0,-2.2449172964162756
1366186350.0,-2.342420593188706
1366189050.0,-2.420795799383882
1366191750.0,-2.5343668377408903
1366194450.0,-2.7010928562675645
1366197150.0,-4.212014773332783
1366199850.0,-4.831229240485385
1366202550.0,-4.645200547558574
1366205250.0,-4.7190704414393
1366207950.0,-4.805098840129432
1366210650.0,-4.7791658362669125
1366213350.0,-4.758842449274937
1366216050.0,-4.610582536095649
1366218750.0,-1.3481911986568775
1366221450.0,-1.0751295487427512
1366224150.0,-1.0456295317851243
1366226850.0,-1.0008677082321356
1366229550.0,-0.9541157190639353
1366232250.0,-0.9756738319744329
1366234950.0,-0.9729347509108379
1366237650.0,-0.9216245472404125
1366240350.0,-0.9735363044080714
1366243050.0,-0.9135478704712341
1366245750.0,-0.8028752869383595
1366248450.0,-0.7477395302323941
1366251150.0,-0.5575490912906389
1366253850.0,-0.6704098558624025
1366256550.0,-0.6861161236950863
1366259250.0,-0.6738290155702771
1366261950.0,-0.6904530255512498
1366264650.0,-0.6956870065531575
1366267350.0,-0.7930441086045903
1366270050.0,-0.7202487463433158
1366272750.0,-0.9142939462480228
1366275450.0,-0.9303664063638166
1366278150.0,-1.2060001083422094
1366280850.0,-4.441264745276584
1366283550.0,-4.594003575244102
1366286250.0,-4.752268125530975
1366288950.0,-4.393011387711198
1366291650.0,-4.465652991704104
1366294350.0,-4.475362875435451
1366297050.0,-4.466816945772763
1366299750.0,-4.433200218837953
1366302450.0,-3.6455418943929487
1366305150.0,-0.87182296622791
1366307850.0,-0.7168540034456896
1366310550.0,-0.7405982720502777
1366313250.0,-0.7236557586629431
1366315950.0,-0.7173927076766233
1366318650.0,-1.0397267631777254
1366321350.0,-2.969230273395141
1366324050.0,-2.992169631901646
1366326750.0,-3.0629743984609377
1366329450.0,-2.9166104632299152
1366332150.0,-2.753006291491147
1366334850.0,-2.5842439899757608
1366337550.0,-0.6950897007752701
1366340250.0,-0.2838445320815879
1366342950.0,-0.28630700246296215
1366345650.0,-0.2734352175276058
1366348350.0,-0.29822044695671934
1366351050.0,-0.2487276374777707
1366353750.0,-0.335122388688859
1366356450.0,-0.3498068362950164
1366359150.0,-0.4575741893020506
1366361850.0,-0.4569913384401616
1366364550.0,-0.5085963779478959
1366367250.0,-0.9294103686548567
1366369950.0,-2.8719768071762815
1366372650.0,-3.1270720623016928
1366375350.0,-2.910855616838859
1366378050.0,-2.904848496948688
1366380750.0,-2.962170687244111
1366383450.0,-2.959245876784678
1366386150.0,-2.947188045757116
1366388850.0,-2.8912525798330933
1366391550.0,-0.8034753463024629
1366394250.0,-0.23574667361810953
1366396950.0,-0.23298934714878783
1366399650.0,-0.1993138508330503
1366402350.0,-0.27625645279150035
1366405050.0,-0.293279449989285
1366407750.0,-0.4568087216827621
1366410450.0,-0.5292725022143543
1366413150.0,-0.786201845040722
1366415850.0,-2.627420892806782
1366418550.0,-2.69931805426819
1366421250.0,-2.6045140393835027
1366423950.0,-2.4330859700737335
1366426650.0,-2.459617792334683
1366429350.0,-2.3883644865141775
1366432050.0,-2.3506053687202098
1366434750.0,-2.3418484564515154
1366437450.0,-2.2951438932024644
1366440150.0,-2.3416844950946825
1366442850.0,-2.3012948736694625
1366445550.0,-2.392311850016398
1366448250.0,-2.3865113181652475
1366450950.0,-2.441607894994803
1366453650.0,-2.4969996278104816
1366456350.0,-2.4767948950184575
1366459050.0,-2.6260695193065544
1366461750.0,-2.501135330859114
1366464450.0,-2.500728834830568
1366467150.0,-2.5721364114014023
1366469850.0,-2.5862433747524562
1366472550.0,-2.5826530334255438
1366475250.0,-2.4595402570047042
1366477950.0,0.10346863158466135
1366480650.0,1.1589200336570116
1366483350.0,1.1479915058379504
1366486050.0,0.8116712882365391
1366488750.0,-2.1078393599902085
1366491450.0,-2.1690745783839986
1366494150.0,-2.1908107922942577
1366496850.0,-2.2147208947461934
1366499550.0,-2.2654627364015596
1366502250.0,-2.2259922175898055
1366504950.0,-2.1617375411144337
1366507650.0,-2.005601155616745
1366510350.0,-1.829111111881815
1366513050.0,-1.8617631218847066
1366515750.0,0.2509103947775486
1366518450.0,0.5263949761924493
1366521150.0,0.5971609348436004
1366523850.0,0.605645236064106
1366526550.0,0.5881353739087274
1366529250.0,0.5913658759556313
1366531950.0,0.5484271714279316
1366534650.0,0.5227942384133826
1366537350.0,0.4056679070599216
1366540050.0,0.42238145506954083
1366542750.0,0.4203913051941015
1366545450.0,0.30316777467734823
1366548150.0,0.44340480731295884
1366550850.0,0.3895577353765418
1366553550.0,0.22890672621741714
1366556250.0,0.22367712623889702
1366558950.0,0.18636392147874403
1366561650.0,0.10114663316485917
1366564350.0,0.17363384181598462
1366567050.0,0.25456206053760866
1366569750.0,-0.6394502209607253
1366572450.0,-0.539984674077175
1366575150.0,-0.5015974696835883
1366577850.0,-0.4902660916527566
1366580550.0,-0.544369583388999
1366583250.0,-0.616943501877472
1366585950.0,-0.7074191871370203
1366588650.0,-0.7814413559642048
1366591350.0,-0.8560023086765511
1366594050.0,-0.805998732395949
1366596750.0,-0.8503071422548487
1366599450.0,-0.8342069692979521
1366602150.0,-0.846538932710672
1366604850.0,-0.7799642579169017
1366607550.0,-0.7263845525249906
1366610250.0,-0.7290488005072007
1366612950.0,-0.740172492510851
1366615650.0,-0.7084901581168026
1366618350.0,-0.7503187007293377
1366621050.0,-0.6948280371144335
1366623750.0,-0.7524326112601045
1366626450.0,-0.7631175111241646
1366629150.0,-0.796708007544737
1366631850.0,-0.9226758534237831
1366634550.0,-0.7207557363070975
1366637250.0,-0.7964419487230714
1366639950.0,-0.8078182990370522
1366642650.0,-0.8285373935296434
1366645350.0,-0.8333198864514202
1366648050.0,-0.8501578029339498
1366650750.0,-0.8426954496297299
1366653450.0,-0.7306657020129137
1366656150.0,2.1089035209321594
1366658850.0,-0.7266551115457673
1366661550.0,-0.8507769766583237
1366664250.0,-0.8294422972425366
1366666950.0,-0.8138867885837442
1366669650.0,-0.9482136259042306
1366672350.0,-1.0052122499523364
1366675050.0,-1.0646297697239504
1366677750.0,-1.0830743074308202
1366680450.0,-1.0245197578974228
1366683150.0,-1.1325116623665963
1366685850.0,-1.1215116640892404
1366688550.0,-1.1320392113011337
1366691250.0,-1.1164182483002776
1366693950.0,-1.0886818139160255
1366696650.0,-1.049846522852647
1366699350.0,-1.0262728303476933
1366702050.0,-1.0718754598723024
1366704750.0,-1.0442624983488997
1366707450.0,-1.0363712808413652
1366710150.0,-1.071228687502412
1366712850.0,-1.0136759590859015
1366715550.0,-1.0713793422199842
1366718250.0,-1.1346812973855833
1366720950.0,-0.8988353809004934
1366723650.0,-0.9218462779908805
1366726350.0,-0.9952893729776804
1366729050.0,-0.9596624548183001
1366731750.0,-0.9219037080100918
1366734450.0,-0.974521794461225
1366737150.0,-0.9877271220221928
1366739850.0,-0.9213860751923733
1366742550.0,-0.9514362564301564
1366745250.0,-0.46649463867160534
1366747950.0,-0.8420719401642316
1366750650.0,-0.7876012790214304
1366753350.0,-0.7637262429383327
1366756050.0,-0.8879731357808396
1366758750.0,-0.9533220429459561
1366761450.0,-0.9654589248168861
1366764150.0,-1.0361493317538475
1366766850.0,-0.9696908268223581
1366769550.0,-1.0213259482233354
1366772250.0,-1.0388157290934146
1366774950.0,-1.0948333419919152
1366777650.0,-1.1666456147917472
1366780350.0,-1.1246513727332967
1366783050.0,-1.113072279280118
1366785750.0,-1.126423153800829
1366788450.0,-1.16882427903397
1366791150.0,-1.1551259885518448
1366793850.0,-1.211959812564288
1366796550.0,-1.1888947505618432
1366799250.0,-1.1706229301421445
1366801950.0,-1.172820032642477
1366804650.0,-1.245587265240772
1366807350.0,-0.9634315605522659
1366810050.0,-1.010795134766795
1366812750.0,-1.1270729754208162
1366815450.0,-1.058019512428956
1366818150.0,-1.1496572120289272
1366820850.0,-1.0601033621717022
1366823550.0,-1.0299814518375001
1366826250.0,-1.0083710367404137
1366828950.0,0.204333636958836
1366831650.0,2.6396806944657385
1366834350.0,2.699991831193387
1366837050.0,-0.7929128825801399
1366839750.0,-0.9680890508405753
1366842450.0,-1.015207045308813
1366845150.0,-1.0772500566723693
1366847850.0,-1.1066095042677375
1366850550.0,-1.129295794576933
1366853250.0,-1.0679274898206756
1366855950.0,-1.0883972073362145
1366858650.0,-1.1829545855612764
1366861350.0,-1.1903247858715815
1366864050.0,-1.2984375132942887
1366866750.0,-1.2791527860211716
1366869450.0,-1.3641251446946114
1366872150.0,-1.3799781474355086
1366874850.0,-1.3580994709492415
1366877550.0,-1.3594811226533068
1366880250.0,-1.353996415911297
1366882950.0,-1.357688399672071
1366885650.0,-1.3272438826751056
1366888350.0,-1.3228607903939178
1366891050.0,-1.1797399788782457
1366893750.0,-1.1195089807632996
1366896450.0,-1.1237835627976551
1366899150.0,-1.1256897794184226
1366901850.0,-1.123622004741776
1366904550.0,-1.1883657928703144
1366907250.0,-1.1478009649002274
1366909950.0,-1.2006682057254636
1366912650.0,-1.1817185319953296
1366915350.0,-1.113830948003823
1366918050.0,-0.6900152832484707
1366920750.0,2.4530781751224993
1366923450.0,-0.2557614803277488
1366926150.0,-1.0241361190693112
1366928850.0,-1.0399856624711958
1366931550.0,-1.1026158967256094
1366934250.0,-1.0775932195322184
1366936950.0,-1.023473222820229
1366939650.0,-1.0969723841417078
1366942350.0,-1.027968543095426
1366945050.0,-1.1435669588021824
1366947750.0,-1.1928046369212666
1366950450.0,-1.2771056716945566
1366953150.0,-1.5027152797354972
1366955850.0,-3.536444593515256
1366958550.0,-3.8050530263567452
1366961250.0,-3.8854129921699325
1366963950.0,-3.8479122880285104
1366966650.0,-3.780563501425661
1366969350.0,-3.786945436362373
1366972050.0,-3.714362688663954
1366974750.0,-1.08561069042878
1366977450.0,-0.9358754592031175
1366980150.0,-0.7770538783237271
1366982850.0,-0.7609640387626087
1366985550.0,-0.7404856700589448
1366988250.0,-0.7319486477844919
1366990950.0,-0.7216824671036193
1366993650.0,-0.6623625954235592
1366996350.0,-0.7235966740779816
1366999050.0,-0.7326966863836333
1367001750.0,-0.7354596257714832
1367004450.0,-0.7536053796800957
1367007150.0,-1.3311108622448842
1367009850.0,-1.851863571844774
1367012550.0,-1.1071338934216897
1367015250.0,-1.035540365534871
1367017950.0,-1.0340385218345034
1367020650.0,-1.0950650393263004
1367023350.0,-1.0712800954107706
1367026050.0,-1.0820709753215283
1367028750.0,-1.0492040375078489
1367031450.0,-1.0598093228060463
1367034150.0,-1.107835325575138
1367036850.0,-1.2228937268641005
1367039550.0,-1.2649876643207278
1367042250.0,-1.545484062562963
1367044950.0,-3.5391674333598075
1367047650.0,-3.8330835736180404
1367050350.0,-3.774605431942348
1367053050.0,-3.7947788617224774
1367055750.0,-3.8417901390914437
1367058450.0,-3.8052884068851824
1367061150.0,-3.7642793118900784
1367063850.0,-3.6712136039386394
1367066550.0,-3.431719750364323
1367069250.0,-3.4502123193569503
1367071950.0,-1.1307622946861784
1367074650.0,-0.8462303137718834
1367077350.0,-0.7972323583386753
1367080050.0,-0.7234460721419111
1367082750.0,-0.6913165621014343
1367085450.0,-0.6936189927417047
1367088150.0,-0.6950886467335522
1367090850.0,-0.6740955539910942
1367093550.0,-0.7002781047262943
1367096250.0,-2.8991959205990554
1367098950.0,-3.1557610384861334
1367101650.0,-3.1659608264654935
1367104350.0,-3.1267244675562154
1367107050.0,-3.118568550901756
1367109750.0,-3.0115178621373957
1367112450.0,-2.8671063157564163
1367115150.0,-2.8384795777041063
1367117850.0,-2.8395856624075577
1367120550.0,-2.807062420341083
1367123250.0,-1.4914921286238325
1367125950.0,-0.5954825491833162
1367128650.0,-0.6608350897479056
1367131350.0,-0.7975462482819751
1367134050.0,-2.3824127584767325
1367136750.0,-3.0783438954329654
1367139450.0,-3.2122639585759885
1367142150.0,-3.225673868112864
1367144850.0,-3.250531889431045
1367147550.0,-3.2437777976477093
1367150250.0,-3.2503560999003582
1367152950.0,-2.962159554637026
1367155650.0,-3.00782511506776
1367158350.0,-3.064512929203147
1367161050.0,-3.015120521287429
1367163750.0,-2.9822976205219334
1367166450.0,-3.0039603131573926
1367169150.0,-2.8803328707410287
1367171850.0,-2.6225410605103434
1367174550.0,-0.48266374196245465
1367177250.0,-0.34526626274612227
1367179950.0,-0.348459297306448
1367182650.0,-2.3699357498510096
1367185350.0,-2.5969005555648152
1367188050.0,-2.7265418750030506
1367190750.0,-2.7198982992410095
1367193450.0,-2.6722531914560363
1367196150.0,-2.676636749534964
1367198850.0,-2.5237742122200473
1367201550.0,-2.541690906415539
1367204250.0,-2.5641731697388934
1367206950.0,-2.5555910347914335
1367209650.0,-2.572890121169422
1367212350.0,-2.6118093627381427
1367215050.0,-2.672109796334297
1367217750.0,-2.60157503573501
1367220450.0,-2.8453703253885294
1367223150.0,-3.3580391745837517
1367225850.0,-5.164658068311297
1367228550.0,-5.337564082970317
1367231250.0,-5.365605259214703
1367233950.0,-5.346315644475965
1367236650.0,-5.346251923865054
1367239350.0,-5.046958323930227
1367242050.0,-5.038933408142469
1367244750.0,-5.057637075216007
1367247450.0,-3.398781772280273
1367250150.0,-1.9386758433807927
1367252850.0,-1.8735274724127748
1367255550.0,-1.7691287273721912
1367258250.0,-1.7228708121521663
1367260950.0,-1.7280810526187906
1367263650.0,-1.7445866628881959
1367266350.0,-2.123999175799213
1367269050.0,-3.75606441455173
1367271750.0,-3.865979535477038
1367274450.0,-3.881833596161073
1367277150.0,-3.838403353666962
1367279850.0,-3.8047823983139324
1367282550.0,-3.8522118841198676
1367285250.0,-3.7953357537279544
1367287950.0,-3.7940141677682107
1367290650.0,-3.7822878092750045
1367293350.0,-3.71601829531582
1367296050.0,-3.7502875390324277
1367298750.0,-3.711351812494513
1367301450.0,-3.734325290592608
1367304150.0,-3.6520089810606464
1367306850.0,-3.8378940138975395
1367309550.0,-3.9112778014057596
1367312250.0,-5.035885079541345
1367314950.0,-6.466992534344257
1367317650.0,-6.5157734287398625
1367320350.0,-6.61863455420459
1367323050.0,-6.712694446738425
1367325750.0,-6.407779238467469
1367328450.0,-6.394113506915005
1367331150.0,-6.393346399265624
1367333850.0,-6.305976201129113
1367336550.0,-2.850632880915441
1367339250.0,-2.5976113221136927
1367341950.0,-2.593803261622412
1367344650.0,-2.546208805778406
1367347350.0,-2.519470852796047
1367350050.0,-2.487582312548767
1367352750.0,-2.448245268790032
1367355450.0,-2.7960243414456443
1367358150.0,-4.467008978018924
1367360850.0,-4.639721592087199
1367363550.0,-4.645178458412886
1367366250.0,-4.65144153367612
1367368950.0,-4.648373521065736
1367371650.0,-4.534745204364725
1367374350.0,-4.59654923672332
1367377050.0,-4.570546544736601
1367379750.0,-4.542536904568493
1367382450.0,-4.576679986381805
1367385150.0,-4.545954366662443
1367387850.0,-4.532154658831814
1367390550.0,-4.5418789549504766
1367393250.0,-4.596942996186584
1367395950.0,-4.622862009798098
1367398650.0,-4.708183775063759
1367401350.0,-4.749774971976876
1367404050.0,-5.203781551179816
1367406750.0,-7.064346575276971
1367409450.0,-7.447952572553163
1367412150.0,-7.0411460428526595
1367414850.0,-7.094650582181799
1367417550.0,-7.048874895524392
1367420250.0,-3.807919166623691
1367422950.0,-3.376882686518343
1367425650.0,-3.339243825313986
1367428350.0,-3.3129470390847757
1367431050.0,-3.294833985468955
1367433750.0,-3.2406974560690855
1367436450.0,-3.1609428452684085
1367439150.0,-2.9937516312167247
1367441850.0,-2.922677172235325
1367444550.0,-3.0876312556148946
1367447250.0,-3.211491667297196
1367449950.0,-4.169347650884674
1367452650.0,-5.229684888150274
1367455350.0,-5.20904021303906
1367458050.0,-5.081814116242867
1367460750.0,-5.139512740537214
1367463450.0,-5.133180069886663
1367466150.0,-5.1624090915653085
1367468850.0,-5.108784371545482
1367471550.0,-5.095282751811823
1367474250.0,-5.1505470199329295
1367476950.0,-5.125231295183767
1367479650.0,-5.214373080776369
1367482350.0,-5.208565797415389
1367485050.0,-5.320099983650408
1367487750.0,-5.300470129183907
1367490450.0,-5.342259598004318
1367493150.0,-5.342353773544858
1367495850.0,-5.473788087091862
1367498550.0,-5.304942349741339
1367501250.0,-5.398507529204039
1367503950.0,-5.4820023725688145
1367506650.0,-2.848901137764841
1367509350.0,-1.8624913515646995
1367512050.0,-1.802654065153149
1367514750.0,-1.6988649568498602
1367517450.0,-1.643283498848831
1367520150.0,-1.5383657632873735
1367522850.0,-1.4937010589474369
1367525550.0,-1.2808337630878555
1367528250.0,-4.031319333763065
1367530950.0,-4.525077465378104
1367533650.0,-4.533529495615795
1367536350.0,-4.5534116629812615
1367539050.0,-2.304161403565871
1367541750.0,-2.0614708743659946
1367544450.0,-2.1088113040366068
1367547150.0,-2.044937451438045
1367549850.0,-2.079576828690165
1367552550.0,-2.071776030831643
1367555250.0,-2.072596307276001
1367557950.0,-2.1107045433431324
1367560650.0,-2.1109557313678806
1367563350.0,-2.0889127185959637
1367566050.0,-2.173747761717067
1367568750.0,-2.161382392723624
1367571450.0,-2.2229289208679575
1367574150.0,-2.24188424290071
1367576850.0,-2.264629369660099
1367579550.0,-2.328304481017568
1367582250.0,-2.4982456288504693
1367584950.0,-4.527222714388472
1367587650.0,-5.252501140129539
1367590350.0,-5.3045295087989075
1367593050.0,-3.6914813511530724
1367595750.0,-2.8933637691055765
1367598450.0,-2.8593288417277165
1367601150.0,-2.763668143870291
1367603850.0,-2.6919887022392004
1367606550.0,-2.645342069211978
1367609250.0,-2.5701103354209067
1367611950.0,-2.400280923724324
1367614650.0,-2.2581661310515813
1367617350.0,-2.2508653207703446
1367620050.0,-2.3577564155319237
1367622750.0,-2.5120463621137503
1367625450.0,-4.237617299863075
1367628150.0,-2.1898419038078316
1367630850.0,-2.0495902423279517
1367633550.0,-1.9916088497141402
1367636250.0,-1.9846111493104672
1367638950.0,-1.9415407913888316
1367641650.0,-2.0185778597198407
1367644350.0,-2.017114527454197
1367647050.0,-2.0403915185419805
1367649750.0,-2.1179322698576186
1367652450.0,-2.126380157763151
1367655150.0,-2.165117583973
1367657850.0,-2.1910280148552204
1367660550.0,-2.1688306437572464
1367663250.0,-2.2313644946965496
1367665950.0,-2.2017769414228496
1367668650.0,-2.173444816776936
1367671350.0,-2.1228771825364845
1367674050.0,-2.2633948192013804
1367676750.0,-2.222668080170763
1367679450.0,-2.2642310087826445
1367682150.0,-2.340089015107253
1367684850.0,-2.3557483105507515
1367687550.0,-1.069986103187631
1367690250.0,0.23594176327898708
1367692950.0,0.24206016213918247
1367695650.0,0.13872573807995536
1367698350.0,-1.754813737952901
1367701050.0,-2.7069951631414995
1367703750.0,-2.7283705750457727
1367706450.0,-2.6402093746409037
1367709150.0,-2.465623136315145
1367711850.0,-2.341865680029599
1367714550.0,-2.140315624718937
1367717250.0,-2.050558395470489
1367719950.0,-1.8851031672493264
1367722650.0,0.09541638046292178
1367725350.0,0.06516066810868892
1367728050.0,0.07722200886922792
1367730750.0,0.058169673553095436
1367733450.0,0.01635441632038237
1367736150.0,-0.034185594337373004
1367738850.0,-0.040225736314994265
1367741550.0,-0.1275640226597261
1367744250.0,-0.16027232613404863
1367746950.0,-0.14479538248923518
1367749650.0,-0.21726240383605955
1367752350.0,-0.15399144244452145
1367755050.0,-0.16765648953287382
1367757750.0,0.006750235433713669
1367760450.0,-0.20360620033616783
1367763150.0,-0.1457120788450652
1367765850.0,-0.23419463018490205
1367768550.0,-0.2285719466365208
1367771250.0,-0.3286901004572371
1367773950.0,-3.2419462194441167
1367776650.0,-3.5877338661928206
1367779350.0,-3.5020530933123553
1367782050.0,-1.2875651194859756
1367784750.0,-0.8379405777374132
1367787450.0,-0.7839606021045995
1367790150.0,-0.7729253153424622
1367792850.0,-0.7956098584008089
1367795550.0,-0.7366886532761328
1367798250.0,-0.7101467688922583
1367800950.0,-0.567156953572578
1367803650.0,-0.5263167474429054
1367806350.0,-0.4849820166229222
1367809050.0,-0.4539545964677245
1367811750.0,-0.48674804204691213
1367814450.0,-0.5178274594958054
1367817150.0,-0.5579121043915052
1367819850.0,-1.0041074674412584
1367822550.0,-2.6839690001742724
1367825250.0,-2.9312553507848236
1367827950.0,-2.9662755917273387
1367830650.0,-3.0539779041586996
1367833350.0,-3.079932545738842
1367836050.0,-3.1309423866489112
1367838750.0,-3.0497631986066267
1367841450.0,-3.2055240488641346
1367844150.0,-3.0028366604749976
1367846850.0,-2.9959383469964393
1367849550.0,-2.9469280917178367
1367852250.0,-3.0268336811303413
1367854950.0,-2.9043959298151663
1367857650.0,-2.9914569139345133
1367860350.0,-3.015181299986267
1367863050.0,-1.4494611922249874
1367865750.0,0.17243187612882593
1367868450.0,-1.7251138182193415
1367871150.0,-2.135938159145468
1367873850.0,-2.156063790043021
1367876550.0,-2.145590018929312
1367879250.0,-2.2219386466396998
1367881950.0,-2.1457661758334723
1367884650.0,-2.0609481654082344
1367887350.0,-1.8381320392784346
1367890050.0,-1.5817831829171496
1367892750.0,-0.9438563103325066
1367895450.0,0.44507998900976986
1367898150.0,0.5145236046647312
1367900850.0,0.4829079616998797
1367903550.0,0.5040451967611546
1367906250.0,0.36612543580099555
1367908950.0,0.38164145807746763
1367911650.0,0.3208772334378409
1367914350.0,0.3333832607019076
1367917050.0,0.2359256104760732
1367919750.0,0.2144995888901633
1367922450.0,0.17447990651970713
1367925150.0,0.181257080207871
1367927850.0,-0.006759565313842586
1367930550.0,0.2823604473761634
1367933250.0,0.27385947834233093
1367935950.0,0.2829734910434638
1367938650.0,0.253077312996453
1367941350.0,0.3230028515732499
1367944050.0,0.28910243244573053
1367946750.0,0.31732788887430274
1367949450.0,2.4651367254788
1367952150.0,-0.5241034634909738
1367954850.0,-0.7781136465622183
1367957550.0,-0.8253147589891228
1367960250.0,-0.8327306516670774
1367962950.0,-0.8683509575884898
1367965650.0,-0.9626105009938044
1367968350.0,-0.9815252016153124
1367971050.0,-0.9744283315610289
1367973750.0,-0.9651141592543411
1367976450.0,-0.8471003473757719
1367979150.0,-0.5501643443312219
1367981850.0,-0.007162944107022895
1367984550.0,1.2006742802475117
1367987250.0,1.2953205936914003
1367989950.0,1.3286280508208108
1367992650.0,1.1988559710475784
1367995350.0,1.2345511555236897
1367998050.0,1.1651332585608145
1368000750.0,1.142175144233704
1368003450.0,1.0485155757044424
1368006150.0,1.02177584476172
1368008850.0,0.9704913522615186
1368011550.0,0.9505072246203667
1368014250.0,0.8003054805622583
1368016950.0,0.9800588804199606
1368019650.0,0.9710733697047544
1368022350.0,0.9926647064016549
1368025050.0,1.0888377782464715
1368027750.0,1.0977553459677551
1368030450.0,1.1299987177275455
1368033150.0,1.1524423369039027
1368035850.0,1.6446776911409131
1368038550.0,3.5897744509111646
1368041250.0,-0.0007209836700781125
1368043950.0,-0.10470394316010356
1368046650.0,-0.15902732044750678
1368049350.0,-0.17741975551891187
1368052050.0,-0.2269231041583737
1368054750.0,-0.2869469107008058
1368057450.0,-0.3022796021705574
1368060150.0,-0.36180617645874236
1368062850.0,-0.3028044575861202
1368065550.0,-0.2537013158871275
1368068250.0,-0.28321096797324685
1368070950.0,-0.2807537443405863
1368073650.0,-0.28503465112757453
1368076350.0,-0.30294741538332914
1368079050.0,-0.22853742699362556
1368081750.0,-0.2368981502753229
1368084450.0,-0.31095656136076855
1368087150.0,-0.3881290591892821
1368089850.0,-0.40584991295219197
1368092550.0,-0.4389855941819292
1368095250.0,-0.45935274690208416
1368097950.0,-0.4032145293001008
1368100650.0,-0.4648852758507189
1368103350.0,-0.33755382148407875
1368106050.0,-0.35469101698896566
1368108750.0,-0.3155998348928506
1368111450.0,-0.29539714266320516
1368114150.0,-0.2645449652625018
1368116850.0,-0.20185443079873266
1368119550.0,-0.15240332570007808
1368122250.0,3.1611958877023767
1368124950.0,3.2942672625742944
1368127650.0,0.06616202583234099
1368130350.0,-0.36923363067307946
1368133050.0,-0.43996111703197016
1368135750.0,-0.5172095876826006
1368138450.0,-0.49797438083172096
1368141150.0,-0.530411340585772
1368143850.0,-0.5936366320409547
1368146550.0,-0.49958188311404683
1368149250.0,-0.5635799545111695
1368151950.0,-0.5580224073676447
1368154650.0,-0.5397813100111932
1368157350.0,-0.601579779365153
1368160050.0,-0.6183914797595094
1368162750.0,-0.6249453401981668
1368165450.0,-0.5589935425805379
1368168150.0,-0.5218329506619455
1368170850.0,1.7049947422630396
1368173550.0,-0.7440174166181919
1368176250.0,-0.9024402380334209
1368178950.0,-0.9132956475913545
1368181650.0,-0.9061588968279466
1368184350.0,-0.926356210397131
1368187050.0,-0.9498058404554968
1368189750.0,-0.854117542031247
1368192450.0,-0.8985294894560525
1368195150.0,-0.8783523944432261
1368197850.0,-0.8575172961153612
1368200550.0,-0.7629663160977032
1368203250.0,-0.7267654321517512
1368205950.0,-0.6570601621118897
1368208650.0,0.06654028298220283
1368211350.0,1.4904221947918472
1368214050.0,1.5587801242552075
1368216750.0,-0.6527153057224382
1368219450.0,-0.8116135360344288
1368222150.0,-0.9218307833253334
1368224850.0,-0.9107895357193172
1368227550.0,-0.9195173410050188
1368230250.0,-0.9429186689449409
1368232950.0,-0.8331055981513487
1368235650.0,-0.913667031899962
1368238350.0,-0.903485702339168
1368241050.0,-0.8997281282514109
1368243750.0,-1.0073557533912094
1368246450.0,-0.9869301046314547
1368249150.0,-1.012000100531651
1368251850.0,-1.0445793969608417
1368254550.0,-1.104192217626121
1368257250.0,-1.1355402062719975
1368259950.0,-1.1282640209051067
1368262650.0,-2.5952704418901646
1368265350.0,-1.3089654117766827
1368268050.0,-1.229401830283706
1368270750.0,-1.232418794877475
1368273450.0,-1.2722728777515897
1368276150.0,-0.9666240432169104
1368278850.0,-1.0727533549215593
1368281550.0,-1.0517427531515864
1368284250.0,-1.0199996912844256
1368286950.0,-0.9139764622703979
1368289650.0,-0.9693634735518515
1368292350.0,-0.9230272419984829
1368295050.0,-0.8401172607709668
1368297750.0,-0.462845333081475
1368300450.0,0.49596562364723695
1368303150.0,1.4312483191941965
1368305850.0,1.177659772909692
1368308550.0,-0.7365671944440066
1368311250.0,-0.8849816445392094
1368313950.0,-0.9547957798141624
1368316650.0,-0.9655202011362292
1368319350.0,-0.8585920158253941
1368322050.0,-0.9645116610621471
1368324750.0,-0.9389523386760743
1368327450.0,-0.9795433157313198
1368330150.0,-1.0285552558822246
1368332850.0,-1.0150908667132228
1368335550.0,-1.025068705150403
1368338250.0,-1.0510265690886342
1368340950.0,-1.1172553157603318
1368343650.0,-1.1450435459154278
1368346350.0,-1.255546608419536
1368349050.0,-1.2878726073579116
1368351750.0,-1.2641101440457874
1368354450.0,-1.446324536435526
1368357150.0,-3.359424757638436
1368359850.0,-3.5015621431623742
1368362550.0,-3.33793595922981
1368365250.0,-1.9789355517665967
1368367950.0,-0.8735255177754766
1368370650.0,-0.7339620519067864
1368373350.0,-0.7164675618302283
1368376050.0,-0.7031724551294474
1368378750.0,-0.677040211050354
1368381450.0,-0.6556917709995673
1368384150.0,-0.6762250597435013
1368386850.0,-0.5555345650231516
1368389550.0,-0.3461023609423819
1368392250.0,-0.35539264685061767
1368394950.0,-0.30458116624868126
1368397650.0,-0.6310562066719569
1368400350.0,-2.0778107579638174
1368403050.0,-2.5450041845445526
1368405750.0,-2.4747788344099035
1368408450.0,-2.6057153532727853
1368411150.0,-2.5663541913042422
1368413850.0,-2.585012915086537
1368416550.0,-2.576210236138536
1368419250.0,-2.59784043840304
1368421950.0,-2.6675395665187978
1368424650.0,-2.6374560529944517
1368427350.0,-2.726028494496518
1368430050.0,-2.7551893224977846
1368432750.0,-2.877343080413482
1368435450.0,-2.86705575712557
1368438150.0,-2.792410221144479
1368440850.0,-2.8195042899007774
1368443550.0,-2.829480018669699
1368446250.0,-0.17546081362149835
1368448950.0,0.574017321329336
1368451650.0,0.5663389246016095
1368454350.0,0.6121799865540538
1368457050.0,0.6163014135801745
1368459750.0,0.6217670610734558
1368462450.0,0.6766696593874713
1368465150.0,0.739145592832557
1368467850.0,0.7666880636162432
1368470550.0,0.8085538562153829
1368473250.0,1.106821455395334
1368475950.0,1.2844410361550445
1368478650.0,2.9198626554137945
1368481350.0,0.12400653192952404
1368484050.0,-0.23401404792593894
1368486750.0,-0.2893694861106155
1368489450.0,-0.1863582047743364
1368492150.0,-0.2268198633051668
1368494850.0,-0.12832745389655997
1368497550.0,-0.1418925038715031
1368500250.0,-0.15823297944862702
1368502950.0,-0.24314237709276654
1368505650.0,-0.2735031443388891
1368508350.0,-0.2873625475449728
1368511050.0,-0.30030554515886365
1368513750.0,-0.38680038597669864
1368516450.0,-0.44700032240467635
1368519150.0,-0.552685385817739
1368521850.0,-0.6076260573986758
1368524550.0,-0.6655243388664474
1368527250.0,-2.501207483556925
1368529950.0,-3.161281942554467
1368532650.0,-3.2614786153737327
1368535350.0,-3.0919017418333397
1368538050.0,-0.9692874052971661
1368540750.0,-0.45294416392624726
1368543450.0,-0.42442283105319234
1368546150.0,-0.3620411352034125
1368548850.0,-0.33612033454326706
1368551550.0,-0.3337495877056824
1368554250.0,-0.29343114380051816
1368556950.0,-0.3012008431020945
1368559650.0,-0.244212842646931
1368562350.0,-0.16483896101547657
1368565050.0,-0.07579333676082456
1368567750.0,0.035821172514374666
1368570450.0,0.066520301528044
1368573150.0,-0.20008559636551126
1368575850.0,-0.7946637197324549
1368578550.0,-0.034582165761264605
1368581250.0,0.08222961770587744
1368583950.0,0.041310603550329006
1368586650.0,0.02495131578695009
1368589350.0,-0.007926039359062997
1368592050.0,-0.040411955934644084
1368594750.0,-0.035004221223260856
1368597450.0,-0.08075947553592755
1368600150.0,-0.11542935777151797
1368602850.0,-0.25267798026555965
1368605550.0,-0.2589474153551521
1368608250.0,-0.2600099871871464
1368610950.0,-0.3312473388843671
1368613650.0,-0.3686224617543701
1368616350.0,-0.3214740546763437
1368619050.0,-0.3647402093224059
1368621750.0,-0.3827926460238018
1368624450.0,-0.36317077683909815
1368627150.0,-0.3422458359788436
1368629850.0,-0.3567562049848618
1368632550.0,-0.3153271428005553
1368635250.0,-0.25507127779357575
1368637950.0,-0.12789829975824318
1368640650.0,2.3001496653912454
1368643350.0,2.620253106235907
1368646050.0,2.661153362823825
1368648750.0,2.558018045136407
1368651450.0,-0.4646157844563845
1368654150.0,-0.5026987418139868
1368656850.0,-0.47969763100832097
1368659550.0,-0.45773631458752106
1368662250.0,-0.37633607027132143
1368664950.0,-0.29902524540904096
1368667650.0,-0.2044101051416476
1368670350.0,-0.21942113617751602
1368673050.0,-0.2628050400599875
1368675750.0,-0.2545364210509433
1368678450.0,-0.2537449322425118
1368681150.0,-0.2976755562563085
1368683850.0,-0.26549182423863726
1368686550.0,-0.30317121506067224
1368689250.0,-0.38036744437204106
1368691950.0,-0.4563322678246209
1368694650.0,-0.47469161453298625
1368697350.0,-0.5517025893737468
1368700050.0,-0.5956876583270798
1368702750.0,-1.9145881947931116
1368705450.0,-3.2956047954564553
1368708150.0,-3.1629563263955447
1368710850.0,-3.1657667341640945
1368713550.0,-3.1637923289673324
1368716250.0,-3.047431334877899
1368718950.0,-2.662534628504943
1368721650.0,0.24998631895957146
1368724350.0,0.3446620667770617
1368727050.0,0.37647096301915894
1368729750.0,0.2523181982300855
1368732450.0,0.25335925280722904
1368735150.0,0.24534875812500445
1368737850.0,0.15135201572360302
1368740550.0,0.14026024636535794
1368743250.0,0.17268158252841204
1368745950.0,0.2572493708773891
1368748650.0,0.46030419865087424
1368751350.0,0.5617974030371613
1368754050.0,0.6671355250429087
1368756750.0,1.8316547456372234
1368759450.0,2.8548700510104936
1368762150.0,2.780310707911184
1368764850.0,2.766062566277128
1368767550.0,2.7272078876314083
1368770250.0,2.739486396587324
1368772950.0,2.7042691454305157
1368775650.0,2.6627921897729436
1368778350.0,2.584677035738679
1368781050.0,2.5741344442283776
1368783750.0,2.5582216586326183
1368786450.0,2.6047858599569054
1368789150.0,2.530093070127606
1368791850.0,2.4135361878920207
1368794550.0,2.5784223804248256
1368797250.0,2.587843953519524
1368799950.0,2.5216077798300773
1368802650.0,2.555223084672434
1368805350.0,2.545164295920898
1368808050.0,2.871067321016227
1368810750.0,4.233926624696039
1368813450.0,1.120105562723893
1368816150.0,0.9937950732208378
1368818850.0,1.0271617648247968
1368821550.0,1.0043306911333616
1368824250.0,1.0348664182150173
1368826950.0,0.9697037859028512
1368829650.0,1.0125027863254275
1368832350.0,1.081008389997379
1368835050.0,1.2109802577348319
1368837750.0,1.3142911908443011
1368840450.0,1.367808382901444
1368843150.0,1.5171791297346147
1368845850.0,1.509695763996632
1368848550.0,1.426372132102614
1368851250.0,1.4298540607344137
1368853950.0,1.3613150495947934
1368856650.0,1.3711671918889863
1368859350.0,1.3265137422140754
1368862050.0,1.3045645434706046
1368864750.0,1.219907606511299
1368867450.0,1.2079378210903826
1368870150.0,1.211269703378548
1368872850.0,1.1889149335339653
1368875550.0,1.163139495018811
1368878250.0,0.9522809161369423
1368880950.0,1.213624479341604
1368883650.0,1.1604510317177983
1368886350.0,1.1217813355410158
1368889050.0,1.1434594149856423
1368891750.0,1.1154307964249028
1368894450.0,-2.251524633542516
1368897150.0,1.0287221080773463
1368899850.0,1.1272512148805731
1368902550.0,1.059844509118193
1368905250.0,1.0784993921834882
1368907950.0,1.0182231451857717
1368910650.0,0.9897023552341011
1368913350.0,0.9053494595127631
1368916050.0,0.8245820877066876
1368918750.0,0.8471535128062726
1368921450.0,0.8728079014131822
1368924150.0,0.9807063611893909
1368926850.0,1.089993341825533
1368929550.0,1.157020120530376
1368932250.0,1.198212435577858
1368934950.0,1.1642025411498764
1368937650.0,1.251078074859862
1368940350.0,1.2085980920991517
1368943050.0,2.1701459708318964
1368945750.0,3.341950653124428
1368948450.0,3.399432495173869
1368951150.0,3.3844713348143216
1368953850.0,3.3509748306823326
1368956550.0,3.346536460715299
1368959250.0,3.362590238858587
1368961950.0,3.3610617286437616
1368964650.0,3.176695540614304
1368967350.0,3.317543292330896
1368970050.0,3.2876711331835224
1368972750.0,3.353047480864319
1368975450.0,3.285572033352082
1368978150.0,3.274997177785224
1368980850.0,-0.1697216345894219
1368983550.0,-0.29005520116007233
1368986250.0,-0.20363619865543114
1368988950.0,1.1159311035130202
1368991650.0,2.099983899363224
1368994350.0,2.1028832503120327
1368997050.0,2.1089278982816495
1368999750.0,1.9213897868912682
1369002450.0,1.7400657803108857
1369005150.0,1.6189169782896329
1369007850.0,1.5299435766818306
1369010550.0,0.2724084010585841
1369013250.0,-0.5713998317995106
1369015950.0,-0.548427070955654
1369018650.0,-0.5143819146956901
1369021350.0,-0.5311899726323759
1369024050.0,-0.5504872480689471
1369026750.0,-0.5376020903915446
1369029450.0,-0.4611079478349893
1369032150.0,-0.5376563235873846
1369034850.0,-0.5887960995363812
1369037550.0,-0.573575910025653
1369040250.0,-0.5987858394496186
1369042950.0,-0.5683428134973951
1369045650.0,-0.49807496057516687
1369048350.0,-0.4484966333828879
1369051050.0,-0.5624146509317995
1369053750.0,-0.4678608479875379
1369056450.0,-0.47847424214248235
1369059150.0,-0.48696137207346624
1369061850.0,-0.536280358586879
1369064550.0,-0.5082753000652929
1369067250.0,-0.7475154033654974
1369069950.0,-2.9525792192778226
1369072650.0,0.29493186540793204
1369075350.0,0.31201038827140337
1369078050.0,0.35794072417220946
1369080750.0,0.35703653459461293
1369083450.0,0.3348960271485737
1369086150.0,0.2556550585561297
1369088850.0,0.11294897254927605
1369091550.0,-0.042267373763991145
1369094250.0,-0.09159936102676625
1369096950.0,-0.10255528240568879
1369099650.0,-0.07832970583228871
1369102350.0,-0.014405433034198722
1369105050.0,-2.070442381726565
1369107750.0,-2.132083610479924
1369110450.0,-2.115277721655758
1369113150.0,-0.05281416093652069
1369115850.0,0.14198186102166233
1369118550.0,0.14604733844092266
1369121250.0,0.15744609781398822
1369123950.0,0.10488015387315386
1369126650.0,0.04129785890216908
1369129350.0,0.1630832577833985
1369132050.0,0.22518141895906751
1369134750.0,0.22248684470210378
1369137450.0,0.1507330587388651
1369140150.0,0.23633904475693157
1369142850.0,0.26027056868619525
1369145550.0,0.2849802913207782
1369148250.0,0.34100673177101726
1369150950.0,0.3249080293211932
1369153650.0,0.314232699269553
1369156350.0,0.34701619684915386
1369159050.0,0.717113069537362
1369161750.0,2.5480249403219375
1369164450.0,0.19866156374882848
1369167150.0,-0.006030251887494842
1369169850.0,-0.1103994973100555
1369172550.0,-0.045365381110855196
1369175250.0,-0.1148561731286577
1369177950.0,-0.20002210649164454
1369180650.0,-0.10393028453086117
1369183350.0,-0.28653724502936484
1369186050.0,-0.2892361585868457
1369188750.0,-0.3272860006293854
1369191450.0,-0.42201830401819507
1369194150.0,-0.43333181354933004
1369196850.0,-0.4163859624457871
1369199550.0,-0.44612433233101
1369202250.0,-0.4455150089233939
1369204950.0,-0.4207120126974928
1369207650.0,-0.4240553517123544
1369210350.0,-0.5000070281751334
1369213050.0,-0.35851304374068604
1369215750.0,-0.3248194555515056
1369218450.0,-0.2703166737422862
1369221150.0,-0.2512515260562509
1369223850.0,-0.2506581745627443
1369226550.0,-0.2546499149259489
1369229250.0,-0.27074565678944396
1369231950.0,-0.2309671257779371
1369234650.0,-0.16551268256932872
1369237350.0,-0.2546307090569826
1369240050.0,-0.22494410813894206
1369242750.0,-0.18131229536518845
1369245450.0,0.30498377518722464
1369248150.0,3.234054126289408
1369250850.0,0.013298572319598634
1369253550.0,-0.10156112884999402
1369256250.0,-0.09173110399669326
1369258950.0,-0.11353914102909357
1369261650.0,-0.14388376822063265
1369264350.0,-0.21187839338563208
1369267050.0,-0.10928058627979453
1369269750.0,-0.2672019985394627
1369272450.0,-0.2954825399585559
1369275150.0,-0.42790766157270355
1369277850.0,-0.5854287614986049
1369280550.0,-2.1615878821650085
1369283250.0,-2.723682495506125
1369285950.0,-2.7860116288293852
1369288650.0,-2.770149019278591
1369291350.0,-2.7818612237047944
1369294050.0,-2.770045948043588
1369296750.0,-2.7907327007874017
1369299450.0,-2.6551922024609382
1369302150.0,-2.623043122278972
1369304850.0,-2.5254172687567404
1369307550.0,-2.4529775839867227
1369310250.0,-2.4921686420261437
1369312950.0,-2.4248085446699292
1369315650.0,-2.4629558722047022
1369318350.0,-2.412414407922597
1369321050.0,-2.38817899071546
1369323750.0,-2.4014495560980436
1369326450.0,-2.404999880202041
1369329150.0,-2.389275975758949
1369331850.0,-0.49839163854917956
1369334550.0,1.0972074837974901
1369337250.0,-1.0033185749161362
1369339950.0,-1.382196724094257
1369342650.0,-1.3617160276074856
1369345350.0,-1.4056831196938049
1369348050.0,-1.4102642375845846
1369350750.0,-1.3673981393228019
1369353450.0,-1.228793769657159
1369356150.0,-1.2392926371577744
1369358850.0,-1.2392405935712816
1369361550.0,-1.2810707194012707
1369364250.0,-1.3283275727999637
1369366950.0,-1.5193714432543288
1369369650.0,-1.6277563484287896
1369372350.0,-1.6915658046496844
1369375050.0,-1.7800643303051515
1369377750.0,-1.7701035464388895
1369380450.0,-3.318963769885471
1369383150.0,-3.9055814141266865
1369385850.0,-3.8675170360194215
1369388550.0,-3.8245997135210814
1369391250.0,-3.7732288995038346
1369393950.0,-3.7211536650325456
1369396650.0,-3.84847159031051
1369399350.0,-3.6380900419442526
1369402050.0,-3.5705427251916717
1369404750.0,-3.5989439018393625
1369407450.0,-3.541349501290739
1369410150.0,-3.5019110968789278
1369412850.0,-3.4900177140383732
1369415550.0,-3.4249495112034367
1369418250.0,-0.1910875278521189
1369420950.0,-0.048337389393395824
1369423650.0,-0.049580186405478344
1369426350.0,-0.04474518663013782
1369429050.0,-0.39825540104570223
1369431750.0,-2.23790183097006
1369434450.0,-2.3206570387407623
1369437150.0,-2.2050920380402204
1369439850.0,-2.2557923984227273
1369442550.0,-2.174405646588866
1369445250.0,-2.1087217606963407
1369447950.0,-2.1398742429911124
1369450650.0,-2.2175852259652515
1369453350.0,-2.349700381005846
1369456050.0,-2.366483468328312
1369458750.0,-2.492264449944088
1369461450.0,-2.5042813617608033
1369464150.0,-2.534903020872804
1369466850.0,-2.583187747678892
1369469550.0,-2.582183254729955
1369472250.0,-2.482436078357267
1369474950.0,-0.740929956058693
1369477650.0,0.5376257298474059
1369480350.0,0.5705590513611014
1369483050.0,0.48663917899489206
1369485750.0,0.5514672323499781
1369488450.0,0.6019425434860182
1369491150.0,0.6044719708416721
1369493850.0,0.6819533612137718
1369496550.0,0.6540450316990416
1369499250.0,0.6776951687136545
1369501950.0,0.6993513868296759
1369504650.0,0.6662572317536615
1369507350.0,0.3152438608685486
1369510050.0,-2.525380743500449
1369512750.0,-0.8112828563610606
1369515450.0,-0.5682973245442895
1369518150.0,-0.5522658188233152
1369520850.0,-0.5028711351125423
1369523550.0,-0.4394700031334935
1369526250.0,-0.3768644991490646
1369528950.0,-0.3281257673907305
1369531650.0,-0.3365402669726336
1369534350.0,-0.3608718061924776
1369537050.0,-0.42690744091530064
1369539750.0,-0.5193558776232408
1369542450.0,-0.5716741537769963
1369545150.0,-0.7189181675559553
1369547850.0,-0.8527960204066289
1369550550.0,-3.1307511633717695
1369553250.0,-3.3352244401684743
1369555950.0,-3.3601386160081574
1369558650.0,-3.3296513532974927
1369561350.0,-3.298549711542563
1369564050.0,-3.0719847714960338
1369566750.0,-0.8330267866185181
1369569450.0,-0.7623918994451913
1369572150.0,-0.49109337808693
1369574850.0,-0.461101414782604
1369577550.0,-0.5029280486438381
1369580250.0,-0.4585517634931193
1369582950.0,-0.4248227750059925
1369585650.0,-0.42055796601675866
1369588350.0,-0.37784165615639154
1369591050.0,-0.4800876150708575
1369593750.0,-0.5377717288130839
1369596450.0,-2.5706093073771115
1369599150.0,-2.895201987638302
1369601850.0,-2.721041289388012
1369604550.0,-2.11966876953619
1369607250.0,-0.564861978391832
1369609950.0,-0.4535431340849243
1369612650.0,-0.397913458045025
1369615350.0,-0.2955333023101332
1369618050.0,-0.3144880658376792
1369620750.0,-0.3806397203395022
1369623450.0,-0.3491664728795172
1369626150.0,-0.41827971127077035
1369628850.0,-0.41433338900961303
1369631550.0,-0.485545356140733
1369634250.0,-0.45397776894600383
1369636950.0,-0.5799145032168838
1369639680.0,-0.6625686869788865
1369642380.0,-1.1324083554464153
1369645080.0,-3.106769760254707
1369647780.0,-3.130750558515473
1369650480.0,-3.1109613241747525
1369653180.0,-3.1390576818897102
1369655880.0,-3.2314381047786753
1369658580.0,-2.999239766035089
1369661280.0,-2.9813555683630852
1369663980.0,-2.8533777086454677
1369666680.0,-2.649696607937898
1369669380.0,-0.2166789520239547
1369672080.0,0.024041915553254967
1369674780.0,0.02509630630189008
1369677480.0,-0.039446236025554526
1369680180.0,-0.07116176229470739
1369682880.0,-0.4916575369772147
1369685580.0,-2.070767672933073
1369688280.0,-2.207138916500668
1369690980.0,-2.2491371893522967
1369693680.0,-2.22024317596518
1369696380.0,-2.0788344908111753
1369699080.0,-2.0574045133101606
1369701780.0,-1.9851316977876081
1369704480.0,-1.903204410136567
1369707180.0,-1.9491484111941588
1369709880.0,-1.999799345762085
1369712580.0,-2.0214687171720698
1369715280.0,-2.0660725998797034
1369717980.0,-2.0536120662049484
1369720680.0,-2.0964392344568807
1369723380.0,-2.1194232606856076
1369726080.0,-2.194226393868547
1369728780.0,-2.2379457588319838
1369731480.0,-2.343615284772966
1369734180.0,-3.334562905380153
1369736880.0,-4.530320661747055
1369739580.0,-4.66166868720137
1369742280.0,-4.587699019321946
1369744980.0,-4.508901102353121
1369747680.0,-4.431871149442344
1369750380.0,-1.150363763256962
1369753080.0,-0.9465860334240688
1369755780.0,-0.9218983948344714
1369758480.0,-0.7927504264473555
1369761180.0,-0.8114477278276127
1369763880.0,-0.803950263870064
1369766580.0,-0.7496665953666479
1369769280.0,-0.8448226092398272
1369771980.0,-0.9957056802040825
1369774680.0,-1.1061427097166074
1369777380.0,-2.8567410853022466
1369780080.0,-2.945318071124291
1369782780.0,-2.9020765496304364
1369785480.0,-2.8469023085664276
1369788180.0,-2.869113216481054
1369790880.0,-2.7484580184992353
1369793580.0,-2.7331180946106315
1369796280.0,-2.8070967488066856
1369798980.0,-2.8188713760312396
1369801680.0,-2.9433166874890446
1369804380.0,-2.9090651328599506
1369807080.0,-2.9236323614937305
1369809780.0,-2.945657870993898
1369812480.0,-2.9792240276736095
1369815180.0,-3.070746529841017
1369817880.0,-3.055073979789597
1369820580.0,-3.019813207774206
1369823280.0,-3.0773743411081966
1369825980.0,-3.1185704306964226
1369828680.0,-3.136789902583473
1369831380.0,-3.23841864457998
1369834080.0,-3.1878703673453685
1369836780.0,0.2548211616945082
1369839480.0,-1.6694703025128774
1369842180.0,-2.0329692309935865
1369844880.0,-1.9264651968550766
1369847580.0,-1.8926398543919163
1369850280.0,-1.8672573401110242
1369852980.0,-1.7825828469582348
1369855680.0,-1.6477884332435337
1369858380.0,-1.5430804144237982
1369861080.0,-1.5274742275108508
1369863780.0,-1.5690537645151608
1369866480.0,-0.6138588036495776
1369869180.0,0.6016932642779977
1369871880.0,0.6903819478175706
1369874580.0,0.7352173555084676
1369877280.0,0.7229159246068662
1369879980.0,0.7353083814375623
1369882680.0,0.6786029632790189
1369885380.0,0.7277279144038005
1369888080.0,0.6038550624762706
1369890780.0,0.6282057616491272
1369893480.0,0.664614093523511
1369896180.0,0.6020392671092623
1369898880.0,0.5524232489393057
1369901580.0,0.5005404975703414
1369904280.0,0.5175145941955179
1369906980.0,0.5097007216564293
1369909680.0,0.5252734594068329
1369912380.0,0.3746349355556333
1369915080.0,0.2340476079399707
1369917780.0,-2.8277810337461062
1369920480.0,-2.777992599657864
1369923180.0,-2.8173249852978017
1369925880.0,-0.6223803824760523
1369928580.0,-0.26358111803645556
1369931280.0,-0.13435719505432075
1369933980.0,-0.08402788230526426
1369936680.0,-0.12008837653667115
1369939380.0,-0.06429094204227681
1369942080.0,0.022315995123790344
1369944780.0,0.11690638891093386
1369947480.0,0.033862824945373404
1369950180.0,-0.0029963371474934775
1369952880.0,-1.769408728570113
1369955580.0,-2.058240417315858
1369958280.0,-1.9777690595681179
1369960980.0,-1.8808521646038514
1369963680.0,-1.872514513605978
1369966380.0,-1.8679491660644771
1369969080.0,-1.9260285618454418
1369971780.0,-2.003405825906867
1369974480.0,-1.9924549383637498
1369977180.0,-1.984333955227413
1369979880.0,-2.030992510756761
1369982580.0,-2.084501814027192
1369985280.0,-2.0724331405808414
1369987980.0,-2.0740629591630295
1369990680.0,-2.0653266646431803
1369993380.0,-1.9949445974150137
1369996080.0,-2.0071908246826524
1369998780.0,-2.0387779773413683
1370001480.0,-2.0572514698823454
1370004180.0,-2.1229004925479558
1370006880.0,-2.1843264515049157
1370009580.0,-2.260013215132261
1370012280.0,-2.2956599380062244
1370014980.0,0.5395269625030892
1370017680.0,1.1333086604684013
1370020380.0,1.22041523643
1370023080.0,-1.231647353392674
1370025780.0,-1.6331419191813552
1370028480.0,-1.5984981453441378
1370031180.0,-1.4184371863980232
1370033880.0,-1.1889791031030938
1370036580.0,-1.1104642183915985
1370039280.0,-1.0355507256203111
1370041980.0,-0.6533537494746327
1370044680.0,1.2019384464747702
1370047380.0,1.313563449260215
1370050080.0,1.3660204742751603
1370052780.0,1.2942925022470035
1370055480.0,1.1886827236377826
1370058180.0,1.152414173942617
1370060880.0,1.146485563258409
1370063580.0,1.1158637626325287
1370066280.0,1.0766425128818753
1370068980.0,1.0617725610625541
1370071680.0,1.0087802301877389
1370074380.0,1.0385792589779896
1370077080.0,1.0521457226942914
1370079780.0,1.1043450741335903
1370082480.0,1.0626052521073177
1370085180.0,1.0808689782040801
1370087880.0,0.993766621234812
1370090580.0,0.8976963831860871
1370093280.0,0.9778618831908261
1370095980.0,0.984075253721926
1370098680.0,0.978255988631048
1370101380.0,1.3744123307428424
1370104080.0,3.423024108913836
1370106780.0,0.25709832157252777
1370109480.0,-0.03536959770963222
1370112180.0,0.0011839629490282277
1370114880.0,0.03541845105911534
1370117580.0,0.021131797571229072
1370120280.0,0.2385881085339463
1370122980.0,0.3813467674088997
1370125680.0,0.4705813673230921
1370128380.0,0.6883163721554411
1370131080.0,0.6096768419425018
1370133780.0,0.6852084054039551
1370136480.0,2.5265632262677116
1370139180.0,2.8491981769202255
1370141880.0,2.8304894356710975
1370144580.0,2.8194478492083874
1370147280.0,2.7292147640607425
1370149980.0,2.766557540509126
1370152680.0,2.7782682246437673
1370155380.0,2.7442392259434882
1370158080.0,2.61965229418675
1370160780.0,2.7388065557558434
1370163480.0,2.702102949335739
1370166180.0,2.7372749497816358
1370168880.0,2.722915234258295
1370171580.0,2.7054821589788958
1370174280.0,2.8757356928390436
1370176980.0,2.672646436208936
1370179680.0,2.7477679409666678
1370182380.0,2.757610408841515
1370185080.0,2.6777400122724373
1370187780.0,2.6009054867581654
1370190480.0,1.857669819219268
1370193180.0,-0.9485552984645551
1370195880.0,-1.1048970907986018
1370198580.0,0.5644257046654957
1370201280.0,1.6296476447748205
1370203980.0,1.6740435281875818
1370206680.0,1.7035817826528614
1370209380.0,1.7534376515008034
1370212080.0,1.747969444436734
1370214780.0,1.9981609079605676
1370217480.0,1.9735379304508456
1370220180.0,2.004087176246969
1370222880.0,1.976212168533948
1370225580.0,0.1366820850121826
1370228280.0,-0.29463975291645284
1370230980.0,-0.3425880229769689
1370233680.0,-0.45114729525354846
1370236380.0,-0.4058535751750867
1370239080.0,-0.4089931832895104
1370241780.0,-0.48108561453307175
1370244480.0,-0.4685287771004596
1370247180.0,-0.44036082444984004
1370249880.0,-0.42521660252987203
1370252580.0,-0.4267445262912588
1370255280.0,-0.37024331283009815
1370257980.0,-0.3771043820919431
1370260680.0,-0.23496545380686484
1370263380.0,-0.3792191309136115
1370266080.0,-0.37936658802567536
1370268780.0,-0.34685110599565405
1370271480.0,-0.36906150220261225
1370274180.0,-0.43084383226874934
1370276880.0,-0.4631647665796095
1370279580.0,-2.552878974633245
1370282280.0,-0.06323091257061719
1370284980.0,0.1516682664904181
1370287680.0,0.09887736477796238
1370290380.0,0.1594501470818841
1370293080.0,0.11332581922837903
1370295780.0,0.18911035949355437
1370298480.0,0.21250873154482974
1370301180.0,0.35876234933181195
1370303880.0,0.6276005452740492
1370306580.0,0.8559929730235183
1370309280.0,2.1778657989299006
1370311980.0,2.677764091479787
1370314680.0,2.662920997630863
1370317380.0,2.5745695126466615
1370320080.0,2.513576539675995
1370322780.0,2.4985468912194335
1370325480.0,2.498885086644094
1370328180.0,2.387739969299048
1370330880.0,2.3118716977083693
1370333580.0,2.3924524786856693
1370336280.0,2.414079410812491
1370338980.0,2.4175988361743634
1370341680.0,2.4502342708117624
1370344380.0,2.4442907749839264
1370347080.0,2.5079503506267713
1370349780.0,2.4822249180941753
1370352480.0,2.4503561379414407
1370355180.0,2.5270682003918807
1370357880.0,2.5448380405983926
1370360580.0,2.5275903671764297
1370363280.0,2.4889012397478325
1370365980.0,-0.09344202892020803
1370368680.0,-1.1481820740710873
1370371380.0,-0.7988092201270263
1370374080.0,1.3454023239620767
1370376780.0,1.3701124484801426
1370379480.0,1.335842848591824
1370382180.0,1.3515645581096862
1370384880.0,1.382155343867879
1370387580.0,1.4031213834468588
1370390280.0,1.4087531112369902
1370392980.0,1.4795455798507646
1370395680.0,1.6275082187951284
1370398380.0,1.6439282889079436
1370401080.0,1.6161542513762868
1370403780.0,0.5247240634120942
1370406480.0,0.9282915852915892
1370409180.0,0.9663981105503581
1370411880.0,0.9465935366977476
1370414580.0,0.8655842862026475
1370417280.0,0.8595774318628742
1370419980.0,0.8952998887097294
1370422680.0,0.8741496282399908
1370425380.0,0.9159594914077331
1370428080.0,0.920376420234021
1370430780.0,0.9524873907624283
1370433480.0,0.9070907782792688
1370436180.0,0.9881986409141064
1370438880.0,0.961053728514571
1370441580.0,1.0174476847167853
1370444280.0,1.0793621364828425
1370446980.0,1.0863772752180694
1370449680.0,1.2050447565235913
1370452380.0,1.0850707311431051
1370455080.0,1.024810679608919
1370457780.0,-1.3055168790704386
1370460480.0,-1.3981287259364876
1370463180.0,0.037907957129590386
1370465880.0,0.9001346293875372
1370468580.0,0.959465665906464
1370471280.0,1.0014535589836555
1370473980.0,1.0874112934400557
1370476680.0,1.088470760097266
1370479380.0,1.1083333965457598
1370482080.0,1.1469954410967773
1370484780.0,1.1353898581347437
1370487480.0,1.082145007969217
1370490180.0,1.151328669291587
1370492880.0,1.065014759431591
1370495580.0,1.1773005440370525
1370498280.0,1.0848016482953255
1370500980.0,1.0882587686812712
1370503680.0,1.0281453133978289
1370506380.0,1.0403340935681626
1370509080.0,0.9653131339492234
1370511780.0,1.0316839109721627
1370514480.0,0.9998230080297503
1370517180.0,0.9705663291318274
1370519880.0,1.003201716582879
1370522580.0,1.076779272671729
1370525280.0,1.0992876531337856
1370527980.0,1.1278122690366956
1370530680.0,1.2097024173174873
1370533380.0,1.3833341409470847
1370536080.0,4.51333817242795
1370538780.0,4.514211695759087
1370541480.0,4.400936610725324
1370544180.0,1.03057840705236
1370546880.0,0.7549131679733705
1370549580.0,0.76290747324893
1370552280.0,0.713166170680239
1370554980.0,0.6512222208032767
1370557680.0,0.6935346731516745
1370560380.0,0.76325751745415
1370563080.0,0.7631509496185345
1370565780.0,0.7341903057571812
1370568480.0,0.6492910147795783
1370571180.0,0.6487600593507921
1370573880.0,0.5644845294551146
1370576580.0,0.5599344121268643
1370579280.0,1.9556458696387153
1370581980.0,2.9819070351614982
1370584680.0,2.9279046634791257
1370587380.0,2.8991156669206077
1370590080.0,2.8416579744727244
1370592780.0,2.8707344938470953
1370595480.0,2.893226110343221
1370598180.0,2.9478855159804027
1370600880.0,2.9415380649742815
1370603580.0,2.890587177316661
1370606280.0,2.9543965717508343
1370608980.0,2.8632206101616475
1370611680.0,2.8768157344663905
1370614380.0,2.9556447167488216
1370617080.0,2.91808837641031
1370619780.0,3.039265391401017
1370622480.0,3.1102127914276707
1370625180.0,5.030997325692709
1370627880.0,5.415245590135612
1370630580.0,5.419062540930099
1370633280.0,1.8150378338839914
1370635980.0,1.6867557195150766
1370638680.0,1.6180262937481302
1370641380.0,1.6273133871964376
1370644080.0,1.6136765868985492
1370646780.0,1.6234119454655058
1370649480.0,1.6278339132976214
1370652180.0,1.6120760219667147
1370654880.0,1.5480269291527122
1370657580.0,1.4502290566150293
1370660280.0,1.3267447185896515
1370662980.0,1.2685851580084204
1370665680.0,1.248457079872054
1370668380.0,1.2657958974522217
1370671080.0,1.2185259740254537
1370673780.0,1.2367852645046753
1370676480.0,1.2271455577900952
1370679180.0,1.227365480556898
1370681880.0,1.3558636551568384
1370684580.0,1.3646205207409992
1370687280.0,1.4560179402830045
1370689980.0,1.517828678154359
1370692680.0,2.919600243903318
1370695380.0,4.124312459217208
1370698080.0,4.268863186156324
1370700780.0,4.34366197911109
1370703480.0,4.284095429118935
1370706180.0,4.396586316635336
1370708880.0,4.323590145646449
1370711580.0,4.370872593553173
1370714280.0,4.43349601422571
1370716980.0,3.3013553451868916
1370719680.0,0.9852589305912147
1370722380.0,0.8804987398731896
1370725080.0,0.9234054769192426
1370727780.0,0.9661918749626182
1370730480.0,0.9831222012622902
1370733180.0,0.9803263797116131
1370735880.0,0.931833211452215
1370738580.0,0.9704116458128453
1370741280.0,0.897699603343824
1370743980.0,0.8163988950560679
1370746680.0,0.7600785156258496
1370749380.0,0.618936509121653
1370752080.0,0.5977284025541678
1370754780.0,0.6343990462501381
1370757480.0,0.6212066705525672
1370760180.0,0.5852282992053404
1370762880.0,0.5357737575933754
1370765580.0,0.5887709908473937
1370768280.0,0.6163616701008152
1370770980.0,0.6022845684493632
1370773680.0,0.7324927091859763
1370776380.0,3.870289421137045
1370779080.0,3.8507596066270082
1370781780.0,3.9538002966733643
1370784480.0,3.9983784015371384
1370787180.0,4.005209674034234
1370789880.0,3.976163650259224
1370792580.0,4.053847046558502
1370795280.0,4.118215019959905
1370797980.0,4.109365168643222
1370800680.0,4.126246877697383
1370803380.0,4.313321352744225
1370806080.0,4.878138805347618
1370808780.0,2.7519671022922694
1370811480.0,2.7066682455019304
1370814180.0,2.6991115464285826
1370816880.0,2.6900036561947047
1370819580.0,2.7415408060119546
1370822280.0,2.7155069470574347
1370824980.0,2.6736401650404957
1370827680.0,2.7330206614745123
1370830380.0,2.6517050087119856
1370833080.0,2.635076999345273
1370835780.0,2.4707088419069407
1370838480.0,2.426700532578053
1370841180.0,2.494586827864538
1370843880.0,2.381935059075829
1370846580.0,2.3821756275879125
1370849280.0,2.3278426953557414
1370851980.0,2.3391915278046724
1370854680.0,2.3091759919310846
1370857380.0,2.323019821459667
1370860080.0,2.281923997270411
1370862780.0,1.944172279900414
1370865480.0,1.9112640024124232
1370868180.0,2.021120527489586
1370870880.0,2.066188319746118
1370873580.0,2.0809418523002705
1370876280.0,2.092026034813017
1370878980.0,2.092531689054539
1370881680.0,2.1420488583522115
1370884380.0,2.081411314352863
1370887080.0,2.0727644263575087
1370889780.0,2.1819244121110444
1370892480.0,2.4128715950479602
1370895180.0,2.4825975473388553
1370897880.0,1.9739737204870664
1370900580.0,2.286009347106983
1370903280.0,2.33132984390582
1370905980.0,2.4264529695862223
1370908680.0,2.4973281071276006
1370911380.0,2.4807160101992167
1370914080.0,2.4665994840732424
1370916780.0,2.4092433794243107
1370919480.0,2.3153397775488713
1370922180.0,2.3264282754371095
1370924880.0,2.2454991843686685
1370927580.0,2.2679346508502647
1370930280.0,2.1830973658702533
1370932980.0,2.2098218959947644
1370935680.0,2.1866750350756092
1370938380.0,2.1266827332898117
1370941080.0,2.120659787107485
1370943780.0,2.1367286109478414
1370946480.0,2.0545578183055113
1370949180.0,2.0498088353908486
1370951880.0,1.8506005142732818
1370954580.0,2.2521773835333647
1370957280.0,4.304352337444868
1370959980.0,2.1047973502972184
1370962680.0,1.8809655812171968
1370965380.0,1.9365590619506179
1370968080.0,1.9043748278658086
1370970780.0,1.82018980682372
1370973480.0,1.8567694037104445
1370976180.0,1.8735491044540993
1370978880.0,1.9805804574633328
1370981580.0,2.091139706599648
1370984280.0,2.148560286520734
1370986980.0,2.2480890758633336
1370989680.0,2.307880297174364
1370992380.0,2.3051058238227427
1370995080.0,2.379299799562091
1370997780.0,2.356800556775397
1371000480.0,2.304731446401803
1371003180.0,2.2261120971377863
1371005880.0,2.112755819277112
1371008580.0,2.1040461186680943
1371011280.0,0.7069765899000515
1371013980.0,-0.19052929325007995
1371016680.0,-0.296061328667264
1371019380.0,-0.36560155211174106
1371022080.0,-0.38760789167099574
1371024780.0,-0.39587471667277896
1371027480.0,-0.36745718198719146
1371030180.0,-0.4153104812216668
1371032880.0,-0.4578571144965906
1371035580.0,-0.41981405852015996
1371038280.0,-0.3774267150071182
1371040980.0,-0.3290648068478106
1371043680.0,-0.22866172040841093
1371046380.0,3.152793214366426
1371049080.0,3.2510053704771735
1371051780.0,3.3935496349030245
1371054480.0,3.3442081287358008
1371057180.0,3.2494986865387716
1371059880.0,3.023717323764288
1371062580.0,0.8671317234129958
1371065280.0,0.700629532578148
1371067980.0,0.8034801702478376
1371070680.0,0.9856810722817784
1371073380.0,1.1553248507350133
1371076080.0,1.3822722139308325
1371078780.0,3.1751833813834764
1371081480.0,3.713333369401795
1371084180.0,3.780906447298321
1371086880.0,3.764690279486672
1371089580.0,3.706570029951024
1371092280.0,3.6652200135132205
1371094980.0,3.5556777766952905
1371097680.0,3.5780325297798186
1371100380.0,3.6306499787610846
1371103080.0,3.551164447285032
1371105780.0,3.430812738207976
1371108480.0,3.534445169222465
1371111180.0,3.482485787425361
1371113880.0,3.4867202799625545
1371116580.0,3.3630057105291087
1371119280.0,3.288674576235735
1371121980.0,3.2680412543657553
1371124680.0,3.0910918981360282
1371127380.0,3.2494929874541185
1371130080.0,3.245349721698034
1371132780.0,3.3054185394975377
1371135480.0,3.019970089986174
1371138180.0,2.8171548502788255
1371140880.0,2.816579887522437
1371143580.0,2.7409936216248525
1371146280.0,2.733042216564968
1371148980.0,2.689159923596719
1371151680.0,2.741288134891164
1371154380.0,2.7286123830189126
1371157080.0,2.8500660562149562
1371159780.0,2.8956668346299637
1371162480.0,3.1042139277693934
1371165180.0,3.1115704930510333
1371167880.0,3.1402639721565038
1371170580.0,3.281589860550554
1371173280.0,3.3550824914182726
1371175980.0,3.355234505001931
1371178680.0,3.261411517391963
1371181380.0,3.1196323319100543
1371184080.0,3.144827745406161
1371186780.0,3.151727199020854
1371189480.0,3.0756027871642573
1371192180.0,3.0040467902095997
1371194880.0,3.024352758973322
1371197580.0,3.0136113977274874
1371200280.0,2.989748157170226
1371202980.0,2.94781625844044
1371205680.0,2.877795247239135
1371208380.0,2.962660578510821
1371211080.0,2.8422550775723607
1371213780.0,2.975987952514629
1371216480.0,2.9454951619650274
1371219180.0,3.0256938171323213
1371221880.0,2.98695974615066
1371224580.0,2.727036826605513
1371227280.0,2.891985843225598
1371229980.0,2.9018961783091015
1371232680.0,2.89436601827137
1371235380.0,2.8206929928254
1371238080.0,2.7961545824447285
1371240780.0,2.7344184911316347
1371243480.0,2.7392456374368805
1371246180.0,2.8100037737010837
1371248880.0,2.894822489648476
1371251580.0,3.0228340615072966
1371254280.0,3.153244771209131
1371256980.0,3.33878709216836
1371259680.0,4.375378476172386
1371262380.0,5.679851103853792
1371265080.0,5.675563071699344
1371267780.0,5.640540626226311
1371270480.0,5.648481808299721
1371273180.0,5.7036455112147735
1371275880.0,5.60121610518857
1371278580.0,5.581928144843232
1371281280.0,5.596869640462302
1371283980.0,5.61299045685567
1371286680.0,5.577121454090673
1371289380.0,5.537562643067076
1371292080.0,5.451831446630649
1371294780.0,5.4231119695661505
1371297480.0,5.683171785576548
1371300180.0,5.3733025533761065
1371302880.0,5.393778529667998
1371305580.0,5.36007999194976
1371308280.0,2.118372582398621
1371310980.0,1.8383262079344718
1371313680.0,2.451272656555375
1371316380.0,4.2621607122283365
1371319080.0,4.337656438388535
1371321780.0,4.342979536113944
1371324480.0,4.21289440646251
1371327180.0,4.105768079868852
1371329880.0,4.082945346677661
1371332580.0,4.144227050564496
1371335280.0,4.095494961191463
1371337980.0,4.1790191090947815
1371340680.0,4.253305717228017
1371343380.0,4.367566824631012
1371346080.0,4.370760593780545
1371348780.0,4.338546000406723
1371351480.0,4.352303445378567
1371354180.0,4.2803643984387065
1371356880.0,4.3446159620849585
1371359580.0,4.396132930168221
1371362280.0,4.3787370827224095
1371364980.0,4.3095756103211045
1371367680.0,4.3661096335787875
1371370380.0,4.362520216816961
1371373080.0,4.3898847165275185
1371375780.0,4.302617948740419
1371378480.0,4.333325702125876
1371381180.0,4.219311259573431
1371383880.0,4.359679391033552
1371386580.0,4.219089055214397
1371389280.0,4.218467505613518
1371391980.0,4.282796176895772
1371394680.0,1.733066223558012
1371397380.0,0.8409895223107071
1371400080.0,0.8099580541666
1371402780.0,4.033885504160963
1371405480.0,4.125829658505808
1371408180.0,4.0776903870453225
1371410880.0,3.9499511952969897
1371413580.0,3.7686022854747137
1371416280.0,3.6856877115412487
1371418980.0,3.672093206307494
1371421680.0,3.6591273342324087
1371424380.0,3.6774234447948686
1371427080.0,1.5522874006492486
1371429780.0,1.4926519044673796
1371432480.0,1.7356853903848162
1371435180.0,3.489858130191351
1371437880.0,3.804537540040485
1371440580.0,3.7368512929508597
1371443280.0,3.930764474654495
1371445980.0,3.8541372464164
1371448680.0,3.8515450389728585
1371451380.0,3.846931150958568
1371454080.0,3.849668927094939
1371456780.0,3.8088814641442355
1371459480.0,3.831448437719473
1371462180.0,3.7911357075875003
1371464880.0,3.7479346097964594
1371467580.0,3.7634935520021315
1371470280.0,3.6291684705271336
1371472980.0,3.929734205485886
1371475680.0,3.9258353336088874
1371478380.0,3.98884126248322
1371481080.0,2.382899514045505
1371483780.0,1.6399169733295196
1371486480.0,1.5698442498854206
1371489180.0,3.673877875354151
1371491880.0,3.982007930424629
1371494580.0,3.9238082043579254
1371497280.0,3.8932711049825173
1371499980.0,3.7210137419269245
1371502680.0,3.5494532797802947
1371505380.0,3.4697953870360436
1371508080.0,3.4073258379553124
1371510780.0,3.400133518306177
1371513480.0,3.3395724687050006
1371516180.0,1.0808648868155046
1371518880.0,0.9884152351494038
1371521580.0,1.03229482380263
1371524280.0,1.025467410861495
1371526980.0,1.0057775764018118
1371529680.0,1.193288858559697
1371532380.0,1.1777738916298404
1371535080.0,1.186882081559503
1371537780.0,1.243643062415316
1371540480.0,1.210735075047353
1371543180.0,1.2589546064211845
1371545880.0,1.2211060442881205
1371548580.0,1.2148223474514737
1371551280.0,1.1823397468984354
1371553980.0,1.2044480390348156
1371556680.0,1.0262607176147185
1371559380.0,1.217116317430765
1371562080.0,1.3301519908534374
1371564780.0,1.285782631269882
1371567480.0,1.3316579706023504
1371570180.0,1.3620426123129619
1371572880.0,1.305377139835258
1371575580.0,1.4690445928779639
1371578280.0,2.136921001829137
1371580980.0,2.112772726355786
1371583680.0,2.13316766693211
1371586380.0,2.1129105598308797
1371589080.0,2.1385074601045346
1371591780.0,2.121719019875144
1371594480.0,1.9792461413703393
1371597180.0,1.8614430402690516
1371599880.0,1.7867017306541015
1371602580.0,1.7257301888245422
1371605280.0,1.656078210594444
1371607980.0,1.5041259199368824
1371610680.0,-0.5031179631488101
1371613380.0,-0.5957522761844984
1371616080.0,-0.4940496104646286
1371618780.0,-0.4999377748505651
1371621480.0,-0.4574846355208706
1371624180.0,-0.45382350117543524
1371626880.0,-0.4378763360452922
1371629580.0,-0.3406672891116216
1371632280.0,-0.3720048424848983
1371634980.0,-0.49239657932838554
1371637680.0,-0.4216180824522837
1371640380.0,-0.42364892159466194
1371643080.0,-0.45022049541012166
1371645780.0,-0.433608275300827
1371648480.0,-0.20920844372378156
1371651180.0,-0.30139148163488017
1371653880.0,-0.23317901915083894
1371656580.0,-0.24582567606353223
1371659280.0,-0.18271158162724532
1371661980.0,-0.12438746365802444
1371664680.0,3.172192451671208
1371667380.0,3.3764723583856835
1371670080.0,1.1019000216094526
1371672780.0,0.7247554192761925
1371675480.0,0.6922565087431849
1371678180.0,0.6986299873640576
1371680880.0,0.6937966725416516
1371683580.0,0.585326887153002
1371686280.0,0.562766844724365
1371688980.0,0.46976367303614097
1371691680.0,0.3586735998085544
1371694380.0,0.2294864110050412
1371697080.0,0.12723368138105684
1371699780.0,0.07889320848937587
1371702480.0,0.21715061470328578
1371705180.0,0.229999657775096
1371707880.0,0.24248386796708132
1371710580.0,0.162475754260754
1371713280.0,0.2725584259010816
1371715980.0,0.3291315425166772
1371718680.0,0.3615786923966766
1371721380.0,0.3243299423446615
1371724080.0,0.42525295025322407
1371726780.0,0.3958223717856981
1371729480.0,0.5217618699555544
1371732180.0,0.4986385244178564
1371734880.0,0.5063700569805007
1371737580.0,0.4912177984485595
1371740280.0,0.5504867284104193
1371742980.0,0.5235020032632178
1371745680.0,0.5508263550814547
1371748380.0,0.5972052171107123
1371751080.0,2.3374684653850863
1371753780.0,0.8901185088374177
1371756480.0,0.8313878610743188
1371759180.0,0.8176135500560235
1371761880.0,0.8400388592238244
1371764580.0,0.8064424606461387
1371767280.0,0.9014974301997825
1371769980.0,0.819270343487517
1371772680.0,0.8046533012277735
1371775380.0,0.6510466048146668
1371778080.0,0.4372855672177991
1371780780.0,-0.26654448923858354
1371783480.0,-1.773481817438551
1371786180.0,-1.8439545757263431
1371788880.0,-1.7547294065322205
1371791580.0,-1.8026588099003504
1371794280.0,-1.7542972774975851
1371796980.0,-1.8232830712265695
1371799680.0,-1.7302769840387668
1371802380.0,-1.6869623820724087
1371805080.0,-1.640654224878574
1371807780.0,-1.5868823658283588
1371810480.0,-1.53766218914987
1371813180.0,-1.5224739055959162
1371815880.0,-1.4513042122821105
1371818580.0,-1.374445856878424
1371821280.0,-1.4174869433903154
1371823980.0,-1.3919729242021788
1371826680.0,-1.3519660172806596
1371829380.0,-1.3145729510398496
1371832080.0,-1.370574085715333
1371834780.0,1.325638465616919
1371837480.0,-0.08873427112288823
1371840180.0,-0.39279035974931276
1371842880.0,-0.37913803948876534
1371845580.0,-0.3593982147765189
1371848280.0,-0.31967567232820215
1371850980.0,-0.30709121006950113
1371853680.0,-0.21179952504516564
1371856380.0,-0.1513058641617988
1371859080.0,-0.17890734446771717
1371861780.0,-0.14803648106772016
1371864480.0,-0.20935881457867822
1371867180.0,-0.6013010592569685
1371869880.0,-1.2347219385217443
1371872580.0,-2.5409416260338844
1371875280.0,-2.58443229681518
1371877980.0,-2.6688538650518296
1371880680.0,-2.5734871342339716
1371883380.0,-2.6671541258618845
1371886080.0,-2.620737922876458
1371888780.0,-2.5303886781678955
1371891480.0,-2.406018425581152
1371894180.0,-2.2667324306721355
1371896880.0,0.4765465845995607
1371899580.0,0.6478735177961994
1371902280.0,0.8777041891727606
1371904980.0,0.726047783535023
1371907680.0,0.7161492713977964
1371910380.0,0.7389525135335475
1371913080.0,0.7783012607637261
1371915780.0,0.7434602784523463
1371918480.0,0.6506474976111747
1371921180.0,0.6253297724646245
1371923880.0,0.10898782434128407
1371926580.0,-1.8906461449796268
1371929280.0,-1.8224251917407344
1371931980.0,-1.7328608509643004
1371934680.0,-1.5720604747415337
1371937380.0,-0.5163300660924506
1371940080.0,0.640227590322354
1371942780.0,0.7686613437873575
1371945480.0,0.7797105826658708
1371948180.0,0.8301595369217409
1371950880.0,0.7943817455696092
1371953580.0,0.641358315065645
1371956280.0,0.6317418258714156
1371958980.0,0.5173309074353085
1371961680.0,0.5334251163778276
1371964380.0,0.49175531385159843
1371967080.0,0.3774463106192911
1371969780.0,0.29889533587115125
1371972480.0,0.2963188920909374
1371975180.0,0.32526630592747097
1371977880.0,0.32376647168672434
1371980580.0,0.3724427325213071
1371983280.0,0.4349183935784424
1371985980.0,0.530210567524847
1371988680.0,2.821901769276394
1371991380.0,2.9157452910198742
1371994080.0,2.963337813456576
1371996780.0,2.929389752982104
1371999480.0,3.0342754093560416
1372002180.0,2.9501446823128106
1372004880.0,2.9130122411455375
1372007580.0,2.8439603249975107
1372010280.0,-0.5464846927114593
1372012980.0,-0.7142165527500879
1372015680.0,-0.6936144596924692
1372018380.0,-0.709376346803225
1372021080.0,-0.645465142492327
1372023780.0,-0.4954704891553945
1372026480.0,-0.5552007988314642
1372029180.0,-0.4646645780141512
1372031880.0,-0.3724671510321116
1372034580.0,-0.3947123771519614
1372037280.0,-0.3752654418355803
1372039980.0,-0.4372961748288162
1372042680.0,-0.5164748025354982
1372045380.0,-0.5301076947968397
1372048080.0,-0.5138928279810102
1372050780.0,-0.6019777510377082
1372053480.0,-0.6932202578492763
1372056180.0,-0.8243111540992913
1372058880.0,-3.231625428144355
1372061580.0,-3.3802745969751697
1372064280.0,-3.417942871516175
1372066980.0,-3.37732648078196
1372069680.0,-3.291561445361623
1372072380.0,-0.7726533793039323
1372075080.0,0.18451824750471246
1372077780.0,0.3838197057438322
1372080480.0,0.383506726242814
1372083180.0,0.3935834239005942
1372085880.0,0.4734752344595563
1372088580.0,0.42532734872187916
1372091280.0,0.4295621440973605
1372093980.0,0.4573940936577401
1372096680.0,-0.29707002881050926
1372099380.0,-1.6403304248318875
1372102080.0,-1.771472136143899
1372104780.0,-1.7461254370631138
1372107480.0,-1.678898764960394
1372110180.0,-1.5031391648601584
1372112880.0,-1.5109528860856472
1372115580.0,-1.5217720763812679
1372118280.0,-1.4711681966119556
1372120980.0,-1.4462597695185195
1372123680.0,0.7853492328794118
1372126380.0,0.9242281999040358
1372129080.0,0.8745940113228698
1372131780.0,0.883486505823015
1372134480.0,0.979184729726768
1372137180.0,0.9322380369791006
1372139880.0,0.9313142332027837
1372142580.0,1.0861399351077523
1372145280.0,1.2317465426557703
1372147980.0,1.3551628502332846
1372150680.0,1.338174766050173
1372153380.0,-0.7764243684312646
1380907425.0,1.2471523287381956
1380910125.0,1.0896546449643267
1380912825.0,0.9564084546407798
1380915525.0,0.808076628687445
1380918225.0,0.7455103416589566
1380920925.0,0.6641085930064321
1380923625.0,-0.02310021141300922
1380926325.0,0.06920875859600528
1380929025.0,0.07708247860728079
1380931725.0,2.4625952406132967
1380934425.0,2.585930341696667
1380937125.0,2.7068917354548603
1380939825.0,2.6704251878986156
1380942525.0,2.6421880511942675
1380945225.0,2.667615784214263
1380947925.0,2.664135567340793
1380950625.0,2.698035156533223
1380953325.0,2.6509249772011287
1380956025.0,2.5764537128071936
1380958725.0,2.518720890828291
1380961425.0,2.556900708712533
1380964125.0,2.680730348986401
1380966825.0,2.269550329600065
1380969525.0,0.9063588175044686
1380972225.0,2.282113048570295
1380974925.0,2.269366013893972
1380977625.0,2.32015853031524
1380980325.0,2.32271114953204
1380983025.0,2.275535502626525
1380985725.0,2.299730366574096
1380988425.0,2.155250026468309
1380991125.0,2.0911808709083743
1380993825.0,1.93083747384523
1380996525.0,1.893879763401742
1380999225.0,1.9107788627820526
1381001925.0,1.8683701800659662
1381004625.0,1.842737756703002
1381007325.0,1.9069085603750864
1381010025.0,1.8472348247517516
1381012725.0,1.926445859337889
1381015425.0,1.930258168946267
1381018125.0,2.02359709521005
1381020825.0,2.0636277077983323
1381023525.0,2.1367669804433262
1381026225.0,2.1492364529210306
1381028925.0,2.144314145200269
1381031625.0,2.106925096463641
1381034325.0,2.087537969318305
1381037025.0,2.1368778481730715
1381039725.0,2.0802834993695
1381042425.0,2.037718886787758
1381045125.0,2.0153575105189248
1381047825.0,2.1324738110168653
1381050525.0,5.3152877323122425
1381053225.0,5.469189812292456
1381055925.0,2.172684856543384
1381058625.0,1.9113767068275536
1381061325.0,1.9518606440417727
1381064025.0,2.0030972165919536
1381066725.0,2.006976528250874
1381069425.0,1.9833342522051396
1381072125.0,1.9337866302289797
1381074825.0,1.8747382130808887
1381077525.0,1.7815314343955322
1381080225.0,1.6894372841851748
1381082925.0,1.4779382611525875
1381085625.0,-0.4347454685173773
1381088325.0,-0.7284491517751235
1381091025.0,-0.7852519379444516
1381093725.0,-0.5920554791360928
1381096425.0,1.7172877294565296
1381099125.0,1.9436092889308156
1381101825.0,2.020960164350896
1381104525.0,2.0909101838299193
1381107225.0,2.095494320840146
1381109925.0,2.098120405011059
1381112625.0,2.239533183498793
1381115325.0,2.1806680323140313
1381118025.0,2.1475868559912783
1381120725.0,2.1091165857574765
1381123425.0,2.1939160388614596
1381126125.0,2.1378691890726884
1381128825.0,2.153314109652115
1381131525.0,2.1101986483878648
1381134225.0,2.132459420315513
1381136925.0,2.555979592766846
1381139625.0,4.2511485434408485
1381142325.0,2.0183733516551285
1381145025.0,1.8270191210966686
1381147725.0,1.9940482717343855
1381150425.0,2.0101490123702774
1381153125.0,2.0533224399957533
1381155825.0,2.007006651837912
1381158525.0,1.8768181081926514
1381161225.0,1.8677825686808944
1381163925.0,1.7833267201465617
1381166625.0,1.666331661814354
1381169325.0,1.2966347423234197
1381172025.0,-0.02547394235435263
1381174725.0,-0.6060138370682182
1381177425.0,-0.6876098890136859
1381180125.0,-0.6934365809805456
1381182825.0,-0.6993543486880185
1381185525.0,-0.512308317697233
1381188225.0,-0.5150461239388164
1381190925.0,-0.36899504208483336
1381193625.0,-0.28698298886106954
1381196325.0,-0.27354246977890284
1381199025.0,-0.23142890407126515
1381201725.0,-0.1906567217733368
1381204425.0,-0.23299556714940195
1381207125.0,-0.17179875404042377
1381209825.0,-0.17118630720150918
1381212525.0,-0.2095903455486905
1381215225.0,-0.18291236542930278
1381217925.0,-0.19429231578067174
1381220625.0,-0.08882102324059815
1381223325.0,3.228940430227027
1381226025.0,3.40731723798109
1381228725.0,3.4655263051330394
1381231425.0,1.1422308027889585
1381234125.0,0.9201111975194749
1381236825.0,0.8931885625305824
1381239525.0,0.9048705722508146
1381242225.0,0.902418917582537
1381244925.0,0.7962460122735138
1381247625.0,0.798984215740461
1381250325.0,0.7431985702154691
1381253025.0,0.5707849327691008
1381255725.0,0.5208906832813511
1381258425.0,0.26237877102437324
1381261125.0,0.16093603107984222
1381263825.0,0.03011539752864678
1381266525.0,-1.6543991150502677
1381269225.0,-0.7155594101286908
1381271925.0,0.5298697327762625
1381274625.0,0.591493172088633
1381277325.0,0.6613533221714647
1381280025.0,0.7241818845531043
1381282725.0,0.8013263068483809
1381285425.0,0.7487640578090975
1381288125.0,0.8654302514260053
1381290825.0,0.8566304846054891
1381293525.0,0.9435778552928582
1381296225.0,0.9199864376743392
1381298925.0,0.8517137324916462
1381301625.0,0.7852949853514417
1381304325.0,0.8175246278090356
1381307025.0,0.8841654647103212
1381309725.0,1.2528934571924424
1381312425.0,3.0145898500627197
1381315125.0,3.1841895504695117
1381317825.0,3.217588692619131
1381320525.0,3.3198769708456837
1381323225.0,3.361673356293011
1381325925.0,3.3025459818690592
1381328625.0,3.3417224079256584
1381331325.0,3.2542355542201165
1381334025.0,3.1893020375224808
1381336725.0,3.1130534431728734
1381339425.0,2.9423760573482696
1381342125.0,1.2400209643541587
1381344825.0,-0.4847838980828101
1381347525.0,-0.5550378660258559
1381350225.0,-0.6031076370927053
1381352925.0,-0.5700018090387005
1381355625.0,-0.650069876359197
1381358325.0,-0.6626815573800684
1381361025.0,-0.5547398271339716
1381363725.0,-0.5220943620616083
1381366425.0,-0.4002545912695723
1381369125.0,-0.4148542504268562
1381371825.0,-0.3560256861222513
1381374525.0,-0.3005537944506216
1381377225.0,-0.3439713981392458
1381379925.0,-0.25800707357754504
1381382625.0,-0.2047619783131438
1381385325.0,-0.1555806955910839
1381388025.0,2.564867483675755
1381390725.0,3.0423819671892716
1381393425.0,2.8427812300989217
1381396125.0,0.4185292735024291
1381398825.0,0.44224020123002106
1381401525.0,0.4165806819644331
1381404225.0,0.4146268414206702
1381406925.0,0.5884065987391409
1381409625.0,0.6258931285196354
1381412325.0,0.6083142275404327
1381415025.0,0.6250760821663164
1381417725.0,0.6152268924232658
1381420425.0,0.5651436474454954
1381423125.0,0.5808529065802475
1381425825.0,0.45898669974315
1381428525.0,0.3904176965894237
1381431225.0,0.19220327913069468
1381433925.0,-1.642029715044231
1381436625.0,-2.011088094773072
1381439325.0,-2.0686716637947598
1381442025.0,-2.139490758937569
1381444725.0,-2.0991876442321598
1381447425.0,-2.061390642534974
1381450125.0,-1.9297122665507231
1381452825.0,-1.8134213404975128
1381455525.0,-1.761906411242137
1381458225.0,0.8932762156257184
1381460925.0,1.208996023164019
1381463625.0,1.2150024706469367
1381466325.0,1.2656021167895233
1381469025.0,1.3274739626318421
1381471725.0,1.3661832489196115
1381474425.0,1.361225252286573
1381477125.0,1.3871234609275689
1381479825.0,1.341273005569434
1381482525.0,-0.8419522312128151
1381485225.0,-0.9184658558540377
1381487925.0,-0.88229264495439
1381490625.0,-0.911188059743921
1381493325.0,-0.7387798269762698
1381496025.0,-0.7034786160415649
1381498725.0,-0.603453963991484
1381501425.0,-0.593619883947639
1381504125.0,-0.5029391352269386
1381506825.0,-0.5241070465975497
1381509525.0,-0.5753209892396853
1381512225.0,-0.6550303178927095
1381514925.0,-0.7316954785148653
1381517625.0,-0.7967166046349519
1381520325.0,-0.8885943967866865
1381523025.0,-1.325657255866048
1381525725.0,-3.113325998781022
1381528425.0,-3.3334135055696947
1381531125.0,-3.2883584126693677
1381533825.0,-3.4274946758320652
1381536525.0,-3.3176632900072036
1381539225.0,-3.2765419726127334
1381541925.0,-3.2774621855772352
1381544625.0,-3.184213103813562
1381547325.0,-3.178180985904106
1381550025.0,-3.139011522063271
1381552725.0,-3.012552621771704
1381555425.0,0.6179870575168991
1381558125.0,0.8106880966896028
1381560825.0,0.8146753902054229
1381563525.0,0.9128919659018777
1381566225.0,0.8478514849089436
1381568925.0,0.13038745786627715
1381571625.0,-1.2815790907580435
1381574325.0,-1.3293319713446294
1381577025.0,-1.3767757162442251
1381579725.0,-1.212049728055149
1381582425.0,-1.15240657212874
1381585125.0,-1.1382064533042922
1381587825.0,-1.1699078814986876
1381590525.0,-1.1737497960390044
1381593225.0,-1.2142554408061983
1381595925.0,-1.2104695195309603
1381598625.0,-1.2503671163621846
1381601325.0,-1.3295692981253353
1381604025.0,-1.296312803529446
1381606725.0,-1.246146055869474
1381609425.0,-1.3411843536343326
1381612125.0,-1.3559676908896563
1381614825.0,-1.7034740549338494
1381617525.0,-3.59188821946762
1381620225.0,-3.8969867400117835
1381622925.0,-3.888081485713485
1381625625.0,-3.856951683824178
1381628325.0,-3.882533633761369
1381631025.0,-3.7961936674267918
1381633725.0,-3.8079479482599083
1381636425.0,-1.5298731600387043
1381639125.0,-0.2458198032672385
1381641825.0,-0.21073639189535243
1381644525.0,-0.061007185890332494
1381647225.0,-0.08955016312657449
1381649925.0,-0.00020241478119942258
1381652625.0,-0.017783039918782606
1381655325.0,0.14613964248459865
1381658025.0,-0.1896881831653161
1381660725.0,-1.8886514347157402
1381663425.0,-1.9763300593302517
1381666125.0,-1.832990448117073
1381668825.0,-1.7187466818177768
1381671525.0,-1.765996787907369
1381674225.0,-1.687160297538469
1381676925.0,0.3669747241746393
1381679625.0,0.5140498144481
1381682325.0,0.4878872005759831
1381685025.0,0.45060356349011954
1381687725.0,0.37026571959901844
1381690425.0,0.38699670292606925
1381693125.0,0.41322842841131546
1381695825.0,0.4456680446703274
1381698525.0,0.38390742793740174
1381701225.0,0.29881283611328513
1381703925.0,0.27317082963296
1381706625.0,0.29920843884031
1381709325.0,-0.09966674942086229
1381712025.0,-2.076657092459129
1381714725.0,-2.2138948604356017
1381717425.0,-2.2077183287600803
1381720125.0,-2.221729384353722
1381722825.0,-2.2272482175161485
1381725525.0,-2.1575314128811556
1381728225.0,-2.128099320156281
1381730925.0,-1.684359411552066
1381733625.0,0.6355341294733705
1381736325.0,0.7448598414593448
1381739025.0,0.777657186257926
1381741725.0,0.8584083219870422
1381744425.0,0.8938689503407318
1381747125.0,0.8462642180012949
1381749825.0,0.6003941798459209
1381752525.0,-0.4005248860755444
1381755225.0,-1.0140298204573526
1381757925.0,-1.0044956423376732
1381760625.0,-1.0780407413928117
1381763325.0,-1.1101888618091493
1381766025.0,-1.1274358927275614
1381768725.0,-1.1680026013408167
1381771425.0,-1.2138644555161306
1381774125.0,-1.2331287944930693
1381776825.0,-1.261658616359398
1381779525.0,-1.2859699269557439
1381782225.0,-1.2067737536602294
1381784925.0,-1.225247537163824
1381787625.0,-1.2532360175033546
1381790325.0,-1.2662997609939168
1381793025.0,-1.2866293653731304
1381795725.0,-1.18956955359414
1381798425.0,-1.2563945078990741
1381801125.0,-1.2877992861376981
1381803825.0,-1.3302427004138053
1381806525.0,-1.326655617679478
1381809225.0,-1.3558070604894965
1381811925.0,-1.3839975241397724
1381814625.0,-1.2970918232388442
1381817325.0,1.996825535427348
1381820025.0,2.0111884783965763
1381822725.0,2.0858715511749892
1381825425.0,2.015825303270617
1381828125.0,2.145083622077834
1381830825.0,2.250662629193812
1381833525.0,2.2541803917765435
1381836225.0,-0.9918624778511287
1381838925.0,-0.951038963482489
1381841625.0,-0.7918100546197024
1381844325.0,-0.700617760060652
1381847025.0,0.2983228083074323
1381849725.0,1.2728574645555568
1381852425.0,1.2671875678784943
1381855125.0,1.2490822682183023
1381857825.0,1.1895686173853903
1381860525.0,1.1718636624936494
1381863225.0,1.0936569497913524
1381865925.0,1.1565374513926088
1381868625.0,1.1827461382240472
1381871325.0,1.0751834590868157
1381874025.0,1.1035038219468163
1381876725.0,1.0980647772540237
1381879425.0,1.153906795222639
1381882125.0,1.232605845765363
1381884825.0,1.215127339958741
1381887525.0,1.138091589267134
1381890225.0,1.0875617059080298
1381892925.0,1.0937785757843699
1381895625.0,0.9758953977183751
1381898325.0,0.8410192604781912
1381901025.0,-1.8369310992869998
1381903725.0,-2.093825657480977
1381906425.0,-1.3279309930806278
1381909125.0,0.4339754648764824
1381911825.0,0.45616140873147515
1381914525.0,0.6444443704057221
1381917225.0,0.6345291214605027
1381919925.0,0.7294390049682704
1381922625.0,0.6393712031635346
1381925325.0,0.761170662724652
1381928025.0,0.8774088527101753
1381930725.0,0.9796055623701818
1381933425.0,1.005411671446268
1381936125.0,0.9064529590811219
1381938825.0,0.8991239202202621
1381941525.0,0.7825661072517107
1381944225.0,0.7235483741281712
1381946925.0,0.6987038150402327
1381949625.0,0.5984877026770619
1381952325.0,0.5963993252941009
1381955025.0,0.506499150794923
1381957725.0,0.4084333569834939
1381960425.0,0.3623592364494641
1381963125.0,0.3130889847988101
1381965825.0,0.4365898423708643
1381968525.0,0.46993292224888705
1381971225.0,0.4685844060361717
1381973925.0,0.4982435734317221
1381976625.0,0.46138036468994414
1381979325.0,0.500931149370615
1381982025.0,0.39759361711477936
1381984725.0,0.46624104233475805
1381987425.0,0.4879319409702134
1381990125.0,0.48082665767262256
1381992825.0,0.4075395942545583
1381995525.0,3.833937591065336
1381998225.0,2.237697218044161
1382000925.0,0.30762593515908065
1382003625.0,0.2960233406420798
1382006325.0,0.27589652686137356
1382009025.0,0.2797818527445486
1382011725.0,0.32055198340077595
1382014425.0,0.39488462743386776
1382017125.0,0.5747615117218743
1382019825.0,0.6318486357287725
1382022525.0,0.6878276222705324
1382025225.0,0.7225571909133635
1382027925.0,0.7004944724216671
1382030625.0,1.7366415383278877
1382033325.0,2.79278122779138
1382036025.0,2.8361108112530076
1382038725.0,2.7733083304291313
1382041425.0,2.7462898494737544
1382044125.0,2.6566743441790948
1382046825.0,2.702317330882863
1382049525.0,2.652832819891472
1382052225.0,2.6867196641743476
1382054925.0,2.7173514180672953
1382057625.0,2.7282551482596205
1382060325.0,2.79912717136213
1382063025.0,2.807882126565886
1382065725.0,2.7702448150869827
1382068425.0,2.712598184227261
1382071125.0,2.7404073155429955
1382073825.0,2.7226729027279646
1382076525.0,2.7661867486117444
1382079225.0,2.636450938658669
1382081925.0,2.571536322067658
1382084625.0,1.3684822744762641
1382087325.0,1.3873185151074097
1382090025.0,1.4362122284882446
1382092725.0,1.336054388887618
1382095425.0,1.3130673706609741
1382098125.0,1.5520215428559823
1382100825.0,1.579808415257446
1382103525.0,1.5381299261010213
1382106225.0,1.5008712965455402
1382108925.0,1.543867469540686
1382111625.0,1.5403305579805817
1382114325.0,1.5828213062422662
1382117025.0,1.5092634862602665
1382119725.0,-0.13296776226383145
1382122425.0,-0.9794008914115864
1382125125.0,-1.0497219217687928
1382127825.0,-1.0625166753388555
1382130525.0,-1.1180034079031884
1382133225.0,-1.127703129917336
1382135925.0,-1.1138088239278545
1382138625.0,-1.0040207255829898
1382141325.0,-1.0244079324491224
1382144025.0,-0.9871438436348114
1382146725.0,-0.9651601987365268
1382149425.0,-0.9633582896254325
1382152125.0,-0.9698690979077469
1382154825.0,-0.9549271719029662
1382157525.0,-0.9312378477289371
1382160225.0,-0.9201997204098689
1382162925.0,-0.8860229946443212
1382165625.0,1.32261666434934
1382168325.0,1.7109919685236434
1382171025.0,0.01578751930475164
1382173725.0,0.01632538066496636
1382176425.0,0.03836073638603921
1382179125.0,0.0068199585780917005
1382181825.0,-0.013391621304236878
1382184525.0,0.016905886310780716
1382187225.0,0.03875308121146759
1382189925.0,0.17030649671363562
1382192625.0,0.07493545960753067
1382195325.0,0.07389589096720783
1382198025.0,0.05637502930213145
1382200725.0,-0.011272196211962182
1382203425.0,0.5788394584134835
1382206125.0,2.3100649231364514
1382208825.0,1.8572550401020465
1382211525.0,0.006775252076238303
1382214225.0,-0.06716148905516661
1382216925.0,-0.12039303927750211
1382219625.0,-0.15713296457695947
1382222325.0,-0.1589384803230871
1382225025.0,-0.09951685490318596
1382227725.0,-0.01892799708093662
1382230425.0,-0.0658611808388514
1382233125.0,-0.034230003890399985
1382235825.0,-0.020121168922742072
1382238525.0,0.007793163524667079
1382241225.0,0.07570641815931367
1382243925.0,0.04139841111765463
1382246625.0,0.0491867127214789
1382249325.0,0.08420619991690614
1382252025.0,2.2225163929702774
1382254725.0,2.495953063338362
1382257425.0,2.1842086385462665
1382260125.0,0.16883649724383076
1382262825.0,-0.01512803493679371
1382265525.0,-0.0561605516557222
1382268225.0,-0.14040580172388673
1382270925.0,0.060580726989115874
1382273625.0,0.026966183229575336
1382276325.0,0.09530679983578239
1382279025.0,0.03145585766080217
1382281725.0,0.016534532959241233
1382284425.0,0.03377720259507555
1382287125.0,-0.0933854154895073
1382289825.0,-0.08381570536946015
1382292525.0,-0.13577740184109643
1382295225.0,-0.04056529838834422
1382297925.0,1.6450016127301694
1382300625.0,0.010777732060887502
1382303325.0,-0.1697598556565083
1382306025.0,-0.24193757233487645
1382308725.0,-0.13862020089396765
1382311425.0,-0.15949570967126192
1382314125.0,-0.0931431426327265
1382316825.0,-0.17003590754714537
1382319525.0,-0.14205887409559637
1382322225.0,-0.10295629496397396
1382324925.0,-0.12091679804228761
1382327625.0,-0.08917266539367574
1382330325.0,0.01633473563427401
1382333025.0,0.08098835801666837
1382335725.0,0.04359333496356044
1382338425.0,0.8399764601334141
1382341125.0,2.288456551151711
1382343825.0,2.3536870584072176
1382346525.0,2.3723959918968944
1382349225.0,0.16207100076132974
1382351925.0,-0.14627615124970816
1382354625.0,-0.19163718654658624
1382357325.0,-0.08726904600325724
1382360025.0,-0.17584173745936482
1382362725.0,-0.08019933920633093
1382365425.0,-0.08032317317582738
1382368125.0,-0.12165851969780306
1382370825.0,-0.06474133459562381
1382373525.0,-0.13056329618518703
1382376225.0,-0.17061247693183645
1382378925.0,-0.24011125454435955
1382381625.0,-0.23868334138418845
1382384325.0,-0.36679452621172004
1382387025.0,-0.6605850730526583
1382389725.0,-0.5388121099914827
1382392425.0,-0.11950988847272015
1382395125.0,-0.08421838147944527
1382397825.0,-0.024087429672846383
1382400525.0,0.05910429410522511
1382403225.0,0.03567677147086101
1382405925.0,0.03333115697421363
1382408625.0,0.05218000148860824
1382411325.0,0.003546426212409415
1382414025.0,-0.007828774050835818
1382416725.0,0.006612695167007132
1382419425.0,0.08809009221408814
1382422125.0,0.13822328854317334
1382424825.0,0.3149364446415177
1382427525.0,0.6519975192663026
1382430225.0,2.330678814132426
1382432925.0,2.469639909339918
1382435625.0,2.390888362726713
1382438325.0,0.5033778452092577
1382441025.0,0.06190974532302107
1382443725.0,0.084599644345559
1382446425.0,0.07970231683063389
1382449125.0,0.012257180521032751
1382451825.0,0.053649223309321314
1382454525.0,0.03862091104923593
1382457225.0,0.052696178474690214
1382459925.0,-0.0035667467971052247
1382462625.0,-0.07751574569797981
1382465325.0,-0.11618063089457564
1382468025.0,-0.15969139095901141
1382470725.0,-0.18284096713426834
1382473425.0,-0.17141848971368745
1382476125.0,-0.20165291175700872
1382478825.0,-0.22089150782366573
1382481525.0,1.1978290439092518
1382484225.0,2.1019435459693057
1382486925.0,2.107199173279099
1382489625.0,2.1267929805642893
1382492325.0,2.105621186147573
1382495025.0,2.103792743528942
1382497725.0,2.042153846464288
1382500425.0,2.0705743983819502
1382503125.0,2.0732514110587204
1382505825.0,2.1418522983930472
1382508525.0,2.174647700150274
1382511225.0,2.318106007404424
1382513925.0,2.6068798501478057
1382516625.0,2.7828298690762097
1382519325.0,4.031385448837483
1382522025.0,4.787405699065943
1382524725.0,1.5203267322821716
1382527425.0,1.2132502980932713
1382530125.0,1.155485279630767
1382532825.0,1.1412999016004903
1382535525.0,1.115552396674019
1382538225.0,1.0772662698982742
1382540925.0,1.0362480459727692
1382543625.0,1.0747214059046541
1382546325.0,1.1029258897778504
1382549025.0,1.0009134571689913
1382551725.0,0.9491414371378539
1382554425.0,0.9475769203322955
1382557125.0,0.8278720582237042
1382559825.0,0.44587544980328175
1382562525.0,-1.5476498183235776
1382565225.0,-1.6153700029331048
1382567925.0,-1.6851608151562232
1382570625.0,-1.5760927625471766
1382573325.0,-1.4420353387696991
1382576025.0,-1.4730867797809992
1382578725.0,-1.3540382465368168
1382581425.0,-1.3253805311651092
1382584125.0,-1.310643544355429
1382586825.0,-1.3345606466648121
1382589525.0,-1.3497131969369605
1382592225.0,-1.2651877847997355
1382594925.0,-1.237488076719643
1382597625.0,1.1499879332720582
1382600325.0,2.0858928468978206
1382603025.0,2.2345235869626947
1382605725.0,2.2200244643403266
1382608425.0,2.049703126583154
1382611125.0,-0.005057008314906852
1382613825.0,-0.17241597829166722
1382616525.0,0.0845455792569112
1382619225.0,0.0250066958128059
1382621925.0,-0.09479787964730235
1382624625.0,0.001610543809590581
1382627325.0,-0.04989164098765286
1382630025.0,-0.09090400986971758
1382632725.0,-0.15750826440984156
1382635425.0,-0.23220876287584247
1382638125.0,-0.27316511640830754
1382640825.0,-0.22936677288194574
1382643525.0,-0.3463272227307641
1382646225.0,-0.43095295904325326
1382648925.0,-0.5309456019033405
1382651625.0,-0.6003438674210315
1382654325.0,-0.6548317173884755
1382657025.0,-0.7160161081023375
1382659725.0,-2.6232400483037566
1382662425.0,-0.4220897023973862
1382665125.0,0.15139801257069507
1382667825.0,0.20530343023673936
1382670525.0,0.16654523534080568
1382673225.0,0.17882915426270074
1382675925.0,0.16597470021312688
1382678625.0,0.22162288395773544
1382681325.0,0.1739685614551547
1382684025.0,0.20995606417625368
1382686725.0,0.2827394970231012
1382689425.0,0.5060718883833033
1382692125.0,0.7314213606012743
1382694825.0,0.7573337958307604
1382697525.0,2.725767323570466
1382700225.0,3.0305384537522855
1382702925.0,3.000876053603548
1382705625.0,3.0818124226310886
1382708325.0,2.9972582288273486
1382711025.0,3.012582046238407
1382713725.0,2.9472849279040645
1382716425.0,2.9676251273248226
1382719125.0,2.8974832143229605
1382721825.0,2.8603256682099527
1382724525.0,2.8365581956793164
1382727225.0,2.841795949853889
1382729925.0,2.760684027778268
1382732625.0,2.6327793746721966
1382735325.0,-0.4384810437184399
1382738025.0,0.6068918227755091
1382740725.0,1.1251253568985078
1382743425.0,1.2336392598375312
1382746125.0,1.2062067141673936
1382748825.0,1.190109001059625
1382751525.0,1.2169589716175153
1382754225.0,1.3181117391050634
1382756925.0,1.2776869770222277
1382759625.0,1.3010634163037196
1382762325.0,1.3779698438696357
1382765025.0,1.3532123709065331
1382767725.0,1.3402725480743811
1382770425.0,1.4069698906176882
1382773125.0,1.3725508392405743
1382775825.0,1.781159135782417
1382778525.0,2.7586588259300413
1382781225.0,1.5595399174548845
1382783925.0,1.398326281194187
1382786625.0,1.3981906953824819
1382789325.0,1.5564708126861717
1382792025.0,1.6995732046188436
1382794725.0,1.6835327539617708
1382797425.0,1.5912099336837002
1382800125.0,1.6285354345331484
1382802825.0,1.6369136074976893
1382805525.0,1.5613048529541231
1382808225.0,1.51583084989241
1382810925.0,1.4750434330756548
1382813625.0,1.5436046743052145
1382816325.0,1.4732206230520148
1382819025.0,1.4222115624070852
1382821725.0,1.2984901203341792
1382824425.0,1.2358818131478984
1382827125.0,0.08549331922276338
1382829825.0,-1.0554820400644473
1382832525.0,-1.08521845041642
1382835225.0,-1.1327777425831584
1382837925.0,-1.0994736296547103
1382840625.0,-1.0737000620491415
1382843325.0,-1.046503095087445
1382846025.0,-0.28052908078521455
1382848725.0,1.949368902373891
1382851425.0,2.0293894470923135
1382854125.0,1.9630827283158396
1382856825.0,2.0234556230487044
1382859525.0,1.9041438328073355
1382862225.0,1.9943806328538187
1382864925.0,1.9940086477899115
1382867625.0,1.894701102528984
1382870325.0,1.7729504044835664
1382873025.0,1.7818420742535466
1382875725.0,1.5692496561644305
1382878425.0,0.029313615569321883
1382881125.0,0.07880252657852793
1382883825.0,0.07786023332579362
1382886525.0,0.16308813646014642
1382889225.0,1.234699726451396
1382891925.0,2.0437326917398195
1382894625.0,2.1211094477643258
1382897325.0,2.027810870430784
1382900025.0,2.0928558444104794
1382902725.0,2.0402987755667255
1382905425.0,1.9296230571984836
1382908125.0,1.8671040543752895
1382910825.0,1.8426843629452492
1382913525.0,1.8054534075907611
1382916225.0,1.8556539017812668
1382918925.0,1.886854013803429
1382921625.0,1.8682175196357207
1382924325.0,1.823053415848392
1382927025.0,1.841802820946839
1382929725.0,1.7565966709355791
1382932425.0,1.8172771880251162
1382935125.0,1.8208563045481014
1382937825.0,1.8576275318070827
1382940525.0,1.9571655004700403
1382943225.0,4.0805404390295905
1382945925.0,2.3570050497435204
1382948625.0,1.1591924741333912
1382951325.0,1.2059140886277078
1382954025.0,1.067781518464841
1382956725.0,1.117935092521094
1382959425.0,1.123033956846399
1382962125.0,1.198043878989381
1382964825.0,1.294294614224782
1382967525.0,1.3526248369734049
1382970225.0,1.3988162160692639
1382972925.0,1.4499065074676025
1382975625.0,1.5136946522423216
1382978325.0,1.4336511714466837
1382981025.0,1.4768425923972472
1382983725.0,1.4804975386904005
1382986425.0,1.4984472284604067
1382989125.0,1.3994315815731397
1382991825.0,1.3514447732965493
1382994525.0,1.2855442383322497
1382997225.0,1.2292194555313927
1382999925.0,1.2217625807636239
1383002625.0,1.2236955728635621
1383005325.0,1.1365090707099057
1383008025.0,1.1409649871515342
1383010725.0,1.130383639351777
1383013425.0,1.0576434500659389
1383016125.0,0.990839832443811
1383018825.0,1.0576717350793672
1383021525.0,-1.899517447713265
1383024225.0,0.7384760548526401
1383026925.0,1.4688097138904652
1383029625.0,1.5316254271814387
1383032325.0,1.4995098364930186
1383035025.0,1.4977896363357388
1383037725.0,1.5081481936465195
1383040425.0,1.395516211754824
1383043125.0,1.3460837112200181
1383045825.0,1.3632321536768188
1383048525.0,1.4503009482682216
1383051225.0,1.4940807428412484
1383053925.0,1.5109665230101257
1383056625.0,1.624755024579116
1383059325.0,1.6449029699270739
1383062025.0,1.7191784322367312
1383064725.0,1.69768369366804
1383067425.0,1.7126259765763336
1383070125.0,1.8127317706149313
1383072825.0,1.7942077310002844
1383075525.0,1.7625517455944362
1383078225.0,1.7008545116595428
1383080925.0,1.7302698643052565
1383083625.0,1.6787892613805013
1383086325.0,1.6804000524367382
1383089025.0,1.677110071677987
1383091725.0,1.6630313592781647
1383094425.0,1.6410928621969276
1383097125.0,1.6792912024824034
1383099825.0,1.6933081230500875
1383102525.0,1.6363550263806133
1383105225.0,1.608669560106307
1383107925.0,1.6417073281074295
1383110625.0,1.7581862605711933
1383113325.0,2.7324614648609895
1383116025.0,1.6198364551258067
1383118725.0,1.539807579372706
1383121425.0,1.5245539400162897
1383124125.0,1.5774456738094216
1383126825.0,1.4802244316531983
1383129525.0,1.4096002078473475
1383132225.0,1.336093496147754
1383134925.0,1.476453098962594
1383137625.0,1.5753909174958665
1383140325.0,1.5041404864058165
1383143025.0,1.6395186378635458
1383145725.0,1.645036518577399
1383148425.0,1.6243903311785175
1383151125.0,1.7895092408107587
1383153825.0,1.673601374815263
1383156525.0,1.7467269037170183
1383159225.0,1.7357996610325301
1383161925.0,1.7700862964628072
1383164625.0,1.7542460602277572
1383167325.0,1.7137420290770535
1383170025.0,1.7129615924201005
1383172725.0,1.7096573872345857
1383175425.0,1.7344552706589127
1383178125.0,1.716304909135033
1383180825.0,1.6910084744859546
1383183525.0,1.707624217072322
1383186225.0,1.7127096359255631
1383188925.0,1.649296631253776
1383191625.0,1.6512552008748003
1383194325.0,1.6508457055409451
1383197025.0,1.6678705886439502
1383199725.0,0.9134815111624164
1383202425.0,1.7503384967924944
1383205125.0,1.741169113806734
1383207825.0,1.7750574877574934
1383210525.0,1.7459989111690106
1383213225.0,1.6891640716690972
1383215925.0,1.5599043197900073
1383218625.0,1.465253124263512
1383221325.0,1.4820371661855631
1383224025.0,1.5762035144807953
1383226725.0,1.4809745039979987
1383229425.0,1.5006024438094983
1383232125.0,1.5296628209442247
1383234825.0,1.565578250435152
1383237525.0,1.58065352511818
1383240225.0,1.5576928053472727
1383242925.0,1.6231257368902732
1383245625.0,1.6274981532415609
1383248325.0,1.630758367454149
1383251025.0,1.6450950199527767
1383253725.0,1.622190282672193
1383256425.0,1.6597873393265274
1383259125.0,1.6172057728656455
1383261825.0,1.6880608886128243
1383264525.0,1.5599232072161726
1383267225.0,1.6258951065517238
1383269925.0,1.7064942211549123
1383272625.0,1.6659901089188907
1383275325.0,1.5894067173414896
1383278025.0,1.6367905120629587
1383280725.0,1.6796500302900483
1383283425.0,1.6546517238791694
1383286125.0,2.183772554980237
1383288825.0,1.6879336328493935
1383291525.0,1.6047190586759825
1383294225.0,1.6341240574570577
1383296925.0,1.6357223120392916
1383299625.0,1.6465121448030686
1383302325.0,1.647212696984326
1383305025.0,1.572741009020973
1383307725.0,1.6075863549726819
1383310425.0,1.5685147980123304
1383313125.0,1.5139023490875445
1383315825.0,1.4433541925259021
1383318525.0,1.5348830021083586
1383321225.0,1.4768924203414713
1383323925.0,1.3839248461598572
1383326625.0,1.3210480622664704
1383329325.0,1.4211423933620608
1383332025.0,1.3807121890440328
1383334725.0,1.401261332017043
1383337425.0,1.3462643171110358
1383340125.0,1.3814186655338574
1383342825.0,1.4430534657510634
1383345525.0,1.4824046524190067
1383348225.0,1.5252435595604368
1383350925.0,1.4593529598689372
1383353625.0,1.4481861485103877
1383356325.0,1.5588128416534346
1383359025.0,1.4630727987986063
1383361725.0,1.432781295782945
1383364425.0,1.5115843536011084
1383367125.0,1.5602355361492641
1383369825.0,1.6774481426504337
1383372525.0,1.681189579675106
1383375225.0,4.032747004479717
1383377925.0,2.0207205176646426
1383380625.0,1.6273713080446441
1383383325.0,1.611666398299775
1383386025.0,1.5379842141645383
1383388725.0,1.5420180720694532
1383391425.0,1.5222291547609075
1383394125.0,1.6337318327894934
1383396825.0,1.5437602889852542
1383399525.0,1.5379354203361402
1383402225.0,1.4418516738293192
1383404925.0,1.3967161312312157
1383407625.0,1.2405164349818847
1383410325.0,1.2044711950227907
1383413025.0,1.159217706379195
1383415725.0,1.154080542293059
1383418425.0,0.9202951338812397
1383421125.0,-1.3281523972736409
1383423825.0,-1.351202258584891
1383426525.0,-1.260029445807703
1383429225.0,0.9282128827637166
1383431925.0,1.4949157029452067
1383434625.0,1.5407046824726933
1383437325.0,1.5884572561396055
1383440025.0,1.6176885828434422
1383442725.0,1.6466997464344217
1383445425.0,1.6116720091615093
1383448125.0,1.5994571112374274
1383450825.0,1.5704495431947407
1383453525.0,1.5856636450888288
1383456225.0,1.6188580276674713
1383458925.0,1.6110812329018245
1383461625.0,1.6433434679354946
1383464325.0,3.0327670280349537
1383467025.0,3.6165924293709963
1383469725.0,1.5146338624873579
1383472425.0,1.3531186517667777
1383475125.0,1.3453469752642206
1383477825.0,1.3797715935349117
1383480525.0,1.4316421365057863
1383483225.0,1.3994623237481392
1383485925.0,1.3775375592965702
1383488625.0,1.2889216085952455
1383491325.0,1.2749223146004454
1383494025.0,1.1928115673275954
1383496725.0,1.0815781196826606
1383499425.0,0.9933264213281632
1383502125.0,1.0016754026515002
1383504825.0,0.8745171458497509
1383507525.0,0.8617559924067848
1383510225.0,0.8382999306568593
1383512925.0,0.8803668711396142
1383515625.0,0.9142251371146983
1383518325.0,3.024613518624392
1383521025.0,3.5025562593097277
1383523725.0,3.5167431166747463
1383526425.0,3.6058827421031765
1383529125.0,3.610929491636341
1383531825.0,3.566486316900466
1383534525.0,3.516732437857513
1383537225.0,3.4997108400989987
1383539925.0,3.6068654387829326
1383542625.0,3.5625958026221554
1383545325.0,3.547700365519148
1383548025.0,3.5451063791583124
1383550725.0,3.632071057543385
1383553425.0,3.9732626408417957
1383556125.0,2.4659426855525624
1383558825.0,2.182463803746856
1383561525.0,2.2074260398350987
1383564225.0,2.2294415062575865
1383566925.0,2.3089729850247522
1383569625.0,2.2849815744553155
1383572325.0,2.319590956663859
1383575025.0,2.223724930367382
1383577725.0,2.144421831382374
1383580425.0,2.136814089204023
1383583125.0,2.039120421738943
1383585825.0,1.947340478279699
1383588525.0,1.3460911005091134
1383591225.0,-0.4386987894166623
1383593925.0,-0.5355310391748844
1383596625.0,-0.5793613873620984
1383599325.0,-0.5564293847489239
1383602025.0,-0.490713751177168
1383604725.0,-0.4805321171727712
1383607425.0,-0.3120220365548789
1383610125.0,-0.1261832880269651
1383612825.0,2.0592861075899123
1383615525.0,2.257916951163452
1383618225.0,2.2462252856030887
1383620925.0,2.2477253661875523
1383623625.0,2.2237330867052663
1383626325.0,2.2755137848118636
1383629025.0,2.2785259534016404
1383631725.0,2.228900734385519
1383634425.0,2.166295311306243
1383637125.0,2.183398834484592
1383639825.0,0.7906107672662586
1383642525.0,-0.22580314068025586
1383645225.0,-0.14084051864981006
1383647925.0,-0.09361808580888464
1383650625.0,0.057817864770697724
1383653325.0,0.15582071962907662
1383656025.0,0.16268664396483246
1383658725.0,0.23257202865994486
1383661425.0,0.20726385409685122
1383664125.0,0.22264890640065005
1383666825.0,0.20184643397485047
1383669525.0,0.19571994559262862
1383672225.0,0.08893190471576418
1383674925.0,-0.3044325105541077
1383677625.0,-2.053821168358354
1383680325.0,-2.262015449948393
1383683025.0,-2.3157364056441168
1383685725.0,-2.3705558774073836
1383688425.0,-2.3942239419204725
1383691125.0,-2.3528334935799364
1383693825.0,-2.3199736948486134
1383696525.0,-2.36331539881661
1383699225.0,-2.2395199446555125
1383701925.0,-2.14694467292847
1383704625.0,-2.1510115424296714
1383707325.0,-2.158681775726336
1383710025.0,-2.087536180005685
1383712725.0,-2.043579776489196
1383715425.0,-2.0485451575848117
1383718125.0,0.15830798512823208
1383720825.0,1.7169699203038817
1383723525.0,1.8064510803542078
1383726225.0,0.4049225227693398
1383728925.0,-0.4677670506131619
1383731625.0,-0.5517212772910227
1383734325.0,-0.5322541215854244
1383737025.0,-0.47696929804391175
1383739725.0,-0.4069830801783212
1383742425.0,-0.403564589647317
1383745125.0,-0.3305269541927771
1383747825.0,-0.2912210974699292
1383750525.0,-0.26296564803908495
1383753225.0,-0.3339229510621067
1383755925.0,-0.38723179841855426
1383758625.0,-0.4748821995368928
1383761325.0,-0.42632495241329593
1383764025.0,-0.6029655627370687
1383766725.0,-1.42581993033167
1383769425.0,-2.797674648304593
1383772125.0,-2.8901090834189915
1383774825.0,-2.9591741069543502
1383777525.0,-2.8546528741250654
1383780225.0,-0.43507452889733145
1383782925.0,0.15381355036168998
1383785625.0,0.2557611587198494
1383788325.0,0.3153073326712672
1383791025.0,0.3098089217450024
1383793725.0,0.27985982112090824
1383796425.0,0.3729756145598344
1383799125.0,0.4134063907940231
1383801825.0,0.4111982774102785
1383804525.0,0.47415414558088287
1383807225.0,0.42754141151252156
1383809925.0,0.5381830178825453
1383812625.0,0.01681203378302598
1383815325.0,0.35570547959727605
1383818025.0,0.3593799551585448
1383820725.0,0.386658441833049
1383823425.0,0.3829282510336043
1383826125.0,0.5685638083165259
1383828825.0,0.6006734477567761
1383831525.0,0.6029357725719819
1383834225.0,0.6117061610971462
1383836925.0,0.6288969738752428
1383839625.0,0.5931394397041174
1383842325.0,0.5422541093749942
1383845025.0,0.4442294098734578
1383847725.0,0.4958712524549185
1383850425.0,0.3964586763026148
1383853125.0,0.33945105557162947
1383855825.0,-0.0346379979513074
1383858525.0,-1.8522422775855887
1383861225.0,-2.1291872870184534
1383863925.0,-2.1133100860965612
1383866625.0,-2.0990576069952454
1383869325.0,-2.1010563213203852
1383872025.0,-1.9943774224027493
1383874725.0,-1.516104905325136
1383877425.0,0.6271891285512083
1383880125.0,0.8075765905871322
1383882825.0,0.8780417450735172
1383885525.0,0.9258171908672921
1383888225.0,0.9651512539835778
1383890925.0,0.9579374585587459
1383893625.0,0.980421964071553
1383896325.0,1.0095137187422836
1383899025.0,0.6715029891917652
1383901725.0,-1.0264793457167798
1383904425.0,-1.0993500589923713
1383907125.0,-1.0622917568793468
1383909825.0,-1.1712042867932553
1383912525.0,-1.0002407135762894
1383915225.0,-0.9355746308541484
1383917925.0,-0.9118360461218629
1383920625.0,-0.8935909430710467
1383923325.0,-0.7866604394802437
1383926025.0,-0.8717679296318863
1383928725.0,-0.9009359019536021
1383931425.0,-0.9346953631523718
1383934125.0,-0.8653772526148487
1383936825.0,-0.9343247639258436
1383939525.0,-1.0045448428890609
1383942225.0,-1.008175156026141
1383944925.0,-1.1769502337499205
1383947625.0,-2.7293720883981223
1383950325.0,-3.543087889025969
1383953025.0,-3.612476404791721
1383955725.0,-3.613653462496586
1383958425.0,-3.5606689661432824
1383961125.0,-3.555091210559141
1383963825.0,-3.5378565247365543
1383966525.0,-0.1518247549935552
1383969225.0,0.026302782663464086
1383971925.0,0.19238570371757646
1383974625.0,0.20083337221484499
1383977325.0,0.24474735938179037
1383980025.0,0.27650842760016303
1383982725.0,0.3456668944283763
1383985425.0,0.3743834776886388
1383988125.0,0.15745764726869993
1383990825.0,-1.0026548973863214
1383993525.0,-1.784636830899558
1383996225.0,-1.8371661819195424
1383998925.0,-1.7736220168465024
1384001625.0,-1.811262638015421
1384004325.0,-1.7609907074670446
1384007025.0,-1.760755908542535
1384009725.0,-1.7399269198574245
1384012425.0,-1.7635101433151306
1384015125.0,-1.7862832292269673
1384017825.0,-1.7171050645021637
1384020525.0,-1.7314366126788343
1384023225.0,-1.7810028296657663
1384025925.0,-1.8608509498772605
1384028625.0,-1.812380344828938
1384031325.0,-1.8716245893665473
1384034025.0,-1.8942663498846173
1384036725.0,-1.990555899858606
1384039425.0,-2.2470315891281984
1384042125.0,-3.926877357266193
1384044825.0,-4.296573985483377
1384047525.0,-4.338479506910232
1384050225.0,-4.288509136348154
1384052925.0,-1.0106584091376192
1384055625.0,-0.8580258137313308
1384058325.0,-0.6828626502351653
1384061025.0,-0.6961863235402177
1384063725.0,-0.5888138593525127
1384066425.0,-0.5690277239284001
1384069125.0,-0.47859952293427455
1384071825.0,-0.29306777489813385
1384074525.0,-0.30677962383759905
1384077225.0,-0.34425738220963353
1384079925.0,-0.4576973298192115
1384082625.0,1.3146061208154833
1384085325.0,0.835608448119217
1384088025.0,-0.3170877600803692
1384090725.0,-0.3337148399082821
1384093425.0,-0.2979649746179689
1384096125.0,-0.2628081518772092
1384098825.0,-0.26366035663568255
1384101525.0,-0.36034587499997883
1384104225.0,-0.3265668368535444
1384106925.0,-0.31066358972944386
1384109625.0,-0.3428310282297957
1384112325.0,-0.3557022853214278
1384115025.0,-0.46578389161061295
1384117725.0,-0.4706220935873944
1384120425.0,-0.4996326974755334
1384123125.0,-0.515020518947324
1384125825.0,-0.5859354396109495
1384128525.0,-0.6305982677471889
1384131225.0,-0.6265368976294212
1384133925.0,-0.619273550536036
1384136625.0,-0.6256906837745646
1384139325.0,0.9211152436207328
1384142025.0,1.8295651640435153
1384144725.0,1.9495016698569145
1384147425.0,1.968830959397252
1384150125.0,2.0530084390167076
1384152825.0,1.9740203496260165
1384155525.0,2.026112806385555
1384158225.0,-0.7506274514414599
1384160925.0,-1.0305955633958206
1384163625.0,-0.9509822680966806
1384166325.0,-0.8384449425775529
1384169025.0,-0.8058818700013717
1384171725.0,-0.6105079674942431
1384174425.0,-0.6645901246109247
1384177125.0,-0.6120012176947114
1384179825.0,1.0272440381781394
1384182525.0,1.6125210008772797
1384185225.0,1.5916122860182043
1384187925.0,1.5411999696009104
1384190625.0,1.5872352283321334
1384193325.0,1.6049241701819597
1384196025.0,1.6228284707309797
1384198725.0,1.5654112271326994
1384201425.0,1.6038465588535757
1384204125.0,1.6186641556031418
1384206825.0,1.4985550607546543
1384209525.0,1.587316789875132
1384212225.0,1.4987971776289726
1384214925.0,1.4967960448928466
1384217625.0,1.4537425833502482
1384220325.0,1.4141490982872256
1384223025.0,1.282022959923495
1384225725.0,1.2982539346260182
1384228425.0,1.209387945175223
1384231125.0,1.1834832949358258
1384233825.0,1.0953000341135635
1384236525.0,-1.2873672280767892
1384239225.0,0.45323935912713864
1384241925.0,0.7238343106882894
1384244625.0,0.7745560526494444
1384247325.0,0.8316552977766491
1384250025.0,0.8787868011126534
1384252725.0,0.9278832145137983
1384255425.0,0.8815771954514275
1384258125.0,1.1664847079141794
1384260825.0,1.1518818159294995
1384263525.0,1.152274037676193
1384266225.0,1.1773462111073911
1384268925.0,1.136127602767374
1384271625.0,1.084110808538668
1384274325.0,1.049662118223921
1384277025.0,1.0787763700150492
1384279725.0,1.0711712316765443
1384282425.0,1.0690723584689295
1384285125.0,1.0202015401792437
1384287825.0,0.9929226288294046
1384290525.0,1.0037514006303354
1384293225.0,1.0193143240647657
1384295925.0,1.055888223603148
1384298625.0,0.9953038489508401
1384301325.0,0.9384402465070423
1384304025.0,0.9915861042783831
1384306725.0,0.9140234816301245
1384309425.0,0.8560106459624137
1384312125.0,0.8126881522120755
1384314825.0,0.7913725351608321
1384317525.0,-1.5360908419695818
1384320225.0,-1.4917674200709428
1384322925.0,0.5949959788812578
1384325625.0,0.5866403754348823
1384328325.0,0.6283883658517766
1384331025.0,0.7406220978508884
1384333725.0,0.7852295090791017
1384336425.0,0.8330982702372012
1384339125.0,0.8942451079977332
1384341825.0,0.9164119944339575
1384344525.0,0.9330787154299571
1384347225.0,0.9729384331704125
1384349925.0,0.1295314751569947
1384352625.0,0.844883349091333
1384355325.0,1.1734912054863287
1384358025.0,1.1151991966172545
1384360725.0,1.0763153401707939
1384363425.0,1.0901134906390837
1384366125.0,1.1182700297335657
1384368825.0,1.0911087515507347
1384371525.0,1.0874560729339464
1384374225.0,1.0867635482044307
1384376925.0,1.0003561823668008
1384379625.0,1.0886753670212101
1384382325.0,1.0621908428608435
1384385025.0,1.0973724354293495
1384387725.0,1.0410789986003692
1384390425.0,1.0881946301043968
1384393125.0,1.068168834691221
1384395825.0,1.0173104803393755
1384398525.0,0.8948471540156504
1384401225.0,0.9639054821830655
1384403925.0,0.946837661908404
1384406625.0,-1.2476871560719758
1384409325.0,-1.6847836385349524
1384412025.0,-1.5822038720443743
1384414725.0,0.8390910695001423
1384417425.0,0.9818846941045649
1384420125.0,1.0404041467085392
1384422825.0,1.073038322003157
1384425525.0,1.1046569532108208
1384428225.0,1.0519809158504643
1384430925.0,1.2237549921296136
1384433625.0,1.3415494878323386
1384436325.0,1.3545188678165516
1384439025.0,1.3835786216725126
1384441725.0,1.3985778728707317
1384444425.0,1.2964793955971743
1384447125.0,1.185839611645065
1384449825.0,1.256222025346716
1384452525.0,1.1926160895783653
1384455225.0,1.1824568690666126
1384457925.0,1.1588639700374017
1384460625.0,1.2350797868100472
1384463325.0,1.173294166650095
1384466025.0,1.1769062413309825
1384468725.0,1.1986227513881715
1384471425.0,1.1909570345045495
1384474125.0,1.224474931619568
1384476825.0,1.2142149764261205
1384479525.0,1.1724469950270873
1384482225.0,1.109452129925728
1384484925.0,1.1135856321149333
1384487625.0,1.187605778858341
1384490325.0,1.1816637348230188
1384493025.0,1.1949144118015909
1384495725.0,2.0347855203025347
1384498425.0,0.9065754207638008
1384501125.0,0.8299691333736803
1384503825.0,0.8051701298403202
1384506525.0,0.8035940705595976
1384509225.0,0.8455202548246348
1384511925.0,0.8181937758950824
1384514625.0,0.8292040309682704
1384517325.0,0.9177690545608641
1384520025.0,0.9583964723234715
1384522725.0,1.2823585899789691
1384525425.0,2.8897699862112063
1384528125.0,3.0227160828948456
1384530825.0,3.0346997062936794
1384533525.0,2.982033596441312
1384536225.0,2.954378444056914
1384538925.0,2.9502795216014306
1384541625.0,2.8809609512672125
1384544325.0,2.8085147841595415
1384547025.0,2.7700877672275226
1384549725.0,2.806793448449156
1384552425.0,2.715951605560406
1384555125.0,2.8304388765347994
1384557825.0,2.7203303240813455
1384560525.0,2.8198904866509906
1384563225.0,2.833006193417333
1384565925.0,2.813906150580152
1384568625.0,2.765343310633426
1384571325.0,2.734258816798018
1384574025.0,2.801711230559846
1384576725.0,2.8893330481359953
1384579425.0,4.718270043898087
1384582125.0,5.292884492420086
1384584825.0,1.7526919078866285
1384587525.0,1.6039966998776265
1384590225.0,1.56604125594464
1384592925.0,1.566892337613183
1384595625.0,1.5333181279426071
1384598325.0,1.5504091677684357
1384601025.0,1.59623159927213
1384603725.0,1.6105473359465066
1384606425.0,1.6514691265577426
1384609125.0,1.6234362973172836
1384611825.0,1.5586838484910288
1384614525.0,1.615935138476857
1384617225.0,1.654039636782187
1384619925.0,3.3760380855331107
1384622625.0,3.758286294892798
1384625325.0,3.75316630471508
1384628025.0,3.645988653664034
1384630725.0,1.1210659954770392
1384633425.0,0.9802576406425203
1384636125.0,0.961901164742244
1384638825.0,0.9561523861295029
1384641525.0,0.9845832023456751
1384644225.0,0.8981368204971716
1384646925.0,0.9603041477116392
1384649625.0,1.0445405389652365
1384652325.0,1.0505445644407132
1384655025.0,0.983334135942556
1384657725.0,1.084112923449652
1384660425.0,1.064803670922231
1384663125.0,1.1710093263992007
1384665825.0,1.407803856381264
1384668525.0,3.4401825002353803
1384671225.0,3.428077416878722
1384673925.0,1.2366857870456158
1384676625.0,1.1611407577043735
1384679325.0,1.1085015701983139
1384682025.0,0.9968427253071184
1384684725.0,1.0213272503467294
1384687425.0,1.0580589274489398
1384690125.0,1.1047775327628244
1384692825.0,1.0455067661096962
1384695525.0,1.0335825384386794
1384698225.0,1.036691576682415
1384700925.0,1.0106005778989413
1384703625.0,1.0156914225476044
1384706325.0,0.9407599721421889
1384709025.0,1.0716426848316019
1384711725.0,1.0246973732454308
1384714425.0,0.9905030780916491
1384717125.0,0.7021244783992415
1384719825.0,-1.339816849384647
1384722525.0,-1.3821689465488305
1384725225.0,-1.353169952824686
1384727925.0,-1.3246798547332048
1384730625.0,-1.2750142464993814
1384733325.0,-1.412565351985279
1384736025.0,-1.2625671487643046
1384738725.0,-1.2418826364353208
1384741425.0,-1.328506329080028
1384744125.0,-1.1907448771395366
1384746825.0,-1.2140609630785946
1384749525.0,-1.1586659172577356
1384752225.0,0.36120147786087387
1384754925.0,2.2630681869445084
1384757625.0,2.338640925702066
1384760325.0,1.8762764752444525
1384763025.0,0.14175947827229152
1384765725.0,0.07484727951373316
1384768425.0,0.020026926898907504
1384771125.0,0.05925114501209805
1384773825.0,0.13650184820710365
1384776525.0,0.03832293698272338
1384779225.0,0.014359849093665389
1384781925.0,-0.0006281149620406268
1384784625.0,-0.11066346690603268
1384787325.0,-0.08289160685350794
1384790025.0,-0.03298683725714113
1384792725.0,-0.13099873876308266
1384795425.0,-0.01530815225461879
1384798125.0,-0.008410179913425964
1384800825.0,-0.0019482200614220346
1384803525.0,0.07862464388892931
1384806225.0,2.4652982355307813
1384808925.0,2.563914868576717
1384811625.0,2.5211804596570175
1384814325.0,2.424916780179643
1384817025.0,2.3691464622596357
1384819725.0,0.11463057360879247
1384822425.0,0.04241669283715055
1384825125.0,-0.044000257780254515
1384827825.0,-0.0025292223717769957
1384830525.0,0.018218847552248008
1384833225.0,0.019535605383964594
1384835925.0,0.07341460885641027
1384838625.0,0.15900406979426407
1384841325.0,0.6309262360080368
1384844025.0,2.3075913120473217
1384846725.0,2.5166414704202964
1384849425.0,2.4517692935006608
1384852125.0,2.3408585842278455
1384854825.0,2.1097702427757667
1384857525.0,1.6448796409257795
1384860225.0,0.19850228625566047
1384862925.0,0.18156960592702376
1384865625.0,0.19987928821748824
1384868325.0,0.19650889351169099
1384871025.0,0.15417628885467138
1384873725.0,0.03216483572842321
1384876425.0,0.03673926811919159
1384879125.0,-0.008732521237760693
1384881825.0,0.023316066058981733
1384884525.0,-0.0404888905162295
1384887225.0,-0.04562039724311262
1384889925.0,-0.0020701943711856075
1384892625.0,-0.01730485453305164
1384895325.0,-0.052819542778138384
1384898025.0,0.24840283139411667
1384900725.0,2.395849830213592
1384903425.0,2.4697500784403132
1384906125.0,2.556564442840056
1384908825.0,2.540074687143175
1384911525.0,2.482013705522945
1384914225.0,2.4262774820234085
1384916925.0,2.4824025358472
1384919625.0,2.5552007373920844
1384922325.0,2.5502468679483172
1384925025.0,2.599999291051205
1384927725.0,2.6559569395076608
1384930425.0,3.020133493513896
1384933125.0,3.2155027649295675
1384935825.0,4.821090849983392
1384938525.0,1.825254050093065
1384941225.0,1.7392395797585039
1384943925.0,1.665772295330271
1384946625.0,1.73578025450999
1384949325.0,1.7162599029471437
1384952025.0,1.7183973076066366
1384954725.0,1.6571844514056977
1384957425.0,1.6538935134325072
1384960125.0,1.599330903316769
1384962825.0,1.5277107339805127
1384965525.0,1.5222641102527632
1384968225.0,1.5247270133452275
1384970925.0,1.5053501040457604
1384973625.0,1.4962409734971516
1384976325.0,1.4823975872489825
1384979025.0,1.4204367181228577
1384981725.0,1.2158148497996422
1384984425.0,-1.071878664110642
1384987125.0,-1.1109456758854321
1384989825.0,-1.2948136229621525
1384992525.0,-1.1282975276718048
1384995225.0,-0.9885568953338293
1384997925.0,-0.8701522595558515
1385000625.0,1.1701328491574543
1385003325.0,1.5380842955318883
1385006025.0,1.6508499198670847
1385008725.0,1.6583094762579265
1385011425.0,1.6805688320003753
1385014125.0,1.7141371930648006
1385016825.0,1.7425964351185996
1385019525.0,1.8784952230109582
1385022225.0,1.935152278076373
1385024925.0,1.6446572764776022
1385027625.0,-0.11700877558973843
1385030325.0,-0.2018738561467046
1385033025.0,-0.07668257754932029
1385035725.0,-0.11210727046724855
1385038425.0,-0.0978694372769553
1385041125.0,-0.18368747189302326
1385043825.0,-0.1717473044327562
1385046525.0,-0.131363943286658
1385049225.0,-0.2491703413529649
1385051925.0,-0.297698222734482
1385054625.0,-0.24575892586523196
1385057325.0,-0.24453843557398613
1385060025.0,-0.25054806032588317
1385062725.0,-0.32446692255234666
1385065425.0,-0.39024020223402545
1385068125.0,-0.3888424603840974
1385070825.0,-0.41156944405429385
1385073525.0,-0.47789720391082824
1385076225.0,-0.433420386750754
1385078925.0,-0.49350337992947857
1385081625.0,-0.4671251877833811
1385084325.0,-0.4044316440610487
1385087025.0,-0.38847363119884903
1385089725.0,2.6753105117066127
1385092425.0,3.010532675784475
1385095125.0,3.107203188153875
1385097825.0,3.1774968180507983
1385100525.0,3.1060129414439643
1385103225.0,3.0732020609470396
1385105925.0,3.114523836568736
1385108625.0,3.0789395711495047
1385111325.0,-0.03183498456627376
1385114025.0,-0.0971994852894511
1385116725.0,-0.12403312095227648
1385119425.0,0.05967590450188709
1385122125.0,0.1485387035112069
1385124825.0,0.2163665639351393
1385127525.0,0.1418940771142445
1385130225.0,0.16472828689950347
1385132925.0,0.15350386028038088
1385135625.0,0.09254756145881515
1385138325.0,0.025484514273330205
1385141025.0,0.04062691985637912
1385143725.0,0.07321140483236377
1385146425.0,0.047313674336749045
1385149125.0,-0.011729730005782812
1385151825.0,-0.038271834587959574
1385154525.0,-0.1496403930291308
1385157225.0,-1.3293554780865122
1385159925.0,-2.6559977755526063
1385162625.0,-2.664867849278835
1385165325.0,-2.649625274750292
1385168025.0,-2.640969067349488
1385170725.0,-2.687152798043229
1385173425.0,-2.551850957308176
1385176125.0,-2.4106755987918405
1385178825.0,0.8820305395327352
1385181525.0,0.9724874273588568
1385184225.0,1.007950674998824
1385186925.0,1.0179774316963517
1385189625.0,1.0305076340206938
1385192325.0,1.0913469248322372
1385195025.0,1.1640086619218266
1385197725.0,0.9722809845953577
1385200425.0,-0.6328599292794479
1385203125.0,-0.7701983122211118
1385205825.0,-0.6864508659716932
1385208525.0,-0.6344264020345634
1385211225.0,-0.4990362488577489
1385213925.0,1.5876299355718118
1385216625.0,1.6485854735562668
1385219325.0,1.6040113210236484
1385222025.0,1.6107957888601732
1385224725.0,1.5840147798938347
1385227425.0,1.586314301128283
1385230125.0,1.6308391660084567
1385232825.0,1.5946368194408649
1385235525.0,1.5351494925245674
1385238225.0,1.558635972086222
1385240925.0,1.435204726977389
1385243625.0,1.481742553583075
1385246325.0,1.4125413139312855
1385249025.0,1.312631929890017
1385251725.0,1.3913998990832965
1385254425.0,1.3223242583079866
1385257125.0,1.3098236845983138
1385259825.0,1.2770279014134474
1385262525.0,1.3531863706590457
1385265225.0,1.412503652147052
1385267925.0,1.6427950211605662
1385270625.0,3.946585469023347
1385273325.0,3.930359553813645
1385276025.0,1.1839466417708593
1385278725.0,0.6949257302867409
1385281425.0,0.6900696036920237
1385284125.0,0.7378634325409337
1385286825.0,0.7901415727724554
1385289525.0,0.7715382591842399
1385292225.0,0.8525785996735351
1385294925.0,0.9880432655882885
1385297625.0,1.061749886054713
1385300325.0,1.155254272183555
1385303025.0,1.219434517805297
1385305725.0,1.1381172200886454
1385308425.0,1.1209489371673556
1385311125.0,1.0716373781049526
1385313825.0,1.1802420608580633
1385316525.0,1.1292532895403724
1385319225.0,1.1545683150896195
1385321925.0,1.1102480359398612
1385324625.0,0.9844079939989854
1385327325.0,0.968611428407911
1385330025.0,0.9327287885145381
1385332725.0,0.8582648462286784
1385335425.0,0.808747473320949
1385338125.0,0.7461329706168556
1385340825.0,0.7131632563010157
1385343525.0,0.6028562945438409
1385346225.0,-2.0960561337913646
1385348925.0,-2.303922997430476
1385351625.0,-2.0612002056965935
1385354325.0,1.0987444206110695
1385357025.0,1.2613392562475667
1385359725.0,1.1942547942854276
1385362425.0,1.1959132273548505
1385365125.0,1.1202124099127957
1385367825.0,1.172048417659937
1385370525.0,1.208023378120032
1385373225.0,1.1926832015709579
1385375925.0,1.1385867307753017
1385378625.0,1.1754131382784578
1385381325.0,1.2967640616134304
1385384025.0,1.3685403542898484
1385386725.0,1.3321438122555378
1385389425.0,1.4203055272094787
1385392125.0,2.3924528238533753
1385394825.0,3.533969596671227
1385397525.0,3.562989996984129
1385400225.0,3.626399549691314
1385402925.0,3.686973754284537
1385405625.0,3.6588986024737835
1385408325.0,3.780976872068578
1385411025.0,3.6090016237763223
1385413725.0,3.6579087797501018
1385416425.0,3.6471178198315783
1385419125.0,3.5409202811508464
1385421825.0,3.60842815028073
1385424525.0,3.553499428866303
1385427225.0,3.51168311995454
1385429925.0,3.4507483036170754
1385432625.0,3.3481850689944395
1385435325.0,3.4164965807448766
1385438025.0,3.4863624184037008
1385440725.0,3.4485338697869565
1385443425.0,1.9820666573580752
1385446125.0,2.127675653264106
1385448825.0,2.088269805443673
1385451525.0,2.01808801217274
1385454225.0,2.0867824079082595
1385456925.0,2.062570175254592
1385459625.0,1.9647968727043121
1385462325.0,1.8986055341323436
1385465025.0,1.934074314002686
1385467725.0,1.923350348292729
1385470425.0,1.9893485661349644
1385473125.0,1.9885344169675818
1385475825.0,2.033839954789812
1385478525.0,2.040684555299265
1385481225.0,2.1003769780602397
1385483925.0,2.1046302328776108
1385486625.0,2.1667308635470306
1385489325.0,2.21675892573262
1385492025.0,2.179510158481122
1385494725.0,2.1369815044213
1385497425.0,2.1927223103738527
1385500125.0,2.151429890801012
1385502825.0,2.234576876578444
1385505525.0,2.096481890307473
1385508225.0,2.1288448000482276
1385510925.0,2.1214874219157025
1385513625.0,2.0585222902802514
1385516325.0,2.045850070782535
1385519025.0,2.0331871748342394
1385521725.0,2.0134739312152874
1385524425.0,-0.22580115252435462
1385527125.0,-1.3527381664166285
1385529825.0,1.9768295005957839
1385532525.0,2.0214481010351903
1385535225.0,1.9923051120005653
1385537925.0,2.0411833642932606
1385540625.0,2.0247639678766802
1385543325.0,1.8776154791275985
1385546025.0,1.7584934154528185
1385548725.0,1.7203392840445133
1385551425.0,1.6920483890033893
1385554125.0,1.5774028778998002
1385556825.0,1.6583520044037812
1385559525.0,1.7685907694610705
1385562225.0,1.8062510841464814
1385564925.0,-0.27745571902750044
1385567625.0,1.6835267443456132
1385570325.0,1.856606148256077
1385573025.0,1.8803362917284403
1385575725.0,1.8834748140598094
1385578425.0,1.9079853841751344
1385581125.0,1.8889963296138035
1385583825.0,1.9100791681574378
1385586525.0,1.8943208810284773
1385589225.0,1.941036023696853
1385591925.0,1.8840443444855168
1385594625.0,1.814220677414795
1385597325.0,1.878743737301619
1385600025.0,1.9088639606326865
1385602725.0,1.8693659321910445
1385605425.0,1.9090166957392114
1385608125.0,1.850827229485276
1385610825.0,1.8558880422312996
1385613525.0,1.8376697902123453
1385616225.0,2.146871036510163
1385618925.0,3.8130787047214767
1385621625.0,1.5781471299481495
1385624325.0,1.5741574115884305
1385627025.0,1.5584865562180141
1385629725.0,1.495615270557522
1385632425.0,1.4330687218975413
1385635125.0,1.3673698665604377
1385637825.0,1.3911887145199842
1385640525.0,1.3653809784267423
1385643225.0,1.2686199045595288
1385645925.0,1.1671199067591544
1385648625.0,1.2219548271769156
1385651325.0,1.2001740361812665
1385654025.0,1.1855269139548454
1385656725.0,1.290025801377709
1385659425.0,1.4122707405304311
1385662125.0,1.4092822815855186
1385664825.0,1.4728913440709732
1385667525.0,1.4819621721603653
1385670225.0,1.46626464758603
1385672925.0,1.4667047598161957
1385675625.0,1.4922111418586326
1385678325.0,1.5953645925788464
1385681025.0,1.5176343202700764
1385683725.0,1.5723085548492293
1385686425.0,1.577840959312823
1385689125.0,1.5175709198967695
1385691825.0,1.517523327996912
1385694525.0,1.5062646739387446
1385697225.0,1.512504833631283
1385699925.0,1.5181956648625885
1385702625.0,1.5120709730686315
1385705325.0,1.555542726413762
1385708025.0,1.6018235706861503
1385710725.0,1.5615506377126565
1385713425.0,1.6814825772123072
1385716125.0,1.6076435805275366
1385718825.0,1.5188994062523022
1385721525.0,1.4728535632306432
1385724225.0,1.3960059671239549
1385726925.0,1.190298647671824
1385729625.0,1.1286847892323237
1385732325.0,1.041330173392737
1385735025.0,0.004174749810005096
1385737725.0,-0.9847095128509125
1385740425.0,-1.0965063191192144
1385743125.0,-0.9762585822070946
1385745825.0,-0.9436786777712882
1385748525.0,-0.936114621562183
1385751225.0,-0.8306671977214819
1385753925.0,-0.8633939399031192
1385756625.0,-0.7825276556008305
1385759325.0,-0.7702454989246235
1385762025.0,-0.7735145129387035
1385764725.0,-0.7077020296985381
1385767425.0,-0.7271760587517235
1385770125.0,-0.7648090712224302
1385772825.0,-0.7804072818664451
1385775525.0,-0.7867289756052571
1385778225.0,-0.7852292215683008
1385780925.0,-0.8118655873870466
1385783625.0,-0.721579451545864
1385786325.0,-0.7077822622117083
1385789025.0,-0.6586201614915126
1385791725.0,2.2906951955818613
1385794425.0,2.0785566663828092
1385797125.0,0.30574391241540866
1385799825.0,0.31973613895289077
1385802525.0,0.33036836184345475
1385805225.0,0.32393057719613694
1385807925.0,0.3087168471075188
1385810625.0,0.2978849182565284
1385813325.0,0.23413020558740527
1385816025.0,0.072846210549244
1385818725.0,-0.033331673460821776
1385821425.0,-0.16172308502683563
1385824125.0,-0.16859660790620978
1385826825.0,-0.2619029197279872
1385829525.0,-0.21803510865234443
1385832225.0,-0.24617856216866585
1385834925.0,-0.17904201757383476
1385837625.0,-0.09144276498938098
1385840325.0,-0.07515565057619256
1385843025.0,-0.0775836983465581
1385845725.0,-0.010084197926460092
1385848425.0,0.028458058720332247
1385851125.0,0.052358265959838945
1385853825.0,0.1069818117377963
1385856525.0,0.08015384529204539
1385859225.0,0.04407587466084806
1385861925.0,0.0289330713228253
1385864625.0,0.031166132550595194
1385867325.0,0.0864697339755196
1385870025.0,0.1190413431569084
1385872725.0,0.156780713499586
1385875425.0,3.3395859458387633
1385878125.0,3.5223100321162804
1385880825.0,3.530544685836304
1385883525.0,0.14176191999607113
1385886225.0,0.08125042322890863
1385888925.0,0.1453679667629899
1385891625.0,0.07557603363170529
1385894325.0,0.07906892292814405
1385897025.0,0.05586792430165133
1385899725.0,0.05771949495908757
1385902425.0,0.005837580227449735
1385905125.0,-0.13001202047848892
1385907825.0,-0.21901112325872418
1385910525.0,-0.3181620990854981
1385913225.0,-0.39255650957383637
1385915925.0,-0.3813007933590029
1385918625.0,-1.5395499365007481
1385921325.0,-2.6524483217568218
1385924025.0,-2.648650760722745
1385926725.0,-2.663934831325321
1385929425.0,-2.610508321653981
1385932125.0,-2.577440385447943
1385934825.0,-2.4567198303018927
1385937525.0,-2.3874573840372193
1385940225.0,-2.352051931055854
1385942925.0,-2.3138279592136257
1385945625.0,-2.222522980014645
1385948325.0,-0.06610875953180084
1385951025.0,0.7371774255111916
1385953725.0,0.799587225738577
1385956425.0,0.8064541633276292
1385959125.0,0.8131988333167328
1385961825.0,0.8640385901800869
1385964525.0,0.7985998903937457
1385967225.0,0.8183708980049005
1385969925.0,-1.3056994691283421
1385972625.0,-1.3669584948877969
1385975325.0,-1.2226138480949658
1385978025.0,-1.0903185245971656
1385980725.0,-0.41190184134754304
1385983425.0,0.8983015997937969
1385986125.0,0.9307733804784277
1385988825.0,0.8759236406703508
1385991525.0,0.8088602074106461
1385994225.0,0.8082154310713463
1385996925.0,0.6871854242677955
1385999625.0,0.563885830037492
1386002325.0,0.4941414746754731
1386005025.0,0.4572193802965785
1386007725.0,0.4890092769268506
1386010425.0,0.3763993572506763
1386013125.0,0.30163879738600485
1386015825.0,0.29051718361967005
1386018525.0,0.33330227381671307
1386021225.0,0.42816354046235006
1386023925.0,0.39025575296923876
1386026625.0,0.4270833531875269
1386029325.0,0.48756184483829657
1386032025.0,0.5615649272532721
1386034725.0,0.5031443998492477
1386037425.0,0.5037321047786065
1386040125.0,0.5330199410224168
1386042825.0,0.5959319718121208
1386045525.0,0.6024729831823663
1386048225.0,0.6682280119995028
1386050925.0,0.6662040012434716
1386053625.0,-1.6316619664645202
1386056325.0,0.20401784363045294
1386059025.0,0.4290120835858602
1386061725.0,0.39624773769125454
1386064425.0,0.42312090028389093
1386067125.0,0.41521246123338074
1386069825.0,0.4275445052919622
1386072525.0,0.48606788290317127
1386075225.0,0.4455390264331527
1386077925.0,0.37675171973123156
1386080625.0,0.4075641507098169
1386083325.0,0.3542608543845347
1386086025.0,0.26486817507770866
1386088725.0,0.22635889577858848
1386091425.0,-0.3510761144305832
1386094125.0,-2.172328946492655
1386096825.0,-2.286793298091169
1386099525.0,-2.2837725411692134
1386102225.0,-2.298168098482222
1386104925.0,-2.1851424201507825
1386107625.0,-0.953305458981248
1386110325.0,0.3937514243670819
1386113025.0,0.5593122824740533
1386115725.0,0.5139643690577032
1386118425.0,0.6203585140451082
1386121125.0,0.5596524296451264
1386123825.0,0.6208038975645138
1386126525.0,0.5639642633050812
1386129225.0,0.5527765866334562
1386131925.0,0.6111824778310222
1386134625.0,0.6139369160421495
1386137325.0,0.5429353163865187
1386140025.0,-1.66727521085852
1386142725.0,-1.8663553150078656
1386145425.0,-1.7271082589429625
1386148125.0,0.22988114241590552
1386150825.0,0.5688506223950185
1386153525.0,0.6285129404334668
1386156225.0,0.6401825514363395
1386158925.0,0.6559054858839772
1386161625.0,0.5902313435486803
1386164325.0,0.562739294805283
1386167025.0,0.5396088790226656
1386169725.0,0.5427463012429712
1386172425.0,0.48768720135856825
1386175125.0,0.49122057701211475
1386177825.0,0.44913004340105545
1386180525.0,0.43431211086064536
1386183225.0,0.29550476881649956
1386185925.0,-1.8087875670101141
1386188625.0,-2.063668993286967
1386191325.0,-2.046980237617163
1386194025.0,-2.0217407680661097
1386196725.0,-2.041514493485039
1386199425.0,-1.903920263593875
1386202125.0,-1.7412832568425074
1386204825.0,0.565316057541736
1386207525.0,0.5939094653526524
1386210225.0,0.6909592477335877
1386212925.0,0.6910504504336075
1386215625.0,0.6770619482331881
1386218325.0,0.7743044846127987
1386221025.0,0.7202944605809023
1386223725.0,0.700022820747563
1386226425.0,-0.0987085475820777
1386229125.0,-1.4915887503362342
1386231825.0,-1.4414687851258066
1386234525.0,-1.422337247830285
1386237225.0,-1.2993572775527582
1386239925.0,-1.23890427833976
1386242625.0,-1.1936875727991492
1386245325.0,-1.2707722586274315
1386248025.0,-1.2032445999206232
1386250725.0,-1.2392708246461268
1386253425.0,-1.179022950568168
1386256125.0,-1.145105285622435
1386258825.0,-1.1807306458589721
1386261525.0,-1.1453579446080084
1386264225.0,-1.2041617343006124
1386266925.0,-1.1756623652052838
1386269625.0,-1.1799897441047733
1386272325.0,-1.2554908960766795
1386275025.0,-1.3681165231104728
1386277725.0,-3.2256053307194748
1386280425.0,-3.809362886820253
1386283125.0,-3.8543274347905196
1386285825.0,-3.910068952965304
1386288525.0,-3.854209842298019
1386291225.0,-3.805986666117576
1386293925.0,-1.9008398338789902
1386296625.0,-0.21002227314218658
1386299325.0,-0.0415679287331443
1386302025.0,-0.04772638744782398
1386304725.0,0.07246586214046147
1386307425.0,0.02677922768370422
1386310125.0,-0.010825800112741035
1386312825.0,-0.159819102708866
1386315525.0,-0.3465521619621086
1386318225.0,-1.962986973754795
1386320925.0,-1.9980232511650229
1386323625.0,-2.017998285472146
1386326325.0,-2.0126144746903663
1386329025.0,-1.9816223173602339
1386331725.0,-1.9699527371443821
1386334425.0,-2.0011586081282644
1386337125.0,-2.000131502081018
1386339825.0,-2.0619698932853794
1386342525.0,-2.0398492674394504
1386345225.0,-2.1131224679380693
1386347925.0,-1.9501630119420668
1386350625.0,-1.9641363177850906
1386353325.0,-1.9217820171581366
1386356025.0,-1.9068254717725779
1386358725.0,-2.040764789943097
1386361425.0,-2.1122999293549753
1386364125.0,-2.125909131562196
1386366825.0,-2.2701294524079287
1386369525.0,-3.6959675080283887
1386372225.0,-4.602561256609363
1386374925.0,-4.533522160829506
1386377625.0,-4.478438594827679
1386380325.0,-2.084468396880453
1386383025.0,-0.9299976358280446
1386385725.0,-0.7652035974598732
1386388425.0,-0.7679599651449109
1386391125.0,-0.6744529120678351
1386393825.0,-0.6757598185743063
1386396525.0,-0.6107638586594533
1386399225.0,-0.6012480544735013
1386401925.0,-0.684164310414161
1386404625.0,-0.5803997928873628
1386407325.0,-1.683142102699236
1386410025.0,-2.461098932492945
1386412725.0,-0.5573538279153638
1386415425.0,-0.44068170419078
1386418125.0,-0.515930633963734
1386420825.0,-0.555612805334647
1386423525.0,-0.5054895805645856
1386426225.0,-0.5223268764613351
1386428925.0,-0.4770644499827199
1386431625.0,-0.5880295856180737
1386434325.0,-0.5990359090797028
1386437025.0,-0.5472007911342587
1386439725.0,-0.5659114312092868
1386442425.0,-0.6069465693159088
1386445125.0,-0.6290682858449372
1386447825.0,-0.6203790068439616
1386450525.0,-0.6044542265061921
1386453225.0,-0.7799206525097304
1386455925.0,-0.755274382156415
1386458625.0,-0.865350262863501
1386461325.0,-0.9670863739736433
1386464025.0,-0.9543310184253926
1386466725.0,-0.9859482231522634
1386469425.0,0.8520423211423633
1386472125.0,1.6996112777254666
1386474825.0,1.8426852946168424
1386477525.0,1.9419897630555454
1386480225.0,1.90445039671107
1386482925.0,1.9403298757991365
1386485625.0,-0.3566846042328393
1386488325.0,-1.1651570723700502
1386491025.0,-1.0721176781427175
1386493725.0,-0.9904879152635999
1386496425.0,-0.9256827528809595
1386499125.0,-1.0450510739820231
1386501825.0,-1.007989956273832
1386504525.0,-1.0780686308888505
1386507225.0,-1.1071916313512702
1386509925.0,-1.0629397132614145
1386512625.0,-1.1184225647278083
1386515325.0,-1.1307710280741503
1386518025.0,-1.1467596472453465
1386520725.0,-1.0912514540394511
1386523425.0,-1.0705137856587612
1386526125.0,-1.025553770326951
1386528825.0,-1.103158174222017
1386531525.0,-1.0585797266643908
1386534225.0,-1.0095661910781644
1386536925.0,-1.039668666384756
1386539625.0,-1.1119884024944895
1386542325.0,-1.1880219865310266
1386545025.0,-1.137283488676701
1386547725.0,-1.2775901013474993
1386550425.0,-3.5985170152310673
1386553125.0,-4.157132245447258
1386555825.0,-4.225205098270152
1386558525.0,-0.8799726727278312
1386561225.0,-0.7177026324095266
1386563925.0,-0.6123676321992377
1386566625.0,-0.5896335612072505
1386569325.0,-0.5678657992667411
1386572025.0,-0.42274974030073054
1386574725.0,-0.36032050998224463
1386577425.0,-0.2975246077764382
1386580125.0,-0.326646798225255
1386582825.0,-0.34343385542817373
1386585525.0,-2.2267490829038934
1386588225.0,-0.4366629390421508
1386590925.0,-0.2371299174933199
1386593625.0,-0.293261554596171
1386596325.0,-0.19319760592725288
1386599025.0,-0.23918995294670253
1386601725.0,-0.31521443055061127
1386604425.0,-0.3139714489352059
1386607125.0,-0.25169489366695075
1386609825.0,-0.25026178106227803
1386612525.0,-0.19197281355030782
1386615225.0,-0.15395258123947997
1386617925.0,-0.1967988084282979
1386620625.0,-0.1737422283467822
1386623325.0,-0.22596810596144223
1386626025.0,-1.6604072387841597
1386628725.0,-2.2859695437111043
1386631425.0,-2.31545095347343
1386634125.0,-2.366730091550437
1386636825.0,-2.3675210259872586
1386639525.0,-2.4036282276420593
1386642225.0,-2.4067576265141497
1386644925.0,-1.952977367599857
1386647625.0,0.08196146042712371
1386650325.0,0.2477599558028487
1386653025.0,0.25867931359130125
1386655725.0,0.2669297148916314
1386658425.0,0.24070480585496057
1386661125.0,0.321233171776214
1386663825.0,0.11957481543180393
1386666525.0,-0.7995689374172912
1386669225.0,-1.6019242952080788
1386671925.0,-1.6083550431181663
1386674625.0,-1.6165736479277086
1386677325.0,-1.3990565433994107
1386680025.0,0.3067698510168668
1386682725.0,0.4431110784834118
1386685425.0,0.4438580639529732
1386688125.0,0.38754403495062206
1386690825.0,0.4031270788098311
1386693525.0,0.48083067649153577
1386696225.0,0.47929955297118454
1386698925.0,0.5539238436149674
1386701625.0,0.4865111953544101
1386704325.0,0.5230789500666617
1386707025.0,0.5282713492440791
1386709725.0,0.5305107456630367
1386712425.0,0.5647235905613002
1386715125.0,0.489096763795942
1386717825.0,0.4737412811880688
1386720525.0,0.4063128175642987
1386723225.0,0.3550886693590485
1386725925.0,0.27522720791287725
1386728625.0,0.27029731508366694
1386731325.0,0.2929666638737274
1386734025.0,-0.4423562752305372
1386736725.0,-2.588063891731508
1386739425.0,-2.668162299722354
1386742125.0,-2.590107802651886
1386744825.0,-0.13797702720464144
1386747525.0,0.30696631569890087
1386750225.0,0.36554683833992385
1386752925.0,0.3704111391243714
1386755625.0,0.3756068106028465
1386758325.0,0.43462186925779633
1386761025.0,0.41507680566758154
1386763725.0,0.6339328289907371
1386766425.0,0.25454069352542774
1386769125.0,0.2940591389373708
1386771825.0,0.24857023799725653
1386774525.0,0.1665450357735665
1386777225.0,-0.902278570951637
1386779925.0,-1.6697190320322193
1386782625.0,-1.793969163927244
1386785325.0,-1.7270782055587688
1386788025.0,-1.7428507313487387
1386790725.0,-1.679730263252651
1386793425.0,-1.6119363343616158
1386796125.0,-1.6180806603271378
1386798825.0,-1.6137698585788485
1386801525.0,-1.6419988220641812
1386804225.0,-1.6402256795252583
1386806925.0,-1.6950990281446252
1386809625.0,-1.7488155308052455
1386812325.0,-1.7678032627287052
1386815025.0,-1.7640620847902824
1386817725.0,-1.7413411721410625
1386820425.0,-1.7239691865270004
1386823125.0,-1.688413076617877
1386825825.0,-1.6376192216542904
1386828525.0,1.206518510690188
1386831225.0,-0.8153904200059685
1386833925.0,-1.0245268061908064
1386836625.0,-0.9994162079028968
1386839325.0,-1.0665312782684566
1386842025.0,-0.8813055604297801
1386844725.0,-0.9191334159826283
1386847425.0,-0.759468680276342
1386850125.0,-0.6661240884343727
1386852825.0,-0.5558934001214197
1386855525.0,-0.5199886617780578
1386858225.0,1.3824973392417235
1386860925.0,1.4473310335646943
1386863625.0,1.479916866424304
1386866325.0,1.504656180723714
1386869025.0,1.4012297280027326
1386871725.0,1.397201867984677
1386874425.0,1.3048583879154876
1386877125.0,1.504014830505696
1386879825.0,1.5991949790071942
1386882525.0,1.6354806976393377
1386885225.0,1.5160986434902384
1386887925.0,1.5622820878350012
1386890625.0,1.4603655241658942
1386893325.0,1.5463259359220274
1386896025.0,1.4559832583262278
1386898725.0,1.403414086874335
1386901425.0,1.4807513036645616
1386904125.0,1.4460635692234973
1386906825.0,1.4908720409117961
1386909525.0,1.5029914662073907
1386912225.0,-1.300559860531905
1386914925.0,-2.104629644864332
1386917625.0,-2.1178650092832925
1386920325.0,-2.0543774509797856
1386923025.0,0.5542293217870906
1386925725.0,0.7224665968046509
1386928425.0,0.7564277828455488
1386931125.0,0.6685727266946913
1386933825.0,0.7670529117721401
1386936525.0,0.7410906077606967
1386939225.0,0.7243250514557928
1386941925.0,0.831432151162943
1386944625.0,0.7646052553112099
1386947325.0,0.7583179289859174
1386950025.0,0.7420443574744979
1386952725.0,0.7717255371099156
1386955425.0,0.7595218308407539
1386958125.0,0.719249664839964
1386960825.0,0.6710124071505561
1386963525.0,0.6808332073817667
1386966225.0,0.7139071077934886
1386968925.0,0.7128301030595594
1386971625.0,0.6681752961573011
1386974325.0,0.721168650409652
1386977025.0,0.6453075867932512
1386979725.0,0.7758886895976786
1386982425.0,0.7778866787880361
1386985125.0,0.7718763059935156
1386987825.0,0.8369266049386681
1386990525.0,3.545498323880878
1386993225.0,3.9213926477161465
1386995925.0,3.944715240510419
1386998625.0,3.781039636583671
1387001325.0,0.1870682570161648
1387004025.0,0.029642112520321007
1387006725.0,0.04849985523711098
1387009425.0,0.010769248096352158
1387012125.0,0.03719019638691634
1387014825.0,0.016439906635639545
1387017525.0,-0.04633062292685963
1387020225.0,0.011309353381932397
1387022925.0,-0.6823410222675363
1387025625.0,-0.6251801386558782
1387028325.0,-0.5169544941186075
1387031025.0,-0.477980657564018
1387033725.0,-0.40265975565642975
1387036425.0,-0.22902651828428588
