time_sec,vel_detrended
1265794455.0,-13.33251931401901
1265797155.0,-13.388560249384795
1265799855.0,-13.441576014892348
1265802555.0,-13.60137598702471
1265805255.0,-13.659448229343468
1265807955.0,-13.643809496049869
1265810655.0,-13.74061962638848
1265813355.0,-13.68149016491867
1265816055.0,-13.651854313086062
1265818755.0,-13.623129314884409
1265821455.0,-13.609832371604796
1265824155.0,-13.645433531407548
1265826855.0,-13.666449826335509
1265829555.0,-13.687137180528396
1265832255.0,-13.652558153402595
1265834955.0,-13.695233903339044
1265837655.0,-13.768611013290524
1265840355.0,-13.756465180070052
1265843055.0,-13.7788513525594
1265845755.0,-12.871145159716207
1265848455.0,-12.646427394483396
1265851155.0,-12.566242518508489
1265853855.0,-12.57158523710791
1265856555.0,-12.450593916318041
1265859255.0,-12.458210983701179
1265861955.0,-12.3502355493805
1265864655.0,-13.018267392378789
1265867355.0,-13.37690074247746
1265870055.0,-13.401848954965487
1265872755.0,-13.51694463403544
1265875455.0,-13.453895295002496
1265878155.0,-13.56317526308311
1265880855.0,-13.605414648654062
1265883555.0,-13.64301625189671
1265886255.0,-13.656135260899532
1265888955.0,-13.761391796932571
1265891655.0,-13.772977510985243
1265894355.0,-13.749204895371918
1265897055.0,-13.75237947757239
1265899755.0,-13.64952102894938
1265902455.0,-13.654762376727604
1265905155.0,-13.585891480768169
1265907855.0,-13.602509551331877
1265910555.0,-13.580203278485328
1265913255.0,-13.66436644459327
1265915955.0,-13.651467830089075
1265918655.0,-13.682697695934849
1265921355.0,-13.668567104594388
1265924055.0,-12.65109575592345
1265926755.0,-12.556131724554973
1265929455.0,-12.531665565674416
1265932155.0,-12.517363264361961
1265934855.0,-12.519739228283072
1265937555.0,-12.425082775934527
1265940255.0,-12.451700425879665
1265942955.0,-12.409539163957504
1265945655.0,-12.372773382383286
1265948355.0,-12.945434362128935
1265951055.0,-13.33119110539809
1265953755.0,-13.38477731255631
1265956455.0,-13.480028057550555
1265959155.0,-13.425824602941873
1265961855.0,-13.44839117257294
1265964555.0,-13.03150675307586
1265967255.0,-12.738014266167681
1265969955.0,-12.736213649942101
1265972655.0,-12.712904582903946
1265975355.0,-12.799373247368067
1265978055.0,-12.678240545609924
1265980755.0,-12.634399181324625
1265983455.0,-12.699863217328357
1265986155.0,-12.693208371941864
1265988855.0,-12.74628341058849
1265991555.0,-12.589008707991752
1265994255.0,-12.618957622335529
1265996955.0,-12.573469182857252
1265999655.0,-12.606695993263656
1266002355.0,-12.602596023890726
1266005055.0,-12.633953215840279
1266007755.0,-12.620329445144648
1266010455.0,-12.637816289696275
1266013155.0,-11.827317436037447
1266015855.0,-12.719042691169705
1266018555.0,-12.803190946541974
1266021255.0,-12.778163125697745
1266023955.0,-12.816806780333764
1266026655.0,-12.794399091206003
1266029355.0,-12.80204772071454
1266032055.0,-12.731718198812587
1266034755.0,-12.73284950847733
1266037455.0,-12.790379368287859
1266040155.0,-12.695964052734553
1266042855.0,-12.658017880551085
1266045555.0,-12.699662049656638
1266048255.0,-12.688555308381922
1266050955.0,-12.689865214869656
1266053655.0,-12.746319550771602
1266056355.0,-12.820348530256638
1266059055.0,-12.788921776888287
1266061755.0,-12.938795040015862
1266064455.0,-12.88157157356244
1266067155.0,-12.769276836549011
1266069855.0,-12.808440639672824
1266072555.0,-12.737764197453203
1266075255.0,-12.709607956665252
1266077955.0,-12.627777489540904
1266080655.0,-12.67343308999068
1266083355.0,-12.656634145165924
1266086055.0,-12.660314315391872
1266088755.0,-12.734095899510862
1266091455.0,-12.677811424368372
1266094155.0,-12.698409016113544
1266096855.0,-12.732703495132
1266099555.0,-12.746787300460994
1266102255.0,-12.79309664430616
1266104955.0,-12.76643074883259
1266107655.0,-12.777426886792455
1266110355.0,-12.887611917641436
1266113055.0,-12.838127747340423
1266115755.0,-12.779807285502386
1266118455.0,-12.709370828416127
1266121155.0,-12.698741950542683
1266123855.0,-12.713346440761939
1266126555.0,-12.67534840815813
1266129255.0,-12.674584785981779
1266131955.0,-12.687127728783878
1266134655.0,-12.028782111369765
1266137355.0,-12.227149692010926
1266140055.0,-12.64734451598548
1266142755.0,-12.746593437788476
1266145455.0,-12.73717758353905
1266148155.0,-12.806642450580966
1266150855.0,-12.845534587282202
1266153555.0,-12.80389069737521
1266156255.0,-12.77765897334831
1266158955.0,-12.750476399861725
1266161655.0,-12.787753713968641
1266164355.0,-12.725575066315173
1266167055.0,-12.698930919607449
1266169755.0,-12.640051200345681
1266172455.0,-12.753280169898915
1266175155.0,-12.697365746438265
1266177855.0,-12.712511753031208
1266180555.0,-12.737865216674379
1266183255.0,-12.723451684858844
1266185955.0,-12.764491300724785
1266188655.0,-12.804521769132975
1266191355.0,-12.74655605229566
1266194055.0,-12.780599078662533
1266196755.0,-12.780075808624247
1266199455.0,-12.769771459056528
1266202155.0,-12.687659923663034
1266204855.0,-12.650890592167116
1266207555.0,-12.673385497285835
1266210255.0,-12.64367091061797
1266212955.0,-12.624255414339132
1266215655.0,-12.614821112659001
1266218355.0,-12.624389584800781
1266221055.0,-12.094840528861312
1266223755.0,-12.06102715095858
1266226455.0,-12.614489819987455
1266229155.0,-12.639759227660477
1266231855.0,-12.69275029593399
1266234555.0,-12.796429336294125
1266237255.0,-12.72953896030117
1266239955.0,-12.71340465467921
1266242655.0,-12.696589902096036
1266245355.0,-12.699074193567867
1266248055.0,-12.696643591173654
1266250755.0,-12.632819220657495
1266253455.0,-12.588012961173945
1266256155.0,-12.60299775699599
1266258855.0,-12.641183466311418
1266261555.0,-12.59846633423632
1266264255.0,-12.616558117486818
1266266955.0,-12.67524279159187
1266269655.0,-12.696148928256946
1266272355.0,-12.684255238824221
1266275055.0,-12.681300263632409
1266277755.0,-12.726832737899883
1266280455.0,-12.7367569503038
1266283155.0,-12.647374753005465
1266285855.0,-12.63556559454247
1266288555.0,-12.593887371079177
1266291255.0,-12.503536841580171
1266293955.0,-12.487535331480842
1266296655.0,-12.542825022186719
1266299355.0,-12.494968203527549
1266302055.0,-12.57932563178565
1266304755.0,-12.558656474117925
1266307455.0,-12.51802694594653
1266310155.0,-11.980761485154517
1266312855.0,-12.579099019996477
1266315555.0,-12.69378766445351
1266318255.0,-12.710222131871944
1266320955.0,-12.773442723963342
1266323655.0,-12.774443535465196
1266326355.0,-12.701032754139192
1266329055.0,-12.68715613454276
1266331755.0,-12.600806271415365
1266334455.0,-12.563027743739951
1266337155.0,-12.50439314841924
1266339855.0,-12.4874458324756
1266342555.0,-12.473555107873892
1266345255.0,-12.496690160096932
1266347955.0,-12.518636132984398
1266350655.0,-12.56160691842689
1266353355.0,-12.624206058240361
1266356055.0,-12.719590030623237
1266358755.0,-12.623549157133482
1266361455.0,-12.724861079873278
1266364155.0,-12.695398004057154
1266366855.0,-12.66580624730193
1266369555.0,-12.665138191543178
1266372255.0,-12.659714217214287
1266374955.0,-12.622114621962453
1266377655.0,-12.573452510995025
1266380355.0,-12.580410815167227
1266383055.0,-12.549024428801317
1266385755.0,-12.515258904186737
1266388455.0,-12.515026902616682
1266391155.0,-12.519656799910138
1266393855.0,-12.440449196586883
1266396555.0,-12.582282330912278
1266399255.0,-12.894516803128624
1266401955.0,-12.726734461389867
1266404655.0,-12.555262855082276
1266407355.0,-12.61528995222858
1266410055.0,-12.739427183473651
1266412755.0,-12.706451002747485
1266415455.0,-12.711038266135063
1266418155.0,-12.678420772895436
1266420855.0,-12.588648496981136
1266423555.0,-12.615035684463749
1266426255.0,-12.569329494198087
1266428955.0,-12.55739142208995
1266431655.0,-12.600651443257448
1266434355.0,-12.584378216623065
1266437055.0,-12.642944004950152
1266439755.0,-12.600395373423567
1266442455.0,-12.671408288162127
1266445155.0,-12.657176976406504
1266447855.0,-12.672523391916627
1266450555.0,-12.611838028266106
1266453255.0,-13.382614660396086
1266455955.0,-12.851444536995643
1266458655.0,-12.787997630926327
1266461355.0,-12.61246329155506
1266464055.0,-12.637165626177364
1266466755.0,-12.681792131030988
1266469455.0,-12.642070181505858
1266472155.0,-12.602193238702569
1266474855.0,-12.613524297232345
1266477555.0,-12.625912891970302
1266480255.0,-12.660816718364629
1266482955.0,-12.783747897141154
1266485655.0,-12.815465458667006
1266488355.0,-13.522675252598049
1266491055.0,-13.52697478349205
1266493755.0,-13.58466325769001
1266496455.0,-13.5768386049794
1266499155.0,-13.485719307653653
1266501855.0,-12.98979582819004
1266504555.0,-12.805220548259058
1266507255.0,-12.738494939511611
1266509955.0,-12.68999242031498
1266512655.0,-12.712375406166018
1266515355.0,-12.689608109935818
1266518055.0,-12.729865005296858
1266520755.0,-12.66335032158139
1266523455.0,-12.69079833733457
1266526155.0,-12.73687627467109
1266528855.0,-12.726208941093205
1266531555.0,-12.778943788672223
1266534255.0,-12.753098344692887
1266536955.0,-12.763724136524218
1266539655.0,-12.809814457733864
1266542355.0,-12.802774028109809
1266545055.0,-13.388277171775883
1266547755.0,-13.718841355693826
1266550455.0,-13.659688274414691
1266553155.0,-13.673546661833143
1266555855.0,-13.723913338675573
1266558555.0,-13.716785428203764
1266561255.0,-13.764148824270364
1266563955.0,-13.790568272132987
1266566655.0,-13.79133149185003
1266569355.0,-13.886259201305677
1266572055.0,-13.060722151078267
1266574755.0,-12.878528849304644
1266577455.0,-12.85532664832698
1266580155.0,-12.903295868227303
1266582855.0,-12.860870733679747
1266585555.0,-12.869198701480343
1266588255.0,-12.771343433504342
1266590955.0,-12.740611505339587
1266593655.0,-12.673817813723531
1266596355.0,-12.617226502850826
1266599055.0,-12.609267637912694
1266601755.0,-12.645580411068352
1266604455.0,-12.653917220709275
1266607155.0,-12.691780635361852
1266609855.0,-12.59815997636639
1266612555.0,-12.659211464916439
1266615255.0,-12.696225599099819
1266617955.0,-12.73577159129286
1266620655.0,-12.296513470080583
1266623355.0,-11.860220870026296
1266626055.0,-11.793673244494357
1266628755.0,-11.66977322614423
1266631455.0,-11.626658208444553
1266634155.0,-11.670184620000327
1266636855.0,-12.676406381755669
1266639555.0,-12.797358218930185
1266642255.0,-12.821499679060253
1266644955.0,-12.875182897476577
1266647655.0,-12.927198090657214
1266650355.0,-12.927698838523725
1266653055.0,-12.850055700879011
1266655755.0,-12.975810737896722
1266658455.0,-13.02007541301424
1266661155.0,-13.071164008889696
1266663855.0,-12.420845337278024
1266666555.0,-12.987796106136898
1266669255.0,-13.082841459105111
1266671955.0,-13.123270034390885
1266674655.0,-13.060972896370004
1266677355.0,-13.113642263635484
1266680055.0,-13.016383398938217
1266682755.0,-13.021818955377853
1266685455.0,-13.025848070617997
1266688155.0,-13.0131158897575
1266690855.0,-13.03316862071631
1266693555.0,-13.123304123537594
1266696255.0,-13.115883645693657
1266698955.0,-13.150803987338008
1266701655.0,-13.145234557633955
1266704355.0,-13.094175884563356
1266707055.0,-13.16613343525023
1266709755.0,-13.107554866009934
1266712455.0,-13.118362924500218
1266715155.0,-12.710472998629712
1266717855.0,-12.233400541028402
1266720555.0,-12.08357088384463
1266723255.0,-12.925284649810294
1266725955.0,-13.19328256100431
1266728655.0,-13.13236810094645
1266731355.0,-13.049272185533141
1266734055.0,-13.169655663686115
1266736755.0,-13.136731954914637
1266739455.0,-13.140802500148482
1266742155.0,-13.184920676204456
1266744855.0,-13.232090098735682
1266747555.0,-13.31871957857362
1266750255.0,-13.283670628519417
1266752955.0,-13.434621917282698
1266755655.0,-14.131963813659752
1266758355.0,-14.202484440173691
1266761055.0,-14.145430242944371
1266763755.0,-14.077780490688497
1266766455.0,-14.108437986901606
1266769155.0,-14.064736273974006
1266771855.0,-14.123210312166634
1266774555.0,-14.149007605714303
1266777255.0,-14.202947115964832
1266779955.0,-14.17324031684791
1266782655.0,-14.22230967876618
1266785355.0,-14.302248268975234
1266788055.0,-14.349187486932863
1266790755.0,-14.328757518843588
1266793455.0,-14.35471398652561
1266796155.0,-13.378704803989137
1266798855.0,-13.206929065747204
1266801555.0,-13.171993531203213
1266804255.0,-13.165632100609002
1266806955.0,-13.080005873690311
1266809655.0,-12.994763635113202
1266812355.0,-13.483105721589936
1266815055.0,-13.89643507243676
1266817755.0,-13.948010046229513
1266820455.0,-13.999373894522762
1266823155.0,-14.032367781726691
1266825855.0,-13.979957599240834
1266828555.0,-14.05675410373675
1266831255.0,-14.047971208372815
1266833955.0,-14.07004287623829
1266836655.0,-14.080958429452949
1266839355.0,-14.214576364913967
1266842055.0,-14.316384330034566
1266844755.0,-14.231269059748115
1266847455.0,-14.022619061150976
1266850155.0,-14.008861848266463
1266852855.0,-13.922272944774193
1266855555.0,-13.95136234687152
1266858255.0,-13.899395636313386
1266860955.0,-13.975234340512657
1266863655.0,-14.001964592369745
1266866355.0,-14.027340636555323
1266869055.0,-14.030726870694082
1266871755.0,-14.054983521616919
1266874455.0,-14.109874426289196
1266877155.0,-14.154080914177484
1266879855.0,-14.149478536281947
1266882555.0,-14.094248374361086
1266885255.0,-13.993999406093963
1266887955.0,-13.34812336890576
1266890655.0,-13.22915931530764
1266893355.0,-13.191285087887195
1266896055.0,-13.171329937443886
1266898755.0,-13.118968711146238
1266901455.0,-13.097471789926658
1266904155.0,-13.110532341647172
1266906855.0,-13.067494416114073
1266909555.0,-13.166077719201041
1266912255.0,-13.684185065780184
1266914955.0,-14.188566134206496
1266917655.0,-14.251583105669795
1266920355.0,-14.267623306552593
1266923055.0,-14.250708916352494
1266925755.0,-14.337251567436681
1266928455.0,-14.316411938649026
1266931155.0,-14.393641173738501
1266933855.0,-14.310531663819802
1266936555.0,-14.323239832133481
1266939255.0,-14.267192332954153
1266941955.0,-14.278635082676033
1266944655.0,-14.227844769592537
1266947355.0,-14.363851214931742
1266950055.0,-14.379437003904343
1266952755.0,-14.431134294212882
1266955455.0,-14.410719880727186
1266958155.0,-14.348647602294818
1266960855.0,-13.456504782167883
1266963555.0,-13.421097571625694
1266966255.0,-13.414513258779948
1266968955.0,-13.368627977577887
1266971655.0,-13.353154846786197
1266974355.0,-14.311101100955568
1266977055.0,-14.2931051172759
1266979755.0,-14.25193601256376
1266982455.0,-14.30155243227864
1266985155.0,-14.337822644277708
1266987855.0,-14.203402548492136
1266990555.0,-14.153156956268901
1266993255.0,-14.220861662134553
1266995955.0,-14.274321409255265
1266998655.0,-14.262085983031568
1267001355.0,-14.34934129153686
1267004055.0,-14.448920184021006
1267006755.0,-14.42685716423739
1267009455.0,-15.030675700839424
1267012155.0,-15.256218980591882
1267014855.0,-15.209615669811626
1267017555.0,-15.266243130631779
1267020255.0,-15.23792824008217
1267022955.0,-15.23864599545368
1267025655.0,-15.222332835096893
1267028355.0,-15.245255930075928
1267031055.0,-15.27087799830906
1267033755.0,-15.294786634803984
1267036455.0,-15.302407535873499
1267039155.0,-14.49900608447183
1267041855.0,-14.155777423958966
1267044555.0,-14.138701851619714
1267047255.0,-14.15531856060585
1267049955.0,-14.196161516765756
1267052655.0,-14.154766461578959
1267055355.0,-14.703879545108123
1267058055.0,-15.069973576625785
1267060755.0,-15.042661105626905
1267063455.0,-15.020535797216667
1267066155.0,-14.92287475641956
1267068855.0,-14.941381232846311
1267071555.0,-14.900059725136998
1267074255.0,-14.868640730794652
1267076955.0,-14.903725517746977
1267079655.0,-14.898693153904958
1267082355.0,-14.816701062235893
1267085055.0,-14.899888234017794
1267087755.0,-14.950234952004848
1267090455.0,-14.955703259241659
1267093155.0,-14.96918897666319
1267095855.0,-15.022550031754463
1267098555.0,-15.033722152459063
1267101255.0,-15.84967741464169
1267103955.0,-16.017860489198142
1267106655.0,-15.905556810021722
1267109355.0,-15.874532347608294
1267112055.0,-15.922634895387091
1267114755.0,-15.92684100427698
1267117455.0,-15.897306230851598
1267120155.0,-15.966807358104688
1267122855.0,-15.983300749056468
1267125555.0,-14.900716086580928
1267128255.0,-14.782002492921777
1267130955.0,-14.763773115996685
1267133655.0,-14.81405967005702
1267136355.0,-14.861399632138614
1267139055.0,-14.812350176816494
1267141755.0,-14.810232145279599
1267144455.0,-14.800986207196445
1267147155.0,-15.499160508563023
1267149855.0,-15.563410716607848
1267152555.0,-15.522306625526994
1267155255.0,-15.590292417957698
1267157955.0,-15.541872575772004
1267160655.0,-15.434027714632748
1267163355.0,-15.46958489863141
1267166055.0,-15.51882149175367
1267168755.0,-15.533513639738146
1267171455.0,-15.433729890512495
1267174155.0,-15.499230371827991
1267176855.0,-15.559347585943783
1267179555.0,-15.565908144213893
1267182255.0,-15.550673526461992
1267184955.0,-15.60860244025531
1267187655.0,-15.644061568853317
1267190355.0,-15.578203924662716
1267193055.0,-15.45270071457179
1267195755.0,-15.468088362245169
1267198455.0,-16.24057426343029
1267201155.0,-16.326900667214886
1267203855.0,-16.371255260893122
1267206555.0,-16.463731576761347
1267209255.0,-16.434185158644937
1267211955.0,-16.5032800208906
1267214655.0,-15.575006181379024
1267217355.0,-15.29256719897586
1267220055.0,-15.283802323711768
1267222755.0,-15.281091450301403
1267225455.0,-15.25511962534705
1267228155.0,-15.241112553821438
1267230855.0,-15.183695050519361
1267233555.0,-15.208094750528971
1267236255.0,-15.220167368878947
1267238955.0,-15.107308859815134
1267241655.0,-15.109920994923016
1267244355.0,-15.882509432976406
1267247055.0,-15.970617797145565
1267249755.0,-15.950709185630217
1267252455.0,-15.975067061165191
1267255155.0,-16.018608598138144
1267257855.0,-15.961912062457543
1267260555.0,-16.031976004679507
1267263255.0,-16.074904606795485
1267265955.0,-16.092143756301255
1267268655.0,-16.084067132528787
1267271355.0,-16.103113390430167
1267274055.0,-15.942721173814448
1267276755.0,-15.954720075980333
1267279455.0,-15.905202093029061
1267282155.0,-15.93912881250236
1267284855.0,-15.92209992491371
1267287555.0,-15.945689646600329
1267290255.0,-15.973029707465003
1267292955.0,-16.05196910930448
1267295655.0,-16.002060326803587
1267298355.0,-16.086027943222064
1267301055.0,-16.040036242340307
1267303755.0,-15.601098405591983
1267306455.0,-14.898064991673323
1267309155.0,-14.827547722383656
1267311855.0,-14.746824411752073
1267314555.0,-14.693871704982257
1267317255.0,-14.708761701881542
1267319955.0,-15.519561325299435
1267322655.0,-15.746463724745013
1267325355.0,-15.760891606570567
1267328055.0,-15.800313834111478
1267330755.0,-15.73025619304417
1267333455.0,-15.709874189207312
1267336155.0,-15.673228886536037
1267338855.0,-15.653132508552801
1267341555.0,-15.58258014807501
1267344255.0,-15.073744429031763
1267346955.0,-14.822762603192245
1267349655.0,-14.896744813059286
1267352355.0,-14.862009996477923
1267355055.0,-14.906375238367445
1267357755.0,-15.000781970867138
1267360455.0,-14.844254000732235
1267363155.0,-14.772180387833828
1267365855.0,-14.686036212384806
1267368555.0,-14.708911986441535
1267371255.0,-14.730980095859707
1267373955.0,-14.716525754375937
1267376655.0,-14.721784923468533
1267379355.0,-14.741411776361417
1267382055.0,-14.73100293765117
1267384755.0,-14.76324213240855
1267387455.0,-14.726985006669622
1267390155.0,-14.700516850595477
1267392855.0,-13.889698289517867
1267395555.0,-14.662956224109223
1267398255.0,-14.820634347257283
1267400955.0,-14.877257452850017
1267403655.0,-14.951845020571852
1267406355.0,-15.039516519534914
1267409055.0,-14.94196560533726
1267411755.0,-14.928183486791283
1267414455.0,-15.010172639596988
1267417155.0,-14.933616595410797
1267419855.0,-14.85762720032659
1267422555.0,-14.82850864948665
1267425255.0,-14.81834007803161
1267427955.0,-15.492684329369865
1267430655.0,-15.731721446668473
1267433355.0,-15.05318551365906
1267436055.0,-15.000264623465625
1267438755.0,-14.944913142234725
1267441455.0,-14.964286102049527
1267444155.0,-14.93764860219676
1267446855.0,-14.971669775536839
1267449555.0,-14.965434354101149
1267452255.0,-14.789942354645063
1267454955.0,-14.715862949876566
1267457655.0,-14.725197351900988
1267460355.0,-14.7808045141104
1267463055.0,-14.843079114545333
1267465755.0,-14.916362471221646
1267468455.0,-14.878449778788308
1267471155.0,-14.89717695590656
1267473855.0,-14.98050090580324
1267476555.0,-14.916687675272215
1267479255.0,-14.977200219121471
1267481955.0,-14.885244730089369
1267484655.0,-14.931681110946784
1267487355.0,-14.987030883978775
1267490055.0,-14.912073128521854
1267492755.0,-14.960613215231206
1267495455.0,-14.957209273995602
1267498155.0,-14.845108832669212
1267500855.0,-14.829199038034915
1267503555.0,-14.841773970091936
1267506255.0,-14.799321491323042
1267508955.0,-14.826755108574957
1267511655.0,-14.83411743403451
1267514355.0,-15.470460161598908
1267517055.0,-15.59947983264351
1267519755.0,-15.638314225622594
1267522455.0,-15.619020066831524
1267525155.0,-14.919744359982587
1267527855.0,-14.887033302577606
1267530555.0,-14.87573087415933
1267533255.0,-14.85239296619892
1267535955.0,-14.76360852841458
1267538655.0,-14.689106064444843
1267541355.0,-14.721090361020742
1267544055.0,-14.712719970438059
1267546755.0,-14.655476158683825
1267549455.0,-14.709166360801078
1267552155.0,-14.74377699643378
1267554855.0,-14.74749828819904
1267557555.0,-14.700716636891059
1267560255.0,-14.748670547052086
1267562955.0,-14.735981652147188
1267565655.0,-14.78836361236074
1267568355.0,-14.787754568688968
1267571055.0,-14.805908010945302
1267573755.0,-14.867628761718834
1267576455.0,-14.799695637565833
1267579155.0,-14.800754662418
1267581855.0,-14.849979306458977
1267584555.0,-14.77602848819214
1267587255.0,-14.74294434052581
1267589955.0,-14.662763810880108
1267592655.0,-14.721141056055387
1267595355.0,-14.768468497827428
1267598055.0,-14.819470673014564
1267600755.0,-14.809854665637488
1267603455.0,-15.454894515958586
1267606155.0,-14.868367185577938
1267608855.0,-14.864321884626634
1267611555.0,-14.818394760197975
1267614255.0,-14.826015518599093
1267616955.0,-14.81133615390172
1267619655.0,-14.777702663025934
1267622355.0,-14.672224964797408
1267625055.0,-14.613653196724329
1267627755.0,-14.63173596208344
1267630455.0,-14.627159147005727
1267633155.0,-14.699376803731411
1267635855.0,-14.6687670081987
1267638555.0,-14.754782267704854
1267641255.0,-14.761110835381714
1267643955.0,-14.729642873676937
1267646655.0,-14.813730615143186
1267649355.0,-14.849698914922953
1267652055.0,-14.81101670511282
1267654755.0,-14.844375726169403
1267657455.0,-14.098171935256062
1267660155.0,-14.718912537295182
1267662855.0,-14.774107384043191
1267665555.0,-14.80446734544148
1267668255.0,-14.740102397951489
1267670955.0,-14.757515781944846
1267673655.0,-14.81653020242959
1267676355.0,-14.671382968077694
1267679055.0,-14.626107894031463
1267681755.0,-14.729950769078641
1267684455.0,-14.710413571359084
1267687155.0,-14.777030212735951
1267689855.0,-14.796867109408538
1267692555.0,-14.821731036020026
1267695255.0,-14.854601637450003
1267697955.0,-14.806909562962858
1267700655.0,-14.875824934184834
1267703355.0,-14.891493295421355
1267706055.0,-14.883382690417136
1267708755.0,-14.825728166037095
1267711455.0,-14.684368781169212
1267714155.0,-14.676188027834087
1267716855.0,-14.65770592787402
1267719555.0,-14.650912690367818
1267722255.0,-14.617096838111195
1267724955.0,-14.700916035458079
1267727655.0,-14.719588764838534
1267730355.0,-14.810980883072432
1267733055.0,-14.84501698072927
1267735755.0,-14.906780319925076
1267738455.0,-14.863926497776447
1267741155.0,-14.973534272538018
1267743855.0,-14.893004052704839
1267746555.0,-14.907586624047042
1267749255.0,-15.55301002876098
1267751955.0,-14.909790762201283
1267754655.0,-14.878668318410007
1267757355.0,-14.815918814229804
1267760055.0,-14.757186848486754
1267762755.0,-14.716569539661464
1267765455.0,-14.709878344924391
1267768155.0,-14.753056880091208
1267770855.0,-14.726770420661182
1267773555.0,-14.773859791539053
1267776255.0,-14.86546676635993
1267778955.0,-14.853627907149473
1267781655.0,-15.0987834914485
1267784355.0,-15.083271748586299
1267787055.0,-14.983293097058663
1267789755.0,-14.988736701000278
1267792455.0,-14.884826838482581
1267795155.0,-14.806972924039087
1267797855.0,-14.746805237282047
1267800555.0,-14.76826277152702
1267803255.0,-14.79103866640304
1267805955.0,-14.82122054861702
1267808655.0,-14.867005741123364
1267811355.0,-14.880629924630739
1267814055.0,-14.889300202031507
1267816755.0,-14.818479135019857
1267819455.0,-14.90356740908993
1267822155.0,-14.92953898103093
1267824855.0,-14.965350373216097
1267827555.0,-14.955911855521322
1267830255.0,-14.893993766331619
1267832955.0,-14.346688745417453
1267835655.0,-14.071555838475149
1267838355.0,-14.021783907644988
1267841055.0,-14.835205478144871
1267843755.0,-14.927048237914903
1267846455.0,-14.834754430789928
1267849155.0,-14.853917654985025
1267851855.0,-14.927972318158254
1267854555.0,-14.914379492698004
1267857255.0,-15.016253362276643
1267859955.0,-14.940002222416297
1267862655.0,-14.975349139484138
1267865355.0,-14.993408642122859
1267868055.0,-15.022268033064108
1267870755.0,-15.029690755653519
1267873455.0,-14.461241896838885
1267876155.0,-15.031159863696246
1267878855.0,-15.088206956370527
1267881555.0,-14.991079900013688
1267884255.0,-15.028375305855548
1267886955.0,-14.971393622538017
1267889655.0,-14.977378727471944
1267892355.0,-14.904599438738899
1267895055.0,-14.96710986861035
1267897755.0,-14.972210976076553
1267900455.0,-15.037874293881032
1267903155.0,-15.003927371740701
1267905855.0,-15.039027570316193
1267908555.0,-15.067033833986102
1267911255.0,-15.140648803420675
1267913955.0,-14.782311914629645
1267916655.0,-14.325129585384616
1267919355.0,-14.239905923076435
1267922055.0,-14.158172490899801
1267924755.0,-14.138729639382973
1267927455.0,-14.050893196245738
1267930155.0,-14.09444674941193
1267932855.0,-14.133498358378347
1267935555.0,-14.103116547225909
1267938255.0,-14.06123521925872
1267940955.0,-14.09574485381114
1267943655.0,-14.162351188419734
1267946355.0,-14.741782401998421
1267949055.0,-15.233170420872852
1267951755.0,-15.371115435106901
1267954455.0,-15.420554018444136
1267957155.0,-15.375145573173995
1267959855.0,-14.70717354607865
1267962555.0,-14.689932122988864
1267965255.0,-14.413441518905813
1267967955.0,-14.569487879502617
1267970655.0,-14.397416420494892
1267973355.0,-14.376313566200054
1267976055.0,-14.343146801074056
1267978755.0,-14.280304734549759
1267981455.0,-14.320879314127694
1267984155.0,-14.434534979935563
1267986855.0,-14.429971090067795
1267989555.0,-14.453184566517677
1267992255.0,-14.542680257748088
1267994955.0,-14.55963328816756
1267997655.0,-14.580460504575399
1268000355.0,-13.920720080899741
1268003055.0,-13.702924034836201
1268005755.0,-13.71766152014635
1268008455.0,-13.64888849580484
1268011155.0,-13.678120012820273
1268013855.0,-13.617704016437415
1268016555.0,-13.597213643318014
1268019255.0,-14.37745058820866
1268021955.0,-14.488897585681912
1268024655.0,-14.507083523878066
1268027355.0,-14.580808302381001
1268030055.0,-14.534307348384004
1268032755.0,-14.599488637520722
1268035455.0,-14.663651835214239
1268038155.0,-14.679799654802764
1268040855.0,-14.721312960574949
1268043555.0,-14.755051015462982
1268046255.0,-14.852640241834195
1268048955.0,-14.146921508687285
1268051655.0,-13.939846244745752
1268054355.0,-14.155369085851419
1268057055.0,-14.547116732182872
1268059755.0,-14.605820792321765
1268062455.0,-14.60530279651266
1268065155.0,-14.64677219971287
1268067855.0,-14.709095106653706
1268070555.0,-14.753286079330053
1268073255.0,-14.777494498915587
1268075955.0,-14.785771001798537
1268078655.0,-14.792297720989211
1268081355.0,-14.801347577738284
1268084055.0,-14.828087572831862
1268086755.0,-14.762073569820473
1268089455.0,-14.040425481269551
1268092155.0,-13.914448982632166
1268094855.0,-13.81188516755617
1268097555.0,-13.781435874311342
1268100255.0,-13.728265733533135
1268102955.0,-13.785842186037371
1268105655.0,-13.713881464605322
1268108355.0,-13.694949533738338
1268111055.0,-13.708212804383493
1268113755.0,-13.726425191777082
1268116455.0,-13.79965301081927
1268119155.0,-13.767582938065857
1268121855.0,-13.91498893864292
1268124555.0,-14.832864001644737
1268127255.0,-14.95385548716257
1268129955.0,-14.954604345406949
1268132655.0,-15.023783340839998
1268135355.0,-14.970473352502381
1268138055.0,-14.851193457313855
1268140755.0,-14.757441030505845
1268143455.0,-14.804247478458365
1268146155.0,-14.718979086943534
1268148855.0,-14.712612787989315
1268151555.0,-14.724743777776268
1268154255.0,-14.869685469952913
1268156955.0,-14.82584938765956
1268159655.0,-14.90997982269505
1268162355.0,-14.957186291191647
1268165055.0,-14.946830329887632
1268167755.0,-14.024368696455838
1268170455.0,-13.884209519910769
1268173155.0,-13.849633348350437
1268175855.0,-13.802001050639433
1268178555.0,-13.700028212887844
1268181255.0,-13.663023066658752
1268183955.0,-13.705157724113462
1268186655.0,-13.624508239319994
1268189355.0,-13.743618895888233
1268192055.0,-14.556055436351983
1268194755.0,-14.641622883919467
1268197455.0,-14.602622232823478
1268200155.0,-14.670011899994108
1268202855.0,-14.690225968849916
1268205555.0,-14.650929314921939
1268208255.0,-14.651460105082947
1268210955.0,-14.703215074941568
1268213655.0,-14.759035729183381
1268216355.0,-14.788631598461734
1268219055.0,-14.823485268281843
1268221755.0,-14.689782620543724
1268224455.0,-14.821201629096834
1268227155.0,-14.770618254185422
1268229855.0,-14.715177653399564
1268232555.0,-14.698936467307249
1268235255.0,-14.783712683195574
1268237955.0,-14.819403664025003
1268240655.0,-14.932556266650693
1268243355.0,-14.909255839643265
1268246055.0,-14.109097579306535
1268248755.0,-13.82708967385281
1268251455.0,-13.838352373926682
1268254155.0,-13.83471865207622
1268256855.0,-13.810308999782137
1268259555.0,-13.710216498026796
1268262255.0,-13.705850222592858
1268264955.0,-13.655451518424286
1268267655.0,-13.608660653562481
1268270355.0,-13.630177289533833
1268273055.0,-13.544569648047059
1268275755.0,-13.501391854882797
1268278455.0,-13.018474367103067
1268281155.0,-12.581009454107459
1268283855.0,-12.486145857546205
1268286555.0,-12.510581260720812
1268289255.0,-12.396909950371878
1268291955.0,-12.57264792507192
1268294655.0,-12.527875729203345
1268297355.0,-13.242132598245746
1268300055.0,-13.7654679349493
1268302755.0,-13.82462885898832
1268305455.0,-13.900800246198628
1268308155.0,-13.948357159633076
1268310855.0,-13.902575043342097
1268313555.0,-13.790507043955074
1268316255.0,-13.70314957701845
1268318955.0,-13.771746740649974
1268321655.0,-13.817234636893716
1268324355.0,-13.79253554796054
1268327055.0,-13.873498142335507
1268329755.0,-13.944749105013614
1268332455.0,-13.964801539790699
1268335155.0,-13.1278307934532
1268337855.0,-13.013773819851963
1268340555.0,-12.971026609864225
1268343255.0,-13.01156841958516
1268345955.0,-13.714968944568966
1268348655.0,-13.780925688353818
1268351355.0,-13.887001197526104
1268354055.0,-13.937417733130246
1268356755.0,-13.827724853317932
1268359455.0,-13.789674264610653
1268362155.0,-13.849081202430966
1268364855.0,-13.739145301547467
1268367555.0,-13.674226798327311
1268370255.0,-13.670806153066621
1268372955.0,-13.71589867236952
1268375655.0,-13.691406094929505
1268378355.0,-13.77569252901867
1268381055.0,-13.828124792637482
1268383755.0,-13.92579331634056
1268386455.0,-13.932277756531334
1268389155.0,-13.9945632360849
1268391855.0,-14.783674831988037
1268394555.0,-14.87524625998492
1268397255.0,-14.713907459370034
1268399955.0,-14.571799194494474
1268402655.0,-14.592601188363517
1268405355.0,-14.575556561988094
1268408055.0,-14.642379616154528
1268410755.0,-14.64870397557479
1268413455.0,-14.76790939055337
1268416155.0,-14.811215241439129
1268418855.0,-14.836585814612931
1268421555.0,-14.918641711973237
1268424255.0,-13.79998169748751
1268426955.0,-13.686622114554098
1268429655.0,-13.695870842196484
1268432355.0,-13.580243359842655
1268435055.0,-14.353534591528273
1268437755.0,-14.361338681042639
1268440455.0,-14.356558159992233
1268443155.0,-14.396509113806871
1268445855.0,-14.341597164654559
1268448555.0,-14.309858721582998
1268451255.0,-14.336098006811483
1268453955.0,-14.328381886837974
1268456655.0,-13.850643750453287
1268459355.0,-13.466485738965673
1268462055.0,-13.449864526547287
1268464755.0,-13.40281683992282
1268467455.0,-13.409377481976719
1268470155.0,-13.433532743450144
1268472855.0,-13.414046617617771
1268475555.0,-13.361755300240816
1268478255.0,-13.442446189934742
1268480955.0,-13.452087624667456
1268483655.0,-13.33767943174314
1268486355.0,-13.274753749543379
1268489055.0,-13.271445247583074
1268491755.0,-13.241310988597377
1268494455.0,-13.261527786766237
1268497155.0,-13.30455262704885
1268499855.0,-13.335559351851202
1268502555.0,-13.34077271641712
1268505255.0,-13.309935451781428
1268507955.0,-12.594165767502545
1268510655.0,-12.406605270405805
1268513355.0,-12.445954658530923
1268516055.0,-13.061578062721935
1268518755.0,-13.509102632050997
1268521455.0,-13.602812643516131
1268524155.0,-13.538116559236983
1268526855.0,-13.565923628566452
1268529555.0,-13.654001504262283
1268532255.0,-13.645112245013081
1268534955.0,-13.62854361212942
1268537655.0,-13.519908512787424
1268540355.0,-13.490065481462807
1268543055.0,-13.54208669104895
1268545755.0,-13.015302892494617
1268548455.0,-12.695602846414204
1268551155.0,-12.589127522104548
1268553855.0,-12.548447566745892
1268556555.0,-12.624566109270972
1268559255.0,-12.63613204163687
1268561955.0,-12.671248921009521
1268564655.0,-12.690183373047262
1268567355.0,-12.702891118520654
1268570055.0,-13.250368858660579
1268572755.0,-13.392554029154212
1268575455.0,-13.46368749097303
1268578155.0,-13.474656188336667
1268580855.0,-13.592511690383787
1268583555.0,-13.524865701849137
1268586255.0,-13.577809275795062
1268588955.0,-13.571369487955963
1268591655.0,-13.547881351274896
1268594355.0,-13.575796590805794
1268597055.0,-13.52274286410858
1268599755.0,-12.749380021096897
1268602455.0,-12.70801705135841
1268605155.0,-12.938665032769165
1268607855.0,-13.344783316249107
1268610555.0,-13.35537982719245
1268613255.0,-13.437217195266157
1268615955.0,-13.382941966229794
1268618655.0,-13.439539656948511
1268621355.0,-13.532442959829552
1268624055.0,-13.349166573214006
1268626755.0,-13.301775464733282
1268629455.0,-13.386695019431272
1268632155.0,-13.396446884879367
1268634855.0,-13.157758509945666
1268637555.0,-12.68301538767463
1268640255.0,-12.579193683209496
1268642955.0,-12.592530412685505
1268645655.0,-12.613417586814478
1268648355.0,-12.609659900137842
1268651055.0,-12.579197329747501
1268653755.0,-12.55691403736381
1268656455.0,-12.336903215319808
1268659155.0,-12.283493097618077
1268661855.0,-12.367794755468424
1268664555.0,-12.296518174513778
1268667255.0,-12.36972604794903
1268669955.0,-12.365632106031569
1268672655.0,-12.44950262052265
1268675355.0,-12.407960796491807
1268678055.0,-12.394773052951678
1268680755.0,-12.411280633212755
1268683455.0,-12.45466968510567
1268686155.0,-11.546825790493187
1268688855.0,-11.79967794604977
1268691555.0,-12.533538023069582
1268694255.0,-12.619273248086188
1268696955.0,-12.693742478719798
1268699655.0,-12.761374867414588
1268702355.0,-12.739551214819699
1268705055.0,-12.661152212673244
1268707755.0,-12.676933165717287
1268710455.0,-12.659341945759763
1268713155.0,-12.592236465357928
1268715855.0,-12.609891811134162
1268718555.0,-12.653140378968715
1268721255.0,-12.698999764678092
1268723955.0,-12.697283419319604
1268726655.0,-11.883819520391796
1268729355.0,-11.873146283047788
1268732055.0,-12.424076885277714
1268734755.0,-12.768684277588818
1268737455.0,-12.888521670038017
1268740155.0,-12.933965735082893
1268742855.0,-12.636655561028647
1268745555.0,-12.604603771948007
1268748255.0,-12.64038100805783
1268750955.0,-12.643315262329565
1268753655.0,-12.679496566110856
1268756355.0,-12.740520011165529
1268759055.0,-12.802866229370125
1268761755.0,-12.811304981960745
1268764455.0,-12.725930903314861
1268767155.0,-12.828822478479026
1268769855.0,-12.8300111081831
1268772555.0,-12.895457625305312
1268775255.0,-12.19851901041028
1268777955.0,-12.731845253770018
1268780655.0,-12.777829062445619
1268783355.0,-12.795321195459621
1268786055.0,-12.797761224116016
1268788755.0,-12.764561984127965
1268791455.0,-12.757009967621286
1268794155.0,-12.630100251567114
1268796855.0,-12.620724966857324
1268799555.0,-12.613102714578986
1268802255.0,-12.673543064920295
1268804955.0,-12.761157811255828
1268807655.0,-12.802000841694678
1268810355.0,-12.788159075926728
1268813055.0,-12.794756154579943
1268815755.0,-12.884202669022159
1268818455.0,-12.876883065948789
1268821155.0,-12.933802048854318
1268823855.0,-12.890465294354726
1268826555.0,-12.888549509238715
1268829255.0,-12.672477616624008
1268831955.0,-12.663088995245744
1268834655.0,-12.711976961101414
1268837355.0,-12.743131657828485
1268840055.0,-12.745506833380944
1268842755.0,-12.808631563786832
1268845455.0,-12.831409094836715
1268848155.0,-12.902589587730859
1268850855.0,-12.84996384038277
1268853555.0,-12.927639037456117
1268856255.0,-12.914574765151656
1268858955.0,-12.949742666396617
1268861655.0,-12.87937316050602
1268864355.0,-12.12593388481298
1268867055.0,-12.754199361458006
1268869755.0,-12.787068691243178
1268872455.0,-12.87060790294828
1268875155.0,-12.862944616965763
1268877855.0,-12.912589548213134
1268880555.0,-12.969618554886608
1268883255.0,-12.874116362044958
1268885955.0,-12.849325261858269
1268888655.0,-12.892812463991675
1268891355.0,-12.951281119216901
1268894055.0,-12.994625134118394
1268896755.0,-12.987303004673777
1268899455.0,-12.912815336212077
1268902155.0,-12.943903376702849
1268904855.0,-13.413554251132382
1268907555.0,-13.029180862834096
1268910255.0,-12.931643384858603
1268912955.0,-12.958266013274624
1268915655.0,-12.923296699446666
1268918355.0,-12.87019009797774
1268921055.0,-12.901220708873154
1268923755.0,-12.881379355711147
1268926455.0,-12.90072633466582
1268929155.0,-12.964385319732173
1268931855.0,-13.067929567676572
1268934555.0,-13.004693279659477
1268937255.0,-12.94448343176407
1268939955.0,-12.98059331296787
1268942655.0,-12.984961651487595
1268945355.0,-12.979811278004547
1268948055.0,-12.935584899391017
1268950755.0,-12.85689968377784
1268953455.0,-12.932884086854642
1268956155.0,-13.494086983208092
1268958855.0,-13.116718263074858
1268961555.0,-13.00431550409786
1268964255.0,-13.060189453430326
1268966955.0,-13.021690541339296
1268969655.0,-12.957060910293706
1268972355.0,-12.984902720771913
1268975055.0,-12.988167615591635
1268977755.0,-12.969413182705296
1268980455.0,-13.068854613777091
1268983155.0,-13.082265604132203
1268985855.0,-13.03251214625908
1268988555.0,-13.22973452130384
1268991255.0,-13.811027898661564
1268993955.0,-13.851026922782182
1268996655.0,-13.873212836194796
1268999355.0,-13.941769667298388
1269002055.0,-13.890705228854642
1269004755.0,-13.815453397683712
1269007455.0,-13.832614902754813
1269010155.0,-13.787437460646743
1269012855.0,-13.831254625724966
1269015555.0,-13.895406799022112
1269018255.0,-13.970515571823398
1269020955.0,-13.970538038644179
1269023655.0,-13.9894603402455
1269026355.0,-13.948505335863047
1269029055.0,-13.97188335687514
1269031755.0,-14.028920462361555
1269034455.0,-13.942648118035322
1269037155.0,-13.899208695116272
1269039855.0,-13.937485398988997
1269042555.0,-12.910119368404708
1269045255.0,-12.912288875188096
1269047955.0,-13.615072801532392
1269050655.0,-13.715595301324527
1269053355.0,-13.674526965880887
1269056055.0,-13.64579443716184
1269058755.0,-13.643333516585017
1269061455.0,-13.658615378939032
1269064155.0,-13.73742064372982
1269066855.0,-13.688300588326285
1269069555.0,-13.734280475835362
1269072255.0,-13.736451355005329
1269074955.0,-13.795413409659602
1269077655.0,-13.830049083144445
1269080355.0,-14.411378589104572
1269083055.0,-13.861559198964471
1269085755.0,-13.74710934697515
1269088455.0,-13.647330701104977
1269091155.0,-13.638757607924788
1269093855.0,-13.6318194215105
1269096555.0,-13.57568926343805
1269099255.0,-13.653396741718325
1269101955.0,-13.753346958897339
1269104655.0,-13.704757756466336
1269107355.0,-13.757815100773655
1269110055.0,-13.761310047648351
1269112755.0,-13.72494878694124
1269115455.0,-13.70919965382194
1269118155.0,-13.746227892595698
1269120855.0,-13.76409498605642
1269123555.0,-13.690733762529817
1269126255.0,-13.64519681140996
1269128955.0,-13.167892880701856
1269131655.0,-12.947050423642168
1269134355.0,-12.816580542373401
1269137055.0,-12.820012761587861
1269139755.0,-13.444387419086922
1269142455.0,-13.73636819343426
1269145155.0,-13.77200653506344
1269147855.0,-13.790601930501055
1269150555.0,-13.772172191815514
1269153255.0,-13.809389294605694
1269155955.0,-13.811829853983795
1269158655.0,-13.824428151584641
1269161355.0,-13.908736483056941
1269164055.0,-13.879003952784444
1269166755.0,-13.937789233977526
1269169455.0,-13.885048179938963
1269172155.0,-13.848473400832972
1269174855.0,-13.758175491667544
1269177555.0,-13.75601462079112
1269180255.0,-13.723853354856601
1269182955.0,-13.75568028922703
1269185655.0,-13.786795422502394
1269188355.0,-13.914251254558849
1269191055.0,-13.9176035111239
1269193755.0,-14.016994497932785
1269196455.0,-13.969744320592383
1269199155.0,-14.317965070008768
1269201855.0,-14.9606329141576
1269204555.0,-14.558780362323944
1269207255.0,-13.926571258352567
1269209955.0,-13.8373971858083
1269212655.0,-13.812382290769847
1269215355.0,-13.836534384630284
1269218055.0,-13.887382897032637
1269220755.0,-13.788349688042842
1269223455.0,-13.885555123916106
1269226155.0,-13.899669778246732
1269228855.0,-13.830637367732095
1269231555.0,-13.839557498019587
1269234255.0,-13.837176993846356
1269236955.0,-13.807816549612937
1269239655.0,-13.894258675997321
1269242355.0,-14.643897254006674
1269245055.0,-14.73454244459225
1269247755.0,-14.79148224932544
1269250455.0,-14.814762485153835
1269253155.0,-14.80506880824089
1269255855.0,-14.866348144550955
1269258555.0,-14.810613439244378
1269261255.0,-14.695591591568018
1269263955.0,-14.237608247015771
1269266655.0,-13.788150349755938
1269269355.0,-13.736299140802885
1269272055.0,-13.717743347265014
1269274755.0,-13.770345567053312
1269277455.0,-13.824311902046304
1269280155.0,-13.872918234013241
1269282855.0,-13.779356923204432
1269285555.0,-13.817582457986532
1269288255.0,-13.774905971557189
1269290955.0,-13.778930072883213
1269293655.0,-13.62281781786669
1269296355.0,-13.597894030012924
1269299055.0,-13.947016772650102
1269301755.0,-14.643167323358796
1269304455.0,-14.58862468637119
1269307155.0,-14.618094209145397
1269309855.0,-14.099462567649937
1269312555.0,-13.948860525300404
1269315255.0,-13.854943646812842
1269317955.0,-13.900198764986612
1269320655.0,-13.907885976543582
1269323355.0,-13.958283919592361
1269326055.0,-14.018684637837111
1269328755.0,-13.974701377555448
1269331455.0,-13.92070948860652
1269334155.0,-14.244453973499049
1269336855.0,-14.676405793020024
1269339555.0,-14.734773531286123
1269342255.0,-14.719364548065812
1269344955.0,-14.715873894922424
1269347655.0,-14.637168298124209
1269350355.0,-14.706952809614279
1269353055.0,-14.704660536543088
1269355755.0,-14.736755142262155
1269358455.0,-14.783933922589199
1269361155.0,-14.802192733777531
1269363855.0,-14.793803283441719
1269366555.0,-13.989951791459362
1269369255.0,-13.830974489735752
1269371955.0,-13.771454222348154
1269374655.0,-13.82182749282913
1269377355.0,-13.812603349685503
1269380055.0,-13.73814977900588
1269382755.0,-14.343451992948928
1269385455.0,-14.597999389297684
1269388155.0,-14.666822397695285
1269390855.0,-14.705854399289649
1269393555.0,-14.700864696293138
1269396255.0,-14.691527912617858
1269398955.0,-14.734172193141433
1269401655.0,-14.708007741181689
1269404355.0,-14.704275109950402
1269407055.0,-14.645807250123823
1269409755.0,-14.705386200510816
1269412455.0,-14.670577846147864
1269415155.0,-14.696560005994172
1269417855.0,-14.721048016460031
1269420555.0,-14.704321988320487
1269423255.0,-14.680551356528326
1269425955.0,-15.452309434871609
1269428655.0,-15.53219533331935
1269431355.0,-15.606657829906851
1269434055.0,-15.533788914131378
1269436755.0,-15.551474632071574
1269439455.0,-15.583177085465763
1269442155.0,-15.579591826959586
1269444855.0,-15.630291561533681
1269447555.0,-15.69275674267277
1269450255.0,-14.95404481620659
1269452955.0,-14.49292179180253
1269455655.0,-14.396682519868705
1269458355.0,-14.349370233537286
1269461055.0,-14.385366862405249
1269463755.0,-14.378177146462235
1269466455.0,-14.349240167967594
1269469155.0,-14.883202270115817
1269471855.0,-15.091577182694834
1269474555.0,-15.158093899422738
1269477255.0,-15.220751902924121
1269479955.0,-15.189495278805623
1269482655.0,-15.173083669424159
1269485355.0,-15.087490559814398
1269488055.0,-15.05435602832307
1269490755.0,-15.077378060191847
1269493455.0,-15.100656333708969
1269496155.0,-15.07326338292529
1269498855.0,-15.13892677596192
1269501555.0,-15.160764221658667
1269504255.0,-15.216403444716548
1269506955.0,-15.15937098822775
1269509655.0,-15.196118521638482
1269512355.0,-15.2227748828019
1269515055.0,-15.40572261034913
1269517755.0,-15.880181914716047
1269520455.0,-15.955707842293293
1269523155.0,-15.979851608758054
1269525855.0,-16.013348518342468
1269528555.0,-16.087824378666312
1269531255.0,-16.10763587732663
1269533955.0,-16.200065328673475
1269536655.0,-16.179454223274774
1269539355.0,-15.307508867710851
1269542055.0,-14.964575460666424
1269544755.0,-14.877897523305649
1269547455.0,-14.807049236737953
1269550155.0,-14.828687844332933
1269552855.0,-14.729536089367798
1269555555.0,-14.720533019988352
1269558255.0,-15.192871241852856
1269560955.0,-15.521170305861801
1269563655.0,-15.550177768163678
1269566355.0,-15.583769392336194
1269569055.0,-15.67605860892462
1269571755.0,-15.200365685096358
1269574455.0,-14.730904353128267
1269577155.0,-14.72719140442689
1269579855.0,-14.705022167028858
1269582555.0,-14.69230092791588
1269585255.0,-14.681568099623746
1269587955.0,-14.690342581796415
1269590655.0,-14.670840829208487
1269593355.0,-14.689122691167029
1269596055.0,-14.674885822615693
1269598755.0,-14.62429121659909
1269601455.0,-14.576094030710465
1269604155.0,-14.481001538294322
1269606855.0,-14.521700850178036
1269609555.0,-14.557701908997387
1269612255.0,-14.51625596358707
1269614955.0,-15.383046684924238
1269617655.0,-15.504581678975626
1269620355.0,-15.60378907101807
1269623055.0,-15.581063872280765
1269625755.0,-15.351871217634994
1269628455.0,-14.677028960987172
1269631155.0,-14.616971449208222
1269633855.0,-14.553481980422646
1269636555.0,-14.566327115414367
1269639255.0,-14.468688634499188
1269641955.0,-14.432124164327718
1269644655.0,-14.467224902614191
1269647355.0,-14.488508616789659
1269650055.0,-14.506535672195128
1269652755.0,-15.047704702397823
1269655455.0,-15.196332185012352
1269658155.0,-15.284287685537436
1269660855.0,-15.189723357984349
1269663555.0,-15.252031977664387
1269666255.0,-15.262988593635441
1269668955.0,-15.318293463336659
1269671655.0,-15.350379479609273
1269674355.0,-15.32920820224706
1269677055.0,-15.361728128060747
1269679755.0,-15.409709440398387
1269682455.0,-15.353096352333978
1269685155.0,-15.357206364654246
1269687855.0,-15.277645822386376
1269690555.0,-15.192752491850456
1269693255.0,-15.121860355894398
1269695955.0,-15.210362460426722
1269698655.0,-15.235841251868123
1269701355.0,-15.311589126621755
1269704055.0,-15.374801254684542
1269706755.0,-15.38927614885597
1269709455.0,-15.384369477367613
1269712155.0,-15.324050151875326
1269714855.0,-15.309310724100953
1269717555.0,-14.151144794552863
1269720255.0,-14.096911353886128
1269722955.0,-14.044044281034985
1269725655.0,-13.943857875027732
1269728355.0,-13.925538684857713
1269731055.0,-13.926617578735943
1269733755.0,-14.860334349261848
1269736455.0,-15.051324487700697
1269739155.0,-15.142497853026782
1269741855.0,-15.069169281079724
1269744555.0,-15.116078543845447
1269747255.0,-14.692664429048307
1269749955.0,-14.326642365646705
1269752655.0,-14.346881418709984
1269755355.0,-14.390499509255335
1269758055.0,-14.361392539755741
1269760755.0,-14.26942091697373
1269763455.0,-14.30878416670879
1269766155.0,-14.240405463757668
1269768855.0,-14.157173791105834
1269771555.0,-14.248441051239354
1269774255.0,-14.075727835699638
1269776955.0,-13.978316222661931
1269779655.0,-13.898269197511922
1269782355.0,-13.949728084840672
1269785055.0,-13.972105102433034
1269787755.0,-14.020296593802016
1269790455.0,-14.148741582211187
1269793155.0,-14.206215919272665
1269795855.0,-14.239903755093508
1269798555.0,-14.180960033635415
1269801255.0,-14.169993789611453
1269803955.0,-13.445803811186863
1269806655.0,-13.192234622441674
1269809355.0,-13.176472622068843
1269812055.0,-14.087919677260402
1269814755.0,-14.150118705820205
1269817455.0,-14.165718917735205
1269820155.0,-14.21847186154713
1269822855.0,-14.21187363156281
1269825555.0,-14.294428621059183
1269828255.0,-14.334869461919538
1269830955.0,-14.286288969917393
1269833655.0,-14.20957661088994
1269836355.0,-14.1995956730795
1269839055.0,-14.23955739207969
1269841755.0,-14.290164969630837
1269844455.0,-14.241687731042873
1269847155.0,-14.26050808737898
1269849855.0,-13.624267948799115
1269852555.0,-13.970918369866638
1269855255.0,-14.225071067598606
1269857955.0,-14.173853351296827
1269860655.0,-14.196301606800034
1269863355.0,-14.056241526636597
1269866055.0,-14.083037153294185
1269868755.0,-14.095638998879622
1269871455.0,-14.05086788612698
1269874155.0,-14.037340360739961
1269876855.0,-14.09079395609399
1269879555.0,-14.201647344468142
1269882255.0,-14.188866990187307
1269884955.0,-14.176551853583703
1269887655.0,-14.234736154464542
1269890355.0,-14.249233210583839
1269893055.0,-14.202261416369936
1269895755.0,-13.46330027548538
1269898455.0,-13.328968138521759
1269901155.0,-14.126519713598384
1269903855.0,-14.112944337879526
1269906555.0,-14.162037083239966
1269909255.0,-14.14286350000367
1269911955.0,-14.188169239665115
1269914655.0,-14.174941747921991
1269917355.0,-14.132526715129188
1269920055.0,-14.142352150442207
1269922755.0,-14.16319119642003
1269925455.0,-14.148235872387374
1269928155.0,-14.222772012410644
1269930855.0,-14.263343474004273
1269933555.0,-14.219539993443448
1269936255.0,-14.228218631059917
1269938955.0,-14.760855384858814
1269941655.0,-15.004472227008478
1269944355.0,-15.010122055709246
1269947055.0,-14.963803206618422
1269949755.0,-14.869680561159555
1269952455.0,-14.926610814589424
1269955155.0,-15.02708700655728
1269957855.0,-14.972788105081861
1269960555.0,-15.040662533207751
1269963255.0,-15.121051685418593
1269965955.0,-15.174164779319085
1269968655.0,-15.128214102296226
1269971355.0,-15.094614453455051
1269974055.0,-15.144052395407414
1269976755.0,-15.116024601959055
1269979455.0,-15.190026887666647
1269982155.0,-14.25368397920738
1269984855.0,-13.934649910205792
1269987555.0,-14.711134915069806
1269990255.0,-14.770933182480121
1269992955.0,-14.789164877259282
1269995655.0,-14.73326533795182
1269998355.0,-14.691916198481465
1270001055.0,-14.669613880655845
1270003755.0,-14.685358604460248
1270006455.0,-14.677576789733166
1270009155.0,-14.673072922213237
1270011855.0,-14.700247019308222
1270014555.0,-14.723351729874992
1270017255.0,-14.66220712130098
1270019955.0,-14.690488787667334
1270022655.0,-14.769662845881328
1270025355.0,-14.77170869549019
1270028055.0,-14.702380784564127
1270030755.0,-14.70229856821993
1270033455.0,-14.672399534068916
1270036155.0,-14.531783756008394
1270038855.0,-14.365935253152372
1270041555.0,-14.534570165025059
1270044255.0,-14.554588410748465
1270046955.0,-14.585160694107117
1270049655.0,-14.673915392012532
1270052355.0,-14.676138975349772
1270055055.0,-14.700588116903134
1270057755.0,-14.719898747954005
1270060455.0,-14.639935952352289
1270063155.0,-14.61365135915861
1270065855.0,-14.661998199803747
1270068555.0,-14.450955925002972
1270071255.0,-13.77444984099634
1270073955.0,-14.351497558974415
1270076655.0,-14.49387274466136
1270079355.0,-14.607999012718324
1270082055.0,-14.533958441045229
1270084755.0,-14.57195851418686
1270087455.0,-14.590648767799223
1270090155.0,-14.569229974520908
1270092855.0,-14.573992615296675
1270095555.0,-14.55972535362099
1270098255.0,-14.611043767279568
1270100955.0,-14.773277026283381
1270103655.0,-14.725686711581602
1270106355.0,-14.679218462078893
1270109055.0,-14.568698642173729
1270111755.0,-14.671627916133843
1270114455.0,-14.668314285858628
1270117155.0,-14.592405620838917
1270119855.0,-14.563449475981656
1270122555.0,-14.416848242897174
1270125255.0,-14.549091421487617
1270127955.0,-14.571559634180971
1270130655.0,-14.578058042456234
1270133355.0,-14.667774220523597
1270136055.0,-14.676216185813928
1270138755.0,-14.650458728999297
1270141455.0,-14.715784546913767
1270144155.0,-14.60552897343274
1270146855.0,-14.629251077995434
1270149555.0,-14.60285872380831
1270152255.0,-14.608646873014663
1270154955.0,-14.312641459625013
1270157655.0,-13.677591905064048
1270160355.0,-13.634595366689666
1270163055.0,-14.413897766774653
1270165755.0,-14.562602757424543
1270168455.0,-14.561359604754216
1270171155.0,-14.670287619589942
1270173855.0,-14.683487025016348
1270176555.0,-14.658614068517409
1270179255.0,-14.686327391854718
1270181955.0,-14.685706174163101
1270184655.0,-14.687810810538679
1270187355.0,-14.763794302089082
1270190055.0,-14.719882365424894
1270192755.0,-14.654397970563139
1270195455.0,-14.703144802029385
1270198155.0,-15.272924043663636
1270200855.0,-14.66560396831568
1270203555.0,-14.539381740220108
1270206255.0,-14.46845505162139
1270208955.0,-14.436163050687867
1270211655.0,-14.596935821342868
1270214355.0,-14.594406453429883
1270217055.0,-14.623466056988832
1270219755.0,-14.648579433922464
1270222455.0,-14.68914198927797
1270225155.0,-14.736243607080667
1270227855.0,-14.734810524286274
1270230555.0,-14.643893425306487
1270233255.0,-14.645639543219147
1270235955.0,-14.59836720589658
1270238655.0,-14.451075435270866
1270241355.0,-13.769912273700697
1270244055.0,-13.685650048868865
1270246755.0,-13.747091083043586
1270249455.0,-13.743001054241688
1270252155.0,-14.520275724975932
1270254855.0,-14.655806032364922
1270257555.0,-14.725178386429832
1270260255.0,-14.830922655565985
1270262955.0,-14.725529398314166
1270265655.0,-14.776012587681521
1270268355.0,-14.716008161322918
1270271085.0,-14.777501885771755
1270273785.0,-14.789539497816406
1270276485.0,-14.826060380337253
1270279185.0,-14.784740638431515
1270281885.0,-14.810408195812386
1270284585.0,-14.85389941938547
1270287285.0,-14.184041304389154
1270289985.0,-14.60205226932186
1270292685.0,-14.713349410991668
1270295385.0,-14.590347259997543
1270298085.0,-14.620280041731007
1270300785.0,-14.689781363459872
1270303485.0,-14.685600949902266
1270306185.0,-14.726096901097833
1270308885.0,-14.783185974198602
1270311585.0,-14.831446010133618
1270314285.0,-14.80762993493903
1270316985.0,-14.762691089582745
1270319685.0,-14.74410789518214
1270322385.0,-14.669048572697477
1270325085.0,-14.197445688730113
1270327785.0,-13.91462403169703
1270330485.0,-13.836672801119448
1270333185.0,-13.83176788375016
1270335885.0,-13.821446995404585
1270338585.0,-13.88328343904982
1270341285.0,-13.90036220063638
1270343985.0,-14.612105331204589
1270346685.0,-14.765640516415317
1270349385.0,-14.832403040974384
1270352085.0,-14.813366254647576
1270354785.0,-14.780477193935837
1270357485.0,-14.852809813025146
1270360185.0,-14.86980313361886
1270362885.0,-14.893333104257067
1270365585.0,-14.848726923313734
1270368285.0,-14.792767158459526
1270370985.0,-14.736978206293657
1270373685.0,-14.79958386364882
1270376385.0,-13.99206376065058
1270379085.0,-13.908072349900806
1270381785.0,-13.830064750675035
1270384485.0,-13.970583378839706
1270387185.0,-14.032054161658493
1270389885.0,-14.520315251723616
1270392585.0,-14.66633716760748
1270395285.0,-14.794024899732733
1270397985.0,-14.781806941277694
1270400685.0,-14.754761450755893
1270403385.0,-14.729975557715363
1270406085.0,-14.712700591007206
1270408785.0,-14.765973900366589
1270411485.0,-14.704581863815008
1270414185.0,-14.010742126699085
1270416885.0,-13.892995930662948
1270419585.0,-13.800704669792594
1270422285.0,-13.80686717049565
1270424985.0,-13.78304325126203
1270427685.0,-13.808847245841037
1270430385.0,-13.809563584007037
1270433085.0,-13.767361888315008
1270435785.0,-13.803731209074272
1270438485.0,-13.78387284153888
1270441185.0,-13.797023736525261
1270443885.0,-13.794028641173725
1270446585.0,-13.841530387624971
1270449285.0,-13.839913652018538
1270451985.0,-13.79620475275425
1270454685.0,-13.75447531742634
1270457385.0,-13.721222431117326
1270460085.0,-14.660175380580085
1270462785.0,-14.853248089725298
1270465485.0,-14.891300918252682
1270468185.0,-14.735980705511793
1270470885.0,-14.875839774856274
1270473585.0,-14.818820045438486
1270476285.0,-14.297101032884541
1270478985.0,-14.03710172423132
1270481685.0,-14.081331339076087
1270484385.0,-14.056906225132991
1270487085.0,-14.088860562787033
1270489785.0,-14.018769685962809
1270492485.0,-14.012402074604381
1270495185.0,-13.9639012323575
1270497885.0,-14.01977218095584
1270500585.0,-13.900878526629242
1270503285.0,-13.913407130268865
1270505985.0,-13.879105415680556
1270508685.0,-14.310558570075159
1270511385.0,-14.652712966435672
1270514085.0,-14.073488217895829
1270516785.0,-14.07817743169926
1270519485.0,-14.072514120008123
1270522185.0,-13.986161390636312
1270524885.0,-13.983224219854094
1270527585.0,-14.003393855300203
1270530285.0,-14.013917424094359
1270532985.0,-14.03860746323494
1270535685.0,-14.066227310924432
1270538385.0,-13.95309944332098
1270541085.0,-14.06565489043004
1270543785.0,-13.98547665887321
1270546485.0,-13.937022888956733
1270549185.0,-13.871798160468131
1270551885.0,-14.561458366265867
1270554585.0,-14.498705964497674
1270557285.0,-14.810960984456926
1270559985.0,-14.763342469609029
1270562685.0,-14.842364471492772
1270565385.0,-14.820029243768886
1270568085.0,-14.983847683887518
1270570785.0,-14.947647972072104
1270573485.0,-14.9031991824354
1270576185.0,-14.922250128050962
1270578885.0,-14.816419306076341
1270581585.0,-13.798789565678874
1270584285.0,-13.762331736243254
1270586985.0,-13.690292297464623
1270589685.0,-13.695561947402723
1270592385.0,-13.685700994673027
1270595085.0,-13.681553592256478
1270597785.0,-13.687862568149797
1270600485.0,-13.661526889947709
1270603185.0,-14.057394531207592
1270605885.0,-14.527376834595486
1270608585.0,-14.518122964581664
1270611285.0,-14.470713130534648
1270613985.0,-14.475217882375887
1270616685.0,-14.551932267663574
1270619385.0,-14.604839830084245
1270622085.0,-14.582526115705662
1270624785.0,-14.616894440357953
1270627485.0,-14.699377007033831
1270630185.0,-14.658138614573886
1270632885.0,-14.629333377065507
1270635585.0,-14.569117987001675
1270638285.0,-14.522816047608956
1270640985.0,-14.391570108498343
1270643685.0,-14.37493552483187
1270646385.0,-14.364940162245773
1270649085.0,-14.346528724041377
1270651785.0,-14.375780380167555
1270654485.0,-14.299451665554272
1288656780.0,-14.977210383378349
1288659480.0,-15.042756617337943
1288662180.0,-15.12987364138985
1288664880.0,-15.174121617935327
1288667580.0,-15.15808449090855
1288670280.0,-15.374746712245837
1288672980.0,-15.246998273559086
1288675680.0,-15.359808633346518
1288678380.0,-15.18510424991365
1288681080.0,-15.198742951390557
1288683780.0,-15.22957486114177
1288686480.0,-15.229273233030597
1288689180.0,-15.250173715018605
1288691880.0,-15.274888418031026
1288694580.0,-15.249345603221457
1288697280.0,-15.302759738029579
1288699980.0,-15.340773563853986
1288702680.0,-15.343304740863232
1288705380.0,-15.211030908938426
1288708080.0,-15.203000366836704
1288710780.0,-15.190744211511117
1288713480.0,-15.150165969785803
1288716180.0,-15.190800403647472
1288718880.0,-15.183716406717338
1288721580.0,-15.173976195782245
1288724280.0,-15.201306608865139
1288726980.0,-15.272409456734067
1288729680.0,-15.190813839348209
1288732380.0,-15.234975217670353
1288735080.0,-15.215894020662063
1288737780.0,-15.228227790293829
1288740480.0,-15.248169517095505
1288743180.0,-15.216869178693457
1288745880.0,-15.240549925542666
1288748580.0,-15.209188853381193
1288751280.0,-15.211365365667632
1288753980.0,-15.23331631097642
1288756680.0,-15.283227032960383
1288759380.0,-15.22734060565864
1288762080.0,-15.178604245824147
1288764780.0,-14.545756840179877
1288767480.0,-15.047883087093567
1288770180.0,-15.184888548063157
1288772880.0,-15.203579494254768
1288775580.0,-15.210381573940424
1288778280.0,-15.212318957392426
1288780980.0,-15.168342254684774
1288783680.0,-15.198614878583612
1288786380.0,-15.172810469700096
1288789080.0,-15.212126191617187
1288791780.0,-15.170386390952615
1288794480.0,-15.129259015425305
1288797180.0,-15.173281624895424
1288799880.0,-15.174251680149268
1288802580.0,-15.494828831062705
1288805280.0,-15.848714117205645
1288807980.0,-15.868496491091832
1288810680.0,-15.95100672081611
1288813380.0,-15.986843031512592
1288816080.0,-15.978576118891567
1288818780.0,-16.0550577955334
1288821480.0,-16.02995588168909
1288824180.0,-16.055918357560074
1288826880.0,-16.068436084565235
1288829580.0,-15.995128597022358
1288832280.0,-16.0341629340474
1288834980.0,-16.024671860336184
1288837680.0,-16.06660816538283
1288840380.0,-16.077249743829213
1288843080.0,-16.036547815494146
1288845780.0,-16.070066594591367
1288848480.0,-16.018701215392014
1288851180.0,-16.057339418596598
1288853880.0,-15.2146302231003
1288856580.0,-15.688111751006943
1288859280.0,-15.731831512659824
1288861980.0,-15.783262440907777
1288864680.0,-15.700760154996885
1288867380.0,-15.68655136978822
1288870080.0,-15.672691032719626
1288872780.0,-15.638463425743225
1288875480.0,-15.693123511455838
1288878180.0,-15.560514214543332
1288880880.0,-15.507135995409783
1288883580.0,-15.480629654493441
1288886280.0,-15.566555195336036
1288888980.0,-15.604170101279067
1288891680.0,-15.596925327281042
1288894380.0,-15.443009212787558
1288897080.0,-15.632900698765354
1288899780.0,-15.669646348893536
1288902480.0,-15.715222954233411
1288905180.0,-15.739922740799273
1288907880.0,-15.625657804229036
1288910580.0,-15.766695288850485
1288913280.0,-15.600587403338466
1288915980.0,-15.661244290553043
1288918680.0,-15.633466216005615
1288921380.0,-15.664824410413473
1288924080.0,-15.619648606566784
1288926780.0,-15.663825944939163
1288929480.0,-15.654110502531182
1288932180.0,-15.600931083073078
1288934880.0,-15.56642772059024
1288937580.0,-15.537109544917485
1288940280.0,-15.556482457639277
1288942980.0,-14.7745028542069
1288945680.0,-15.535449728909043
1288948380.0,-15.655344717366631
1288951080.0,-15.65747178151463
1288953780.0,-15.604210414578517
1288956480.0,-15.590357581034311
1288959180.0,-15.622421487897668
1288961880.0,-15.632901368329271
1288964580.0,-15.527783789388934
1288967280.0,-15.484754400097472
1288969980.0,-15.506928444007485
1288972680.0,-15.480528103488894
1288975380.0,-15.525300398138995
1288978080.0,-15.556232229047453
1288980780.0,-15.688489902748756
1288983480.0,-16.352001663022122
1288986180.0,-16.49493298524203
1288988880.0,-16.48427166957663
1288991580.0,-16.49965056218872
1288994280.0,-16.480999998662526
1288996980.0,-16.5499120819606
1288999680.0,-16.457770186917287
1289002380.0,-16.548259299690017
1289005080.0,-16.427436617879607
1289007780.0,-16.465429596338026
1289010480.0,-16.505085909990157
1289013180.0,-16.551808425745776
1289015880.0,-16.526023497744234
1289018580.0,-16.532616660778956
1289021280.0,-16.504471449301548
1289023980.0,-16.440647843223587
1289026680.0,-15.715690980940053
1289029380.0,-15.415636157177573
1289032080.0,-16.045904618852035
1289034780.0,-16.167971714467683
1289037480.0,-16.171153611720854
1289040180.0,-16.187624909146393
1289042880.0,-16.220089332499413
1289045580.0,-16.04415826773112
1289048280.0,-15.934981811300418
1289050980.0,-16.088105501797713
1289053680.0,-16.01299990912588
1289056380.0,-16.101542634954626
1289059080.0,-16.125514959735938
1289061780.0,-16.062723880802082
1289064480.0,-16.14685855381822
1289067180.0,-16.18640866346078
1289069880.0,-16.247643600530978
1289072580.0,-16.97522589459527
1289075280.0,-16.972715960826406
1289077980.0,-16.99084614627668
1289080680.0,-17.005340811203666
1289083380.0,-16.99785389952092
1289086080.0,-16.505924481625243
1289088780.0,-16.10530015628126
1289091480.0,-16.054681330569053
1289094180.0,-16.068762229558956
1289096880.0,-16.086105972257542
1289099580.0,-16.074450726232158
1289102280.0,-16.008071563238502
1289104980.0,-16.127978962954614
1289107680.0,-16.02910045751895
1289110380.0,-15.980452926323267
1289113080.0,-15.938537902992437
1289115780.0,-16.036732463994895
1289118480.0,-16.280474565254565
1289121180.0,-16.85224976696327
1289123880.0,-16.9506666896674
1289126580.0,-16.990278037018925
1289129280.0,-17.014345946116123
1289131980.0,-16.849927148301106
1289134680.0,-16.850640820695844
1289137380.0,-16.079173098117053
1289140080.0,-16.012563017422508
1289142780.0,-16.022036379497877
1289145480.0,-15.93858085397352
1289148180.0,-16.007396316493328
1289150880.0,-16.047324091826397
1289153580.0,-15.999550291910566
1289156280.0,-16.075336622423038
1289158980.0,-16.116606369593683
1289161680.0,-16.72608218656154
1289164380.0,-17.01157577298278
1289167080.0,-16.986756398112846
1289169780.0,-16.946965935860874
1289172480.0,-16.961648729878846
1289175180.0,-16.872912975735005
1289177880.0,-16.950815135722053
1289180580.0,-16.915295624082717
1289183280.0,-16.94718808292987
1289185980.0,-16.935142047920976
1289188680.0,-16.94256155475557
1289191380.0,-16.476627868129754
1289194080.0,-15.937908108961096
1289196780.0,-15.866600369037258
1289199480.0,-15.861106837175782
1289202180.0,-15.888061792152655
1289204880.0,-15.867054557298275
1289207580.0,-15.930095140132323
1289210280.0,-16.64867511233058
1289212980.0,-16.744496834366885
1289215680.0,-16.7186587323053
1289218380.0,-16.780093337183814
1289221080.0,-16.707893330099353
1289223780.0,-16.654402396149806
1289226480.0,-16.622812156664452
1289229180.0,-16.694672736528673
1289231880.0,-16.721860074047925
1289234580.0,-16.700526473793843
1289237280.0,-16.745099180800253
1289239980.0,-16.76488928629476
1289242680.0,-16.787287493242786
1289245380.0,-16.8141063940555
1289248080.0,-16.86359284234328
1289250780.0,-16.951630846410353
1289253480.0,-17.449888715865995
1289256180.0,-17.69802464937584
1289258880.0,-17.676542371020673
1289261580.0,-16.865622777210945
1289264280.0,-16.692770229716132
1289266980.0,-16.583797790198503
1289269680.0,-16.51415065733488
1289272380.0,-16.539889453051387
1289275080.0,-16.543672677808956
1289277780.0,-16.503094085118903
1289280480.0,-16.542675918211955
1289283180.0,-16.459637180958566
1289285880.0,-16.48851861179952
1289288580.0,-16.486108471271336
1289291280.0,-16.46657874770051
1289293980.0,-16.167868747060368
1289296680.0,-15.817216603714712
1289299380.0,-16.313805192745065
1289302080.0,-16.56031462496071
1289304780.0,-16.591308386347237
1289307480.0,-16.472800461520535
1289310180.0,-16.497438653900076
1289312880.0,-16.379347292617126
1289315580.0,-16.419334822124597
1289318280.0,-16.4823958265049
1289320980.0,-16.431353613456054
1289323680.0,-16.523918271614377
1289326380.0,-16.541857420592464
1289329080.0,-16.56082084158811
1289331780.0,-16.556416578804203
1289334480.0,-16.56053661601237
1289337180.0,-16.593720124836977
1289339880.0,-16.514769318619585
1289342580.0,-16.594469934005986
1289345280.0,-16.546147587128246
1289347980.0,-16.57598404669733
1289350680.0,-16.56642894390683
1289353380.0,-16.546022923729254
1289356080.0,-16.481317628847876
1289358780.0,-15.772017356731169
1289361480.0,-15.45315588506304
1289364180.0,-15.433934016772412
1289366880.0,-15.39501093331819
1289369580.0,-15.35112353297535
1289372280.0,-15.366265883636231
1289374980.0,-15.400770105278582
1289377680.0,-15.433016653290167
1289380380.0,-15.387983525845925
1289383080.0,-16.254567484541496
1289385780.0,-16.528282155661202
1289388480.0,-16.671464540776128
1289391180.0,-16.615720112623308
1289393880.0,-16.537998821271913
1289396580.0,-16.499264767392788
1289399280.0,-16.381769953138587
1289401980.0,-16.28761659841939
1289404680.0,-16.349300862770974
1293279255.0,2.3778820408991805
1293281955.0,2.295413754130948
1293284655.0,2.252803738306511
1293287355.0,2.1812340477360976
1293290055.0,2.102166853838071
1293292755.0,2.0204368661180183
1293295455.0,2.026658599435791
1293298155.0,2.058016363340869
1293300855.0,2.0480422109191636
1293303555.0,1.9950045565037726
1293306255.0,1.9890610280040164
1293308955.0,1.9621248114041805
1293311655.0,2.000309416798814
1293314355.0,1.9708348644450098
1293317055.0,1.9930073570091054
1293319755.0,1.972617099069339
1293322455.0,2.0058061964875264
1293325155.0,2.0070409974293852
1293327855.0,0.4630405836175555
1293330555.0,0.27638370447766647
1293333255.0,1.98892423866846
1293335955.0,2.043652923721538
1293338655.0,2.1084224986982463
1293341355.0,2.0623921256485573
1293344055.0,2.014707321584922
1293346755.0,2.0231948000073885
1293349455.0,1.9371072912699105
1293352155.0,1.9349401744745478
1293354855.0,1.1403021151726307
1293357555.0,0.8897815726858767
1293360255.0,0.8528451786143592
1293362955.0,0.9313358458520042
1293365655.0,2.0089394193243493
1293368355.0,2.140260575146044
1293371055.0,2.2232374797441707
1293373755.0,2.238833557065334
1293376455.0,2.2709715283193646
1293379155.0,2.273508864923201
1293381855.0,2.252010177830641
1293384555.0,2.3185899486141466
1293387255.0,2.2390200025301397
1293389955.0,2.2337090098843078
1293392655.0,2.2611244070430985
1293395355.0,2.178901636017031
1293398055.0,2.191856262648571
1293400755.0,2.165899011864326
1293403455.0,2.201133995644909
1293406155.0,2.1689656307205496
1293408855.0,2.2516397183216554
1293411555.0,2.2022989111359834
1293414255.0,2.2186560453849893
1293416955.0,0.8191244389033159
1293419655.0,1.656307353264367
1293422355.0,2.0854082023237197
1293425055.0,2.1239543109417696
1293427755.0,2.1035846707480914
1293430455.0,2.06837640616817
1293433155.0,2.064424536955187
1293435855.0,1.9999547816436802
1293438555.0,1.9920366102523985
1293441255.0,2.0216319709281265
1293443955.0,2.0683413759505243
1293446655.0,1.5524524792729153
1293449355.0,0.9335746934187341
1293452055.0,0.7976911042179609
1293454755.0,0.8715630215900205
1293457455.0,0.9002500546073975
1293460155.0,0.9633066342316852
1293462855.0,0.9779545470255471
1293465555.0,0.9409552884999925
1293468255.0,0.9436562027838136
1293470955.0,0.9695028288073217
1293473655.0,0.9435642057791824
1293476355.0,0.9540657620588604
1293479055.0,0.9508757855081171
1293481755.0,0.9471643172921063
1293484455.0,0.9263965108586945
1293487155.0,0.9230546927698242
1293489855.0,0.9114904740702627
1293492555.0,0.867768992324784
1293495255.0,0.9154993984008115
1293497955.0,0.8568027209087177
1293500655.0,0.859772118281569
1293503355.0,0.8128251732821354
1293506055.0,0.14404345881928293
1293508755.0,0.45298538047461534
1293511455.0,1.2194875030157846
1293514155.0,1.1308494678296483
1293516855.0,1.1800356924038624
1293519555.0,1.2276350528563285
1293522255.0,1.1792400453096548
1293524955.0,1.1588731968158186
1293527655.0,1.2377137883696605
1293530355.0,1.2489329439486596
1293533055.0,1.2022338015582363
1293535755.0,1.2241552870047485
1293538455.0,1.160943330680027
1293541155.0,1.100891902185765
1293543855.0,1.2276942679995955
1293546555.0,1.2188062458321838
1293549255.0,1.443942960138088
1293551955.0,1.325746780079669
1293554655.0,1.287811067986354
1293557355.0,1.4127935386749755
1293560055.0,1.3280776042543607
1293562755.0,1.3487428995140363
1293565455.0,1.3525703046963713
1293568155.0,1.3394592170309352
1293570855.0,1.3401108650232345
1293573555.0,1.3022571225645834
1293576255.0,1.311022713887212
1293578955.0,1.2443819888691223
1293581655.0,1.2851903981999158
1293584355.0,1.3027252967415848
1293587055.0,1.272757887245291
1293589755.0,1.2776172905400927
1293592455.0,1.3071318419084719
1293595155.0,1.6400942650624302
1293597855.0,1.4581183901132135
1293600555.0,1.333046631922457
1293603255.0,1.3551162767276992
1293605955.0,1.2899301984641056
1293608655.0,1.265173041886385
1293611355.0,1.2406697502172506
1293614055.0,1.2873760252780357
1293616755.0,1.3158446539048896
1293619455.0,1.2835952913658275
1293622155.0,1.2941303670473303
1293624855.0,1.2598160875349436
1293627555.0,1.3103319649308673
1293630255.0,0.38495591330041634
1293632955.0,1.2067731206408894
1293635655.0,1.3403789108027127
1293638355.0,1.2660313565930323
1293641055.0,1.2606625523929438
1293643755.0,1.3016836108881193
1293646455.0,1.3202219897627856
1293649155.0,1.3376989571038393
1293651855.0,1.343712747000552
1293654555.0,1.3661539967132512
1293657255.0,1.3671203178313363
1293659955.0,1.3525475079109128
1293662655.0,1.3727622034303977
1293665355.0,1.3172515287281499
1293668055.0,1.3483444502425073
1293670755.0,1.3366877386253577
1293673455.0,1.300008859040645
1293676155.0,1.2501444269390731
1293678855.0,1.3393034558636145
1293681555.0,1.3720451687889863
1293684255.0,1.3531614313608884
1293686955.0,0.4453123290264216
1293689655.0,-0.09780978377074234
1293692355.0,1.0587102934572385
1293695055.0,1.3267311693406896
1293697755.0,1.3615321109685965
1293700455.0,1.4246501571274166
1293703155.0,1.4385221544210935
1293705855.0,1.4448085309222165
1293708555.0,1.445732242306633
1293711255.0,1.3070760027146093
1293713955.0,1.3448910578143796
1293716655.0,1.3127906729616257
1293719355.0,1.3545066082369885
1293722055.0,0.269979204110939
1293724755.0,0.20701634517229195
1293727455.0,0.23500076189895935
1293730155.0,0.24982117270320714
1293732855.0,0.2381366593070311
1293735555.0,0.26062678271716777
1293738255.0,0.2467787318819319
1293740955.0,0.291308038765294
1293743655.0,0.24528022966495655
1293746355.0,0.19915336612552892
1293749055.0,0.21409191631471458
1293751755.0,0.15316158070970687
1293754455.0,0.22243578924900476
1293757155.0,0.17085666376516428
1293759855.0,0.197669254260461
1293762555.0,0.1636766738647566
1293765255.0,0.2446067353218382
1293767955.0,1.7746794478238712
1293770655.0,1.8447898186221323
1293773355.0,1.8882037760792514
1293776055.0,0.6550454485947625
1293778755.0,0.47848336575736994
1293781455.0,0.418069141804267
1293784155.0,0.3729638095176142
1293786855.0,0.4593348415774017
1293789555.0,0.44267931912418135
1293792255.0,0.3956201450167214
1293794955.0,0.45094135829754123
1293797655.0,0.5045858355284736
1293800355.0,1.3791220850089303
1293803055.0,1.646559718731055
1293805755.0,1.6044408213376187
1293808455.0,1.656955316512267
1293811155.0,0.7095331886087592
1293813855.0,0.5262167051371875
1293816555.0,0.5633621125355717
1293819255.0,0.5648670050878764
1293821955.0,0.5511726247766546
1293824655.0,0.5383214890185855
1293827355.0,0.527489729315846
1293830055.0,0.5886078251382401
1293832755.0,0.5995428623084536
1293835455.0,0.5969856273131313
1293838155.0,0.5920997413356872
1293840855.0,0.6265946018733644
1293843555.0,0.617964086436757
1293846255.0,0.6204247794991602
1293848955.0,0.49280319549586693
1293851655.0,0.5859464485112085
1293854355.0,0.669954877297414
1293857055.0,0.5933320809861584
1293859755.0,0.6379259731498337
1293862455.0,0.5676783430664614
1293865155.0,-0.6569808131146715
1293867855.0,0.10424554220560367
1293870555.0,0.5745377068742528
1293873255.0,0.6660574507184833
1293875955.0,0.6591415780288798
1293878655.0,0.6899375705169177
1293881355.0,0.7275797081213682
1293884055.0,0.645344100813702
1293886755.0,0.6521307330166906
1293889455.0,0.6548615680897569
1293892155.0,0.6043925184031878
1293894855.0,0.632384537297412
1293897555.0,0.6418986301933387
1293900255.0,0.5787812697390109
1293902955.0,0.6300407918536166
1293905655.0,0.6312719948447807
1293908355.0,0.6135002595804622
1293911055.0,0.6389860197566009
1293913755.0,0.6723029576789372
1293916455.0,0.7094781141752264
1293919155.0,0.7120015292746302
1293921855.0,0.6704674905708998
1293924555.0,0.6849847340008637
1293927255.0,0.6892039242218857
1293929955.0,0.7016393286191942
1293932655.0,1.9528890206974552
1293935355.0,2.195495488616757
1293938055.0,2.3113650345785004
1293940755.0,2.3319735819498533
1293943455.0,2.3470918101833718
1293946155.0,2.310198481818361
1293948855.0,2.268514960200889
1293951555.0,0.5610300560161363
1293954255.0,0.45742710664990227
1293956955.0,0.4273595671866701
1293959655.0,0.44193305907532476
1293962355.0,0.5090335215213031
1293965055.0,0.4769285963908487
1293967755.0,0.47587446428150315
1293970455.0,0.4639315134999151
1293973155.0,0.4457932628019421
1293975855.0,0.4199685541837539
1293978555.0,0.43377280456292056
1293981255.0,1.6305407029024082
1293983955.0,1.731094374850727
1293986655.0,1.759973063882967
1293989355.0,1.7587845121641408
1293992055.0,1.7123721334317565
1293994755.0,1.6986383194595192
1293997455.0,1.657030432788872
1294000155.0,0.723498263432532
1294002855.0,0.5113135774367379
1294005555.0,0.43838926691927327
1294008255.0,0.4347502739237825
1294010955.0,0.4336677045082524
1294013655.0,0.4113282906503173
1294016355.0,0.46665436837139396
1294019055.0,0.48097571254862714
1294021755.0,0.896060773050749
1294024455.0,1.637115151836781
1294027155.0,1.6543845667385995
1294029855.0,1.6840663003384293
1294032555.0,1.7162324206776702
1294035255.0,1.7102580127823899
1294037955.0,1.5946065603463921
1294040655.0,1.5970163623280769
1294043355.0,0.4810756501106539
1294046055.0,0.43448660681383444
1294048755.0,0.44154877795836
1294051455.0,0.44995223109054905
1294054155.0,0.4873183706509394
1294056855.0,0.37127629608596635
1294059555.0,0.37361624316747566
1294062255.0,0.4001305339140231
1294064955.0,0.43118542651222924
1294067655.0,0.4127491029911994
1294070355.0,0.41298419138718145
1294073055.0,0.4089005370495329
1294075755.0,0.4852173989418702
1294078455.0,0.4800880559765801
1294081155.0,0.4542824550507021
1294083855.0,0.5033641265668507
1294086555.0,0.5003998199284183
1294089255.0,0.4639211838801316
1294091955.0,0.4664135843640338
1294094655.0,0.454125355737915
1294097355.0,0.42828878425137873
1294100055.0,0.44863133486830975
1294102755.0,1.9370508765091472
1294105455.0,2.070861592530264
1294108155.0,2.0278888568290654
1294110855.0,2.116498170134548
1294113555.0,2.0962184641879844
1294116255.0,2.168829447964299
1294118955.0,2.1626775380668164
1294121655.0,2.2163342407972095
1294124355.0,0.47493969271067726
1294127055.0,0.38902478583150923
1294129755.0,0.3645091805119023
1294132455.0,0.47485684923918825
1294135155.0,0.48193383448955274
1294137855.0,0.42206721203717734
1294140555.0,0.4822124880416254
1294143255.0,0.17868222212831597
1294145955.0,0.2691183576848175
1294148655.0,0.30276883370140695
1294151355.0,0.40884298541504904
1294154055.0,0.440540996583195
1294156755.0,0.42600139120156655
1294159455.0,0.39739312402161886
1294162155.0,0.4633173478058552
1294164855.0,0.4299499904555546
1294167555.0,0.39382874890600306
1294170255.0,0.3748120157927701
1294172955.0,0.3869832248254852
1294175655.0,0.36819383165095587
1294178355.0,0.34434687846669476
1294181055.0,-0.24691773143786122
1294183755.0,0.4559380520655054
1294186455.0,0.64118734809324
1294189155.0,0.6865663229530128
1294191855.0,0.6383621179583656
1294194555.0,0.5995220563027601
1294197255.0,0.6038627574210977
1294199955.0,0.6367838737124316
1294202655.0,0.637735033449303
1294205355.0,0.6619024404140532
1294208055.0,0.6944444569928123
1294210755.0,0.8226787439751888
1294213455.0,1.766725267357856
1294216155.0,1.7618886991281784
1294218855.0,0.7790568056500433
1294221555.0,0.7363006724232832
1294224255.0,0.6206412782818802
1294226955.0,0.7095576600078175
1294229655.0,0.5823445794400754
1294232355.0,0.7332642764756656
1294235055.0,0.7215713449723467
1294237755.0,0.7616409178144181
1294240455.0,0.7228950547411728
1294243155.0,0.7276964976821318
1294245855.0,0.7415253322131434
1294248555.0,0.7911029787301231
1294251255.0,0.7580057088293302
1294253955.0,0.8133989562082888
1294256655.0,0.7869810512613071
1294259355.0,0.779400389830073
1294262055.0,0.7774937604456795
1294264755.0,0.7778679695951496
1294267455.0,1.137102095494356
1294270155.0,2.096688002649273
1294272855.0,2.150257825879237
1294275555.0,1.46514476195415
1294278255.0,0.8705206974798898
1294280955.0,0.7880938159595416
1294283655.0,0.7850446956831547
1294286355.0,0.8155758063659277
1294289055.0,0.7792854454069129
1294291755.0,0.796532094035058
1294294455.0,0.879674456286125
1294297155.0,0.8706591657310128
1294299855.0,1.7718441865944214
1294302555.0,2.0173414921425774
1294305255.0,2.1146430331050396
1294307955.0,2.1157473854898967
1294310655.0,2.0417987625668275
1294313355.0,2.0771348543427166
1294316055.0,1.9579603424451761
1294318755.0,1.7322478447952108
1294321455.0,1.9088833902649185
1294324155.0,1.9126352253172172
1294326855.0,1.8867497366077828
1294329555.0,1.944411906645371
1294332255.0,1.9765107392372556
1294334955.0,2.0244054246671226
1294337655.0,2.082523212619435
1294340355.0,2.138689381521999
1294343055.0,2.153229909853337
1294345755.0,2.0934664648280545
1294348455.0,2.060270053564409
1294351155.0,2.057773384597283
1294353855.0,2.0127636112758296
1294356555.0,2.138134432657125
1294359255.0,3.4572275402177866
1294361955.0,3.486341642705611
1294364655.0,2.775305873984564
1294367355.0,1.7158782503617545
1294370055.0,1.664861825607204
1294372755.0,1.670109199107742
1294375455.0,1.6930110802152285
1294378155.0,1.6568594405907788
1294380855.0,1.686666717571768
1294383555.0,1.650244901199585
1294386255.0,1.7460076859508717
1294388955.0,2.5166138268458553
1294391655.0,2.9467752545061785
1294394355.0,2.9617568159436587
1294397055.0,2.948295910281331
1294399755.0,2.9738617692685807
1294402455.0,2.8221772857009455
1294405155.0,2.803922462094647
1294407855.0,2.8208391217331155
1294410555.0,2.8574333143114927
1294413255.0,2.793491993005148
1294415955.0,2.7959244493266624
1294418655.0,2.841437682586843
1294421355.0,2.8879957208845326
1294424055.0,2.946792843767412
1294426755.0,2.9522696169686924
1294429455.0,2.9669317929547674
1294432155.0,2.918655721919208
1294434855.0,2.9435933927336464
1294437555.0,2.954530074170293
1294440255.0,2.9576769722936547
1294442955.0,2.9453248218234194
1294445655.0,2.957739442400907
1294448355.0,3.7284550388217212
1294451055.0,3.6214210145780044
1294453755.0,2.593380434012147
1294456455.0,2.549711854713962
1294459155.0,2.596581423896282
1294461855.0,2.5179197104477
1294464555.0,2.5788882221090716
1294467255.0,2.567933226552384
1294469955.0,2.5076461873380254
1294472655.0,2.5485268831335475
1294475355.0,2.606188635469664
1294478055.0,2.6376069186954965
1294480755.0,3.253734316113082
1294483455.0,3.724834227065344
1294486155.0,3.737071419047993
1294488855.0,3.668886812210701
1294491555.0,3.6097009705710548
1294494255.0,3.5997528564446384
1294496955.0,3.675189914201553
1294499655.0,3.6169288365961165
1294502355.0,3.5812602464690713
1294505055.0,3.6062301418543825
1294507755.0,3.6302369333828324
1294510455.0,3.7109970018270815
1294513155.0,3.712267595626656
1294515855.0,3.7547958290903694
1294518555.0,3.7731155456521037
1294521255.0,3.7436558127806734
1294523955.0,3.7559817751190394
1294526655.0,3.708425062627896
1294529355.0,3.757673798627252
1294532055.0,3.8309395034701765
1294534755.0,3.7599538683596165
1294537455.0,3.730486569350944
1294540155.0,2.221449614096173
1294542855.0,2.9142122060081306
1294545555.0,3.3353324221845355
1294548255.0,3.294406611135855
1294550955.0,3.3608985861149563
1294553655.0,3.3222657426032924
1294556355.0,3.271540579301586
1294559055.0,3.3095600211404985
1294561755.0,3.302569272302776
1294564455.0,3.3945762787699323
1294567155.0,3.388453480165765
1294569855.0,3.3988204570362086
1294572555.0,2.6222662844430147
1294575255.0,2.0984803046570732
1294577955.0,2.109701847670408
1294580655.0,2.6881300711850145
1294583355.0,3.145296527298626
1294586055.0,3.148491604670994
1294588755.0,3.1887470424421736
1294591455.0,3.169041270341836
1294594155.0,3.22695063850324
1294596855.0,3.251927174810305
1294599555.0,3.288238994436597
1294602255.0,3.2714234913164546
1294604955.0,3.2966122335763544
1294607655.0,3.2485540141557863
1294610355.0,3.2870316471752403
1294613055.0,3.20593870662168
1294615755.0,3.202454581304494
1294618455.0,3.167872626722783
1294621155.0,3.157705784860525
1294623855.0,1.8335358757197469
1294626555.0,1.7543703941851732
1294629255.0,1.724024178137995
1294631955.0,1.7155385251103326
1294634655.0,1.7349190635902119
1294637355.0,1.7722641072478496
1294640055.0,1.7795245415099998
1294642755.0,3.1040930793965913
1294645455.0,3.302718861150481
1294648155.0,3.299124264810814
1294650855.0,3.349025777650013
1294653555.0,3.275548237955718
1294656255.0,3.2529761372966277
1294658955.0,2.149314860872721
1294661655.0,2.0080966616876594
1294664355.0,1.9527818756783972
1294667055.0,1.922502530648842
1294669755.0,1.995588399579276
1294672455.0,2.0080632470904334
1294675155.0,2.00015173651866
1294677855.0,2.0373743696690667
1294680555.0,2.0595305199050244
1294683255.0,2.0966922291898413
1294685955.0,2.060551369953771
1294688655.0,2.054672843496064
1294691355.0,2.112784188404703
1294694055.0,2.0651192584048204
1294696755.0,2.061234246876495
1294699455.0,2.0437443713707353
1294702155.0,2.0633549169423873
1294704855.0,2.08598356893566
1294707555.0,2.104866190578207
1294710255.0,2.0496089553441834
1294712955.0,1.022236370639348
1294715655.0,0.655674418941885
1294718355.0,1.7851525683509522
1294721055.0,2.1993841849313753
1294723755.0,2.2724878293690267
1294726455.0,2.302160960280446
1294729155.0,2.245920352392659
1294731855.0,2.2357707058242227
1294734555.0,2.313785468530625
1294737255.0,2.282887410492094
1294739955.0,2.2658271085909405
1294742655.0,2.258769649087583
1294745355.0,2.270364025963943
1294748055.0,2.1653798551413956
1294750755.0,2.0792800499260693
1294753455.0,2.1538242823844485
1294756155.0,2.247098192747842
1294758855.0,2.2240610573863933
1294761555.0,2.2217781297734405
1294764255.0,2.274371530538758
1294766955.0,2.3211132533984937
1294769655.0,2.3237581613205407
1294772355.0,2.388982916114685
1294775055.0,2.357293715804701
1294777755.0,2.3565121463560104
1294780455.0,2.360570449877912
1294783155.0,2.367802896562125
1294785855.0,2.33118372179041
1294788555.0,2.3355711102198597
1294791255.0,2.332976698994912
1294793955.0,2.3416512670905263
1294796655.0,2.2444279489853898
1294799355.0,2.2997077089487448
1294802055.0,2.302658082281255
1294804755.0,1.0889674585347962
1294807455.0,0.940334346237023
1294810155.0,0.9133268175628473
1294812855.0,0.9310987070160763
1294815555.0,2.0910246691337875
1294818255.0,2.430588086657849
1294820955.0,2.482539923365607
1294823655.0,2.5561477932040475
1294826355.0,2.55932289434611
1294829055.0,2.4980480369418387
1294831755.0,2.449803215192219
1294834455.0,2.4050471783402827
1294837155.0,2.3481875672327988
1294839855.0,2.249476112792422
1294842555.0,2.234109912132851
1294845255.0,2.2139331479191924
1294847955.0,2.1849567511844725
1294850655.0,2.278048891139349
1294853355.0,2.3817067651523303
1294856055.0,2.39882109534409
1294858755.0,2.4457867374138687
1294861455.0,2.462206583770353
1294864155.0,2.477219938323003
1294866855.0,2.4517113847028327
1294869555.0,2.4594474874609773
1294872255.0,2.451776748089344
1294874955.0,2.427758349467865
1294877655.0,2.401755123828025
1294880355.0,2.4279706411714415
1294883055.0,2.327624204429185
1294885755.0,2.3640300642076113
1294888455.0,2.3766218480610632
1294891155.0,2.2304301417442502
1294893855.0,2.298348533346143
1294896555.0,2.2760022100279116
1294899255.0,2.2310823943192304
1294901955.0,2.2126733467643476
1294904655.0,2.2538030274370158
1294907355.0,2.197544714499884
1294910055.0,2.271236969795609
1294912755.0,2.231472916461769
1294915455.0,2.1344707047582006
1294918155.0,2.093520059986133
1294920855.0,2.1172762338558755
1294923555.0,1.2631148017066494
1294926255.0,0.8638749876521956
1294928955.0,0.9242340799643785
1294931655.0,1.900046262184901
1294934355.0,2.1108622599620617
1294937055.0,2.093614019055167
1294939755.0,2.1509371778245736
1294942455.0,2.1671039027741017
1294945155.0,2.1716563848772807
1294947855.0,2.165489179714484
1294950555.0,2.1992456245697554
1294953255.0,2.1695829910302677
1294955955.0,2.205598855214646
1294958655.0,2.117227215456694
1294961355.0,2.129021682657992
1294964055.0,2.176303081304411
1294966755.0,2.2042655553944996
1294969455.0,2.0839025528160846
1294972155.0,2.1369043657380757
1294974855.0,2.0916925259142545
1294977555.0,2.139526277300547
1294980255.0,0.8350830508288709
1294982955.0,0.7456930027066733
1294985655.0,0.6882846764722217
1294988355.0,0.7749393067615529
1294991055.0,2.033714058922328
1294993755.0,2.2262730421502397
1294996455.0,2.205495370584515
1294999155.0,2.2548219378042518
1295001855.0,2.290300160966467
1295004555.0,2.3006599758000448
1295007255.0,2.1545666435188195
1295009955.0,2.051011657413653
1295012655.0,0.9207631580936777
1295015355.0,0.840266526290975
1295018055.0,0.8292501602178959
1295020755.0,0.8159051491388141
1295023455.0,0.8140509730667418
1295026155.0,0.8491134221527545
1295028855.0,0.857818644769111
1295031555.0,0.9266039286024466
1295034255.0,0.9054120402811918
1295036955.0,0.8515178659538378
1295039655.0,0.8579209585615217
1295042355.0,0.8027185942743245
1295045055.0,0.7577648510247172
1295047755.0,0.8177520273254117
1295050455.0,0.8425415151693301
1295053155.0,0.8605769612980794
1295055855.0,0.8170741106351898
1295058555.0,0.8818871454404871
1295061255.0,2.3256190805454366
1295063955.0,2.4538649967400374
1295066655.0,2.5253666617087447
1295069355.0,2.421899289412579
1295072055.0,1.1025568986829626
1295074755.0,1.0129118618023654
1295077455.0,1.0018083232294543
1295080155.0,1.0062719415639663
1295082855.0,1.0718864355550863
1295085555.0,0.965679563617698
1295088255.0,0.9724702476127618
1295090955.0,0.891062568801317
1295093655.0,0.8769753952047381
1295096355.0,0.8060142339119238
1295099055.0,0.8239355079236361
1295101755.0,0.7882200958488852
1295104455.0,0.7733066835331215
1295107155.0,0.7286141057016948
1295109855.0,0.7703825311959349
1295112555.0,0.7796295716324266
1295115255.0,0.778254499770469
1295117955.0,0.8090639747918544
1295120655.0,0.8416084159135835
1295123355.0,0.8452945899252882
1295126055.0,0.826013008829193
1295128755.0,0.779605384069157
1295131455.0,0.7716787056423868
1295134155.0,0.8071133039553047
1295136855.0,0.8453560362058852
1295139555.0,0.827378104124989
1295142255.0,0.7721746545944939
1295144955.0,0.8431531802049221
1295147655.0,0.827740574577092
1295150355.0,0.8849131850242316
1295153055.0,0.903016211644001
1295155755.0,0.8650599904696605
1295158455.0,-0.5753953926613917
1295161155.0,0.7629530030858973
1295163855.0,0.824421732641099
1295166555.0,0.8615378596900314
1295169255.0,0.9601186471202254
1295171955.0,0.9186133930405163
1295174655.0,0.8738089018256119
1295177355.0,0.7963015457823417
1295180055.0,0.8382478594936629
1295182755.0,0.7394896247365637
1295185455.0,0.712715081696615
1295188155.0,0.6680852056746289
1295190855.0,-0.16742717350473413
1295193555.0,-0.5704723059982939
1295196255.0,-0.5546838651883377
1295198955.0,-0.5551628191208806
1295201655.0,-0.526534065828514
1295204355.0,-0.46846998529724715
1295207055.0,-0.5370968664664701
1295209755.0,0.6102292492062702
1295212455.0,0.9512884842491189
1295215155.0,0.966066169406588
1295217855.0,0.949808209809305
1295220555.0,0.9645004469109608
1295223255.0,0.9620965002092703
1295225955.0,0.9386107233325447
1295228655.0,0.9479393669334399
1295231355.0,0.9804726957264052
1295234055.0,0.9640460670832454
1295236755.0,0.9843729260326199
1295239455.0,0.9824441031540232
1295242155.0,0.9879355503857141
1295244855.0,-0.3158006263927291
1295247555.0,-0.42781057230001807
1295250255.0,-0.44181666014350185
1295252955.0,-0.3929562054948974
1295255655.0,0.8694321914546776
1295258355.0,0.9305949571822794
1295261055.0,1.0015342145806585
1295263755.0,0.9060013533226083
1295266455.0,0.8505358293738823
1295269155.0,0.9466478558729818
1295271855.0,0.8720892694158806
1295274555.0,0.8521523763708956
1295277255.0,0.7970444214686268
1295279955.0,0.7492829372317829
1295282655.0,-0.2522381455349887
1295285355.0,-0.2895973411289674
1295288055.0,-0.27948008418667314
1295290755.0,-0.2794239518995596
1295293455.0,-0.2983601649235652
1295296155.0,-0.3140567991834473
1295298855.0,-0.26527847691966144
1295301555.0,0.9154280823764793
1295304255.0,1.0189154508930187
1295306955.0,1.0124026946994604
1295309655.0,0.9922688020207033
1295312355.0,0.9911527013617842
1295315055.0,0.9519082289389758
1295317755.0,1.000866173808845
1295320455.0,0.97627976513985
1295323155.0,1.0485443776923944
1295325855.0,1.0651343172002612
1295328555.0,1.0487001456390885
1295331255.0,0.9984661557165282
1295333955.0,-0.2573567293028418
1295336655.0,-0.36202396805953185
1295339355.0,-0.29506993026160444
1295342055.0,-0.2739426189852452
1295344755.0,-0.18250334362414833
1295347455.0,0.9288474116804082
1295350155.0,0.9639833027969189
1295352855.0,0.9179780983258752
1295355555.0,0.8869043805150909
1295358255.0,0.9181500453332205
1295360955.0,0.8931051181881458
1295363655.0,0.8648865222956488
1295366355.0,0.8312506892434044
1295369055.0,0.9216554777604529
1295371755.0,0.9450714508295164
1295374455.0,0.9708876563706781
1295377155.0,0.9683790659067881
1295379855.0,0.9387226538982532
1295382555.0,0.9403817938840007
1295385255.0,0.9351204605400767
1295387955.0,0.9318197982527181
1295390655.0,1.8896168707550487
1295393355.0,2.1064221752574213
1295396055.0,2.1523683371302695
1295398755.0,2.176428936390721
1295401455.0,2.1451708237233333
1295404155.0,2.1609085511529997
1295406855.0,2.2356068350624128
1295409555.0,2.2465477867642107
1295412255.0,2.2944430815211945
1295414955.0,0.7063021691498648
1295417655.0,0.4933720176861698
1295420355.0,0.46817607097398195
1295423055.0,0.42783386300203574
1295425755.0,0.44992121785583095
1295428455.0,0.4857780105610914
1295431155.0,0.43924411600312396
1295433855.0,0.40507798672229
1295436555.0,0.40523657229613264
1295439255.0,0.4288990554001657
1295441955.0,0.43129980347555374
1295444655.0,0.5209462736103205
1295447355.0,0.4827148585716827
1295450055.0,0.40161372658110395
1295452755.0,0.44184512514772223
1295455455.0,0.4328774389013006
1295458155.0,0.46582950289359815
1295460855.0,0.46862984996050727
1295463555.0,0.4512889984854951
1295466255.0,0.3994296825459287
1295468955.0,0.40216442026974164
1295471655.0,0.3567729384246263
1295474355.0,0.3208700082397513
1295477055.0,2.0116623929833963
1295479755.0,2.173087979387219
1295482455.0,2.23679041306616
1295485155.0,2.226752465417178
1295487855.0,2.1801943702309927
1295490555.0,2.165161538261941
1295493255.0,2.1537014826463405
1295495955.0,2.1914410987807287
1295498655.0,2.2446515327938528
1295501355.0,0.8390780926195589
1295504055.0,0.4581664950162576
1295506755.0,0.4989093066503756
1295509455.0,0.46914823432661024
1295512155.0,1.4815359925354983
1295514855.0,1.831290933419723
1295517555.0,1.8388886767560848
1295520255.0,1.7996011892022352
1295522955.0,1.8432827513046277
1295525655.0,1.7168164697135353
1295528355.0,1.7655021913648739
1295531055.0,1.7435247010551507
1295533755.0,1.6809667683154998
1295536455.0,1.7691948091207337
1295539155.0,1.7263360907952574
1295541855.0,1.763310418205151
1295544555.0,1.7847019456982594
1295547255.0,1.8325188812729607
1295549955.0,1.7633197561426073
1295552655.0,1.7856925052422525
1295555355.0,1.8210463485931427
1295558055.0,1.789717501664711
1295560755.0,0.964754600333265
1295563455.0,1.5457008202391762
1295566155.0,1.5954401539598848
1295568855.0,1.6454952956446505
1295571555.0,1.5773963315640458
1295574255.0,1.5642059133843418
1295576955.0,1.6011559936852109
1295579655.0,1.6069187158944374
1295582355.0,1.6346053123742195
1295585055.0,1.6743020915652096
1295587755.0,1.6529236740959732
1295590455.0,1.6036495060444054
1295593155.0,0.7567176143983829
1295595855.0,0.49074337822145253
1295598555.0,0.8585549489122286
1295601255.0,1.7658383151116368
1295603955.0,1.819172062147402
1295606655.0,1.743782105932155
1295609355.0,1.7651841926610814
1295612055.0,1.50193063688846
1295614755.0,1.60783473901148
1295617455.0,1.671818669294737
1295620155.0,1.6778523039737365
1295622855.0,1.7078868867365031
1295625555.0,1.7451790210860736
1295628255.0,1.8223773745356198
1295630955.0,1.8584755756928644
1295633655.0,1.881717632946959
1295636355.0,1.8811715556181525
1295639055.0,1.8474099342687964
1295641755.0,1.7879675676209672
1295644455.0,1.7334354711455262
1295647155.0,1.7612295531267819
1295649855.0,1.7496255579505373
1295652555.0,2.4299467349635506
1295655255.0,1.7216648862582815
1295657955.0,1.6376609653882497
1295660655.0,1.6237978749615536
1295663355.0,1.6006286354297004
1295666055.0,1.6430649262172778
1295668755.0,1.6449538508522323
1295671455.0,1.7137472505857545
1295674155.0,1.670360652967645
1295676855.0,1.5711206129735729
1295679555.0,1.6138531598876966
1295682255.0,1.5649727907041893
1295684955.0,1.5522672689111232
1295687655.0,0.5864472132438436
1295690355.0,0.5886133159624478
1295693055.0,1.6335484493803278
1295695755.0,1.7101093510523242
1295698455.0,1.6042968101966721
1295701155.0,1.5978261522514003
1295703855.0,1.6301545482946835
1295706555.0,1.6310950166148928
1295709255.0,1.6532490516194116
1295711955.0,1.6670396894876944
1295714655.0,1.7228950694308764
1295717355.0,1.7023043390860835
1295720055.0,1.7506773792819104
1295722755.0,1.695754446643548
1295725455.0,1.7698294432367447
1295728155.0,1.7356697535921626
1295730855.0,1.7403724876315323
1295733555.0,1.6979484972756609
1295736255.0,1.709474981276344
1295738955.0,1.6921163851023948
1295741655.0,1.693756452223056
1295744355.0,2.0354849684559895
1295747055.0,1.5498724629369462
1295749755.0,1.5409936130902793
1295752455.0,1.5830408498762836
1295755155.0,1.617626810264312
1295757855.0,1.6274869132459457
1295760555.0,1.6431611358036662
1295763255.0,1.6029197108504718
1295765955.0,1.6640678248146514
1295768655.0,1.6160638114383232
1295771355.0,1.6453016679743087
1295774055.0,1.6936418339919896
1295776755.0,1.6222075458682639
1295779455.0,0.6235534198220307
1295782155.0,0.5056746178793787
1295784855.0,0.35829793524260367
1295787555.0,0.36354782406255026
1295790255.0,0.41420067925389503
1295792955.0,0.39829145540414856
1295795655.0,0.40104982576292514
1295798355.0,0.4470863258719646
1295801055.0,0.4781324924695127
1295803755.0,0.452985485086856
1295806455.0,0.4983056587553847
1295809155.0,0.49095813910707875
1295811855.0,0.4934744553056589
1295814555.0,0.478841766386779
1295817255.0,0.4201573806230954
1295819955.0,0.3757023752234545
1295822655.0,0.352056927980243
1295825355.0,0.30835831895217325
1295828055.0,0.37935857893535285
1295830755.0,0.3096576692284998
1295833455.0,0.3220041032751624
1295836155.0,2.0630289860248467
1295838855.0,0.9274156232248174
1295841555.0,0.9353490983016854
1295844255.0,0.8656046238635895
1295846955.0,0.8552434178880617
1295849655.0,0.8095448355895201
1295852355.0,0.8652791313094212
1295855055.0,0.8413266208060577
1295857755.0,0.8780718418383344
1295860455.0,0.9335669802578082
1295863155.0,0.9009483639617315
1295865855.0,0.8421947172678301
1295868555.0,1.8243640299263006
1295871255.0,1.9601412057543257
1295873955.0,1.9725281040592222
1295876655.0,1.9668488458579532
1295879355.0,1.9617328182075084
1295882055.0,1.9600429097442316
1295884755.0,2.0060242730672826
1295887455.0,2.033617906051802
1295890155.0,2.0471873029090943
1295892855.0,2.055451063461703
1295895555.0,2.101136745637632
1295898255.0,2.1364615600043635
1295900955.0,2.150764056877108
1295903655.0,2.096751440245839
1295906355.0,2.0575771143078327
1295909055.0,2.063211461395781
1295911755.0,2.091770014819417
1295914455.0,2.119250077885397
1295917155.0,2.072631272551689
1295919855.0,2.0846437785818352
1295922555.0,2.0516678990504715
1295925255.0,3.3563656140391913
1295927955.0,1.8234817920480282
1295930655.0,1.7473996047551168
1295933355.0,1.7029424422664192
1295936055.0,1.6654749579379882
1295938755.0,1.6613846447567653
1295941455.0,1.668341323420691
1295944155.0,1.6977545223351171
1295946855.0,1.7103601292938606
1295949555.0,1.691505141712753
1295952255.0,1.623926020561953
1295954955.0,0.6745158703963625
1295957655.0,0.42755191280463123
1295960355.0,0.38216262812215973
1295963055.0,0.43879968891792487
1295965755.0,0.42769640216369
1295968455.0,0.4304170792420905
1295971155.0,0.495409702029292
1295973855.0,0.5268323548548324
1295976555.0,0.5468246297155588
1295979255.0,0.528868440085489
1295981955.0,0.5378188975565763
1295984655.0,0.5393181136615226
1295987355.0,0.5189122326404458
1295990055.0,0.492400098930716
1295992755.0,0.39007326550608923
1295995455.0,0.4274615335472731
1295998155.0,0.4052095314227131
1296000855.0,0.431037173093614
1296003555.0,0.3882956602432728
1296006255.0,0.40206300266743256
1296008955.0,0.39351197677967775
1296011655.0,0.8884424179943267
1296014355.0,0.8261036239189821
1296017055.0,0.7619452764669177
1296019755.0,0.8256946311156526
1296022455.0,0.7653261795759931
1296025155.0,0.7651451112135987
1296027855.0,0.731705501964484
1296030555.0,0.8386785617610713
1296033255.0,0.8118430347854542
1296035955.0,0.8120924647956826
1296038655.0,0.7558374707955409
1296041355.0,0.8107158377081873
1296044055.0,1.755934611077464
1296046755.0,0.7731910936893769
1296049455.0,0.6990867052905401
1296052155.0,0.6923782863556198
1296054855.0,0.7057060294418989
1296057555.0,0.7344256576719772
1296060255.0,0.7167240610264116
1296062955.0,0.757644877061125
1296065655.0,0.809400170637673
1296068355.0,0.8037241845971721
1296071055.0,0.835088190990291
1296073755.0,0.8174608729550528
1296076455.0,0.7756943554530267
1296079155.0,0.7834393401799957
1296081855.0,0.818031750916191
1296084555.0,0.7802257066070979
1296087255.0,0.8144920763011783
1296089955.0,0.7909313370773816
1296092655.0,0.7907662685719288
1296095355.0,0.7692055347964128
1296098055.0,0.8156656605816579
1296100755.0,0.8570114648404115
1296103455.0,0.1519403688806733
1296106155.0,-0.5312832648335188
1296108855.0,-0.6548839488625617
1296111555.0,-0.615792159996829
1296114255.0,0.5704228255540329
1296116955.0,1.001028983813626
1296119655.0,1.0111313736898637
1296122355.0,1.0273009920883283
1296125055.0,1.008890043824806
1296127755.0,1.0551676032969795
1296130455.0,0.8747905873395894
1296133155.0,0.8468170819257921
1296135855.0,0.8333740125445956
1296138555.0,0.7819182471416184
1296141255.0,0.7682000339266324
1296143955.0,0.6887408623054512
1296146655.0,-0.060652817108518775
1296149355.0,-0.17382093899828988
1296152055.0,-0.13886157035619817
1296154755.0,-0.12241897979117766
1296157455.0,-0.06461608057333024
1296160155.0,-0.08423715908196527
1296162855.0,-0.12266191540555837
1296165555.0,-0.14446140962058962
1296168255.0,1.293311755015111
1296170955.0,1.2969627477715449
1296173655.0,1.355249081082718
1296176355.0,1.2892050131875408
1296179055.0,1.3898530942994967
1296181755.0,1.3816969551078273
1296184455.0,1.3663085363460823
1296187155.0,1.4134783602320908
1296189855.0,1.373479581049594
1296192555.0,1.3580354238723658
1296195255.0,1.349023018439027
1296197955.0,0.43522582102986007
1296200655.0,-0.006520506609774657
1296203355.0,0.0006512764184662956
1296206055.0,0.752564900985135
1296208755.0,1.214879917116832
1296211455.0,1.2259370956497264
1296214155.0,1.3018642370712996
1296216855.0,1.1986385082127526
1296219555.0,1.191284868533046
1296222255.0,1.2264825373860617
1296224955.0,1.1903409726629093
1296227655.0,1.2141709978193376
1296230355.0,1.2070481489857343
1296233055.0,1.2628683514100771
1296235755.0,1.2039811252853383
1296238455.0,1.222925370111625
1296241155.0,1.1860152107642534
1296243855.0,1.25851617011881
1296246555.0,1.2327137382062574
1296249255.0,1.194528074836171
1296251955.0,1.7380147308965093
1296254655.0,2.532086248774874
1296257355.0,2.5612489590026826
1296260055.0,2.6210200916162876
1296262755.0,2.5574469713744747
1296265455.0,2.575191006939292
1296268155.0,2.6020947258042497
1296270855.0,2.640684775278203
1296273555.0,2.686678153724017
1296276255.0,2.6478310376866148
1296278955.0,2.028879872245682
1296281655.0,0.8839776843927893
1296284355.0,0.8269820961014602
1296287055.0,0.779284204211649
1296289755.0,0.8118408630097633
1296292455.0,0.7997237676565305
1296295155.0,0.7956600833865082
1296297855.0,0.8093175383657467
1296300555.0,2.0266844425586896
1296303255.0,1.9710106883495087
1296305955.0,2.0276644807257185
1296308655.0,1.997456315012414
1296311355.0,1.940155796369197
1296314055.0,1.9105261850675674
1296316755.0,1.1433004606369082
1296319455.0,0.8248324016161632
1296322155.0,0.8183048370312918
1296324855.0,0.8046962080669573
1296327555.0,0.7649077517156115
1296330255.0,0.7918245656294403
1296332955.0,0.7370014363932569
1296335655.0,0.7117488901031379
1296338355.0,0.6715520290110817
1296341055.0,1.5933731487212413
1296343755.0,1.9280227076438337
1296346455.0,1.992262352358864
1296349155.0,1.9435190373143882
1296351855.0,1.9702478583153038
1296354555.0,2.0359497581954997
1296357255.0,2.007232678931473
1296359955.0,2.090138600031537
1296362655.0,2.0589652236499205
1296365355.0,1.9872136671661451
1296368055.0,1.190306471236795
1296370755.0,0.621994035509374
1296373455.0,0.5945719825770084
1296376155.0,0.6636025286206291
1296378855.0,0.6268898195090742
1296381555.0,0.5758471797817037
1296384255.0,0.6056054148303929
1296386955.0,0.6604961913366765
1296389655.0,0.47387255753659474
1296392355.0,1.6032495378664748
1296395055.0,1.9031721261765142
1296397755.0,1.8942914106526132
1296400455.0,1.8766640861711608
1296403155.0,1.8980223086389856
1296405855.0,1.9441958415925455
1296408555.0,1.904145714438016
1296411255.0,1.9017116409148684
1296413955.0,1.8429543895528013
1296416655.0,1.894308564899518
1296419355.0,1.8507650045368678
1296422055.0,1.8197796815983338
1296424755.0,1.8209910496809698
1296427455.0,1.872396970256716
1296430155.0,1.8991170580593462
1296432855.0,2.814409926785345
1296435555.0,3.0807531849227416
1296438255.0,3.1616936555881807
1296440955.0,3.1613125889225557
1296443655.0,3.201146415676135
1296446355.0,3.258072816077231
1296449055.0,3.208708054935073
1296451755.0,3.1756626979949374
1296454455.0,1.6071248637414328
1296457155.0,1.3895646032154332
1296459855.0,1.333844731988961
1296462555.0,1.3419018272219887
1296465255.0,1.3352217182699633
1296467955.0,1.2704061081786335
1296470655.0,1.274906388961881
1296473355.0,1.3033478446154732
1296476055.0,1.1859839522912807
1296478755.0,1.188105207807837
1296481455.0,1.2119698632462246
1296484155.0,1.2664334753406479
1296486855.0,1.2401592450709131
1296489555.0,1.2803523387264022
1296492255.0,1.3087178756472326
1296494955.0,1.306290885465728
1296497655.0,1.302077207860691
1296500355.0,1.2800932785768282
1296503055.0,1.2465644554071673
1296505755.0,1.2681524730847968
1296508455.0,1.2042917036004042
1296511155.0,1.1798147926894558
1296513855.0,1.1650082969048867
1296516555.0,2.702631421156923
1296519255.0,2.9600532612279267
1296521955.0,2.9994014259387995
1296524655.0,2.9982835806657704
1296527355.0,3.0616501393654403
1296530055.0,3.1391867764303356
1296532755.0,3.1455620147183936
1296535455.0,3.1413598933360163
1296538155.0,3.1434367483890924
1296540855.0,3.1403582112486106
1296543555.0,1.3918329151355238
1296546255.0,1.2905220655720768
1296548955.0,1.3240379814292282
1296551655.0,1.3905456612156968
1296554355.0,1.319282111309633
1296557055.0,1.2805771564908923
1296559755.0,1.2703283536985168
1296562455.0,1.2740739328075392
1296565155.0,1.2659914908403493
1296567855.0,1.2944932094176238
1296570555.0,1.2360077291619973
1296573255.0,1.2132084442043265
1296575955.0,1.244754144160538
1296578655.0,1.2522205119494174
1296581355.0,1.204640560167661
1296584055.0,1.2012469688376086
1296586755.0,1.2097367965358217
1296589455.0,1.167372697266785
1296592155.0,1.1658224338401055
1296594855.0,-0.15496077835177857
1296597555.0,1.2616058696987125
1296600255.0,1.535830003750732
1296602955.0,1.5554387630391489
1296605655.0,1.5402316048920852
1296608355.0,1.5520632497712086
1296611055.0,1.5325796245157903
1296613755.0,1.5663819081814836
1296616455.0,1.6302399875804667
1296619155.0,1.630142997798714
1296621855.0,1.661428739209498
1296624555.0,1.6303329782030573
1296627255.0,1.7195938507552455
1296629955.0,1.73474609189185
1296632655.0,0.623304485949518
1296635355.0,1.3476626911530616
1296638055.0,1.708906395412157
1296640755.0,1.6878717264956435
1296643455.0,1.6735802003942695
1296646155.0,1.6970168817559284
1296648855.0,1.631939227443695
1296651555.0,1.6606016233541823
1296654255.0,1.7245007746173542
1296656955.0,1.7838184340518524
1296659655.0,1.770414089031135
1296662355.0,1.8050310023425595
1296665055.0,1.731800238284393
1296667755.0,1.7197489288618044
1296670455.0,1.7129463417875854
1296673155.0,1.6764984663977316
1296675855.0,1.7186993509420745
1296678555.0,1.675638320148778
1296681255.0,1.6252477294983692
1296683955.0,1.8099594166698125
1296686655.0,1.6239583232867858
1296689355.0,1.6232581842848504
1296692055.0,1.6526711141574992
1296694755.0,1.6175815743837916
1296697455.0,1.6355703575977145
1296700155.0,1.6933048000132658
1296702855.0,1.7394028538399766
1296705555.0,1.7481774665412786
1296708255.0,1.7569619539729047
1296710955.0,1.7848163835281525
1296713655.0,1.8021649101972343
1296716355.0,1.8902841380545965
1296719055.0,2.944622916581409
1296721755.0,2.980164024198018
1296724455.0,2.00044428559238
1296727155.0,1.8330567503271027
1296729855.0,1.82591301667253
1296732555.0,1.8399243214635135
1296735255.0,1.6413688827569786
1296737955.0,1.6524926233785209
1296740655.0,1.6581162021928435
1296743355.0,1.7531504751804619
1296746055.0,1.7000803012441565
1296748755.0,1.7616797535085311
1296751455.0,1.7316915280676994
1296754155.0,1.7362456577754415
1296756855.0,1.7603371801783396
1296759555.0,1.759031781244687
1296762255.0,1.7445262953618794
1296764955.0,1.7325655161229179
1296767655.0,1.704543032820709
1296770355.0,2.2864090210655377
1296773055.0,1.8613864743029467
1296775755.0,1.7803925849207758
1296778455.0,1.769705035302195
1296781155.0,1.7704972331246722
1296783855.0,1.7587149203125705
1296786555.0,1.7459575350424643
1296789255.0,1.802751129735043
1296791955.0,1.794078561906531
1296794655.0,1.799487145257558
1296797355.0,1.7737372801027504
1296800055.0,1.8294410145547886
1296802755.0,1.839834913500738
1296805455.0,1.9183735306352787
1296808155.0,2.697945438564716
1296810855.0,3.175142819829091
1296813555.0,3.0840207598357665
1296816255.0,3.0939950235769516
1296818955.0,2.029050860763789
1296821655.0,1.76649433724981
1296824355.0,1.7878921987864373
1296827055.0,1.7684592425009669
1296829755.0,1.8233048179875482
1296832455.0,1.8431990144348447
1296835155.0,1.8985659902112957
1296837855.0,1.8835064782276163
1296840555.0,1.9416413921905473
1296843255.0,1.9473389462811497
1296845955.0,1.9177730359065777
1296848655.0,1.947526432108873
1296851355.0,1.9273001685697295
1296854055.0,1.91589544621894
1296856755.0,1.8802674844178568
1296859455.0,2.2765732557736555
1296862155.0,3.223392136732741
1296864855.0,2.780294738512225
1296867555.0,1.9554530156424335
1296870255.0,1.841922702020554
1296872955.0,1.8690820070290783
1296875655.0,1.9350133669764773
1296878355.0,1.907665833321687
1296881055.0,1.871414847781864
1296883755.0,1.8892307897598926
1296886455.0,1.9533291185694566
1296889155.0,1.9656318831195563
1296891855.0,2.084471164198135
1296894555.0,2.5414877168572048
1296897255.0,3.274564863420551
1296899955.0,3.2360436651970304
1296902655.0,3.2829534382556176
1296905355.0,3.280010159459266
1296908055.0,3.064779603879458
1296910755.0,3.1052972811284576
1296913455.0,3.103651285589251
1296916155.0,3.129698442829806
1296918855.0,3.1260048126537185
1296921555.0,3.22753139079731
1296924255.0,3.1970503596159006
1296926955.0,3.1819344004731533
1296929655.0,3.194787523818434
1296932355.0,3.2368642528050486
1296935055.0,3.23236854339342
1296937755.0,3.2577423971556527
1296940455.0,3.2311817868398407
1296943155.0,3.2262199493602566
1296945855.0,3.2472855291212
1296948555.0,3.8875204380482273
1296951255.0,2.830088559848207
1296953955.0,2.7769735751084
1296956655.0,2.7361087262599426
1296959355.0,2.79941959419142
1296962055.0,2.7718019064035957
1296964755.0,2.635599857692
1296967455.0,2.7307884611340114
1296970155.0,2.735713858916313
1296972855.0,2.7599664434928854
1296975555.0,2.750762214780991
1296978255.0,2.855566087182467
1296980955.0,2.8989991108786626
1296983655.0,2.933715447124939
1296986355.0,2.7154043415018236
1296989055.0,2.860634054808486
1296991755.0,2.9288819143376372
1296994455.0,2.627867193626116
1296997155.0,2.611356276312563
1296999855.0,2.5861561073897406
1297002555.0,2.680358782008568
1297005255.0,2.6431810533530324
1297007955.0,2.673083506188391
1297010655.0,2.696063168899684
1297013355.0,2.7074051702111888
1297016055.0,2.7377964314025576
1297018755.0,2.752175599516306
1297021455.0,2.7002965884810806
1297024155.0,2.70367558080909
1297026855.0,2.6911488034120907
1297029555.0,2.731524538409417
1297032255.0,2.675864262157802
1297034955.0,2.6626019404619115
1297037655.0,1.3602135188570514
1297040355.0,1.2408928802523747
1297043055.0,1.224744129459225
1297045755.0,1.3001651114149126
1297048455.0,1.3076015479734906
1297051155.0,2.2945811263198834
1297053855.0,2.6781410627774562
1297056555.0,2.6591446339500067
1297059255.0,2.764109574022541
1297061955.0,2.7301017015273032
1297064655.0,2.8013999076486016
1297067355.0,2.8129936390229773
1297070055.0,2.7769069571784826
1297072755.0,1.5936614082804113
1297075455.0,1.5922141469750386
1297078155.0,1.532183823583125
1297080855.0,1.4996945123010619
1297083555.0,1.5473992319476224
1297086255.0,1.4624538789479402
1297088955.0,1.5180259591170397
1297091655.0,1.4993606940661834
1297094355.0,1.5139294055094865
1297097055.0,1.505395968224832
1297099755.0,1.5271735244234037
1297102455.0,1.5165837975209229
1297105155.0,1.5580036101106884
1297107855.0,1.6008442507773566
1297110555.0,1.5583160751742184
1297113255.0,1.5523241046407747
1297115955.0,1.5299018337017287
1297118655.0,1.4802014249557942
1297121355.0,1.5377002756708862
1297124055.0,1.5108029907169112
1297126755.0,2.3901633761807943
1297129455.0,1.7158139300863127
1297132155.0,1.7664536711817505
1297134855.0,1.8210840119575664
1297137555.0,1.8189052404882773
1297140255.0,1.8166423551177218
1297142955.0,1.8124751422853365
1297145655.0,1.831804728443899
1297148355.0,1.7722904688828294
1297151055.0,1.8388970841822925
1297153755.0,1.8335526551065868
1297156455.0,1.7900917675078176
1297159155.0,1.805337956912922
1297161855.0,2.8879819024842277
1297164555.0,2.9860843234293952
1297167255.0,2.8429268292608185
1297169955.0,2.8739182434998725
1297172655.0,2.843827632833552
1297175355.0,2.8971467353451885
1297178055.0,2.8883043367032997
1297180755.0,2.9422637681142874
1297183455.0,2.96440953855506
1297186155.0,2.9767461357856746
1297188855.0,2.965600534716714
1297191555.0,3.0212862218777445
1297194255.0,3.0080777982949485
1297196955.0,3.0147486137697683
1297199655.0,2.990856171012581
1297202355.0,3.002443191964744
1297205055.0,2.960809431936923
1297207755.0,3.002329881299886
1297210455.0,2.953795670458703
1297213155.0,3.0553696962945764
1297215855.0,4.267854389855756
1297218555.0,4.375521981458803
1297221255.0,2.6267057943325085
1297223955.0,2.5316837765290643
1297226655.0,2.526038589131872
1297229355.0,2.509774811235445
1297232055.0,2.523822529395261
1297234755.0,2.4314263548574786
1297237455.0,2.5101601607786392
1297240155.0,2.464566530969023
1297242855.0,2.4051014301119267
1297245555.0,2.347839292540357
1297248255.0,2.3996316378072606
1297250955.0,2.381216232096051
1297253655.0,1.9637615950495615
1297256355.0,2.250748521144544
1297259055.0,2.1960999520743485
1297261755.0,2.273390879362978
1297264455.0,2.3098242480966746
1297267155.0,2.320051133676145
1297269855.0,2.330827667492315
1297272555.0,2.305448809749805
1297275255.0,2.3085093660796474
1297277955.0,2.3390962533684387
1297280655.0,2.298988758664393
1297283355.0,2.3196509865360895
1297286055.0,2.2568018133447367
1297288755.0,2.238627176175214
1297291455.0,2.221324431699088
1297294155.0,2.262835047396038
1297296855.0,2.215937607138926
1297299555.0,2.242720537569653
1297302255.0,2.2342604611829984
1297304955.0,2.27449410297163
1297307655.0,1.3147579352727234
1297310355.0,0.9272260645637402
1297313055.0,0.8316883703682834
1297315755.0,0.8060428771129864
1297318455.0,0.7924939092353611
1297321155.0,0.782703648259087
1297323855.0,0.8380901833228336
1297326555.0,0.8387528474953001
1297329255.0,0.7555802588454412
1297331955.0,2.06738508664057
1297334655.0,2.4378054136547576
1297337355.0,2.4427675307367736
1297340055.0,2.392946640268576
1297342755.0,2.386188879340409
1297345455.0,2.361721897828488
1297348155.0,2.377848779590181
1297350855.0,2.3353039310218264
1297353555.0,2.422180408393956
1297356255.0,2.3912159820010856
1297358955.0,2.4323167349112396
1297361655.0,2.3744356352327713
1297364355.0,2.431252505641737
1297367055.0,2.406625319861064
1297369755.0,2.4006643810077435
1297372455.0,2.393202014193605
1297375155.0,2.4064058002743423
1297377855.0,2.439414186203578
1297380555.0,3.6733713633846605
1297383255.0,3.8327700031695144
1297385955.0,3.8398922272670006
1297388655.0,3.8173333868272152
1297391355.0,3.856034316224566
1297394055.0,3.8926669063080794
1297396755.0,2.842204267587988
1297399455.0,2.1029962637211383
1297402155.0,2.0289859166588826
1297404855.0,1.9871282703807083
1297407555.0,1.9377061720861093
1297410255.0,1.9775786756790694
1297412955.0,2.043494276965248
1297415655.0,1.9677639121204038
1297418355.0,1.9730726148923736
1297421055.0,2.0199631054103406
1297423755.0,2.22142029785914
1297426455.0,3.038013948006949
1297429155.0,2.070897118900291
1297431855.0,1.9011890060751284
1297434555.0,1.8529657506264243
1297437255.0,1.847682637670573
1297439955.0,1.8608836926168237
1297442655.0,1.85976539926628
1297445355.0,1.825262513756968
1297448055.0,1.8225590805942034
1297450755.0,1.841315669273115
1297453455.0,1.8069951921562506
1297456155.0,1.7965903697202634
1297458855.0,1.7429264325042482
1297461555.0,1.7667395110785833
1297464255.0,1.743521098842109
1297466955.0,1.856146896737073
1297469655.0,1.846429244775436
1297472355.0,1.826519762010605
1297475055.0,2.795057603021519
1297477755.0,3.0958317320078095
1297480455.0,3.1248982960242415
1297483155.0,2.7933625726108176
1297485855.0,1.75067029658328
1297488555.0,1.6813290872007087
1297491255.0,1.6779856340731385
1297493955.0,1.66907105198203
1297496655.0,1.7510055187239573
1297499355.0,1.7860590994609424
1297502055.0,1.7160571170080061
1297504755.0,1.6708902052858434
1297507455.0,1.692815611495007
1297510155.0,1.5893334040067089
1297512855.0,1.4409335336949312
1297515555.0,1.4146362880594552
1297518255.0,1.3615781876133042
1297520955.0,0.3777880478619977
1297523655.0,0.29083689054829165
1297526355.0,0.3470006313233398
1297529055.0,0.34779421388725495
1297531755.0,0.3182807249948496
1297534455.0,0.30013978734689317
1297537155.0,0.2869095074371444
1297539855.0,0.27978382419718173
1297542555.0,0.25880774784872074
1297545255.0,0.2404047519271444
1297547955.0,0.22654382679257878
1297550655.0,0.21703387122033746
1297553355.0,0.8745930698644884
1297556055.0,1.9054986637999605
1297558755.0,1.975206569558793
1297561455.0,1.9730818075097432
1297564155.0,2.0275225047896583
1297566855.0,1.9911377786127105
1297569555.0,1.983124086588873
1297572255.0,1.9966237330617673
1297574955.0,2.0440912678304244
1297577655.0,2.040686348755287
1297580355.0,0.7775218891640634
1297583055.0,0.5948192539533466
1297585755.0,0.5635324775994377
1297588455.0,0.533655567827509
1297591155.0,0.5009132120667914
1297593855.0,0.565109491989574
1297596555.0,0.5160224746226731
1297599255.0,0.45990109008192803
1297601955.0,0.4338344703987218
1297604655.0,0.48682478407386043
1297607355.0,0.4608136734530035
1297610055.0,0.5468890227937777
1297612755.0,0.41603106949548874
1297615455.0,0.41871691257449584
1297618155.0,0.36638041869912286
1297620855.0,0.39450302250202185
1297623555.0,0.41072976353530066
1297626255.0,0.36204066071906027
1297628955.0,0.39411106985721744
1297631655.0,2.079666989041698
1297634355.0,2.1467548331942794
1297637055.0,2.182111058934254
1297639755.0,2.2386439787202903
1297642455.0,2.220960921953349
1297645155.0,2.259234674272193
1297647855.0,2.2078741839997065
1297650555.0,2.215521395151711
1297653255.0,2.170041406656992
1297655955.0,0.6148272265510286
1297658655.0,0.5386239700074498
1297661355.0,0.5448434354921687
1297664055.0,0.5655152400024122
1297666755.0,0.5137148912558018
1297669455.0,0.6043262003650511
1297672155.0,0.645910065753867
1297674855.0,0.6250299132984196
1297677555.0,0.6231822185459919
1297680255.0,0.6879275462424062
1297682955.0,0.5914086135071557
1297685655.0,0.40962434803850556
1297688355.0,-0.4603759840542807
1297691055.0,-0.6399993279149498
1297693755.0,-0.7248272565996672
1297696455.0,-0.6977954597615508
1297699155.0,-0.7533064915676846
1297701855.0,-0.7716692669922622
1297704555.0,-0.7722150654131497
1297707255.0,-0.7744133876774413
1297709955.0,-0.7341086093659897
1297712655.0,0.7846306058762593
1297715355.0,0.9836152510407601
1297718055.0,0.9582211971140282
1297720755.0,0.96604309471752
1297723455.0,1.0088791869448528
1297726155.0,1.0235287958527124
1297728855.0,1.0249096050187632
1297731555.0,1.0056210221447373
1297734255.0,0.997964579556367
1297736955.0,1.0540584656146734
1297739655.0,1.014458224768191
1297742355.0,0.9499670445449624
1297745055.0,0.964235675913244
1297747755.0,0.9269578540381076
1297750455.0,0.9491210001376658
1297753155.0,0.9116735094459614
1297755855.0,0.08450516936846952
1297758555.0,-0.3561382887622244
1297761255.0,-0.40157823024594563
1297763955.0,-0.35690523625390824
1297766655.0,-0.31875535246388154
1297769355.0,-0.3715224842573548
1297772055.0,-0.4631405294963429
1297774755.0,-0.4205602196008158
1297777455.0,-0.33298823046533244
1297780155.0,-0.31558171967276394
1297782855.0,-0.31279439775630635
1297785555.0,-0.32622693596897534
1297788255.0,-0.3078246669949749
1297790955.0,-0.33015729043222564
1297793655.0,-0.3795142174499233
1297796355.0,-0.3567470375308517
1297799055.0,-0.40453817849373763
1297801755.0,-0.40493901700273227
1297804455.0,1.1502600166460866
1297807155.0,1.4045832797951903
1297809855.0,1.4523692898154081
1297812555.0,1.505954710713695
1297815255.0,1.5357162935791848
1297817955.0,1.503256442471809
1297820655.0,0.23862186694378806
1297823355.0,0.015581212278050316
1297826055.0,-0.07018873363779221
1297828755.0,-0.05739582814095456
1297831455.0,-0.10865131934849614
1297834155.0,-0.02809683220050374
1297836855.0,-0.058782253622780445
1297839555.0,-0.06721417772490668
1297842255.0,0.03339228576550113
1297844955.0,0.04433762855416035
1297847655.0,0.028557119714889723
1297850355.0,0.03700514652337006
1297853055.0,0.08904494984329858
1297855755.0,0.05081981857125584
1297858455.0,0.04570136755751264
1297861155.0,0.029826546556932954
1297863855.0,0.054654648005964646
1297866555.0,-0.0034101777335990846
1297869255.0,-1.144533584086048
1297871955.0,-1.302117357271129
1297874655.0,-1.3460390772345363
1297877355.0,-1.3920299470800046
1297880055.0,-1.3822423385103093
1297882755.0,-1.3684785673486317
1297885455.0,-0.4211697073340588
1297888155.0,0.36872022214549816
1297890855.0,0.3479069981559064
1297893555.0,0.39055934226439604
1297896255.0,0.3971447258765579
1297898955.0,0.42822765462852885
1297901655.0,0.44666605589890196
1297904355.0,0.41757864692397106
1297907055.0,0.3939266315637724
1297909755.0,-0.059906520432889465
1297912455.0,-0.7803195872102151
1297915155.0,-0.7820650677674621
1297917855.0,-0.799418489969355
1297920555.0,-0.8106990936674379
1297923255.0,-0.8105949363105083
1297925955.0,-0.7499373212029923
1297928655.0,-0.6769371756018359
1297931355.0,0.5467552249712071
1297934055.0,0.7148519869944607
1297936755.0,0.7661084842625883
1297939455.0,0.7573400339499585
1297942155.0,0.6713871043242534
1297944855.0,0.66180567357884
1297947555.0,0.682048828077086
1297950255.0,0.7347202823402768
1297952955.0,0.7252183314772083
1297955655.0,0.768236463120445
1297958355.0,0.7394638584560767
1297961055.0,0.7374810182043916
1297963755.0,0.7403683719304013
1297966455.0,0.7562970356692631
1297969155.0,0.7777912597161958
1297971855.0,0.7049667344614363
1297974555.0,1.1676495053535518
1297977255.0,2.0477429255268476
1297979955.0,2.0935025557872677
1297982655.0,2.0937035353292686
1297985355.0,2.1563280758577434
1297988055.0,2.1094954112190294
1297990755.0,0.6220153483815238
1297993455.0,0.4974105947496241
1297996155.0,0.49270141901627085
1297998855.0,0.4695566215315239
1298001555.0,0.5203297405120679
1298004255.0,0.4611197881868634
1298006955.0,0.4993827442077077
1298009655.0,0.43989282006617714
1298012355.0,0.44154919519479563
1298015055.0,0.5012635347833907
1298017755.0,0.5786242132780899
1298020455.0,1.6751216567194547
1298023155.0,1.8652297097199266
1298025855.0,1.9252906969642822
1298028555.0,1.8608076853183775
1298031255.0,1.8871569509810797
1298033955.0,1.8527920719019448
1298036655.0,1.9489767505528448
1298039355.0,1.906355339605284
1298042055.0,1.9014209823245096
1298044755.0,1.882226364118253
1298047455.0,1.8873064611070731
1298050155.0,1.8491733588729744
1298052855.0,1.8504202728178143
1298055555.0,1.918879346570975
1298058255.0,1.875649823417632
1298060955.0,1.9110617626076305
1298063655.0,1.8832096600137334
1298066355.0,3.1015992346261783
1298069055.0,3.2406135320377416
1298071755.0,1.6367558002762053
1298074455.0,1.449099456465035
1298077155.0,1.3778056646457912
1298079855.0,1.4225037478729519
1298082555.0,1.4336176995007008
1298085255.0,1.4541408416631612
1298087955.0,1.4342311959792937
1298090655.0,1.4621160797724997
1298093355.0,1.4668977663068858
1298096055.0,1.4053666359818067
1298098755.0,1.2847380151828247
1298101455.0,0.3942263968972384
1298104155.0,0.2983178181817152
1298106855.0,0.3092673265220469
1298109555.0,0.4290423541191899
1298112255.0,1.3275071166335692
1298114955.0,1.6510114731624412
1298117655.0,1.6559948477110993
1298120355.0,1.5757106899635573
1298123055.0,1.7060340271000882
1298125755.0,1.713019315330655
1298128455.0,1.7248336470449885
1298131155.0,1.6876191421374642
1298133855.0,1.6576741329959646
1298136555.0,1.6172779421131054
1298139255.0,1.5886188097592822
1298141955.0,1.5863610980852627
1298144655.0,1.5383221730144783
1298147355.0,1.5506480045193598
1298150055.0,1.5215657316836655
1298152755.0,1.5156081366136505
1298155455.0,2.0738563652953985
1298158155.0,1.4560548956653179
1298160855.0,1.4027424925997707
1298163555.0,1.375076479840061
1298166255.0,1.3796468498080117
1298168955.0,1.409214863758109
1298171655.0,1.3886810576536277
1298174355.0,1.4725347789828334
1298177055.0,1.4807757531349353
1298179755.0,1.490452849834469
1298182455.0,1.3540512087662933
1298185155.0,1.3608902965131051
1298187855.0,0.506892830642073
1298190555.0,0.2891517698254802
1298193255.0,0.23221135590495123
1298195955.0,0.2596850240852291
1298198655.0,0.7973266722104313
1298201355.0,1.4070792882972114
1298204055.0,1.4444002636925575
1298206755.0,1.6873508495136207
1298209455.0,1.5572989427645894
1298212155.0,1.5483637447196656
1298214855.0,1.6123527730997012
1298217555.0,1.5395356245969083
1298220255.0,1.5105082417360904
1298222955.0,1.4816130708435935
1298225655.0,1.4946870907459129
1298228355.0,1.4850741833496954
1298231055.0,1.4498494485679885
1298233755.0,1.496464037779731
1298236455.0,1.4758509869157592
1298239155.0,1.4788799812835123
1298241855.0,1.5099706311403907
1298244555.0,1.4183075196065715
1298247255.0,1.046594530724974
1298249955.0,1.3539380258707183
1298252655.0,1.370918597716127
1298255355.0,1.3633648456251422
1298258055.0,1.4039088686523655
1298260755.0,1.4217064142949312
1298263455.0,1.3895845650368415
1298266155.0,1.3927116194383302
1298268855.0,1.3596675059608856
1298271555.0,1.4097290729948213
1298274255.0,1.356026873701353
1298276955.0,0.6364391125424618
1298279655.0,0.2484441047774908
1298282355.0,0.250242935956976
1298285055.0,0.20346072477326516
1298287755.0,0.1633417873750318
1298290455.0,0.16316275120897217
1298293155.0,0.21403912190692154
1298295855.0,0.29853314679496634
1298298555.0,0.2458808435743549
1298301255.0,0.3003314199485203
1298303955.0,0.2672332225287164
1298306655.0,0.18765903892892766
1298309355.0,0.1706388577498501
1298312055.0,0.10873116013766548
1298314755.0,0.13370157240592562
1298317455.0,0.10900954559025422
1298320155.0,0.11693330093845589
1298322855.0,0.08125493465803402
1298325555.0,0.08517374270576283
1298328255.0,0.10468452497627823
1298330955.0,0.14373229154580258
1298333655.0,1.3327002092358953
1298336355.0,1.1900304432977578
1298339055.0,0.5843953765105994
1298341755.0,0.6009185322184294
1298344455.0,0.5933915573220361
1298347155.0,0.5625398696633397
1298349855.0,0.5750454485160503
1298352555.0,0.5322152236837496
1298355255.0,0.5050936957064209
1298357955.0,0.5347633554870868
1298360655.0,0.6138196513925891
1298363355.0,1.049066162196823
1298366055.0,1.6888249705488647
1298368755.0,1.1147052758790323
1298371455.0,0.5990190056671167
1298374155.0,0.5247933055901512
1298376855.0,0.5647507125561333
1298379555.0,0.6131798059355447
1298382255.0,0.6244626094046453
1298384955.0,0.5617901908247518
1298387655.0,0.5925588300463573
1298390355.0,0.5660317567502489
1298393055.0,0.5431721725739749
1298395755.0,0.5572799558979113
1298398455.0,0.48658099184547154
1298401155.0,0.522893860832653
1298403855.0,0.500205688137271
1298406555.0,0.5194167611452372
1298409255.0,0.5388971963394624
1298411955.0,0.5257425264879316
1298414655.0,0.5571765783979004
1298417355.0,0.6228062478080005
1298420055.0,1.2340324799364453
1298422755.0,1.914553626401073
1298425455.0,1.9578324559470275
1298428155.0,1.9738029519097608
1298430855.0,0.9740018833781505
1298433555.0,0.5926739335964726
1298436255.0,0.5088235820484215
1298438955.0,0.4760101767205924
1298441655.0,0.46542586807447606
1298444355.0,0.532953406503168
1298447055.0,0.555126138979233
1298449755.0,0.6069516876725061
1298452455.0,0.5351490184066847
1298455155.0,0.5999091255386588
1298457855.0,0.8876187540407727
1298460555.0,1.6067858262259733
1298463255.0,1.6937121658076535
1298465955.0,1.664071905814012
1298468655.0,1.150942792578462
1298471355.0,0.6571201303788712
1298474055.0,0.648918081942611
1298476755.0,0.6103278410828352
1298479455.0,0.593389784646206
1298482155.0,0.5363208373187263
1298484855.0,0.5098442013241424
1298487555.0,0.5217362118281699
1298490255.0,0.5502005972398933
1298492955.0,0.5437017493598546
1298495655.0,0.5432705509331299
1298498355.0,0.5455797316932376
1298501055.0,0.5804956050990313
1298503755.0,0.6264410566672041
1298506455.0,0.6145057301924908
1298509155.0,0.5368197783530491
1298511855.0,0.526226463589353
1298514555.0,0.561954618913262
1298517255.0,0.5573018453041527
1298519955.0,0.5738191978844043
1298522655.0,0.6136468986298382
1298525355.0,0.6040754982041676
1298528055.0,0.5388069291976763
1298530755.0,-0.7232377442753659
1298533455.0,0.6337085364137351
1298536155.0,0.8174185424813913
1298538855.0,0.7538465880416538
1298541555.0,0.8409963680601322
1298544255.0,0.7440382546871547
1298546955.0,0.7409900286270954
1298549655.0,0.759400943796777
1298552355.0,0.8475240178771628
1298555055.0,0.8471961027984207
1298557755.0,0.8037492242268627
1298560455.0,0.7806801700205028
1298563155.0,0.7621599762423443
1298565855.0,0.748084640473337
1298568555.0,0.7302830156627351
1298571255.0,0.7277085602745501
1298573955.0,0.7163699095557376
1298576655.0,0.7247313297212372
1298579355.0,1.9832634034393095
1298582055.0,2.1242049013071096
1298584755.0,2.162270481998519
1298587455.0,2.20578257288264
1298590155.0,2.1963075072470133
1298592855.0,2.159104084547323
1298595555.0,2.081498506448952
1298598255.0,2.1035986325649105
1298600955.0,2.086019863109698
1298603655.0,2.08963475288715
1298606355.0,0.9318832082302606
1298609055.0,0.5260812886468216
1298611755.0,0.47781245554352836
1298614455.0,0.37178313842218813
1298617155.0,0.458507440701851
1298619855.0,0.5026575599586636
1298622555.0,0.577382222476956
1298625255.0,1.7340844353202556
1298627955.0,1.7946242636720626
1298630655.0,1.7214265238045527
1298633355.0,1.7239085436156074
1298636055.0,1.7168373851476986
1298638755.0,0.8645533354415988
1298641455.0,0.6605707965745751
1298644155.0,0.5836945730641219
1298646855.0,0.5102118116718657
1298649555.0,0.509160465229229
1298652255.0,0.5032850266512696
1298654955.0,0.48264491666623144
1298657655.0,0.5221812479787786
1298660355.0,0.45092678023871713
1298663055.0,0.49560589877080474
1298665755.0,1.2907430076486435
1298668455.0,1.757350118818465
1298671155.0,1.8203427133283867
1298673855.0,1.813101529302628
1298676555.0,1.8170217255857324
1298679255.0,1.7712133665066858
1298681955.0,1.7115196330448725
1298684655.0,1.7788717167262007
1298687355.0,1.7670650167038389
1298690055.0,1.7211957489095653
1298692755.0,1.7951689036097491
1298695455.0,1.8005611638844243
1298698155.0,1.7495819200867686
1298700855.0,1.7085786702439805
1298703555.0,0.5677249395479862
1298706255.0,0.2787837329543663
1298708955.0,0.2586373960299966
1298711655.0,0.19420822939866866
1298714355.0,0.7142645850085501
1298717055.0,1.492177764481255
1298719755.0,1.5163039135461531
1298722455.0,1.554395887628857
1298725155.0,1.6683535189288818
1298727855.0,1.6745135079457896
1298730555.0,1.7227765812780262
1298733255.0,1.6751372613475723
1298735955.0,1.6101262179715263
1298738655.0,1.550354801846197
1298741355.0,1.4933547907605202
1298744055.0,1.4962345575835343
1298746755.0,1.4399623234718888
1298749455.0,1.479128245225752
1298752155.0,1.462938632221892
1298754855.0,2.231667772537719
1298757555.0,2.7285283670181
1298760255.0,2.7790047439574437
1298762955.0,2.8295476177593173
1298765655.0,2.8544864615889196
1298768355.0,2.7992808502715434
1298771055.0,2.8621617066824
1298773755.0,2.85951099887626
1298776455.0,2.8558547103040155
1298779155.0,2.879545429992163
1298781855.0,1.2464487212008066
1298784555.0,1.1265257382801792
1298787255.0,1.0913049589769344
1298789955.0,1.1543970270523118
1298792655.0,1.1481063999576122
1298795355.0,1.175638851953238
1298798055.0,1.144973792639803
1298800755.0,1.1567678671675026
1298803455.0,1.1006452285212163
1298806155.0,1.0627958967624522
1298808855.0,1.5860989093742432
1298811555.0,2.767819506883484
1298814255.0,2.7039679396702354
1298816955.0,2.564518201342082
1298819655.0,1.4943420447367544
1298822355.0,1.1646597128224698
1298825055.0,1.1649965970337917
1298827755.0,1.2195096714543183
1298830455.0,1.210507838926901
1298833155.0,1.180921569013151
1298835855.0,1.206498057722456
1298838555.0,1.1467315026451388
1298841255.0,1.1574168371018914
1298843955.0,1.2893067000755423
1298846655.0,2.2531106512980728
1298849355.0,2.478731694264468
1298852055.0,2.458857508759422
1298854755.0,2.43939355666555
1298857455.0,2.475590942526935
1298860155.0,2.4497945689433323
1298862855.0,2.440220439629911
1298865555.0,2.460702081945101
1298868255.0,2.491542007940893
1298870955.0,2.4550579407047053
1298873655.0,2.436673007687375
1298876355.0,2.4465348381539798
1298879055.0,1.1804998227533474
1298881755.0,0.9986565978492195
1298884455.0,0.9721387764447513
1298887155.0,0.9783591786754187
1298889855.0,0.9077021958645446
1298892555.0,0.8206376699415046
1298895255.0,0.895913372004884
1298897955.0,1.0516460119029603
1298900655.0,1.014907152259525
1298903355.0,1.003489496161194
1298906055.0,0.9411418541094463
1298908755.0,0.9110709056398036
1298911455.0,0.9266822124146756
1298914155.0,0.8453831272909156
1298916855.0,0.8764201509776512
1298919555.0,0.7789485880297775
1298922255.0,0.8543285465631243
1298924955.0,0.85979081607735
1298927655.0,1.147836113330925
1298930355.0,2.6275649891296666
1298933055.0,2.7372857663598893
1298935755.0,2.7562652269149908
1298938455.0,2.759215873763594
1298941155.0,2.736450438221766
1298943855.0,2.7477192778559925
1298946555.0,2.718666226610651
1298949255.0,1.3120723836156571
1298951955.0,1.234200805289504
1298954655.0,1.2215603277974765
1298957355.0,1.2255788761888766
1298960055.0,1.194817982344091
1298962755.0,1.2505811662999236
1298965455.0,1.2808212146768483
1298968155.0,1.256253044749542
1298970855.0,1.2158299910137202
1298973555.0,1.2086687625255763
1298976255.0,1.0973163955909513
1298978955.0,1.1358346571096831
1298981655.0,1.1937769037560315
1298984355.0,1.3451976334387723
1298987055.0,1.341782914552141
1298989755.0,1.299756109440807
1298992455.0,1.2708364834721806
1298995155.0,1.2603251551900598
1298997855.0,1.1595917516663121
1299000555.0,1.1300465967744913
1299003255.0,1.1706369246035706
1299005955.0,1.1322823453083402
1299008655.0,2.786872843475635
1299011355.0,2.9328457338173166
1299014055.0,2.9336240140896734
1299016755.0,3.0135057361803774
1299019455.0,3.049469582374911
1299022155.0,3.052323740636666
1299024855.0,3.0063632294439344
1299027555.0,2.986946052998462
1299030255.0,3.059089806514976
1299032955.0,3.068646796367375
1299035655.0,3.074368434514213
1299038355.0,3.1229033037668614
1299041055.0,3.2081847027225194
1299043755.0,3.2118706181456673
1299046455.0,4.10782864989676
1299049155.0,2.6749249213108897
1299051855.0,2.648648568701219
1299054555.0,2.6403405338247694
1299057255.0,2.6079078161846496
1299059955.0,2.6157275353595537
1299062655.0,2.610506838680692
1299065355.0,2.618976613555276
1299068055.0,2.5934727714864607
1299070755.0,2.7681273101799206
1299073455.0,2.6993853587079
1299076155.0,2.6553683124450345
1299078855.0,2.626280195917502
1299081555.0,2.6491227222269345
1299084255.0,2.6039300258292997
1299086955.0,2.5860556665398917
1299089655.0,2.5717285214427648
1299092355.0,2.526952973468383
1299095055.0,2.580471326342092
1299097755.0,1.4623780069748022
1299100455.0,2.427039225925398
1299103155.0,2.4702834373733253
1299105855.0,2.504156429965917
1299108555.0,2.537301916838942
1299111255.0,2.4931100089588654
1299113955.0,2.5014287505052835
1299116655.0,2.499111951698694
1299119355.0,2.4870820516006233
1299122055.0,2.5808711589942277
1299124755.0,2.573048818448399
1299127455.0,2.6174250630291453
1299130155.0,2.5938341299043373
1299132855.0,2.6190497037546265
1299135555.0,2.6571306514981643
1299138255.0,2.6986905830933665
1299140955.0,2.6765881002425544
1299143655.0,1.4030609933449227
1299146355.0,1.280470422056169
1299149055.0,1.156304303337322
1299151755.0,1.182336092794003
1299154455.0,1.2651361114307633
1299157155.0,1.1784951032470872
1299159855.0,1.280767234259315
1299162555.0,1.2669166303365955
1299165255.0,1.2402459929630254
1299167955.0,1.176657564713821
1299170655.0,1.144618711144176
1299173355.0,1.1288850588671835
1299176055.0,1.1102780550480134
1299178755.0,1.1066203035568947
1299181455.0,1.1599473443303054
1299184155.0,1.3064988780159865
1299186855.0,2.8530290763094968
1299189555.0,1.8079870185888467
1299192255.0,1.7544808453189944
1299194955.0,1.7415786103132973
1299197655.0,1.7557622474064942
1299200355.0,1.6588686332978
1299203055.0,1.7491697575155172
1299205755.0,1.7433251688106566
1299208455.0,1.784680940731846
1299211155.0,1.734532587997478
1299213855.0,1.7599424032963498
1299216555.0,1.8392017359566353
1299219255.0,2.9326052952940245
1299221955.0,3.0914564579101125
1299224655.0,3.1265554740030552
1299227355.0,3.1481203522307624
1299230055.0,3.099172078997242
1299232755.0,3.0111160690567544
1299235455.0,1.8488906229168833
1299238155.0,1.8509319523684553
1299240855.0,1.7613285273764632
1299243555.0,1.8850987143669613
1299246255.0,1.779741739996041
1299248955.0,1.8416610034365704
1299251655.0,1.8025770536729055
1299254355.0,1.7775209361110456
1299257055.0,1.7930474566400676
1299259755.0,1.7911189784857697
1299262455.0,1.7810804297047866
1299265155.0,1.79052146052436
1299267855.0,1.8880874518971495
1299270555.0,2.522398503262025
1299273255.0,3.2514228341935336
1299275955.0,3.327329347334569
1299278655.0,2.3281696860821057
1299281355.0,2.08897437217729
1299284055.0,2.028942130368762
1299286755.0,1.922364649133499
1299289455.0,1.9677703815626728
1299292155.0,2.0128241236158146
1299294855.0,1.93921010503351
1299297555.0,1.9522277435859792
1299300255.0,1.956873902379698
1299302955.0,1.9476613852046398
1299305655.0,1.9954708658523828
1299308355.0,3.1012683769826026
1299311055.0,3.3315805754962184
1299313755.0,3.3880459241718768
1299316455.0,3.400602075108793
1299319155.0,3.4189945397390034
1299321855.0,3.3646786143690406
1299324555.0,3.360755334059718
1299327255.0,3.29029228973468
1299329955.0,3.3296968237294777
1299332655.0,3.279712295416857
1299335355.0,3.2970409539852312
1299338055.0,3.2851658305111187
1299340755.0,3.1769598760139957
1299343455.0,3.1924225799747887
1299346155.0,3.1960306743889078
1299348855.0,3.2199247331110996
1299351555.0,3.24508813232967
1299354255.0,3.324820396653479
1299356955.0,3.2963662005939796
1299359655.0,4.462712678241701
1299362355.0,4.749727065650177
1299365055.0,3.1537938422573006
1299367755.0,3.0154866564511735
1299370455.0,2.8580613932556957
1299373155.0,2.8173362649375804
1299375855.0,2.8348104219854804
1299378555.0,2.8550039015127027
1299381255.0,2.900087342161328
1299383955.0,2.8612581596879636
1299386655.0,2.780381161842854
1299389355.0,2.750776853008631
1299392055.0,2.801213063047328
1299394755.0,2.87049688766092
1299397455.0,3.887401505080504
1299400155.0,3.1005489177658774
1299402855.0,2.8620696546871045
1299405555.0,2.837042279569232
1299408255.0,2.7853398886525156
1299410955.0,2.8094602978267744
1299413655.0,2.8738898503283963
1299416355.0,2.8622597570278003
1299419055.0,2.799147257223865
1299421755.0,2.8426591178672993
1299424455.0,2.7447297957034493
1299427155.0,2.70907662817433
1299429855.0,2.6732750343602447
1299432555.0,2.6870222656797864
1299435255.0,2.682795162910736
1299437955.0,2.689670271945033
1299440655.0,2.7541243372955933
1299443355.0,2.7385279999419936
1299446055.0,2.7621422878502244
1299448755.0,3.9269073054754813
1299451455.0,2.8489419475975524
1299454155.0,2.7823829754945564
1299456855.0,2.6692945697059827
1299459555.0,2.660671025430929
1299462255.0,2.6817643572964585
1299464955.0,2.657518594684518
1299467655.0,2.6769888240576734
1299470355.0,2.702120059450465
1299473055.0,2.6639504434565993
1299475755.0,2.6013438665777926
1299478455.0,2.6364635546929662
1299481155.0,2.6153213524415833
1299483855.0,2.6824242442050945
1299486555.0,2.465139559154352
1299489255.0,2.652645353667026
1299491955.0,2.668925716408012
1299494655.0,2.709927295967077
1299497355.0,2.688634773854119
1299500055.0,2.7559916557278257
1299502755.0,2.7849467810929127
1299505455.0,2.7067697081720894
1299508155.0,2.6906902219041626
1299510855.0,2.593017743796679
1299513555.0,2.6178602570848284
1299516255.0,2.5652374942571328
1299518955.0,2.5919061068454425
1299521655.0,2.5616328798871564
1299524355.0,2.534657303314418
1299527055.0,2.619035987129223
1299529755.0,2.5921946256803494
1299532455.0,2.626375920611679
1299535155.0,3.1389030872532544
1299537855.0,3.921956900503176
1299540555.0,2.7907322772567227
1299543255.0,2.517701708098059
1299545955.0,2.508266038513682
1299548655.0,2.5408945345234883
1299551355.0,2.523340796415198
1299554055.0,2.4931409691328668
1299556755.0,2.5468892118784083
1299559455.0,2.4673002319295847
1299562155.0,2.440590624918798
1299564855.0,2.482864794375928
1299567555.0,2.4819889145090315
1299570255.0,2.564696278409542
1299572955.0,2.5341052713753243
1299575655.0,2.5386701227062645
1299578355.0,3.3279766210135335
1299581055.0,2.5001692665395012
1299583755.0,2.4704411981243766
1299586455.0,2.513054443382316
1299589155.0,2.577909702792681
1299591855.0,2.592045968567959
1299594555.0,2.462055752044705
1299597255.0,2.438606242851847
1299599955.0,2.3860863164617854
1299602655.0,2.338090452133031
1299605355.0,2.405876522327901
1299608055.0,2.3558588416324824
1299610755.0,2.4034762830684713
1299613455.0,2.425751472148022
1299616155.0,2.3827641560576467
1299618855.0,2.493710627679377
1299621555.0,2.506991718048937
1299624255.0,2.5538671318489605
1299626955.0,2.609755579068974
1299629655.0,3.62918335411689
1299632355.0,2.456671447884105
1299635055.0,2.426666654672715
1299637755.0,2.411516817654558
1299640455.0,2.3638631219024546
1299643155.0,2.4051054964960485
1299645855.0,2.3623681831040813
1299648555.0,2.327947005544331
1299651255.0,2.360595968959217
1299653955.0,2.3399800963206303
1299656655.0,2.387130047324888
1299659355.0,2.313555840971162
1299662055.0,2.2885770068008355
1299664755.0,2.263452264042769
1299667455.0,2.2487745130691223
1299670155.0,2.2930201775130854
1299672855.0,2.3239013988208512
1299675555.0,2.3236615314484084
1299678255.0,2.279809279834865
1299680955.0,2.2773885422564604
1299683655.0,2.2270326261113382
1299686355.0,2.1922803574345266
1299689055.0,2.19463631085398
1299691755.0,2.230468364947569
1299694455.0,2.16538464900691
1299697155.0,2.1813323197258683
1299699855.0,2.2190458729684224
1299702555.0,2.212831339348952
1299705255.0,2.2939841289658034
1299707955.0,2.3299802214489773
1299710655.0,3.993833249853253
1299713355.0,4.127474818999076
1299716055.0,4.047385978458124
1299718755.0,4.083378411316517
1299721455.0,4.066588051575707
1299724155.0,2.35570898958656
1299726855.0,2.2159115507095066
1299729555.0,2.1504425213078093
1299732255.0,2.155697588261603
1299734955.0,2.0920126071088134
1299737655.0,2.144126467176818
1299740355.0,2.119729303200927
1299743055.0,2.1336152308783767
1299745755.0,2.0814504255549195
1299748455.0,2.0698266966273877
1299751155.0,2.006582875255276
1299753855.0,3.142813702047249
1299756555.0,2.4183071816891015
1299759255.0,2.2386161157322135
1299761955.0,2.2195053205723525
1299764655.0,2.2394057638014147
1299767355.0,2.1972890533791656
1299770055.0,2.1764316557532766
1299772755.0,1.9287702794931647
1299775455.0,2.1047093952355453
1299778155.0,2.021401828702267
1299780855.0,2.0532663880724726
1299783555.0,2.0495113298679826
1299786255.0,2.0518065467265387
1299788955.0,2.024928884561973
1299791655.0,2.1578656604189064
1299794355.0,2.2586544090844427
1299797055.0,2.937489517215681
1299799755.0,3.442253853299974
1299802455.0,3.463520463812131
1299805155.0,3.4558986747862264
1299807855.0,3.4506593834098567
1299810555.0,3.4794778081321738
1299813255.0,2.1005607298552036
1299815955.0,2.026901780868741
1299818655.0,1.983343354306669
1299821355.0,1.9021274841168747
1299824055.0,1.9276592674789867
1299826755.0,1.9547209722568937
1299829455.0,1.9872700476279874
1299832155.0,1.8825156454302032
1299834855.0,1.8864448950601513
1299837555.0,1.7922031530126787
1299840255.0,1.8673355098499087
1299842955.0,1.8804607883088238
1299845655.0,1.981693599322739
1299848355.0,2.0141770867186324
1299851055.0,3.0220701636904437
1299853755.0,3.207430654092718
1299856455.0,3.1780434781825875
1299859155.0,3.12256720043888
1299861855.0,3.103658288846873
1299864555.0,3.1168957328924307
1299867255.0,3.130060728627029
1299869955.0,3.1614414284867394
1299872655.0,3.1274744649128934
1299875355.0,3.1420921561110617
1299878055.0,3.201518158487204
1299880755.0,3.2837292316476123
1299883455.0,3.308356016335779
1299886155.0,3.311784520405979
1299888855.0,3.29578706081179
1299891555.0,3.295895479924468
1299894255.0,3.2976610742200023
1299896955.0,3.3304281652839336
1299899655.0,2.8589026357762464
1299902355.0,1.581900008292223
1299905055.0,1.515236626992305
1299907755.0,1.403196775936351
1299910455.0,1.3924818164263115
1299913155.0,1.4270929953125915
1299915855.0,1.4208291646668272
1299918555.0,1.3565616419364233
1299921255.0,1.357363626170354
1299923955.0,1.279868139681355
1299926655.0,1.3037043861162942
1299929355.0,1.2134745893813488
1299932055.0,0.21611315734844538
1299934755.0,0.1098692242160837
1299937455.0,0.08200609090874877
1299940155.0,0.043489576503020544
1299942855.0,-0.061733937727524335
1299945555.0,-0.06451138975904769
1299948255.0,-0.04188595363143577
1299950955.0,1.6683753177987342
1299953655.0,1.7603328052002212
1299956355.0,1.862406497788868
1299959055.0,1.871647164109845
1299961755.0,1.869112920462669
1299964455.0,1.9406468305861608
1299967155.0,1.9189473006335902
1299969855.0,1.9792390335190362
1299972555.0,1.9797541454714747
1299975255.0,1.9895101511056623
1299977955.0,1.970124760841827
1299980655.0,1.9514155434063696
1299983355.0,1.933665564840794
1299986055.0,1.9319812036317217
1299988755.0,1.9244192599395546
1299991455.0,1.9121926767265336
1299994155.0,1.821338678345569
1299996855.0,1.8144434198041495
1299999555.0,1.853022383787902
1300002255.0,0.6777331007581324
1300004955.0,0.2878422315326361
1300007655.0,0.316350012764417
1300010355.0,0.2609210505020769
1300013055.0,0.2631104578079544
1300015755.0,0.18096790009610686
1300018455.0,0.2386296042264462
1300021155.0,0.2608643675412168
1300023855.0,0.27713411886435324
1300026555.0,0.18334452953644131
1300029255.0,0.125829957942301
1300031955.0,0.13579006203059407
1300034655.0,1.7850834912542268
1300037355.0,1.9401557657774902
1300040055.0,1.985113182363932
1300042755.0,1.994465988872264
1300045455.0,1.9948360554264468
1300048155.0,1.959144863975098
1300050855.0,2.0301120984045156
1300053555.0,2.057277943420331
1300056255.0,0.6893152701677536
1300058955.0,0.6734274336154726
1300061655.0,0.5947335983385642
1300064355.0,0.5863568907043941
1300067055.0,0.561832429728895
1300069755.0,0.6093445763876844
1300072455.0,0.6250272246622899
1300075155.0,0.6033257271877801
1300077855.0,0.6002260652422251
1300080555.0,0.5411067364928499
1300083255.0,0.5586427986310696
1300085955.0,0.5931214382493408
1300088655.0,0.6142907531549326
1300091355.0,0.5454238106309504
1300094055.0,-0.15400312274596217
1300096755.0,-0.724782060440134
1300099455.0,-0.7236032488531805
1300102155.0,-0.7309193912478804
1300104855.0,-0.7932147748763896
1300107555.0,-0.7369587263030439
1300110255.0,-0.7249148460062429
1300112955.0,-0.8242645167815681
1300115655.0,-0.9074094689032108
1300118355.0,-0.9021094210471006
1300121055.0,-0.0641450468181688
1300123755.0,0.9168688233600051
1300126455.0,1.0252786193118482
1300129155.0,1.0952281221116777
1300131855.0,1.0994719826825872
1300134555.0,1.0715012926476106
1300137255.0,1.2028090013423025
1300139955.0,0.6588120047076131
1300142655.0,-0.09476496182003302
1300145355.0,-0.07351135583382984
1300148055.0,-0.18710914227540343
1300150755.0,-0.131441926699722
1300153455.0,-0.077941765351909
1300156155.0,-0.10777517031306161
1300158855.0,-0.13125283992530967
1300161555.0,-0.13640968114600582
1300164255.0,-0.05866074296733359
1300166955.0,1.1294798221945825
1300169655.0,1.230449670190069
1300172355.0,1.2863042211005222
1300175055.0,1.3498655566168622
1300177755.0,1.3923502953648494
1300180455.0,1.3876084168935563
1300183155.0,1.3232330197362785
1300185855.0,1.2884159557642079
1300188555.0,0.08075711579459721
1300191255.0,0.047150829117072135
1300193955.0,-0.0022528546551257023
1300196655.0,0.03663377901153808
1300199355.0,-0.007198282164438297
1300202055.0,-0.08499498031386565
1300204755.0,-0.06911635509686676
1300207455.0,-0.12735144866883275
1300210155.0,-0.08497922374107247
1300212855.0,0.4081107025409665
1300215555.0,1.3786056962654811
1300218255.0,1.4374435871367268
1300220955.0,1.4593655912739223
1300223655.0,1.5142799624155145
1300226355.0,1.5421531010799185
1300229055.0,0.6418519952972588
1300231755.0,0.30863914543277815
1300234455.0,0.2573579274007898
1300237155.0,0.2555750822302798
1300239855.0,0.24659629002064776
1300242555.0,0.1791224514050782
1300245255.0,0.20643280699277966
1300247955.0,0.1600727611501611
1300250655.0,0.15150099671950557
1300253355.0,0.17670782405122054
1300256055.0,0.26185268733928524
1300258755.0,0.28870420719511003
1300261455.0,0.31472054608838107
1300264155.0,0.34445276845480066
1300266855.0,0.3782294871370482
1300269555.0,0.32773112878680877
1300272255.0,0.3430070502382705
1300274955.0,0.32239569801981816
1300277655.0,0.26308905532857807
1300280355.0,-0.8655276528634772
1300283055.0,-1.144425593740607
1300285755.0,-1.1823173037515744
1300288455.0,-1.2799599866289668
1300291155.0,-1.2452815795174388
1300293855.0,-1.2284944853619209
1300296555.0,-1.1652962827122337
1300299255.0,0.5030748898088859
1300301955.0,0.7027502146249276
1300304655.0,0.6733364569641367
1300307355.0,0.7009233189466499
1300310055.0,0.7532257597657122
1300312755.0,0.8004141094262422
1300315455.0,0.8229602029605871
1300318155.0,0.7996664472428847
1300320855.0,-0.09568986275587577
1300323555.0,-0.36292557447148965
1300326255.0,-0.43201865766116043
1300328955.0,-0.4173173875203702
1300331655.0,-0.4239987089229089
1300334355.0,-0.4028371849890391
1300337055.0,-0.39965429728351864
1300339755.0,-0.39361571054371325
1300342455.0,-0.33178751540572193
1300345155.0,-0.28512993448094903
1300347855.0,-0.250588082181082
1300350555.0,-0.23984480958972654
1300353255.0,-0.21003817211476417
1300355955.0,-0.28021688342846574
1300358655.0,-0.2705897979320184
1300361355.0,-0.31092569037542717
1300364055.0,-0.1936288698271369
1300366755.0,-0.19822624437210834
1300369455.0,-0.22960553857024024
1300372155.0,-0.3497222310943471
1300374855.0,-0.40143217310537693
1300377555.0,-0.406699871104081
1300380255.0,-0.385413314196569
1300382955.0,-0.3804931724360472
1300385655.0,-0.39779978974553387
1300388355.0,-0.34927496065745345
1300391055.0,1.353697714701184
1300393755.0,1.5404914505362513
1300396455.0,1.6483258959875684
1300399155.0,1.6915992065563046
1300401855.0,1.735082147657181
1300404555.0,0.1848384631537101
1300407255.0,-0.11889462821278585
1300409955.0,-0.16277738271423914
1300412655.0,-0.16493665302505178
1300415355.0,-0.21713595435647903
1300418055.0,-0.19408451929513149
1300420755.0,-0.1770884985747898
1300423455.0,-0.17091806809355603
1300426155.0,-0.16255755350516665
1300428855.0,-0.1403334192634702
1300431555.0,-0.03052408240694149
1300434255.0,0.07290854525984969
1300436955.0,0.11528975555353327
1300439655.0,0.1632944578818183
1300442355.0,0.2673207384500529
1300445055.0,0.3400469753913171
1304310765.0,3.4344024103890547
1304313465.0,3.3814840953298244
1304316165.0,3.2906441615907056
1304318865.0,3.2448924600427063
1304321565.0,3.1849443432882367
1304324265.0,3.243430519221363
1304326965.0,3.1867506247991173
1304329665.0,3.2384660456128245
1304332365.0,3.2570246120205297
1304335065.0,3.260273783592993
1304337765.0,3.261964855281235
1304340465.0,3.2793074819090293
1304343165.0,3.2102901616045187
1304345865.0,3.316704835593214
1304348565.0,3.26580115866426
1304351265.0,3.310692903702545
1304353965.0,3.290749315952894
1304356665.0,3.259479185777309
1304359365.0,3.2836540931151603
1304362065.0,3.3133627835731545
1304364765.0,3.5850315048828634
1304367465.0,3.1727256799797487
1304370165.0,3.147750967172726
1304372865.0,3.182945325661535
1304375565.0,3.1118218869563634
1304378265.0,3.0603232920467462
1304380965.0,3.0204772490707796
1304383665.0,3.0315522530838734
1304386365.0,3.0242732455704413
1304389065.0,3.003315075193541
1304391765.0,3.013901959612042
1304394465.0,2.9965449578102152
1304397165.0,3.0130716137865647
1304399865.0,3.05914255327383
1304402565.0,3.0050707088498143
1304405265.0,2.9738287493538564
1304407965.0,1.6867080546551847
1304410665.0,1.6661898784058167
1304413365.0,1.5657248912736463
1304416065.0,2.9111210506811744
1304418765.0,3.044262161778306
1304421465.0,3.061066433721294
1304424165.0,2.810399012714015
1304426865.0,3.0907644214340735
1304429565.0,3.019977674532072
1304432265.0,3.0296389999771804
1304434965.0,3.020369257701816
1304437665.0,3.1045041604993457
1304440365.0,3.103883607630735
1304443065.0,3.1040881778145604
1304445765.0,3.131674611658468
1304448465.0,3.091519695253055
1304451165.0,3.1503396806812134
1304453865.0,2.9012123830129894
1304456565.0,2.8910436638524857
1304459265.0,2.914256293164499
1304461965.0,2.8410295227295137
1304464665.0,2.795397407634539
1304467365.0,2.821986615410367
1304470065.0,2.7744168182812246
1304472765.0,2.807297781128682
1304475465.0,2.8649200860044743
1304478165.0,2.877865717968689
1304480865.0,2.852595335923695
1304483565.0,2.837242921141069
1304486265.0,2.8538736557438256
1304488965.0,2.7905742736821253
1304491665.0,2.736779011914848
1304494365.0,2.4895593519448767
1304497065.0,1.4484847433720347
1304499765.0,1.417796759595717
1304502465.0,1.444121746962196
1304505165.0,1.3901046327461017
1304507865.0,2.640380956931949
1304510565.0,2.632910035637792
1304513265.0,2.7108495402530934
1304515965.0,2.712158470594943
1304518665.0,2.793687108703864
1304521365.0,2.767501129366792
1304524065.0,2.8436657921048436
1304526765.0,2.8981268337223014
1304529465.0,2.974822405617715
1304532165.0,3.0295686184248325
1304534865.0,3.0401232965407416
1319408490.0,-1.260648570861747
1319411190.0,-1.3211580302699986
1319413890.0,-1.4433776765011999
1319416590.0,-1.5305205219694926
1319419290.0,-1.615247594411926
1319421990.0,-1.7004704998383886
1319424690.0,-1.6766409477031061
1319427390.0,-1.70629802645999
1319430090.0,-1.654491175019814
1319432790.0,-1.7081646056429918
1319435490.0,-1.6853759380986162
1319438190.0,0.1219427771577557
1319440890.0,-0.15974214479962257
1319443590.0,-1.5069860516201175
1319446290.0,-1.5178906184132188
1319448990.0,-1.6083244485823798
1319451690.0,-1.5845615601612622
1319454390.0,-1.6611835134072521
1319457090.0,-1.7461592650201965
1319459790.0,-1.5344197541411972
1319462490.0,-1.5696727398891426
1319465190.0,-1.5668057963248998
1319467890.0,-1.5560108444399816
1319470590.0,-1.5780975945597788
1319473290.0,-1.6079025253290524
1319475990.0,-1.6018273332379067
1319478690.0,-1.6589345411576346
1319481390.0,-1.6343578822246059
1319484090.0,-1.7111947018003661
1319486790.0,-1.6128661904452883
1319489490.0,-1.6551293971941732
1319492190.0,-1.5927766470696838
1319494890.0,-1.542168288110929
1319497590.0,-1.4735791742729702
1319500290.0,-1.4527488561872701
1319502990.0,-1.5157777005820776
1319505690.0,-1.4233322533819432
1319508390.0,-1.420855222773298
1319511090.0,-1.374045496475162
1319513790.0,-1.4522989812808191
1319516490.0,-1.4352477725953463
1319519190.0,-1.4428709855773718
1319521890.0,-1.4399458589021492
1319524590.0,-1.440491726505627
1319527290.0,-0.6636373011174896
1319529990.0,-1.1633143763050384
1319532690.0,-1.4538067609834116
1319535390.0,-1.5136916866287038
1319538090.0,-1.4923213702444968
1319540790.0,-1.539800994172083
1319543490.0,-1.5269247544943028
1319546190.0,-1.4612701352533577
1319548890.0,-1.51302460678113
1319551590.0,-1.47478074440113
1319554290.0,-1.4893226634108032
1319556990.0,-1.4637013280148494
1319559690.0,-1.464875288091605
1319562390.0,-1.510478328206034
1319565090.0,-2.7674628789874873
1319567790.0,-2.7748718280471394
1319570490.0,-2.8479676013212156
1319573190.0,-2.6849496026611064
1319575890.0,-2.786565103921248
1319578590.0,-2.770174654265986
1319581290.0,-2.8029853277546977
1319583990.0,-2.7592895259779766
1319586690.0,-2.795434871084865
1319589390.0,-2.7923976670916772
1319592090.0,-2.764157388046101
1319594790.0,-2.819383664653344
1319597490.0,-2.7631555423191116
1319600190.0,-2.8105518674747145
1319602890.0,-2.7825377706555514
1319605590.0,-2.7680194403127416
1319608290.0,-2.715444612785177
1319610990.0,-2.7588011881300645
1319613690.0,-1.2258702331052405
1319616390.0,-2.2654685412454683
1319619090.0,-2.3964691001139045
1319621790.0,-2.411731472902602
1319624490.0,-2.3678920635916256
1319627190.0,-2.420824836601753
1319629890.0,-2.45061403109014
1319632590.0,-2.263678299863102
1319635290.0,-2.2369851395818046
1319637990.0,-2.20736145167524
1319640690.0,-2.181249787711181
1319643390.0,-2.237613356960196
1319646090.0,-2.2596266756103205
1319648790.0,-2.322557118225916
1319651490.0,-3.5377604061708325
1319654190.0,-3.5362659796081175
1319656890.0,-3.6614676494494347
1319659590.0,-3.6286841180998977
1319662290.0,-3.607986248639918
1319664990.0,-3.51215054174628
1319667690.0,-3.5143836961707393
1319670390.0,-3.4087895744329444
1319673090.0,-3.4887900213642524
1319675790.0,-3.547370349747837
1319678490.0,-3.5030564937608233
1319681190.0,-3.4582297873367907
1319683890.0,-3.450944368697151
1319686590.0,-3.402543861992399
1319689290.0,-3.3740153260424677
1319691990.0,-3.296736774082092
1319694690.0,-3.3911057172351207
1319697390.0,-3.441126003354441
1319700090.0,-3.5520088651911124
1319702790.0,-3.0256089898065284
1319705490.0,-3.0804432676497413
1319708190.0,-3.0711632864942544
1319710890.0,-2.9776945090457048
1319713590.0,-3.0205287497205973
1319716290.0,-3.044528929854323
1319718990.0,-2.854475033500478
1319721690.0,-2.9000781216367955
1319724390.0,-2.8695128113758983
1319727090.0,-2.936423826427415
1319729790.0,-2.922887972818728
1319732490.0,-2.9634116692040493
1319735190.0,-2.979139281303617
1319737890.0,-3.7180458455145526
1319740590.0,-4.1626342436288155
1319743290.0,-4.245844025889198
1319745990.0,-4.153439770481668
1319748690.0,-2.918930043382602
1319751390.0,-2.7910250047543173
1319754090.0,-2.781209937486153
1319756790.0,-2.7742973896815784
1319759490.0,-2.8108165252673416
1319762190.0,-2.81779544812656
1319764890.0,-2.7749457923296745
1319767590.0,-2.7030694013790253
1319770290.0,-2.6802372054873445
1319772990.0,-2.662090008792461
1319775690.0,-2.622596216893669
1319778390.0,-2.576367385825108
1319781090.0,-2.568041016136192
1319783790.0,-2.602939549878272
1319786490.0,-2.6734536769434953
1319789190.0,-1.4990455329017323
1319791890.0,-2.6312669050880686
1319794590.0,-2.7409896849233633
1319797290.0,-2.772255993399824
1319799990.0,-2.812480453906687
1319802690.0,-2.7444032251475505
1319805390.0,-2.653393334957798
1319808090.0,-2.6697130139083356
1319810790.0,-2.5476491822199137
1319813490.0,-2.641366808562907
1319816190.0,-2.6770974731592787
1319818890.0,-2.6864698223673145
1319821590.0,-2.749282335451994
1319824290.0,-2.7943855301771805
1319826990.0,-2.906482842762273
1319829690.0,-3.916438061196402
1319832390.0,-4.013948874338325
1319835090.0,-4.077773017924073
1319837790.0,-4.026853683454419
1319840490.0,-4.007140644357207
1319843190.0,-3.9917162069365304
1319845890.0,-3.9623849807184115
1319848590.0,-3.9434563186749187
1319851290.0,-2.568118810375097
1319853990.0,-2.4352477020940455
1319856690.0,-2.354235984010586
1319859390.0,-2.3391072861588214
1319862090.0,-2.3917067918800967
1319864790.0,-2.3608216069818013
1319867490.0,-2.3675505702512396
1319870190.0,-2.4244870630427044
1319872890.0,-2.4877682309360125
1319875590.0,-2.5183780440424357
1319878290.0,-2.541553256041368
1319880990.0,-3.6577931352754263
1319883690.0,-3.815410532634928
1319886390.0,-3.794515643105001
1319889090.0,-3.777396324612937
1319891790.0,-3.6601802040873395
1319894490.0,-3.6096523730779495
1319897190.0,-3.491274709412096
1319899890.0,-3.588765352051496
1319902590.0,-3.6626559641379117
1319905290.0,-3.666051689971198
1319907990.0,-3.7199154958370855
1319910690.0,-3.8040489054707223
1319913390.0,-3.855016354610541
1319916090.0,-3.878559426035565
1319918790.0,-3.8810600776757838
1319921490.0,-4.407543358113912
1319924190.0,-5.063026550372342
1319926890.0,-5.117684742669326
1319929590.0,-5.070184256494713
1319932290.0,-5.1272006102864225
1319934990.0,-5.087169606217856
1319937690.0,-5.013265007959603
1319940390.0,-3.707673697408211
1319943090.0,-3.246516398728545
1319945790.0,-3.201495612791291
1319948490.0,-3.17961566431768
1319951190.0,-3.121471139836274
1319953890.0,-3.129167528930566
1319956590.0,-3.1930973015570885
1319959290.0,-3.1849723274235657
1319961990.0,-3.166551264026623
1319964690.0,-3.151559308709807
1319967390.0,-3.25772981709963
1319970090.0,-4.279282988664647
1319972790.0,-4.472169585034123
1319975490.0,-4.369805113891346
1319978190.0,-4.455810475814985
1319980890.0,-4.005188989028113
1319983590.0,-4.211863211788113
1319986290.0,-4.270097838058575
1319988990.0,-4.3173777890792735
1319991690.0,-4.377031248463254
1319994390.0,-4.397208738903885
1319997090.0,-4.534206562816394
1319999790.0,-4.496211393650299
1320002490.0,-4.5441261270092355
1320005190.0,-4.440263676936979
1320007890.0,-4.507168156852629
1320010590.0,-4.457899167637095
1320013290.0,-4.811621415015338
1320015990.0,-5.620104147930874
1320018690.0,-5.653680029086445
1320021390.0,-4.479368219001003
1320024090.0,-3.9731637234243067
1320026790.0,-3.8744697362757847
1320029490.0,-3.879179278793913
1320032190.0,-3.8955827263723677
1320034890.0,-3.864300203789469
1320037590.0,-3.8496027696691044
1320040290.0,-3.8259146172770215
1320042990.0,-3.788023683522397
1320045690.0,-3.7664979283109687
1320048390.0,-3.4922473988607976
1320051090.0,-2.6758349749455306
1320053790.0,-2.6100572641634585
1320056490.0,-2.59060424869989
1320059190.0,-2.6449426759445487
1320061890.0,-2.686746655218087
1320064590.0,-3.5490801166806705
1320067290.0,-3.7690675838386483
1320069990.0,-3.6802779719228056
1320072690.0,-3.7437448212892264
1320075390.0,-3.7790832343064835
1320078090.0,-3.833754643003374
1320080790.0,-3.853526093394464
1320083490.0,-3.8665973954347237
1320086190.0,-3.874408573558185
1320088890.0,-3.837220183056843
1320091590.0,-3.8065122888239102
1320094290.0,-3.840845687145247
1320096990.0,-3.8291388180723516
1320099690.0,-3.84976019016392
1320102390.0,-3.8288129654272325
1320105090.0,-3.828511365095551
1320107790.0,-3.8828319244016143
1320110490.0,-3.8651159647282043
1320113190.0,-2.395899501018448
1320115890.0,-2.3443477766356295
1320118590.0,-2.272090919948141
1320121290.0,-2.275656170654827
1320123990.0,-2.2179893612733963
1320126690.0,-2.1808808606651837
1320129390.0,-2.136372235712713
1320132090.0,-2.1325099750071104
1320134790.0,-2.1167677704460175
1320137490.0,-2.095115358084911
1320140190.0,-3.4386445207815655
1320142890.0,-3.7796593669029335
1320145590.0,-3.2775851886891587
1320148290.0,-2.5547771373611567
1320150990.0,-2.5799797851313997
1320153690.0,-2.5404604078627244
1320156390.0,-2.4949790447012106
1320159090.0,-2.5116521904796514
1320161790.0,-2.553889555062426
1320164490.0,-2.545325360610093
1320167190.0,-2.5905561165294557
1320169890.0,-2.62876234099258
1320172590.0,-2.621214213954488
1320175290.0,-2.6261263155428765
1320177990.0,-2.544641139714713
1320180690.0,-2.5880330016969424
1320183390.0,-2.5656063732404846
1320186090.0,-3.5571580218026497
1320188790.0,-3.914228663220399
1320191490.0,-4.007495482266222
1320194190.0,-3.9878364671970985
1320196890.0,-3.950335283038328
1320199590.0,-3.9514645766972762
1320202290.0,-3.9898819686969773
1320204990.0,-2.6300296247509323
1320207690.0,-2.4906266944312847
1320210390.0,-2.5058697516344637
1320213090.0,-2.4666395683749442
1320215790.0,-2.458340998139022
1320218490.0,-2.507443999726604
1320221190.0,-2.4361969192841
1320223890.0,-2.4513024815776703
1320226590.0,-2.407033718510263
1320229290.0,-3.1894263756630608
1320231990.0,-3.5727050372794906
1320234690.0,-3.3975341136939505
1320237390.0,-3.4861047973261066
1320240090.0,-3.4234902288317812
1320242790.0,-3.3560276435370042
1320245490.0,-3.448649358799287
1320248190.0,-3.448230257488717
1320250890.0,-3.43284876932006
1320253590.0,-3.5087585230825766
1320256290.0,-3.582582468941496
1320258990.0,-3.6559247006990176
1320261690.0,-3.6387868581298903
1320264390.0,-3.605233008201253
1320267090.0,-3.623540960466528
1320269790.0,-3.6185001995307857
1320272490.0,-3.6619139496136768
1320275190.0,-3.5499160850599196
1320277890.0,-3.6080234478015996
1320280590.0,-3.565010502299174
1320283290.0,-3.525408641823219
1320285990.0,-3.5246745638501693
1320288690.0,-3.5255570044143383
1320291390.0,-2.952069685160609
1320294090.0,-1.74709546857747
1320296790.0,-1.676664634511667
1320299490.0,-1.8022634769949946
1320302190.0,-1.7477123022466685
1320304890.0,-1.8534237647650116
1320307590.0,-1.8715983087014365
1320310290.0,-1.9240285587832204
1320312990.0,-1.9546551334321975
1320315690.0,-3.4016396891183263
1320318390.0,-3.4552968169027167
1320321090.0,-2.316245655073942
1320323790.0,-2.030181771189916
1320326490.0,-1.9427631093437867
1320329190.0,-1.8966071017006243
1320331890.0,-1.9287056623043668
1320334590.0,-1.8991073948522512
1320337290.0,-1.9286273882977412
1320339990.0,-1.9568567066816058
1320342690.0,-1.999385796165143
1320345390.0,-2.0663895573713376
1320348090.0,-2.040426662820437
1320350790.0,-1.9571074106267474
1320353490.0,-2.0434174434143415
1320356190.0,-1.991926372818284
1320358890.0,-2.0550041145032765
1320361590.0,-2.068092369546946
1320364290.0,-2.0602727749773635
1320366990.0,-1.9942736227978344
1320369690.0,-1.9603580709562607
1320372390.0,-1.941306416565908
1320375090.0,-1.9623849842818686
1320377790.0,-1.8563215677025937
1320380490.0,-0.5623748265254562
1320383190.0,-0.43239125938612233
1320385890.0,-0.44302723434401514
1320388590.0,-0.4580845549135688
1320391290.0,-2.0960541980971925
1320393990.0,-2.222353873214729
1320396690.0,-2.2877799888784125
1320399390.0,-2.192228471356543
1320402090.0,-2.177922683714371
1320404790.0,-2.2523665512945854
1320407490.0,-2.066659397320052
1320410190.0,-1.0431788042433823
1320412890.0,-0.7396381452624041
1320415590.0,-0.7246996320713492
1320418290.0,-0.7683173408155994
1320420990.0,-0.749746982255715
1320423690.0,-0.7647135253656074
1320426390.0,-0.8605755385526663
1320429090.0,-0.8103863202765069
1320431790.0,-0.8841971132470121
1320434490.0,-0.8460975262273678
1320437190.0,-0.8798226259925741
1320439890.0,-0.8432033222700852
1320442590.0,-0.7763089496302769
1320445290.0,-0.7545641222694144
1320447990.0,-0.7042169568129566
1320450690.0,-0.7376615861840037
1320453390.0,-0.6884558407810459
1320456090.0,-0.6898163545142779
1320458790.0,-0.6300009335346317
1320461490.0,-0.655065298240288
1320464190.0,-0.6172685964303355
1320466890.0,-0.6871276395911536
1320469590.0,-1.9039217241835331
1320472290.0,-1.524913031073254
1320474990.0,-1.03671018097441
1320477690.0,-1.0734216478910525
1320480390.0,-1.0915504523173354
1320483090.0,-1.0935721592921936
1320485790.0,-1.0859513778040082
1320488490.0,-1.0773604486485624
1320491190.0,-1.0725018934200534
1320493890.0,-0.8762326308112165
1320496590.0,-0.9264636482309356
1320499290.0,-0.8524636891486352
1320501990.0,-0.0034743243533057466
1320504690.0,0.2553443447062591
1320507390.0,0.27974037386877626
1320510090.0,0.27448894598779816
1320512790.0,0.18680687137623408
1320515490.0,0.2401879168530172
1320518190.0,0.17194187757331747
1320520890.0,0.2733994780889475
1320523590.0,0.24899378599849342
1320526290.0,0.24622567983499266
1320528990.0,0.23229948064476957
1320531690.0,0.24431209640397356
1320534390.0,0.29915704406283794
1320537090.0,0.3047675703384698
1320539790.0,0.27723454275809445
1320542490.0,0.260989373474672
1320545190.0,0.3675666279839902
1320547890.0,0.34004114368838145
1320550590.0,0.35494105850864344
1320553290.0,0.3559744834892058
1320555990.0,-1.223490643922787
1320558690.0,-1.4581382225033508
1320561390.0,-1.5559285641139695
1320564090.0,-0.24557572302512654
1320566790.0,-0.17220186861027287
1320569490.0,-0.2057847744011383
1320572190.0,-0.17934879817659066
1320574890.0,-0.1732594736286046
1320577590.0,-0.22561669706294651
1320580290.0,-0.17202318683411022
1320582990.0,-0.10421417525401466
1320585690.0,-0.06503224615664749
1320588390.0,-0.10048482139495718
1320591090.0,-0.07261135336653979
1320593790.0,-0.10463458401966363
1320596490.0,-0.06860388160731645
1320599190.0,-0.1277917344124262
1320601890.0,-0.055054494392663855
1320604590.0,-0.10149401558868476
1320607290.0,-0.06095783465184468
1320609990.0,-0.0984644356688591
1320612690.0,-0.10040539327525266
1320615390.0,-0.08882019771385785
1320618090.0,-0.03524745001169549
1320620790.0,-0.01846825560198795
1320623490.0,-0.018151991362458375
1320626190.0,0.030882398898597785
1320628890.0,0.05533050844923082
1320631590.0,0.10531341974365205
1320634290.0,0.08740438410961815
1320636990.0,0.11105215434099591
1320639690.0,0.07936821915910741
1320642390.0,0.059710951774718524
1320645090.0,-1.3419650841341308
1320647790.0,-1.4597989856506501
1320650490.0,-0.11558920776798232
1320653190.0,-0.1647505573602075
1320655890.0,-0.16119138969287405
1320658590.0,-0.11138250639641001
1320661290.0,-0.185054790435629
1320663990.0,-0.2769437791965288
1320666690.0,-0.15202157766810842
1320669390.0,-0.05082019452089526
1320672090.0,-0.041482130306008
1320674790.0,-0.07535104427910255
1320677490.0,-0.0805489084515898
1320680190.0,0.7572869722653763
1320682890.0,1.014874458068789
1320685590.0,0.9845285775249977
1320688290.0,1.030361195434807
1320690990.0,0.9642053760634894
1320693690.0,1.0895099070949072
1320696390.0,1.092326399088165
1320699090.0,1.0977171582524647
1320701790.0,1.1130433611739363
1320704490.0,1.1254888889821473
1320707190.0,1.1047219648367559
1320709890.0,1.1018927851276885
1320712590.0,1.1635941027028025
1320715290.0,1.1688048005464111
1320717990.0,1.202365636949878
1320720690.0,1.1910911658457053
1320723390.0,1.2442201648772198
1320726090.0,1.2512762425720894
1320728790.0,1.2182448705153206
1320731490.0,2.1924710437522776
1320734190.0,0.8120546253770726
1320736890.0,0.5863030242851437
1320739590.0,0.5105123624866224
1320742290.0,0.5646237898049549
1320744990.0,0.5818457711052929
1320747690.0,0.4363589286899696
1320750390.0,0.5834019384653288
1320753090.0,0.657935171825784
1320755790.0,0.659268793296917
1320758490.0,0.6905287175202375
1320761190.0,0.6999096153969049
1320763890.0,0.6156524386363458
1320766590.0,0.5955269064862136
1320769290.0,0.6652994953516895
1320771990.0,1.7109782682408081
1320774690.0,1.7329134541955113
1320777390.0,1.6693890433390948
1320780090.0,1.7548882480772363
1320782790.0,1.7329496160976987
1320785490.0,1.7396137312106248
1320788190.0,1.6868364974934593
1320790890.0,1.6082777216846011
1320793590.0,1.6891358178843916
1320796290.0,1.6673719743527613
1320798990.0,1.73227665826181
1320801690.0,1.7073740552156664
1320804390.0,1.7587612781143775
1320807090.0,1.7880444057736327
1320809790.0,1.7761477557154421
1320812490.0,1.7907236663295976
1320815190.0,1.8397486245590358
1320817890.0,1.84821579065283
1320820590.0,2.943449638473055
1320823290.0,3.0372668523464768
1320825990.0,1.2610096269043538
1320828690.0,1.1802094122871267
1320831390.0,1.1291430658527588
1320834090.0,1.0407303712559042
1320836790.0,1.0525095807287812
1320839490.0,1.0925078781793331
1320842190.0,1.1441926779189657
1320844890.0,1.2190096240441903
1320847590.0,1.140773085201829
1320850290.0,1.10751437718352
1320852990.0,1.0639648654741904
1320855690.0,1.0907960364768314
1320858390.0,1.086071835371115
1320861090.0,1.0955149034529086
1320863790.0,1.0829444153323493
1320866490.0,1.175447080939989
1320869190.0,2.105972972389452
1320871890.0,2.418629217415969
1320874590.0,2.3741303165587055
1320877290.0,2.386748177835898
1320879990.0,2.3895436512949004
1320882690.0,2.4142112669714493
1320885390.0,2.408081959461697
1320888090.0,2.3780910178414274
1320890790.0,2.399065919809175
1320893490.0,2.446543604696444
1320896190.0,2.421059038679118
1320898890.0,2.441870792372754
1320901590.0,2.3977690752725493
1320904290.0,2.4322862870150743
1320906990.0,2.4583861582100894
1320909690.0,2.075776288084512
1320912390.0,1.772808227885207
1320915090.0,1.7426703448726926
1320917790.0,1.7541523035023374
1320920490.0,1.6831354931304645
1320923190.0,1.7532681493106566
1320925890.0,1.8127481880180198
1320928590.0,1.8204370695750072
1320931290.0,1.7720230057772142
1320933990.0,1.7394947877605773
1320936690.0,1.6799545216568958
1320939390.0,1.6624863954373268
1320942090.0,1.6843532568286719
1320944790.0,1.5967631778946725
1320947490.0,1.5562652771635612
1320950190.0,1.527991866717798
1320952890.0,1.5694572245771496
1320955590.0,0.2606086730552306
1320958290.0,0.20135703895056167
1320960990.0,0.10071294984737733
1320963690.0,0.1428457250185602
1320966390.0,0.221893654945859
1320969090.0,0.20993211815249424
1320971790.0,0.39443380159241315
1320974490.0,1.4917990793718445
1320977190.0,1.5904853803172045
1320979890.0,1.6196687945936787
1320982590.0,1.6485430849738236
1320985290.0,1.6787319846176274
1320987990.0,1.5914561717859215
1320990690.0,1.6224660786890013
1320993390.0,1.5240025544714513
1320996090.0,1.4987588514006234
1320998790.0,0.22442499475829436
1321001490.0,0.14130276937487452
1321004190.0,0.15273672303584362
1321006890.0,0.09920138526808842
1321009590.0,0.09612045457413387
1321012290.0,0.22763055601899396
1321014990.0,0.2593452047049709
1321017690.0,0.2982759096180416
1321020390.0,0.2564199643815641
1321023090.0,0.21789222333421776
1321025790.0,0.15095185196264538
1321028490.0,0.14466726877890324
1321031190.0,0.10810475150321963
1321033890.0,0.03506372747960995
1321036590.0,0.029761956846300563
1321039290.0,-1.138397589766896
1321041990.0,-1.2614730427700351
1321044690.0,-1.242462493782341
1321047390.0,-1.2496703463433505
1321050090.0,-1.2372692639289085
1321052790.0,-1.2005662945126687
1321055490.0,0.20558620306502462
1321058190.0,0.5961462834073359
1321060890.0,0.6109348804525325
1321063590.0,0.6203064870402955
1321066290.0,0.6397060588744807
1321068990.0,0.5986694929584928
1321071690.0,0.5981068553609816
1321074390.0,0.6195548478557384
1321077090.0,0.6384004379015096
1321079790.0,0.5600506680554531
1321082490.0,0.5545144638720103
1321085190.0,0.5928809429046282
1321087890.0,-0.647797903174137
1321090590.0,0.3091425826458476
1321093290.0,0.4001461082615947
1321095990.0,0.4455065228818853
1321098690.0,0.5009015905329761
1321101390.0,0.5501947322307501
1321104090.0,0.6135299637297749
1321106790.0,0.5933502338043013
1321109490.0,0.5781594233406508
1321112190.0,0.5374203576366767
1321114890.0,0.5556918748214343
1321117590.0,0.46714912977370204
1321120290.0,0.49619353884543216
1321122990.0,0.45081317856863734
1321125690.0,0.4407333249307044
1321128390.0,0.3308813242727524
1321131090.0,-0.2035636956760527
1321133790.0,-0.9768011972836348
1321136490.0,-0.9619421646272031
1321139190.0,-0.9194841672468783
1321141890.0,0.2931064503233074
1321144590.0,0.43900144287937337
1321147290.0,0.47620491965511746
1321149990.0,0.5354415908514056
1321152690.0,0.5847429894583911
1321155390.0,0.5499454816610978
1321158090.0,0.5287247829446642
1321160790.0,0.548388133225501
1321163490.0,0.5035902416018985
1321166190.0,0.46895674145815747
1321168890.0,0.43298690588113686
1321171590.0,0.4084465115278135
1321174290.0,0.4297033007128448
1321176990.0,-0.5127599578894433
1321179690.0,-0.7774018993505933
1321182390.0,-0.7210393467679523
1321185090.0,-0.6681361328388675
1321187790.0,-0.5664421223071372
1321190490.0,-0.49718162727560866
1321193190.0,-0.620620790337739
1321195890.0,-0.5774257113686758
1321198590.0,-0.5934309065343655
1321201290.0,-0.6077655041911498
1321203990.0,-0.6927393460583744
1321206690.0,-0.7180723787661236
1321209390.0,-0.7562695307038325
1321212090.0,-0.7544868577845136
1321214790.0,-0.77829226496209
1321217490.0,-0.7604647767658435
1321220190.0,-0.8575902152754793
1321222890.0,-0.8429857144668631
1321225590.0,-0.8857745455142663
1321228290.0,-0.8884335824129153
1321230990.0,-0.8769156338837547
1321233690.0,-0.8665518732378246
1321236390.0,-0.8358517858451933
1321239090.0,-0.7564230022335323
1321241790.0,0.543150694024348
1321244490.0,1.0631130573602263
1321247190.0,1.1200390289509983
1321249890.0,1.1615472444826764
1321252590.0,1.1320214952432366
1321255290.0,1.0927033389671692
1321257990.0,1.049126732754928
1321260690.0,1.0829060226940328
1321263390.0,1.1246897954500241
1321266090.0,1.0630734808440252
1321268790.0,-0.5285895489965355
1321271490.0,-0.5511740431258545
1321274190.0,-0.6176413896117765
1321276890.0,-0.49118716419417296
1321279590.0,-0.5475812454262154
1321282290.0,-0.6039261891156116
1321284990.0,-0.5811774931998457
1321287690.0,-0.575280448812407
1321290390.0,-0.6196405237657245
1321293090.0,-0.6738384650740272
1321295790.0,-0.6765532557276401
1321298490.0,-0.6151313198053003
1321301190.0,-0.662454591227629
1321303890.0,-0.6507893053994849
1321306590.0,-0.7824383248187701
1321309290.0,-0.7524012255682351
1321311990.0,-0.8072898327406506
1321314690.0,-1.734826382633969
1321317390.0,-1.9965036281038238
1321320090.0,-2.031757663182475
1321322790.0,-0.28094843342995546
1321325490.0,-0.1419496115867105
1321328190.0,-0.13968810595389414
1321330890.0,-0.10976079080268164
1321333590.0,-0.13191146853836244
1321336290.0,-0.0690242652441384
1321338990.0,-0.15898365166566464
1321341690.0,-0.15000470686851486
1321344390.0,-0.23370620300119072
1321347090.0,-0.22358724994001022
1321349790.0,-0.17490918614169004
1321352490.0,-0.1887678944562481
1321355190.0,1.0140344094650118
1321357890.0,1.1416518514992617
1321360590.0,1.1452304734640393
1321363290.0,1.1940557093698771
1321365990.0,1.1433514236106816
1321368690.0,1.1659207642525757
1321371390.0,1.1845211123721242
1321374090.0,1.1648680659322395
1321376790.0,1.2009744455509122
1321379490.0,1.191440064846006
1321382190.0,1.2021957847398994
1321384890.0,1.2283728602586734
1321387590.0,1.1744340803203954
1321390290.0,-0.14436986389051754
1321392990.0,-0.4881052981758671
1321395690.0,-0.4891329470405026
1321398390.0,-0.4974674476238192
1321401090.0,-0.5210071104662575
1321403790.0,-0.5262064608722312
1321406490.0,-0.4743277261412686
1321409190.0,0.7674797156155364
1321411890.0,1.0417271437124214
1321414590.0,1.01832612935641
1321417290.0,1.0245460485043054
1321419990.0,1.0262168623304433
1321422690.0,1.0388146513366223
1321425390.0,0.920841561911061
1321428090.0,-0.16536076720689152
1321430790.0,-0.3524309898996876
1321433490.0,-0.3906954745258986
1321436190.0,-0.3312440558123626
1321438890.0,-0.40516051715547974
1321441590.0,-0.2884162684269995
1321444290.0,-0.17215782580416317
1321446990.0,0.9153367492455686
1321449690.0,1.1342360689499174
1321452390.0,1.0890145288478834
1321455090.0,1.1074524667544665
1321457790.0,1.1166481691990953
1321460490.0,1.0828748141860842
1321463190.0,1.1040916511033743
1321465890.0,1.030599759782433
1321468590.0,1.0995378305062218
1321471290.0,1.0971378661505469
1321473990.0,1.0436304852337344
1321476690.0,-0.21465735161729071
1321479390.0,-0.3814701388812409
1321482090.0,-0.34641288193256514
1321484790.0,-0.3499026888690082
1321487490.0,-0.37777270813944597
1321490190.0,-0.37300531640516965
1321492890.0,-0.2759317852219283
1321495590.0,-0.282885665732465
1321498290.0,-0.19951323191673964
1321500990.0,0.9070824836255156
1321503690.0,1.1784004397140961
1321506390.0,1.262879912218068
1321509090.0,1.221742853685953
1321511790.0,1.0801207939553024
1321514490.0,0.018184451493425513
1321517190.0,-0.17591954052096526
1321519890.0,-0.1693951082979197
1321522590.0,-0.19381094616926475
1321525290.0,-0.29347733133090514
1321527990.0,-0.20476727957407093
1321530690.0,-0.1457400926185528
1321533390.0,-0.041555197048239734
1321536090.0,0.058407962809326364
1321538790.0,-0.012037773161182486
1321541490.0,-0.014569813911009533
1321544190.0,0.023865228705972186
1321546890.0,-0.005741230282183096
1321549590.0,0.002600900578670462
1321552290.0,-0.03499107575896687
1321554990.0,0.014387830094051424
1321557690.0,0.024024431991563233
1321560390.0,0.0022564326837368753
1321563090.0,-0.015886126196164696
1321565790.0,-0.03380323064783397
1321568490.0,-1.0405900520434557
1321571190.0,-1.471937073954905
1321573890.0,-1.494000806296924
1321576590.0,-1.4686545696373514
1321579290.0,-1.4310635770477802
1321581990.0,-1.4250632722385603
1321584690.0,-1.3662754001587132
1321587390.0,-1.3162443650682008
1321590090.0,0.3516753664362682
1321592790.0,0.5452625129658486
1321595490.0,0.4764483994051716
1321598190.0,0.435530941386844
1321600890.0,0.28670933449234326
1321603590.0,-0.6527957377575149
1321606290.0,-0.7879215363871594
1321608990.0,-0.791541810330898
1321611690.0,-0.8869741245460432
1321614390.0,-0.8230733781118147
1321617090.0,-0.6965228853761687
1321619790.0,-0.6427745304084738
1321622490.0,-0.5533762431784339
1321625190.0,-0.5713028013904591
1321627890.0,-0.4989117535403125
1321630590.0,0.6169392749042117
1321633290.0,0.6722892745669355
1321635990.0,0.6792963884495293
1321638690.0,0.6314458029647767
1321641390.0,0.6731237968033952
1321644090.0,0.7226302631087833
1321646790.0,0.6369313628295004
1321649490.0,0.6345110808904906
1321652190.0,0.633715039472122
1321654890.0,0.6855799936452627
1321657590.0,0.62476907301658
1321660290.0,0.652811370949621
1321662990.0,0.6724606266905084
1321665690.0,0.720743572204583
1321668390.0,0.7316887800184304
1321671090.0,0.8168670046365492
1321673790.0,0.8107430199992223
1321676490.0,0.7904538071935576
1321679190.0,1.7323376494936724
1321681890.0,2.15647424598734
1321684590.0,0.5002394277892677
1321687290.0,0.33309324999487444
1321689990.0,0.30655513844567395
1321692690.0,0.2809844567033224
1321695390.0,0.2645658441445562
1321698090.0,0.23404023059055135
1321700790.0,0.24619436912377068
1321703490.0,0.23378843796677984
1321706190.0,0.3284366837742141
1321708890.0,0.39890929438041667
1321711590.0,0.29829563288217287
1321714290.0,0.3283896694625241
1321716990.0,0.28315951882376567
1321719690.0,0.3155949313778592
1321722390.0,0.29135326967190167
1321725090.0,0.24542719323085294
1321727790.0,0.3388690887165353
1321730490.0,0.32167021916882277
1321733190.0,0.2832884093980397
1321735890.0,0.28135294822175183
1321738590.0,0.221342989307459
1321741290.0,0.3124236588028566
1321743990.0,0.31333216760742744
1321746690.0,0.3813667545048247
1321749390.0,0.3444352499029151
1321752090.0,0.3400656693207793
1321754790.0,0.37828452628781406
1321757490.0,0.41619896185886773
1321760190.0,0.35325616708416874
1321762890.0,-0.5481674187267913
1321765590.0,0.2812532943723909
1321768290.0,0.45811173734574595
1321770990.0,0.401153264980735
1321773690.0,0.3535934674083592
1321776390.0,0.35496597777142824
1321779090.0,0.35181191115515276
1321781790.0,0.3509881601162874
1321784490.0,0.3644059670173192
1321787190.0,0.27304340636544566
1321789890.0,0.30168070324873497
1321792590.0,-0.7523203549957884
1321795290.0,-0.8120253707228358
1321797990.0,-0.8108477604268387
1321800690.0,-0.20389452431749078
1321803390.0,0.4218271980823829
1321806090.0,0.4293709507918493
1321808790.0,0.41235090872572755
1321811490.0,0.40274467556656646
1321814190.0,0.46864715481518715
1321816890.0,0.4229661247125591
1321819590.0,0.4010502396074571
1321822290.0,0.3921686386256056
1321824990.0,0.37106913787823714
1321827690.0,0.44935614570130156
1321830390.0,0.4428549929785959
1321833090.0,0.4721467652335605
1321835790.0,0.4471778005829492
1321838490.0,0.4900297214095417
1321841190.0,0.544254107137931
1321843890.0,0.6080932590177213
1321846590.0,0.54739374035438
1321849290.0,0.5073218322118578
1321851990.0,-0.8506353866347354
1321854690.0,0.23241050051984757
1321857390.0,0.3660620482557988
1321860090.0,0.34160467595205546
1321862790.0,0.32218635373578763
1321865490.0,0.3552498249250675
1321868190.0,0.32006205590278114
1321870890.0,0.40459042699058045
1321873590.0,0.3363186374926386
1321876290.0,0.387862331981637
1321878990.0,0.27502096006384136
1321881690.0,0.14809288871072113
1321884390.0,-0.8746539249519856
1321887090.0,-0.9214806863461149
1321889790.0,-0.8459503813911624
1321892490.0,-0.9114294776446172
1321895190.0,-0.8261258637450055
1321897890.0,-0.8433890253579079
1321900590.0,-0.7614957784919056
1321903290.0,-0.7678990490330762
1321905990.0,-0.7728982709809884
1321908690.0,-0.8236775348662491
1321911390.0,-0.8715928140463802
1321914090.0,-0.8058958466975241
1321916790.0,-0.8365350049585345
1321919490.0,-0.8519432990061091
1321922190.0,-0.8447955621143137
1321924890.0,-0.7856412221290157
1321927590.0,-0.7789121726261214
1321930290.0,-0.7355173925485587
1321932990.0,-0.8127517549445997
1321935690.0,-0.8519198529222649
1321938390.0,-0.8064521760303478
1321941090.0,0.2825076048052324
1321943790.0,-0.18721586942660906
1321946490.0,-0.5381313869044106
1321949190.0,-0.6043337421659203
1321951890.0,-0.5240988654062448
1321954590.0,-0.5903220843841268
1321957290.0,-0.5328399608167729
1321959990.0,-0.4593625363968954
1321962690.0,-0.4242229578585466
1321965390.0,-0.45694884088891286
1321968090.0,-0.4768449733608122
1321970790.0,-0.5761359466013687
1321973490.0,-1.2509808692708475
1321976190.0,-1.6061084832192023
1321978890.0,-1.5923557228533127
1321981590.0,-1.594573259034803
1321984290.0,-1.5364202720667777
1321986990.0,-1.4980423357092718
1321989690.0,-1.5168238654088668
1321992390.0,-1.5470060930471163
1321995090.0,-1.5956279519744498
1321997790.0,-1.618911739757948
1322000490.0,-1.5715800374958349
1322003190.0,-1.5506508503109444
1322005890.0,-1.556406050228361
1322008590.0,-1.579152527898657
1322011290.0,-1.5658974871732312
1322013990.0,-1.5355035513338748
1322016690.0,-1.551049160488276
1322019390.0,-1.621537374713796
1322022090.0,-1.6218690724562634
1322024790.0,-1.5853155207074678
1322027490.0,-1.5972198642477338
1322030190.0,-0.12550283949235563
1322032890.0,-1.209942401009016
1322035590.0,-1.2054588856477721
1322038290.0,-1.2132554732753533
1322040990.0,-1.2433560633671732
1322043690.0,-1.2072380515407986
1322046390.0,-1.2001521274107176
1322049090.0,-1.1475951116474903
1322051790.0,-1.085820832509171
1322054490.0,-1.0718402074829214
1322057190.0,-1.0989186457811115
1322059890.0,-1.1295363508267542
1322062590.0,-1.1804480472191585
1322065290.0,-1.2541380614210311
1322067990.0,-2.245695387443277
1322070690.0,-2.347305874594724
1322073390.0,-2.303024609819829
1322076090.0,-2.357432578329224
1322078790.0,-2.3538480539170905
1322081490.0,-2.3906150045044114
1322084190.0,-2.3424798346702573
1322086890.0,-2.28023437087802
1322089590.0,-2.331537406933137
1322092290.0,-2.3264430800099376
1322094990.0,-2.3468533437195447
1322097690.0,-2.3027548263445965
1322100390.0,-2.3236977677100867
1322103090.0,-2.3412025745730602
1322105790.0,-2.3921800467971366
1322108490.0,-2.3538968882101585
1322111190.0,-2.3675166436684094
1322113890.0,-2.33120383519838
1322116590.0,-0.6100129736719282
1322119290.0,-1.531771360431435
1322121990.0,-1.8571595344279785
1322124690.0,-1.8222703674341005
1322127390.0,-1.8761259225823892
1322130090.0,-1.855606308524841
1322132790.0,-1.8747471645039582
1322135490.0,-1.820286650520302
1322138190.0,-1.7990946843341362
1322140890.0,-1.811404261000348
1322143590.0,-1.7855659346523112
1322146290.0,-1.797285503430487
1322148990.0,-1.7315968453207233
1322151690.0,-1.7859229954086686
1322154390.0,-1.808005233065444
1322157090.0,-1.898033502060457
1322159790.0,-2.855643768199286
1322162490.0,-3.0026150203687507
1322165190.0,-3.00298728157145
1322167890.0,-3.0374346223937323
1322170590.0,-2.99080893719065
1322173290.0,-2.9406255813796633
1322175990.0,-2.9609940884586763
1322178690.0,-2.84786629965879
1322181390.0,-1.6331038874423598
1322184090.0,-1.4836039371489846
1322186790.0,-1.4576585593795244
1322189490.0,-1.4348311468357338
1322192190.0,-1.4722401355657553
1322194890.0,-1.4162975666187094
1322197590.0,-1.4154038404277571
1322200290.0,-1.461842856689202
1322202990.0,-1.5038324215180978
1322205690.0,-2.5357262630637933
1322208390.0,-2.8614269169888757
1322211090.0,-2.81942301816855
1322213790.0,-2.9382056053883616
1322216490.0,-2.823755132959093
1322219190.0,-2.815143257883733
1322221890.0,-2.6998360913718216
1322224590.0,-1.5719948760160491
1322227290.0,-1.4094051815929447
1322229990.0,-1.3639785755040066
1322232690.0,-1.3785809823334034
1322235390.0,-1.3173749430042108
1322238090.0,-1.382344608762594
1322240790.0,-1.4513963798503369
1322243490.0,-1.4749476326815625
1322246190.0,-1.6775926430400432
1322248890.0,-2.5949234925301994
1322251590.0,-2.6429846916651627
1322254290.0,-2.743611240880057
1322256990.0,-2.700164532301983
1322259690.0,-2.699084964303097
1322262390.0,-2.6964324687780845
1322265090.0,-2.645201736289664
1322267790.0,-2.6532079763003367
1322270490.0,-2.6152926252445923
1322273190.0,-2.5769680948123437
1322275890.0,-2.605954873373207
1322278590.0,-1.7184739469450392
1322281290.0,-1.1375301908902884
1322283990.0,-1.0524046707214438
1322286690.0,-1.1426918693775292
1322289390.0,-1.0943525092292248
1322292090.0,-1.338680917054603
1322294790.0,-2.4148869426832675
1322297490.0,-2.516385441610055
1322300190.0,-2.5921344383143037
1322302890.0,-2.514249269476352
1322305590.0,-2.5486690324531196
1322308290.0,-2.420984236596155
1322310990.0,-2.451666531571391
1322313690.0,-2.461861444752685
1322316390.0,-2.4683025535592833
1322319090.0,-2.446191331974603
1322321790.0,-2.3843831232189814
1322324490.0,-2.403784180163427
1322327190.0,-2.3893762489916526
1322329890.0,-2.420187049612764
1322332590.0,-2.3939250581029228
1322335290.0,-2.4617516911050075
1322337990.0,-2.428501771637741
1322340690.0,-2.5159009720466656
1322343390.0,-3.63781883916198
1322346090.0,-3.732413682437084
1322348790.0,-3.721750918183602
1322351490.0,-3.745309678566457
1322354190.0,-2.7337951502323676
1322356890.0,-2.0875639093135874
1322359590.0,-2.0101965462400813
1322362290.0,-2.027048506018218
1322364990.0,-2.0103926599026636
1322367690.0,-2.0066231377914505
1322370390.0,-1.9742079998367785
1322373090.0,-2.045477001357426
1322375790.0,-2.092306801442021
1322378490.0,-2.1418848154531815
1322381190.0,-2.144529145473655
1322383890.0,-2.1029404195619463
1322386590.0,-2.173458138614535
1322389290.0,-3.0638457705749715
1322391990.0,-3.2690593282175655
1322394690.0,-3.1410549634778704
1322397390.0,-3.2366901255028893
1322400090.0,-3.2665293971259075
1322402790.0,-3.236388424345421
1322405490.0,-3.265205695795885
1322408190.0,-3.2007391594392516
1322410890.0,-3.1867446283607705
1322413590.0,-3.2236984895710634
1322416290.0,-3.171855328939671
1322418990.0,-3.160947800690167
1322421690.0,-3.210787468713761
1322424390.0,-3.2085723934637826
1322427090.0,-3.248707208142605
1322429790.0,-3.256069117002937
1322432490.0,-3.2256562542635265
1322435190.0,-3.2562607135891994
1322437890.0,-3.2874617804870354
1322440590.0,-3.218413296440872
1322443290.0,-2.428294807999464
1322445990.0,-1.366564047451277
1322448690.0,-1.3598709921087107
1322451390.0,-1.2902703953699302
1322454090.0,-1.2913314224197734
1322456790.0,-1.2705703609065608
1322459490.0,-1.2800049266903102
1322462190.0,-1.3104324016431406
1322464890.0,-1.363279252755035
1322467590.0,-3.009016159872033
1322470290.0,-3.044055081690999
1322472990.0,-3.1195659208601683
1322475690.0,-3.0656486606416706
1322478390.0,-3.006550607497502
1322481090.0,-2.9028711250797414
1322483790.0,-2.9334510020378275
1322486490.0,-2.935664733038152
1322489190.0,-2.927547395416923
1322491890.0,-2.8770860842884645
1322494590.0,-2.826089118012362
1322497290.0,-2.8535089820534267
1322499990.0,-2.8523221753637813
1322502690.0,-2.8725699343594897
1322505390.0,-2.8769256049538967
1322508090.0,-2.919504122214448
1322510790.0,-2.9571553690347514
1322513490.0,-3.0191719374818717
1322516190.0,-4.352379578949467
1322518890.0,-4.406407749289315
1322521590.0,-4.436899006705289
1322524290.0,-4.447321897180075
1322526990.0,-4.379981512713812
1322529690.0,-3.80357058281146
1322532390.0,-2.5588595562717273
1322535090.0,-2.5128082220007286
1322537790.0,-2.5440954926056634
1322540490.0,-2.4981936238951903
1322543190.0,-2.525383700806799
1322545890.0,-2.488311587438716
1322548590.0,-2.4760590063061727
1322551290.0,-2.519689987365041
1322553990.0,-3.2280960720554503
1322556690.0,-3.5749573433204773
1322559390.0,-2.7615054166035975
1322562090.0,-2.3313163258415557
1322564790.0,-2.32568948990928
1322567490.0,-2.2560511193936463
1322570190.0,-2.3430052782619555
1322572890.0,-2.3260208591682954
1322575590.0,-2.311823373896516
1322578290.0,-2.2717943530269054
1322580990.0,-2.2104031483830227
1322583690.0,-2.21495320426385
1322586390.0,-2.2576319163198377
1322589090.0,-2.268109658587832
1322591790.0,-2.200090327096177
1322594490.0,-2.272474969938969
1322597190.0,-2.270706423051138
1322599890.0,-2.270039528337236
1322602590.0,-2.2504706824778964
1322605290.0,-2.3050836839825593
1322607990.0,-3.2136736578004275
1322610690.0,-3.6357513794403644
1322613390.0,-3.6090437828946165
1322616090.0,-3.5448719274532436
1322618790.0,-2.150581692167293
1322621490.0,-2.058827735553791
1322624190.0,-2.100014411301231
1322626890.0,-1.998281352407048
1322629590.0,-2.008299108552478
1322632290.0,-2.113238579976553
1322634990.0,-2.133956629637737
1322637690.0,-2.067530965297692
1322640390.0,-2.046642500938958
1322643090.0,-2.0296882411115575
1322645790.0,-2.0219481288727366
1322648490.0,-0.9370416956040231
1322651190.0,-1.5589261122668177
1322653890.0,-1.9270875798058
1322656590.0,-1.987665976163271
1322659290.0,-2.034688769054128
1322661990.0,-1.9646549550383838
1322664690.0,-1.9546161555629737
1322667390.0,-1.890120237920371
1322670090.0,-1.9290774268158657
1322672790.0,-1.9905155691821506
1322675490.0,-1.9672918627799731
1322678190.0,-1.9544363792488753
1322680890.0,-1.9605325564910459
1322683590.0,-1.9721873882020873
1322686290.0,-2.047551173751856
1322688990.0,-1.9424192368932154
1322691690.0,-1.9335931378864188
1322694390.0,-1.8604969143269727
1322697090.0,-1.9636728734489566
1322699790.0,-1.932369656660569
1322702490.0,-1.8704224618760463
1322705190.0,-1.9044318778007323
1322707890.0,-0.8108069303377761
1322710590.0,-0.46533149330724655
1322713290.0,-0.4642810692575381
1322715990.0,-0.4068535525239554
1322718690.0,-0.42541611473188823
1322721390.0,-0.4771404036112017
1322724090.0,-0.45008068851342387
1322726790.0,-1.8760287373540336
1322729490.0,-2.1173282937461977
1322732190.0,-2.1360018648450136
1322734890.0,-2.0892876185275213
1322737590.0,-1.2343549290146143
1322740290.0,-0.8532110735466176
1322742990.0,-0.835722977405851
1322745690.0,-0.812062389158541
1322748390.0,-0.8291468251684364
1322751090.0,-0.7938229433760284
1322753790.0,-0.7644472217026532
1322756490.0,-0.7961586269102554
1322759190.0,-0.8264916422725719
1322761890.0,-0.7863910957480016
1322764590.0,-0.8019235791293227
1322767290.0,-0.8226255190516554
1322769990.0,-0.7768087251451448
1322772690.0,-0.8230381954930976
1322775390.0,-0.7804791093532231
1322778090.0,-0.8495806812395017
1322780790.0,-0.8070599709715793
1322783490.0,-0.8284680506308177
1322786190.0,-0.7844133484406939
1322788890.0,-0.7277217968721743
1322791590.0,-0.7333997254582414
1322794290.0,-0.8350142096157924
1322796990.0,-1.3151761712774714
1322799690.0,-1.0653240605513474
1322802390.0,-0.9584548555822607
1322805090.0,-0.9428587101305084
1322807790.0,-1.009787708696706
1322810490.0,-1.024735192762364
1322813190.0,-1.038551397591334
1322815890.0,-1.0361490558409514
1322818590.0,-1.01147707589314
1322821290.0,-1.0075709135406896
1322823990.0,-0.9339756955073995
1322826690.0,-0.8515877310255178
1322829390.0,-0.8424552497858144
1322832090.0,0.11057208030962329
1322834790.0,0.3437845881774706
1322837490.0,0.43340704696475996
1322840190.0,0.42605835073089793
1322842890.0,0.3942693584320409
1322845590.0,0.3428118782334195
1322848290.0,0.39163434805288944
1322850990.0,0.41753165035459006
1322853690.0,0.4184777637849493
1322856390.0,0.38546410585399826
1322859090.0,0.3454324250987497
1322861790.0,0.458525481630943
1322864490.0,0.3644140899505146
1322867190.0,0.3716862804329253
1322869890.0,0.4068259862578998
1322872590.0,0.42066346959313705
1322875290.0,0.46139747673146303
1322877990.0,0.4721153478107567
1322880690.0,0.39077083195729756
1322883390.0,-0.5047488306844912
1322886090.0,-1.3867608783176024
1322888790.0,-1.4324326944339418
1322891490.0,-1.458975451346248
1322894190.0,-0.2974299386640382
1322896890.0,0.017734583002095405
1322899590.0,0.07666071751066283
1322902290.0,0.04364551997957733
1322904990.0,-0.027618001755854493
1322907690.0,0.04529733610860376
1322910390.0,0.026644226005998917
1322913090.0,0.039815094147968466
1322915790.0,0.08101675094445682
1322918490.0,0.04152621772328757
1322921190.0,-0.11191258161642281
1322923890.0,-1.0636966418606448
1322926590.0,-1.1402000434147226
1322929290.0,-1.1203046720704037
1322931990.0,-1.1193191460095022
1322934690.0,-1.1089283956710005
1322937390.0,-1.0962795528628817
1322940090.0,-1.1479027568975653
1322942790.0,-1.177747686741725
1322945490.0,-1.1922543585835683
1322948190.0,-1.1557222433004313
1322950890.0,-1.2130221340821663
1322953590.0,-1.2020691815943678
1322956290.0,-1.2026427391581365
1322958990.0,-1.2014913742056592
1322961690.0,-1.1687611199973844
1322964390.0,-1.12444299080488
1322967090.0,-1.2248786236683031
1322969790.0,-1.1888968605952641
1322972490.0,-2.1170620905992905
1322975190.0,-1.1086168401227496
1322977890.0,-0.8019571148200271
1322980590.0,-0.8039169920917857
1322983290.0,-0.8276663060261171
1322985990.0,-0.8514107219035054
1322988690.0,-0.8546082975441323
1322991390.0,-0.847970834306409
1322994090.0,-0.8243265126043866
1322996790.0,-0.8292893445844243
1322999490.0,-0.8095380790259128
1323002190.0,-0.663806027991086
1323004890.0,0.36832819404202155
1323007590.0,0.48160864159086714
1323010290.0,0.5084020912428855
1323012990.0,0.4985013404111669
1323015690.0,0.5094593273125838
1323018390.0,0.4904970748531241
1323021090.0,0.5376349016902395
1323023790.0,0.5328947350128601
1323026490.0,0.5302367466629221
1323029190.0,0.5366988817140737
1323031890.0,0.5824934581132766
1323034590.0,0.6450839348920567
1323037290.0,0.5934248764344829
1323039990.0,0.6317784610258173
1323042690.0,0.5695806284113019
1323045390.0,0.6747173831243458
1323048090.0,0.654554900012613
1323050790.0,0.6736751302950097
1323053490.0,0.6055481270585688
1323056190.0,0.6048043522829403
1323058890.0,0.5717976336611059
1323061590.0,-1.1794555481159819
1323064290.0,-0.02637583575329927
1323066990.0,0.1684163343240357
1323069690.0,0.13982693485746722
1323072390.0,0.15943426685930717
1323075090.0,0.1525315655050008
1323077790.0,0.17433454286941696
1323080490.0,0.13972822172172528
1323083190.0,0.13172248351628468
1323085890.0,0.16728390357195622
1323088590.0,0.2080109214920185
1323091290.0,0.2942249882173087
1323093990.0,0.37306483295725457
1323096690.0,1.370619074586159
1323099390.0,1.324478236068444
1323102090.0,0.39503893061350936
1323104790.0,0.013207286680938068
1323107490.0,0.10156310653962919
1323110190.0,0.06210720138307124
1323112890.0,0.05662076242703051
1323115590.0,0.08040851773824897
1323118290.0,0.06958107001719327
1323120990.0,0.14181703717349592
1323123690.0,0.06283649456452167
1323126390.0,0.10501930537378712
1323129090.0,0.07443825327629838
1323131790.0,0.1049498196439913
1323134490.0,0.06864340801814706
1323137190.0,0.11410542253247513
1323139890.0,0.04710024025018811
1323142590.0,0.07473180796665702
1323145290.0,0.013569856964579685
1323147990.0,-0.005564220183998714
1323150690.0,-1.1350003476713368
1323153390.0,-0.01717173274334982
1323156090.0,0.009642931944654265
1323158790.0,0.019311800349896657
1323161490.0,-0.009866447777426401
1323164190.0,0.04660567111631053
1323166890.0,0.014639480343817013
1323169590.0,-0.0114065897160458
1323172290.0,0.02753813082358647
1323174990.0,0.082498996544075
1323177690.0,0.09099105422438925
1323180390.0,0.10162692053779665
1323183090.0,0.20205747020986564
1323185790.0,0.12571407827743997
1323188490.0,0.11063886640226883
1323191190.0,0.06465034253591284
1323193890.0,0.10656035324001323
1323196590.0,0.10668257949475901
1323199290.0,0.04226246368165221
1323201990.0,0.03960340901892323
1323204690.0,0.053701849419439895
1323207390.0,0.11478460154000913
1323210090.0,0.10304641176134055
1323212790.0,0.12249733654186912
1323215490.0,0.08711595485647194
1323218190.0,0.12837641827070456
1323220890.0,0.18878149091938212
1323223590.0,0.16217091018791052
1323226290.0,0.1654051365144369
1323228990.0,0.15365793567832498
1323231690.0,0.17435823632865777
1323234390.0,0.12673395108072327
1323237090.0,0.6122940317847565
1323239790.0,0.03730828308340506
1323242490.0,0.014812599605761534
1323245190.0,0.03186332338725606
1323247890.0,0.013032376000921886
1323250590.0,-0.01288209038051491
1323253290.0,-0.04026855097214366
1323255990.0,-0.08602166048626714
1323258690.0,-0.15249189276977404
1323261390.0,-0.06477223175289737
1323264090.0,-0.02615280554095989
1323266790.0,-0.07691770655264918
1323269490.0,-0.037964291819548635
1323272190.0,-0.05920465686779153
1323274890.0,-0.0926665174218897
1323277590.0,-0.09481483509722466
1323280290.0,0.10365059726649406
1323282990.0,1.1008447653007352
1323285690.0,1.141939191442816
1323288390.0,1.1650975823865792
1323291090.0,1.1755244764008808
1323293790.0,1.2257674867131527
1323296490.0,1.2515437981505215
1323299190.0,1.288315068494171
1323301890.0,1.334605926720542
1323304590.0,1.3639238218197534
1323307290.0,1.386741400973392
1323309990.0,1.40993392945785
1323312690.0,1.3608337814430342
1323315390.0,1.3841303805488678
1323318090.0,1.3746527335542282
1323320790.0,1.3119892211203705
1323323490.0,1.3055114811959925
1323326190.0,0.4576009650216406
1323328890.0,0.6237029912383605
1323331590.0,0.6626157800575356
1323334290.0,0.5613092579452541
1323336990.0,0.6780808373485456
1323339690.0,0.65847521017497
1323342390.0,0.6594052617548414
1323345090.0,0.8155609453692136
1323347790.0,0.6379432828700828
1323350490.0,0.6925992145202144
1323353190.0,0.6412791707561496
1323355890.0,0.672438712422263
1323358590.0,0.6447381430602377
1323361290.0,0.6082999762102759
1323363990.0,0.5558471786208656
1323366690.0,0.543118166254601
1323369390.0,0.5236998671800279
1323372090.0,0.4878140191989928
1323374790.0,0.480325365700935
1323377490.0,0.4595471637194919
1323380190.0,0.5231945082917377
1323382890.0,0.470130335347676
1323385590.0,0.4724145035867764
1323388290.0,0.5461973583458075
1323390990.0,0.5786303394736478
1323393690.0,0.6075244889608484
1323396390.0,0.635375643269299
1323399090.0,0.5663091573572387
1323401790.0,0.5817049703883868
1323404490.0,0.5735808228814108
1323407190.0,1.5880568682071612
1323409890.0,2.2475689137008885
1323412590.0,2.2405011288871606
1323415290.0,1.4242391626869448
1323417990.0,0.4537091783072924
1323420690.0,0.3120988088932677
1323423390.0,0.33590586010245715
1323426090.0,0.3434986597741272
1323428790.0,0.3305084805444949
1323431490.0,0.3167832673227622
1323434190.0,0.3753070515652439
1323436890.0,0.4345727488749844
1323439590.0,0.4866707432130397
1323442290.0,0.5187187084749212
1323444990.0,0.44783073302136245
1323447690.0,0.41966739525730645
1323450390.0,0.362272356732376
1323453090.0,0.43017444506949687
1323455790.0,0.36526083988485425
1323458490.0,0.33884163922323296
1323461190.0,0.30711570855299897
1323463890.0,1.6453138379486063
1323466590.0,1.7955006142310026
1323469290.0,1.8375331182891728
1323471990.0,1.7925113924915195
1323474690.0,1.8570845577485215
1323477390.0,1.8684926239922106
1323480090.0,1.9308724046085786
1323482790.0,1.9707662381665045
1323485490.0,1.8865726614999971
1323488190.0,1.9098987882236997
1323490890.0,1.8799485948756
1323493590.0,1.8924398022218725
1323496290.0,1.902334385214317
1323498990.0,2.5570224384901508
1323501690.0,1.4217225077335343
1323504390.0,1.242601147628534
1323507090.0,1.188632233737053
1323509790.0,1.2105652573874295
1323512490.0,1.1822401008353722
1323515190.0,1.1687665127154219
1323517890.0,1.1536717267477457
1323520590.0,1.1728266613915252
1323523290.0,1.1610131783160114
1323525990.0,1.1839771675981865
1323528690.0,1.267525975506942
1323531390.0,1.1673427165227963
1323534090.0,1.1772233594533077
1323536790.0,1.1220007511281551
1323539490.0,1.1957992737561085
1323542190.0,1.1167436588386295
1323544890.0,1.1185631665708797
1323547590.0,1.1248265577883672
1323550290.0,1.065329047037494
1323552990.0,2.109429657566295
1323555690.0,2.462695574958616
1323558390.0,2.469374331404424
1323561090.0,2.4926850857869454
1323563790.0,2.5719106096446467
1323566490.0,2.596123985582949
1323569190.0,2.54030559266522
1323571890.0,2.4956914245075836
1323574590.0,2.5224439944771575
1323577290.0,2.501825424090498
1323579990.0,2.4218724206415914
1323582690.0,2.46447245235737
1323585390.0,2.5146293123675605
1323588090.0,2.6659123191141703
1323590790.0,2.257620062236356
1323593490.0,1.8182128328377303
1323596190.0,1.8553115175484436
1323598890.0,1.8002144364862147
1323601590.0,1.7901712097633435
1323604290.0,1.8162526762078528
1323606990.0,1.7694073450738301
1323609690.0,1.8311001951266803
1323612390.0,1.818552326882923
1323615090.0,1.8624382876154186
1323617790.0,1.8634391444235234
1323620490.0,1.8325215932244987
1323623190.0,1.8037624158392873
1323625890.0,1.8092889806948165
1323628590.0,1.7787491116160368
1323631290.0,1.756564150643726
1323633990.0,1.6758471723406387
1323636690.0,0.3903076810541961
1323639390.0,0.33894338546849667
1323642090.0,0.3415711067882512
1323644790.0,1.5452568979043804
1323647490.0,1.7795706906319424
1323650190.0,1.851006483052572
1323652890.0,1.8283325532367485
1323655590.0,1.8084020705138641
1323658290.0,1.781439314504837
1323660990.0,1.7779315894292722
1323663690.0,1.768621342273434
1323666390.0,1.714731716169922
1323669090.0,1.6724336474911752
1323671790.0,1.6559442709710765
1323674490.0,1.6182230204900065
1323677190.0,0.4946792974386085
1323679890.0,0.4271946842010834
1323682590.0,0.4337695208181458
1323685290.0,0.5110894806639408
1323687990.0,0.6000240848460976
1323690690.0,1.522672122851361
1323693390.0,1.5903580065901224
1323696090.0,1.6423350140867683
1323698790.0,1.727935941016483
1323701490.0,1.8502871542579555
1323704190.0,1.820549135447095
1323706890.0,1.7406199535189444
1323709590.0,1.7606763331320394
1323712290.0,1.8055897951073803
1323714990.0,1.769100750208679
1323717690.0,1.7929427533472335
1323720390.0,1.7510057915117159
1323723090.0,1.766383632200018
1323725790.0,1.7185036022806912
1323728490.0,1.744578587952617
1323731190.0,1.7095256815392759
1323733890.0,1.7165246276854873
1323736590.0,1.7116454781887
1323739290.0,0.46261448175181386
1323741990.0,0.278684248872878
1323744690.0,0.21103231843511594
1323747390.0,0.2762188200152309
1323750090.0,0.5789418134060043
1323752790.0,1.5986981073617699
1323755490.0,1.6485858252353864
1323758190.0,1.6776950129507782
1323760890.0,1.6952791774709226
1323763590.0,1.7088401653916776
1323766290.0,1.7051752217615217
1323768990.0,1.7074426389814903
1323771690.0,1.7406735346319238
1323774390.0,1.6626176954680432
1323777090.0,1.6107920979876553
1323779790.0,1.5665650092888086
1323782490.0,1.6388198146747754
1323785190.0,1.6185077600068212
1323787890.0,1.6927628079792498
1323790590.0,1.6999194984107362
1323793290.0,1.7057404638546814
1323795990.0,1.7235368241640572
1323798690.0,1.7816736391918084
1323801390.0,1.7900555437457797
1323804090.0,1.7392662281877165
1323806790.0,1.6959636304966352
1323809490.0,1.7470644751510918
1323812190.0,1.6918473406858539
1323814890.0,1.6529691195433998
1323817590.0,1.6862487611161328
1323820290.0,1.7194959985333753
1323822990.0,1.7472055759546947
1323825690.0,3.3603604690108
1323828390.0,2.105995333940541
1323831090.0,1.6800505438889672
1323833790.0,1.7066741329231832
1323836490.0,1.6887599544687077
1323839190.0,1.6633074906897605
1323841890.0,1.6419328252793548
1323844590.0,1.6322822575763212
1323847290.0,1.5870694112782644
1323849990.0,1.6064859463858738
1323852690.0,1.5937808159021642
1323855390.0,1.68150430117106
1323858090.0,1.6823351115239689
1323860790.0,2.6267429303847507
1323863490.0,2.951029621597854
1323866190.0,2.9782212977354448
1323868890.0,2.974362127872894
1323871590.0,2.9899973995491678
1323874290.0,3.016879174314397
1323876990.0,3.003698602187683
1323879690.0,3.0298563930414275
1323882390.0,3.0178122314135862
1323885090.0,3.110953438626609
1323887790.0,3.097183008673028
1323890490.0,3.0625655756233527
1323893190.0,3.036004877465359
1323895890.0,3.0695471803047667
1323898590.0,3.0265999549702087
1323901290.0,3.042727808896416
1323903990.0,3.018742368724986
1323906690.0,3.0689322378992188
1323909390.0,1.877707378993648
1323912090.0,1.39777690936927
1323914790.0,2.4238473576568254
1323917490.0,2.6478163425359185
1323920190.0,2.678976258024022
1323922890.0,2.7009493098890403
1323925590.0,2.689907521289797
1323928290.0,2.596705190059481
1323930990.0,2.5555544886623807
1323933690.0,2.432354624465802
1323936390.0,2.2450446160640354
1323939090.0,1.452118033887814
1323941790.0,1.4122282476125747
1323944490.0,1.39216250212894
1323947190.0,1.444474327264345
1323949890.0,1.500421904587597
1323952590.0,1.5124451306018045
1323955290.0,1.5423466121495153
1323957990.0,1.5178193338062442
1323960690.0,1.5798005829140038
1323963390.0,1.5677971845245224
1323966090.0,1.5493447038195995
1323968790.0,1.5705655196793487
1323971490.0,1.5697979386642942
1323974190.0,1.5285696574487702
1323976890.0,1.4807418323948127
1323979590.0,1.4266692933863965
1323982290.0,1.4527572771900168
1323984990.0,1.406227384084275
1323987690.0,1.438192584167723
1323990390.0,1.3587094362317202
1323993090.0,1.46676289230345
1323995790.0,1.4900780320715512
1323998490.0,1.5133892775496065
1324001190.0,0.0535890323663466
1324003890.0,-0.02310996567928214
1324006590.0,1.1630622117004918
1324009290.0,1.8352964837611694
1324011990.0,1.8216505039374624
1324014690.0,1.8292758498319586
1324017390.0,1.747643832714914
1324020090.0,1.65063072810824
1324022790.0,1.6413236990270548
1324025490.0,1.664383118200874
1324028190.0,1.698677582531218
1324030890.0,1.6838982503664965
1324033590.0,1.1372218362720332
1324036290.0,0.483717236903658
1324038990.0,0.6160110221835566
1324041690.0,0.6436440735363931
1324044390.0,0.7463755730442472
1324047090.0,0.7193635828464835
1324049790.0,0.6942377256879126
1324052490.0,0.6642554476148916
1324055190.0,0.7134074309969378
1324057890.0,0.7117891144490045
1324060590.0,0.6979769562732372
1324063290.0,0.6463114859511165
1324065990.0,0.5917083309603868
1324068690.0,0.6475540840987151
1324071390.0,0.5735329867036967
1324074090.0,0.6427787569944599
1324076790.0,0.6276008444071977
1324079490.0,0.6941483673080597
1324082190.0,0.6960668518840407
1324084890.0,0.7120123474459774
1324087590.0,0.6822968400825857
1324090290.0,0.6666369189410943
1324092990.0,0.8103539984313102
1324095690.0,1.011899413970923
1324098390.0,1.0826857257944766
1324101090.0,1.0214901096661606
1324103790.0,1.0252439963682605
1324106490.0,0.9859898388917827
1324109190.0,0.9315403344961624
1324111890.0,0.9753474573608969
1324114590.0,0.9869365930186405
1324117290.0,0.9588301489876017
1324119990.0,0.8902821254653759
1324122690.0,0.8065540049322522
1324125390.0,0.9475230886451982
1324128090.0,1.5270623497063411
1324130790.0,2.242605899440548
1324133490.0,2.277982325803407
1324136190.0,2.2649780568667097
1324138890.0,2.271197772737821
1324141590.0,2.3479710527361135
1324144290.0,2.4154955756151253
1324146990.0,2.4246313351309254
1324149690.0,2.4188455034328626
1324152390.0,2.396614599696136
1324155090.0,2.449749725679567
1324157790.0,2.4651250104850533
1324160490.0,2.4797811948402
1324163190.0,2.476708353441211
1324165890.0,2.4705234597191748
1324168590.0,2.451836951088012
1324171290.0,2.4433215148849285
1324173990.0,2.391766747012184
1324176690.0,2.395938492416292
1324179390.0,1.8766585763724493
1324182090.0,1.8689747828335612
1324184790.0,2.0890818114218064
1324187490.0,2.131735594894053
1324190190.0,2.0332651920952003
1324192890.0,2.034650634747777
1324195590.0,2.1101418454633745
1324198290.0,2.1444875185495675
1324200990.0,2.094009187926474
1324203690.0,2.0446509667320925
1324206390.0,1.9510677789198212
1324209090.0,0.8341411373734786
1324211790.0,0.688398816558788
1324214490.0,0.65631036601917
1324217190.0,0.6924641523667674
1324219890.0,0.7496205436228252
1324222590.0,0.6867467183155327
1324225290.0,0.7127468559999102
1324227990.0,0.7120693049209876
1324230690.0,0.7329349675368917
1324233390.0,0.722079913896323
1324236090.0,0.7151937437658376
1324238790.0,0.5928705193372252
1324241490.0,0.7248551978466935
1324244190.0,0.6746404803482733
1324246890.0,0.69431010654273
1324249590.0,0.7303097173835909
1324252290.0,0.7239140126848724
1324254990.0,0.7154467025449094
1324257690.0,0.7065308837358089
1324260390.0,0.6787855677345647
1324263090.0,0.6564896465789616
1324265790.0,0.6114435317451239
1324268490.0,-0.7418661911087838
1324271190.0,0.7928387550369962
1324273890.0,0.9394790398337705
1324276590.0,0.9343518652725606
1324279290.0,0.9761075879040391
1324281990.0,0.9983279770497688
1324284690.0,1.110825114492684
1324287390.0,1.0664303301434188
1324290090.0,1.0283561349239108
1324292790.0,1.0086383015497518
1324295490.0,0.8990926462893185
1324298190.0,0.06875815564717414
1324300890.0,-0.17274261379259315
1324303590.0,0.6098019540156088
1324306290.0,1.0989412421121756
1324308990.0,1.0627549414484179
1324311690.0,1.051530845730781
1324314390.0,1.09604623694986
1324317090.0,1.077865700974428
1324319790.0,1.106563742474691
1324322490.0,1.1062076970760586
1324325190.0,1.0748933105529659
1324327890.0,1.119976309716776
1324330590.0,1.0215077600603877
1324333290.0,1.0653958485886506
1324335990.0,1.042901822677095
1324338690.0,1.0714382659972443
1324341390.0,1.1003465383027446
1324344090.0,1.1075209312015772
1324346790.0,1.0682069451322604
1324349490.0,1.0858991107044744
1324352190.0,1.087790954431341
1324354890.0,1.095800751764159
1324357590.0,1.3070377688711687
1324360290.0,1.5398955081018926
1324362990.0,1.0209490462708004
1324365690.0,0.9811614467983532
1324368390.0,0.9255944082313476
1324371090.0,0.9409719126555842
1324373790.0,0.9956439420332117
1324376490.0,0.9902721039453581
1324379190.0,0.9393925849665266
1324381890.0,0.8165982396047298
1324384590.0,0.9329961846001424
1324387290.0,0.9607598999123184
1324389990.0,0.20386087315790746
1324392690.0,-0.12414336093280554
1324395390.0,-0.1873323919927543
1324398090.0,-0.18405471819835384
1324400790.0,-0.14107993200582314
1324403490.0,-0.1872610426302117
1324406190.0,-0.16683797619890584
1324408890.0,-0.14729122693313457
1324411590.0,-0.21249794677493128
1324414290.0,-0.17066568093775913
1324416990.0,-0.16725216607750326
1324419690.0,-0.150898758634753
1324422390.0,-0.1658783382960678
1324425090.0,-0.15807099471339825
1324427790.0,-0.12695862603584374
1324430490.0,-0.10110547932634972
1324433190.0,-0.23755413899948508
1324435890.0,-0.22528170789308888
1324438590.0,-0.23807130547606903
1324441290.0,-0.20856508683505126
1324443990.0,-0.2155828142878704
1324446690.0,1.4488424182016502
1324449390.0,1.5181249354342299
1324452090.0,0.144689799277387
1324454790.0,0.07966092994297469
1324457490.0,0.19980345393310017
1324460190.0,0.19558728788763347
1324462890.0,0.13802151837234078
1324465590.0,0.140963209716233
1324468290.0,0.11787246509061333
1324470990.0,0.16500495123136716
1324473690.0,0.12762058081983696
1324476390.0,0.18141209414528703
1324479090.0,0.11525282190979169
1324481790.0,0.12904169902446938
1324484490.0,0.13075483862809278
1324487190.0,1.1139352137836909
1324489890.0,1.3611354996947966
1324492590.0,1.3567361912791398
1324495290.0,1.3581223757536804
1324497990.0,1.3059410911470763
1324500690.0,1.3842715320356547
1324503390.0,1.3626300139187606
1324506090.0,1.3709442637189113
1324508790.0,1.4231547943750797
1324511490.0,1.4597233049473743
1324514190.0,1.4018701963356648
1324516890.0,1.4224294397014887
1324519590.0,1.3975040502319303
1324522290.0,1.4024213763982516
1324524990.0,1.4410415642976773
1324527690.0,1.3828768448043434
1324530390.0,1.3572139889315622
1324533090.0,1.350963508696509
1324535790.0,0.9902557903205889
1324538490.0,0.9191542802903427
1324541190.0,0.9672486530717492
1324543890.0,1.0338967135405142
1324546590.0,1.0322880556722112
1324549290.0,1.0442402463132225
1324551990.0,1.056729632828592
1324554690.0,0.9131611637287165
1324557390.0,0.9862037490025841
1324560090.0,1.0073910236345114
1324562790.0,1.0003667293720468
1324565490.0,0.9733775499076955
1324568190.0,0.05449023397926567
1324570890.0,-0.22005796107293918
1324573590.0,-0.23875640530701503
1324576290.0,-0.2534167907099345
1324578990.0,-0.2558065874492854
1324581690.0,-0.319030022040522
1324584390.0,-0.3549677330765917
1324587090.0,-0.32232356966108
1324589790.0,-0.34360650437298546
1324592490.0,-0.35573998986870947
1324595190.0,-0.2978114916820118
1324597890.0,-0.2222719396888806
1324600590.0,-0.26095129417143426
1324603290.0,-0.22235451685293128
1324605990.0,-0.25780820808603266
1324608690.0,-0.2589998592781626
1324611390.0,0.7342569853503846
1324614090.0,1.301229909078586
1324616790.0,1.342242822847254
1324619490.0,0.35453551520964766
1324622190.0,-0.10359292290456779
1324624890.0,-0.08831635939810667
1324627590.0,-0.04076129874027856
1324630290.0,-0.05415974285250513
1324632990.0,-0.012231932441352455
1324635690.0,0.0741496160794668
1324638390.0,-0.05430804834321634
1324641090.0,-0.16286521891021266
1324643790.0,-0.06409424663718255
1324646490.0,-0.0362990340148599
1324649190.0,0.006083905608420537
1324651890.0,-0.0037971711083741866
1324654590.0,-0.042706246722843844
1324657290.0,-0.17242178795959262
1324659990.0,-1.2106410582404123
1324662690.0,-1.245597471192184
1324665390.0,-1.2266721655300898
1324668090.0,-1.2826015450326622
1324670790.0,-1.3056558468361459
1324673490.0,-1.2897753901129931
1324676190.0,-1.2270737967760397
1324678890.0,-1.208608341967647
1324681590.0,-1.2629479959825858
1324684290.0,-1.2269888298503702
1324686990.0,-1.195311490235781
1324689690.0,-0.25627226592240504
1324692390.0,0.3482339269435215
1324695090.0,0.4479609610828561
1324697790.0,0.493910577237898
1324700490.0,0.5172748662546951
1324703190.0,0.46532302137393344
1324705890.0,0.4340847711802098
1324708590.0,-0.7761870566235416
1324711290.0,-0.9640581866336788
1324713990.0,-0.9600805342629428
1324716690.0,-0.8738589677915911
1324719390.0,-0.8434867745594374
1324722090.0,-0.8836308367618813
1324724790.0,-0.8702202601935483
1324727490.0,-0.9588536468121447
1324730190.0,-0.7910469779289429
1324732890.0,-0.8032596140099599
1324735590.0,-0.6939618907672411
1324738290.0,-0.7638205277671659
1324740990.0,-0.7514541133999728
1324743690.0,-0.830591922752717
1324746390.0,-0.7764249477331759
1324749090.0,-0.8051569836434851
1324751790.0,-0.8961931332192989
1324754490.0,-0.9594789135197743
1324757190.0,-1.9480200065220856
1324759890.0,-2.2208199712840724
1324762590.0,-2.262473764754702
1324765290.0,-2.18921962824777
1324767990.0,-2.1715110452025215
1324770690.0,-0.5089127830028133
1324773390.0,-0.32540780953070225
1324776090.0,-0.29810067170183174
1324778790.0,-0.32780681740740647
1324781490.0,-0.34365736983846773
1324784190.0,-0.2984717359528304
1324786890.0,-0.31255477039150037
1324789590.0,-0.30849146193054366
1324792290.0,-0.33617239346659744
1324794990.0,-0.40102648153776954
1324797690.0,-1.2228954103424599
1324800390.0,-1.4884144135079964
1324803090.0,-0.4196930681561071
1324805790.0,-0.3769598930965117
1324808490.0,-0.39020869613403875
1324811190.0,-0.3907426880355729
1324813890.0,-0.45753957671900025
1324816590.0,-0.34411364135689837
1324819290.0,-0.30871547855446124
1324821990.0,-0.24897484139449944
1324824690.0,-0.27561693592951997
1324827390.0,-0.2644909625146852
1324830090.0,-0.3273275085774685
1324832790.0,-0.22765486322202833
1324835490.0,-0.23544280087202196
1324838190.0,-0.23637334971175505
1324840890.0,-0.27789376523594456
1324843590.0,-0.3535567680428926
1324846290.0,-0.28136175513475337
1324848990.0,-0.31086928475150444
1324851690.0,-0.3263140353409426
1324854390.0,-0.34267003099944304
1324857090.0,0.40505324209533455
1324859790.0,0.8857932486799882
1324862490.0,-0.14870260809863112
1324865190.0,-0.20389198239161033
1324867890.0,-0.2080761647395093
1324870590.0,-0.21806035618641317
1324873290.0,-0.18752043743847935
1324875990.0,-0.16874728966581642
1324878690.0,-0.23095137085789474
1324881390.0,-0.22215312005607757
1324884090.0,-0.21418413670090786
1324886790.0,-0.2102893152220986
1324889490.0,-0.20410652994661405
1324892190.0,-0.23055875405793813
1324894890.0,-0.23092118160695918
1324897590.0,-0.23911578418790214
1324900290.0,-0.3029101112503554
1324902990.0,-0.13166849323715724
1324905690.0,-0.1516953205210143
1324908390.0,-0.10975885612680258
1324911090.0,-0.11946374992214714
1324913790.0,-0.1726039913924069
1324916490.0,-0.13804093938904316
1324919190.0,-0.08889273525244334
1324921890.0,-0.05193112449774162
1324924590.0,-0.09037946188351498
1324927290.0,-0.10859749752859216
1324929990.0,-0.13153248741758716
1324932690.0,-0.17970681296691282
1324935390.0,-0.14664774260194235
1324938090.0,-0.1482311165207193
1324940790.0,-0.14458585496083742
1324943490.0,-0.6469904290695467
1324946190.0,-0.11883901878866254
1324948890.0,-0.07340449502447655
1324951590.0,-0.11089023333926207
1324954290.0,-0.06573531367695296
1324956990.0,-0.057596410681924226
1324959690.0,-0.0209841870814671
1324962390.0,-0.019715056720372104
1324965090.0,-0.03305728364449578
1324967790.0,-0.054307829355991544
1324970490.0,0.05068242660706801
1324973190.0,0.9755242663852641
1324975890.0,1.046363344907661
1324978590.0,0.032469538570012446
1324981290.0,-0.13400154769817618
1324983990.0,-0.19664620494529572
1324986690.0,-0.22619010967207487
1324989390.0,-0.1625580565012683
1324992090.0,-0.13781044974263068
1324994790.0,-0.11821016466387846
1324997490.0,-0.0987340475264773
1325000190.0,-0.13971810645057303
1325002890.0,-0.1386649297832605
1325005590.0,-0.06456341497971607
1325008290.0,-0.08580102983063398
1325010990.0,-0.057211607924557484
1325013690.0,-0.12815572807085118
1325016390.0,-0.0593673083517956
1325019090.0,-0.0488184276655943
1325021790.0,-0.051927328231840875
1325024490.0,-0.08899321701676399
1325027190.0,-0.0940746916580224
1325029890.0,-1.287075613666559
1325032590.0,-0.02052387932565125
1325035290.0,0.05403959535857439
1325037990.0,0.05029016779764106
1325040690.0,0.028414227051598573
1325043390.0,0.008277977026693861
1325046090.0,0.07550037024935818
1325048790.0,0.07165843411803507
1325051490.0,0.08100416255564369
1325054190.0,0.03525707517189858
1325056890.0,0.07102280734693522
1325059590.0,0.1491086511509252
1325062290.0,0.2206640358569416
1325064990.0,1.2387621596537883
1325067690.0,1.3447831047344039
1325070390.0,1.2269339132355412
1325073090.0,1.1386232163990258
1325075790.0,1.1576603270387977
1325078490.0,1.3181968782294575
1325081190.0,1.305310408456478
1325083890.0,1.2597831794648755
1325086590.0,1.2692551064652093
1325089290.0,1.2502544989750959
1325091990.0,1.2897438090640776
1325094690.0,1.3010469176419974
1325097390.0,1.3382584079648723
1325100090.0,1.317923904982024
1325102790.0,1.3421896737277734
1325105490.0,1.3589854943900264
1325108190.0,1.3719181833332073
1325110890.0,1.388393571302288
1325113590.0,1.4081620628033988
1325116290.0,1.3931454831276255
1325118990.0,1.4315376877454469
1325121690.0,1.3516640735482497
1325124390.0,1.3243230363167413
1325127090.0,2.603263043046013
1325129790.0,1.5077098807681182
1325132490.0,1.0519508735004592
1325135190.0,0.9862518829614828
1325137890.0,0.9528784640469325
1325140590.0,0.9037236239378217
1325143290.0,0.999132259112514
1325145990.0,1.0555942294029705
1325148690.0,1.0968231803117874
1325151390.0,1.1167306152478886
1325154090.0,1.130748491621432
1325156790.0,1.042303963877373
1325159490.0,0.9963970662368524
1325162190.0,1.1064616333902109
1325164890.0,1.0505201116534408
1325167590.0,1.1140025507658038
1325170290.0,1.0761771553763424
1325172990.0,1.079972566846152
1325175690.0,1.0429555427965624
1325178390.0,1.0902038701751735
1325181090.0,1.1211859194223734
1325183790.0,1.0989058770559268
1325186490.0,1.087820681199446
1325189190.0,1.045675825115552
1325191890.0,1.099472000695755
1325194590.0,1.1053982189807812
1325197290.0,1.0745904643425206
1325199990.0,1.1173424007624817
1325202690.0,1.142352631433198
1325205390.0,1.0870049151134822
1325208090.0,1.1324805647624316
1325210790.0,-0.6570482501946344
1325213490.0,0.27531982123934995
1325216190.0,1.0105143986617122
1325218890.0,1.0396940799088839
1325221590.0,1.037711574740399
1325224290.0,1.0040872257807791
1325226990.0,1.0413212422255356
1325229690.0,1.0369237487616942
1325232390.0,1.0998566073292864
1325235090.0,1.1664013199799683
1325237790.0,1.1448895557296623
1325240490.0,1.1715208721839758
1325243190.0,0.6051481481828773
1325245890.0,0.9468827919440628
1325248590.0,1.1563135183419604
1325251290.0,1.1198667040849841
1325253990.0,1.2087813079585885
1325256690.0,1.1571735804992045
1325259390.0,1.1456045261327858
1325262090.0,1.1500923918375179
1325264790.0,1.1393092773287208
1325267490.0,1.1831852134266683
1325270190.0,1.1586871964244096
1325272890.0,1.1548131256778902
1325275590.0,1.1821175023750357
1325278290.0,1.1356136408601287
1325280990.0,1.117842316360509
1325283690.0,1.1345328755135142
1325286390.0,1.1401331513372384
1325289090.0,1.1643513512762524
1325291790.0,1.181313020867492
1325294490.0,1.154980091108655
1325297190.0,-0.09943997551050643
1325299890.0,-0.40371409084860943
1325302590.0,-0.34990424258091934
1325305290.0,1.0072732637798367
1325307990.0,1.1511057702935545
1325310690.0,1.124011902187533
1325313390.0,1.1393420980056703
1325316090.0,1.1156764970365316
1325318790.0,1.124637604498389
1325321490.0,1.2381546652822522
1325324190.0,1.2231168265829524
1325326890.0,1.2030693893671014
1325329590.0,1.1807132415016213
1325332290.0,1.050575426715227
1325334990.0,0.19046154021680195
1325337690.0,-0.046727195871937965
1325340390.0,0.03390508573477291
1325343090.0,-0.03399677083035613
1325345790.0,-0.03460453851624834
1325348490.0,-0.01456856169721732
1325351190.0,0.007969938235987684
1325353890.0,0.04181847646731285
1325356590.0,0.0723473579939764
1325359290.0,-0.009095121491839109
1325361990.0,0.06445139829406799
1325364690.0,0.07984213612093072
1325367390.0,0.014872500247577136
1325370090.0,0.02702516657564047
1325372790.0,0.04469708043899345
1325375490.0,0.028261144482428335
1325378190.0,0.0473050782392761
1325380890.0,-0.010205285989911772
1325383590.0,0.01604951421950318
1325386290.0,-0.03914713440531159
1325388990.0,-1.081873205733757
1325391690.0,-0.18493519381485157
1325394390.0,0.30330119811662826
1325397090.0,0.27724147167543833
1325399790.0,0.2707739755109628
1325402490.0,0.3283174847865098
1325405190.0,0.41600203703529814
1325407890.0,0.40997291833502914
1325410590.0,0.4749266540682129
1325413290.0,0.47419121059448344
1325415990.0,0.43991782953838765
1325418690.0,0.4695545375641359
1325421390.0,1.412395017388917
1325424090.0,1.5888732375594259
1325426790.0,1.7223465438202652
1325429490.0,1.7424555733305738
1325432190.0,1.7101402157905454
1325434890.0,1.740381665784696
1325437590.0,1.7516794478380007
1325440290.0,1.729167233378746
1325442990.0,1.7263663479903926
1325445690.0,1.6773973244088438
1325448390.0,1.74805822832667
1325451090.0,1.7228451566720082
1325453790.0,1.72935111114964
1325456490.0,1.7646798806219977
1325459190.0,1.8164056366232444
1325461890.0,1.8098180125776366
1325464590.0,1.8298043055021367
1325467290.0,1.7915040247339107
1325469990.0,1.7773019890668706
1325472690.0,1.7851701151909651
1325475390.0,1.7431348246705056
1325478090.0,0.033689348568202604
1325480790.0,-0.11514398992875385
1325483490.0,-0.09281905777555721
1325486190.0,-0.11379806294962691
1325488890.0,1.2646073968778637
1325491590.0,1.4389638420080928
1325494290.0,1.4928491329203553
1325496990.0,1.5165995824747256
1325499690.0,1.4764103263610195
1325502390.0,1.3760121623225245
1325505090.0,1.3030418302066096
1325507790.0,1.413383992486672
1325510490.0,1.3570263004307321
1325513190.0,1.389053688062404
1325515890.0,1.262307085127759
1325518590.0,0.16728061832748153
1325521290.0,0.1358290258543775
1325523990.0,0.15798536730443402
1325526690.0,0.1819391273516544
1325529390.0,0.16588214128819345
1325532090.0,0.13306683563274646
1325534790.0,0.2284998993313252
1325537490.0,0.20340263572614958
1325540190.0,0.18341995573223357
1325542890.0,0.21349611475994834
1325545590.0,0.24432384924807593
1325548290.0,0.2156666058511405
1325550990.0,0.22502906761155828
1325553690.0,0.24677125520815935
1325556390.0,0.23354861540161664
1325559090.0,0.20009364187450274
1325561790.0,1.7638058277535151
1325564490.0,1.8095451964081803
1325567190.0,0.9261451806749506
1325569890.0,0.41502938626962305
1325572590.0,0.41083913824888896
1325575290.0,0.40964510260170073
1325577990.0,0.37212552637498675
1325580690.0,0.47170351590312976
1325583390.0,0.47416394020410735
1325586090.0,0.4511455299098657
1325588790.0,0.3862909334511073
1325591490.0,0.39125274683522093
1325594190.0,1.441628674046001
1325596890.0,1.570132905800392
1325599590.0,1.6319501058736705
1325602290.0,1.5640722273534493
1325604990.0,1.5731645709318514
1325607690.0,1.5934957100500924
1325610390.0,1.5960681257436136
1325613090.0,1.626628461564053
1325615790.0,1.581567459580583
1325618490.0,1.6021651954059166
1325621190.0,1.6429148919816612
1325623890.0,1.6958250663173544
1325626590.0,1.6917318665229573
1325629290.0,1.6633827593287833
1325631990.0,1.6676207167564598
1325634690.0,1.630510386715173
1325637390.0,1.6283677325996564
1325640090.0,1.6113642652387625
1325642790.0,1.6443873312096002
1325645490.0,1.6260282357849292
1325648190.0,1.7143310022078708
1325650995.0,2.872242148823716
1325653695.0,1.460069976454463
1325656395.0,1.1581983140570742
1325659095.0,1.1242496481931425
1325661795.0,1.1700708965711897
1325664495.0,1.2096415083230454
1325667195.0,1.2551610118076724
1325669895.0,1.2203358185772117
1325672595.0,1.2074757792508422
1325675295.0,1.1912596157122266
1325677995.0,1.1147409805266761
1325680695.0,1.1106990714972085
1325683395.0,1.1049425699597464
1325686095.0,1.0309456967502797
1325688795.0,0.4126355108509756
1325691495.0,-0.18545458740237564
1325694195.0,0.939534423364421
1325696895.0,1.1215813809630504
1325699595.0,1.1001480383606577
1325702295.0,1.0944343223616784
1325704995.0,1.0584499544115147
1325707695.0,1.1281128716407807
1325710395.0,1.0675386663826885
1325713095.0,1.127454764579511
1325715795.0,1.062754546225733
1325718495.0,1.122651431760346
1325721195.0,1.1048383844931777
1325723895.0,1.0811599247251138
1325726595.0,1.0057773828585255
1325729295.0,1.0209171790280607
1325731995.0,0.9921891050034333
1325734695.0,0.9758136620366713
1325737395.0,0.9957347146111033
1325740095.0,1.0090274609746075
1325742795.0,-0.2454290885204955
1325745495.0,-0.41948135157241495
1325748195.0,-0.37174009224435167
1325750895.0,-0.30821501525366557
1325753595.0,0.8532696542199574
1325756295.0,1.1213402967924253
1325758995.0,1.0610930853497962
1325761695.0,1.0592050809278817
1325764395.0,1.0094677440674218
1325767095.0,0.9150788895111646
1325769795.0,0.9118892992779024
1325772495.0,0.9616512553625967
1325775195.0,0.9187720956535372
1325777895.0,0.9012097593417252
1325780595.0,0.9908404556133519
1325783295.0,0.9289695335198758
1325785995.0,0.9451275729414306
1325788695.0,0.9333289112482248
1325791395.0,0.8542926684867211
1325794095.0,0.9410911553405299
1325796795.0,0.9057606334161505
1325799495.0,0.9381743868211174
1325802195.0,0.9139503228482795
1325804895.0,0.9253640094487423
1325807595.0,0.9296254598920655
1325810295.0,0.9575581013669421
1325812995.0,0.9168643105329579
1325815695.0,0.9162157936129915
1325818395.0,0.9420798127690659
1325821095.0,1.039870838539514
1325823795.0,1.078492376139934
1325826495.0,2.5364257527710947
1325829195.0,1.4483048745199198
1325831895.0,0.7817912239743805
1325834595.0,0.7432591660097501
1325837295.0,0.8024569004406885
1325839995.0,0.7956425837176653
1325842695.0,0.8403517842204451
1325845395.0,0.7401277081947342
1325848095.0,0.6941349071132095
1325850795.0,0.6499851270468753
1325853495.0,0.6145913887465895
1325856195.0,0.622757504390961
1325858895.0,0.6537741270351489
1325861595.0,0.6214991159233705
1325864295.0,0.5679468105741989
1325866995.0,0.5696418115957158
1325869695.0,0.5906492047540155
1325872395.0,0.5684015826770974
1325875095.0,0.5688320758338818
1325877795.0,0.5322032346015817
1325880495.0,0.6103229319119237
1325883195.0,0.6357184794413797
1325885895.0,0.6127952524540774
1325888595.0,0.6677803649600946
1325891295.0,0.5994822331931005
1325893995.0,0.623565243678911
1325896695.0,0.6684983857381894
1325899395.0,0.6670061742026974
1325902095.0,2.122596492898367
1325904795.0,2.244697835338627
1325907495.0,2.2941736946863216
1325910195.0,2.3633810502193455
1325912895.0,2.3436379693258687
1325915595.0,2.281026493712318
1325918295.0,0.7309961944617385
1325920995.0,0.4901057992700544
1325923695.0,0.4613032490643718
1325926395.0,0.47293003627794405
1325929095.0,0.4937574518112342
1325931795.0,0.46044139638115666
1325934495.0,0.4776471699453282
1325937195.0,0.41149036011444196
1325939895.0,0.3405228728051952
1325942595.0,0.3494455327158903
1325945295.0,0.3678535108209644
1325947995.0,0.2997657235474662
1325950695.0,0.2936225752081896
1325953395.0,0.27531043805174704
1325956095.0,0.35570718983427696
1325958795.0,0.33282088702048895
1325961495.0,0.34072480460747556
1325964195.0,0.34582178155460497
1325966895.0,0.36961241037477066
1325969595.0,0.4096710885193602
1325972295.0,0.3750729319015704
1325974995.0,2.0002429648512816
1325977695.0,2.1187901091298613
1325980395.0,2.07623518697352
1325983095.0,2.1248368626789897
1325985795.0,2.1367431002806256
1325988495.0,2.1336582022584025
1325991195.0,2.1262121515854915
1325993895.0,2.1449274576250446
1325996595.0,2.171196840281084
1325999295.0,2.208244700498369
1326001995.0,2.1265753665197167
1326004695.0,0.35595277768601363
1326007395.0,0.32810539055071786
1326010095.0,1.3430877202519014
1326012795.0,1.525771782624986
1326015495.0,1.6073528499538838
1326018195.0,1.5645948696984533
1326020895.0,1.5916542675477672
1326023595.0,1.5813699697768016
1326026295.0,1.5441406370941309
1326028995.0,1.552555094885463
1326031695.0,1.523471503201165
1326034395.0,1.531903286599345
1326037095.0,1.4700852270851215
1326039795.0,1.5001081614759073
1326042495.0,1.483782974215842
1326045195.0,1.531286528100452
1326047895.0,1.4696294226776558
1326050595.0,1.4563106287388337
1326053295.0,1.531252555744743
1326055995.0,1.4812202735074607
1326058695.0,1.5230545721137219
1326061395.0,2.7528056907325436
1326064095.0,2.8699450582128065
1326066795.0,2.8009455038473448
1326069495.0,1.5509974550582797
1326072195.0,1.4037275294215306
1326074895.0,1.4198408465956618
1326077595.0,1.3864100593208377
1326080295.0,1.4211597497105117
1326082995.0,1.3756407967593418
1326085695.0,1.3717217100994503
1326088395.0,1.320825603266485
1326091095.0,1.3780979124753685
1326093795.0,1.4612745626014316
1326096495.0,1.4744289504366748
1326099195.0,2.4077184979473714
1326101895.0,2.7929611595606048
1326104595.0,2.655317416939738
1326107295.0,2.675969433388616
1326109995.0,2.525860840497387
1326112695.0,1.4281219779198295
1326115395.0,1.30284620054789
1326118095.0,1.2033267346898242
1326120795.0,1.211358892540261
1326123495.0,1.1073839589831778
1326126195.0,1.1895070485585961
1326128895.0,1.2714012571490798
1326131595.0,1.2921341939428999
1326134295.0,1.2733370699116904
1326136995.0,1.210046124041412
1326139695.0,1.2998418173991695
1326142395.0,1.2880156134758067
1326145095.0,1.2992921574104344
1326147795.0,1.6164655349404597
1326150495.0,2.652041585575091
1326153195.0,2.694402490879952
1326155895.0,2.7757562145850443
1326158595.0,2.7324224034323947
1326161295.0,2.727619184657499
1326163995.0,2.712320575203819
1326166695.0,1.8551289897335437
1326169395.0,1.2460402642234953
1326172095.0,1.1776831365535827
1326174795.0,1.1853222068421019
1326177495.0,1.0968445291317153
1326180195.0,1.1425107929376281
1326182895.0,1.1819016533771673
1326185595.0,1.742441475035264
1326188295.0,2.466444299241857
1326190995.0,2.470635343431809
1326193695.0,2.5500851479285416
1326196395.0,2.435488794339051
1326199095.0,2.4578013009855795
1326201795.0,2.4991644476079387
1326204495.0,2.490694096379059
1326207195.0,2.4248019249703248
1326209895.0,2.3960742006974556
1326212595.0,2.4100608828412646
1326215295.0,2.4482128461209527
1326217995.0,2.483348634080187
1326220695.0,2.4743267988150137
1326223395.0,2.497879304309265
1326226095.0,2.509056869144217
1326228795.0,2.4744789975395065
1326231495.0,2.502745091332997
1326234195.0,2.5340167422179434
1326236895.0,3.294021671512155
1326239595.0,3.876847327092946
1326242295.0,2.9393746228121813
1326244995.0,2.2606679271075336
1326247695.0,2.1625150235834667
1326250395.0,2.2162557445792572
1326253095.0,2.180565902488013
1326255795.0,2.1926439455081095
1326258495.0,2.192903568921679
1326261195.0,2.1859289443573857
1326263895.0,2.141576162668912
1326266595.0,2.15193568749595
1326269295.0,2.2533384003415335
1326271995.0,2.2614908660736432
1326274695.0,2.235801336625684
1326277395.0,2.19498623420003
1326280095.0,2.254231440316005
1326282795.0,2.2429004968253707
1326285495.0,2.563484339850106
1326288195.0,3.341665521960863
1326290895.0,3.356063308588716
1326293595.0,3.4398273792396594
1326296295.0,3.37417184303888
1326298995.0,3.379678190917332
1326301695.0,3.3972036898753117
1326304395.0,3.442702441342135
1326307095.0,3.426144393511777
1326309795.0,3.453193734408046
1326312495.0,3.5072207427248827
1326315195.0,3.4732576654012064
1326317895.0,3.5054806960358746
1326320595.0,3.4715351070666998
1326323295.0,3.4422580281003547
1326325995.0,3.4595606847287286
1326328695.0,3.408021575838063
1326331395.0,2.642971329162947
1326334095.0,1.6278943551286602
1326336795.0,1.6572209270767644
1326339495.0,1.6060819874626873
1326342195.0,1.6775817895661476
1326344895.0,1.6751867471159017
1326347595.0,1.6697811352779013
1326350295.0,3.02271161960374
1326352995.0,3.153758810810018
1326355695.0,3.136305199200251
1326358395.0,3.1532327657270116
1326361095.0,3.2016388888637266
1326363795.0,3.0881501808826783
1326366495.0,3.1157775241188688
1326369195.0,3.050317461828854
1326371895.0,2.978149465162062
1326374595.0,2.9863917756490537
1326377295.0,2.984004451637361
1326379995.0,2.9733751380097146
1326382695.0,2.96460918846077
1326385395.0,3.002884720955933
1326388095.0,3.007179217545513
1326390795.0,3.044866538103861
1326393495.0,3.062003046788959
1326396195.0,3.0455288628965604
1326398895.0,3.0878733154291353
1326401595.0,3.028796927387873
1326404295.0,3.1123409478403232
1326406995.0,3.09489998935976
1326409695.0,3.0856498571672546
1326412395.0,3.0957799209321593
1326415095.0,4.128157215727299
1326417795.0,4.074834585734607
1326420495.0,2.956872160046032
1326423195.0,2.9160544461373092
1326425895.0,2.8880454091794263
1326428595.0,2.905763583351529
1326431295.0,2.9191594090742115
1326433995.0,2.810904898798867
1326436695.0,2.8226141459958853
1326439395.0,2.803172013664607
1326442095.0,2.8581743495724936
1326444795.0,2.8550053341855346
1326447495.0,1.974626625823305
1326450195.0,1.919667649020198
1326452895.0,2.7304060005404267
1326455595.0,2.7661832823021655
1326458295.0,2.8720589304757027
1326460995.0,2.8897414893485234
1326463695.0,2.8537272046004887
1326466395.0,2.795498881196295
1326469095.0,2.7744006407684765
1326471795.0,2.8227824740242795
1326474495.0,2.826743126489646
1326477195.0,2.824175545453329
1326479895.0,2.7771604336913924
1326482595.0,2.880677910526515
1326485295.0,2.9455626063606246
1326487995.0,2.8637160253140905
1326490695.0,2.8904492023464172
1326493395.0,2.93830505218466
1326496095.0,2.902888275113412
1326498795.0,2.9348706781090073
1326501495.0,2.9145701111501126
1326504195.0,2.8213100574870964
1326506895.0,1.6698655867927528
1326509595.0,2.731084967968002
1326512295.0,2.8229294461386303
1326514995.0,2.733226602619993
1326517695.0,2.6817194582810657
1326520395.0,2.7543355817704196
1326523095.0,2.7946298265813425
1326525795.0,2.702867768198871
1326528495.0,2.7491789964415148
1326531195.0,2.7493696353090513
1326533895.0,2.7095277253185373
1326536595.0,1.5930791641891346
1326539295.0,1.5151660599935326
1326541995.0,1.513210462854829
1326544695.0,1.5563655473873723
1326547395.0,1.607715473985536
1326550095.0,1.5439002705598455
1326552795.0,1.501906742304243
1326555495.0,1.4923359088944608
1326558195.0,1.5426965496141634
1326560895.0,1.5947195361859485
1326563595.0,1.5762367577203236
1326566295.0,1.583540106865371
1326568995.0,1.5998198406624624
1326571695.0,1.72459715381558
1326574395.0,1.6611303017231762
1326577095.0,1.6481430854491919
1326579795.0,1.6253730713937102
1326582495.0,1.5649928500143346
1326585195.0,1.5733327591717625
1326587895.0,1.555612912206243
1326590595.0,1.4988683957545845
1326593295.0,1.5192430002031188
1326595995.0,0.4437594564594747
1326598695.0,1.3498417235912825
1326601395.0,1.944758237416636
1326604095.0,1.9268578882920337
1326606795.0,1.93064960749507
1326609495.0,1.9647147938676426
1326612195.0,1.937770828710029
1326614895.0,1.9812505858271834
1326617595.0,1.936269311330534
1326620295.0,1.9724017063860515
1326622995.0,1.8568297218524776
1326625695.0,1.0900184611354007
1326628395.0,0.7577729220365086
1326631095.0,0.7897201835218652
1326633795.0,1.8163404460905213
1326636495.0,1.8542458561805688
1326639195.0,1.822213340760129
1326641895.0,1.9027520799206172
1326644595.0,1.9652688353471035
1326647295.0,1.9548383279017685
1326649995.0,1.940913480134725
1326652695.0,1.9504145290123915
1326655395.0,1.997776266844994
1326658095.0,1.965538523106602
1326660795.0,2.012386874230799
1326663495.0,2.026469176461603
1326666195.0,2.08275095308926
1326668895.0,2.081745636957976
1326671595.0,2.0723106817016514
1326674295.0,2.0583219735726175
1326676995.0,2.0269399354223196
1326679695.0,2.0267285675859057
1326682395.0,2.069668772278135
1326685095.0,2.009164924183608
1326687795.0,0.6660448586767416
1326690495.0,1.785084857067318
1326693195.0,1.823001775800094
1326695895.0,1.889660241676438
1326698595.0,1.8620714680716333
1326701295.0,1.8769515702936133
1326703995.0,1.9054376389900654
1326706695.0,1.8514748826638652
1326709395.0,1.9634725753608109
1326712095.0,1.9819999669041977
1326714795.0,1.9159322852041782
1326717495.0,1.8739963192084588
1326720195.0,0.9374842459565116
1326722895.0,0.7292277159048695
1326725595.0,0.6055468430918722
1326728295.0,0.6337707873889826
1326730995.0,0.6763579894471263
1326733695.0,0.7199957209018066
1326736395.0,0.6758879631864261
1326739095.0,0.6809917200553173
1326741795.0,0.729709916109698
1326744495.0,0.7338809072028312
1326747195.0,0.7211878258256661
1326749895.0,0.718300221329855
1326752595.0,0.7487104858550424
1326755295.0,0.7168405974886127
1326757995.0,0.7203554961810141
1326760695.0,0.7330447113663467
1326763395.0,0.6709647328289634
1326766095.0,0.6798055360844728
1326768795.0,0.7770927916229766
1326771495.0,1.0118551952836583
1326774195.0,2.412650853653304
1326776895.0,2.4113697573575337
1326779595.0,2.3950269097401815
1326782295.0,1.2741440254694112
1326784995.0,0.9138547054439528
1326787695.0,0.9252427866160815
1326790395.0,0.981186153004046
1326793095.0,0.9954521688204636
1326795795.0,0.9692416269988939
1326798495.0,0.9890519771643653
1326801195.0,0.9718932507254294
1326803895.0,0.8337227871737127
1326806595.0,0.9155372163189668
1326809295.0,1.478778509617598
1326811995.0,2.0123917218307383
1326814695.0,2.0751603318130947
1326817395.0,2.1205790798049406
1326820095.0,2.1084820858596345
1326822795.0,2.12566978484557
1326825495.0,2.1182457920894535
1326828195.0,2.1751579146145446
1326830895.0,2.240189918656597
1326833595.0,2.1930660308178744
1326836295.0,2.2678734788619295
1326838995.0,2.2226432539561642
1326841695.0,2.203744774643269
1326844395.0,2.224731332616898
1326847095.0,2.2310478627252905
1326849795.0,2.229117151447099
1326852495.0,2.152345234018071
1326855195.0,2.2374166593651807
1326857895.0,2.2427422305400455
1326860595.0,2.2078578194817737
1326863295.0,0.75358945311649
1326865995.0,0.4265538036073053
1326868695.0,1.639554117415173
1326871395.0,1.8542357480465057
1326874095.0,1.914465797062519
1326876795.0,1.9519952073053446
1326879495.0,1.9302975022077362
1326882195.0,1.878484090814652
1326884895.0,1.9136354435877365
1326887595.0,1.8300376472546418
1326890295.0,1.720351279599015
1326892995.0,0.6959895330246013
1326895695.0,0.5627134985511475
1326898395.0,0.5740916320083898
1326901095.0,0.5597621985929209
1326903795.0,0.5977081758888403
1326906495.0,0.6007476008435901
1326909195.0,0.5880739782120941
1326911895.0,0.5896001862569733
1326914595.0,0.6239035798622012
1326917295.0,0.6133870826076873
1326919995.0,0.5351288132544596
1326922695.0,0.5321326416291186
1326925395.0,0.570189905346524
1326928095.0,0.5052555142865458
1326930795.0,2.025560275591886
1326933495.0,2.1378492179618434
1326936195.0,2.117801842940935
1326938895.0,2.0807224774975452
1326941595.0,2.1858577664876293
1326944295.0,2.1840140667102332
1326946995.0,2.1642956505292545
1326949695.0,2.1359960005524954
1326952395.0,0.8566803265328531
1326955095.0,0.6734429308223753
1326957795.0,0.6553455064443483
1326960495.0,0.6927081600845213
1326963195.0,0.7324253907026446
1326965895.0,0.6803928857183905
1326968595.0,0.6916972583190386
1326971295.0,1.2383151035382411
1326973995.0,1.8980513268422783
1326976695.0,1.8807985282666095
1326979395.0,1.8522502135634795
1326982095.0,1.718505280853492
1326984795.0,0.7121409280640023
1326987495.0,0.663601589733446
1326990195.0,0.6359358632655017
1326992895.0,0.7569852845670084
1326995595.0,0.7170039858742712
1326998295.0,0.6722925128836437
1327000995.0,0.7372211321609825
1327003695.0,0.687490062513632
1327006395.0,0.742712410377294
1327009095.0,0.6898921331156203
1327011795.0,0.7752878317633645
1327014495.0,0.703728086636545
1327017195.0,1.5051291626887178
1327019895.0,1.9892899299842952
1327022595.0,2.0836973039944837
1327025295.0,2.0095264060453815
1327027995.0,2.1430918950926525
1327030695.0,2.068195305346876
1327033395.0,2.1279881290162734
1327036095.0,2.0984513382188084
1327038795.0,2.0590347607162016
1327041495.0,0.689761120428102
1327044195.0,0.6241008121139089
1327046895.0,0.6841242258348643
1327049595.0,0.6625400586030423
1327052295.0,0.5683188383264905
1327054995.0,0.5550405403049581
1327057695.0,0.5764608556672215
1327060395.0,0.5065810888052624
1327063095.0,0.4678298955888067
1327065795.0,0.5026582401532096
1327068495.0,0.5087438451076878
1327071195.0,0.4270972613474555
1327073895.0,0.6403666201016449
1327076595.0,1.7974274553667442
1327079295.0,1.8823377768151204
1327081995.0,1.8822259820560703
1327084695.0,1.866531124807068
1327087395.0,1.9465432992877822
1327090095.0,1.9369771829825027
1327092795.0,1.9465842528778126
1327095495.0,1.956115867500614
1327098195.0,1.963493708878957
1327100895.0,1.8799319713403975
1327103595.0,2.0127674199122794
1327106295.0,1.949266818452827
1327108995.0,1.9481736870494615
1327111695.0,1.968358959813031
1327114395.0,2.0014763032464202
1327117095.0,1.9875451521319292
1327119795.0,2.0012354495011095
1327122495.0,1.989137602095127
1327125195.0,0.28111259227671326
1327127895.0,0.17996918094422654
1327130595.0,0.14759132224111227
1327133295.0,0.13923491631260276
1327135995.0,0.1576739421250295
1327138695.0,0.17419681023562816
1327141395.0,0.16367592624982308
1327144095.0,0.1999346378747191
1327146795.0,0.13777255732537697
1327149495.0,0.12286089068237516
1327152195.0,0.11603735407345539
1327154895.0,0.12502433545108715
1327157595.0,0.05907402921792482
1327160295.0,0.05004792649378942
1327162995.0,0.0814794437043247
1327165695.0,0.05589060620457076
1327168395.0,-0.12904452932639288
1327171095.0,-1.2045994966658213
1327173795.0,-1.1277563191928266
1327176495.0,-1.1905485504140643
1327179195.0,0.5633257633480184
1327181895.0,0.7128871991824326
1327184595.0,0.6894264265584411
1327187295.0,0.6963516884720207
1327189995.0,0.7117191161421488
1327192695.0,0.6968350972663302
1327195395.0,0.6699308730438815
1327198095.0,0.6737975747664677
1327200795.0,0.695071630737857
1327203495.0,0.7243370006153214
1327206195.0,0.7488278218713162
1327208895.0,0.7791789489223788
1327211595.0,0.701182171321193
1327214295.0,-0.14871321586338127
1327216995.0,-0.46253956552368436
1327219695.0,-0.4266235874159747
1327222395.0,-0.42062423179316966
1327225095.0,-0.43208804860080363
1327227795.0,-0.47005585277281625
1327230495.0,-0.4135074144817281
1327233195.0,-0.6549849010924618
1327235895.0,-0.438426704108565
1327238595.0,-0.4450448999746186
1327241295.0,-0.4011243759127865
1327243995.0,-0.46261429595756454
1327246695.0,-0.47683195399127953
1327249395.0,-0.5025676522870413
1327252095.0,-0.4940827428131911
1327254795.0,-0.48548128903553334
1327257495.0,-0.5247395694946704
1327260195.0,-0.4439604949714635
1327262895.0,-0.490353251332067
1327265595.0,-0.4718116823973446
1327268295.0,-0.48745189508082376
1327270995.0,-0.039699568139724306
1327273695.0,1.3397193791334416
1327276395.0,1.3824259917956851
1327279095.0,1.4178781368735827
1327281795.0,1.396426890016869
1327284495.0,1.4339240816083247
1327287195.0,1.496260911420336
1327289895.0,1.513594572579791
1327292595.0,1.5088939323525778
1327295295.0,0.4821412789256101
1327297995.0,-0.18144954486433562
1327300695.0,-0.19899505965520348
1327303395.0,-0.1780016954861594
1327306095.0,-0.14779830298886054
1327308795.0,-0.057701085301403054
1327311495.0,0.49761080176796213
1327314195.0,1.1774752288528703
1327316895.0,1.2754253362757026
1327319595.0,1.1472243543815352
1327322295.0,1.1749017479932604
1327324995.0,1.1384249708235643
1327327695.0,1.1473729983666203
1327330395.0,1.1288762332764009
1327333095.0,1.1505642965589686
1327335795.0,1.135419024807618
1327338495.0,1.1631626832357256
1327341195.0,1.1177281425033243
1327343895.0,1.1658148747003452
1327346595.0,1.1724659996949072
1327349295.0,1.1496835728975157
1327351995.0,-0.11107064684279067
1327354695.0,-0.25389212120899174
1327357395.0,-0.3140398577783685
1327360095.0,-0.28542284183896527
1327362795.0,1.0549368672552077
1327365495.0,1.1100730149221931
1327368195.0,1.0985538811628999
1327370895.0,1.0961733835704308
1327373595.0,1.1118515422661517
1327376295.0,1.1363643291812764
1327378995.0,1.162239988160593
1327381695.0,1.1221172166423798
1327384395.0,1.1568812371403965
1327387095.0,0.45668481589882504
1327389795.0,0.05896707856697958
1327392495.0,0.050805541978832025
1327395195.0,0.05402320640632752
1327397895.0,0.03499401923932055
1327400595.0,0.1121083850711102
1327403295.0,1.1121274372022754
1327405995.0,1.2822357705921377
1327408695.0,1.261157052206329
1327411395.0,1.2725151672167385
1327414095.0,1.2525390244776986
1327416795.0,1.1842188527883195
1327419495.0,1.271930579561058
1327422195.0,1.2871244229505123
1327424895.0,1.2781423506816054
1327427595.0,1.2984351317874143
1327430295.0,1.2939160259673486
1327432995.0,1.36804175555028
1327435695.0,1.3182608079688407
1327438395.0,1.3705805298974951
1327441095.0,0.3359428092331882
1327443795.0,-0.05944244066591864
1327446495.0,-0.08585628869496986
1327449195.0,-0.05128151331348363
1327451895.0,0.5953982925601622
1327454595.0,1.1578876521425059
1327457295.0,1.2159262793370544
1327459995.0,1.2229874660411042
1327462695.0,1.239940210274824
1327465395.0,1.2384215511315233
1327468095.0,1.2739941273221689
1327470795.0,1.306875320062204
1327473495.0,1.2737236286690177
1327476195.0,1.1815652077195296
1327478895.0,0.27103447697857064
1327481595.0,0.2603608845032568
1327484295.0,0.17897396598732485
1327486995.0,0.2078833695000526
1327489695.0,0.3271475906539081
1327492395.0,0.33499564967564766
1327495095.0,0.27152186757513164
1327497795.0,0.2649035144870595
1327500495.0,0.24982500999050217
1327503195.0,0.22103176572022676
1327505895.0,0.2532179818339273
1327508595.0,0.2402836410552709
1327511295.0,0.21338990104533195
1327513995.0,0.22532654714672162
1327516695.0,0.2345082833761012
1327519395.0,0.3278019694929526
1327522095.0,0.3086856460582226
1327524795.0,0.33365605030422785
1327527495.0,0.3319878791157862
1327530195.0,0.2929501143933635
1327532895.0,-0.9581809382568167
1327535595.0,-1.1320033383417467
1327538295.0,0.01169371348231607
1327540995.0,0.5917142013734065
1327543695.0,0.6340164050209864
1327546395.0,0.6103607415199122
1327549095.0,0.6088719364536246
1327551795.0,0.5796244377920061
1327554495.0,0.6233281285130374
1327557195.0,0.6693103238388289
1327559895.0,0.728192571164243
1327562595.0,0.8133336996846197
1327565295.0,1.4091266052285505
1327567995.0,1.9130353771925002
1327570695.0,1.9044436758950951
1327573395.0,1.8797258674700288
1327576095.0,1.817645537643557
1327578795.0,0.882403281963434
1327581495.0,0.672512742051822
1327584195.0,0.6190728578408198
1327586895.0,0.5810003884632806
1327589595.0,0.5290869611049516
1327592295.0,0.5683829093924828
1327594995.0,0.6290246428689557
1327597695.0,0.6144359717148404
1327600395.0,0.6397812443844373
1327603095.0,0.6518396802265443
1327605795.0,0.6735454548880284
1327608495.0,0.6948270783321391
1327611195.0,0.6858208324510429
1327613895.0,0.6854617485091126
1327616595.0,0.6587769716279013
1327619295.0,0.6663974954330456
1327621995.0,0.6749063303910248
1327624695.0,1.8463341244426488
1327627395.0,2.0838835652310195
1327630095.0,2.1224032945559657
1327632795.0,2.129229805014006
1327635495.0,2.056379491158168
1327638195.0,1.8336977145117999
1327640895.0,0.7435403323764831
1327643595.0,0.7237976200136131
1327646295.0,0.6871646540380425
1327648995.0,0.7188792765866197
1327651695.0,0.8071752589401626
1327654395.0,0.895511269941835
1327657095.0,1.7966924858879452
1327659795.0,2.0083967115621135
1327662495.0,2.058065330647537
1327665195.0,2.058833768526881
1327667895.0,2.1083438607588505
1327670595.0,2.0914551821236387
1327673295.0,2.074122464916229
1327675995.0,2.1112224427944284
1327678695.0,2.138286203977657
1327681395.0,2.092695872935167
1327684095.0,2.0915513908872754
1327686795.0,2.037698177100708
1327689495.0,2.0769361616470974
1327692195.0,2.1107849086550345
1327694895.0,2.1075894767568
1327697595.0,2.121458515166978
1327700295.0,2.1422227207446554
1327702995.0,2.1398207408859093
1327705695.0,2.1267240183154286
1327708395.0,2.1513046215808345
1327711095.0,2.1376394571811943
1327713795.0,0.5822913776528935
1327716495.0,1.7311075897403612
1327719195.0,1.8111134219008704
1327721895.0,1.76969844172811
1327724595.0,1.769447057791524
1327727295.0,1.7480738539074423
1327729995.0,1.8313900380324526
1327732695.0,1.7642055824805425
1327735395.0,1.7883562094769445
1327738095.0,1.8901025387565937
1327740795.0,1.8316511679418
1327743495.0,1.798775677679032
1327746195.0,1.7875980099165645
1327748895.0,0.9468588951273205
1327751595.0,1.489492489210818
1327754295.0,1.650050909304639
1327756995.0,1.6558941083589502
1327759695.0,1.688146072279892
1327762395.0,1.708336098464315
1327765095.0,1.7460827268308208
1327767795.0,1.7725385527013486
1327770495.0,1.7550626906563593
1327773195.0,1.6990059200097107
1327775895.0,1.7322344332448552
1327778595.0,1.7735232847956581
1327781295.0,1.7678087993281224
1327783995.0,1.798849357012955
1327786695.0,1.8278009507837396
1327789395.0,1.7943788819258657
1327792095.0,1.739464265697677
1327794795.0,1.7055000001745384
1327797495.0,1.694598152555841
1327800195.0,1.653083225557225
1327802895.0,0.5367643885316511
1327805595.0,0.3343196156624231
1327808295.0,0.3758431707819341
1327810995.0,0.37043117062484043
1327813695.0,0.3552911452507601
1327816395.0,0.4600112434933976
1327819095.0,0.3959153109137219
1327821795.0,1.6958481085856079
1327824495.0,2.068036610367244
1327827195.0,1.9622848773693704
1327829895.0,1.9565043709750398
1327832595.0,1.9643092608276902
1327835295.0,1.95369686628203
1327837995.0,1.9280322837799986
1327840695.0,1.9219442743631134
1327843395.0,1.9269076226424318
1327846095.0,1.943752650319027
1327848795.0,1.9425538771405968
1327851495.0,1.9784883435085021
1327854195.0,2.0438074094304852
1327856895.0,2.0071330473962803
1327859595.0,2.0026303100939344
1327862295.0,2.0280375943456193
1327864995.0,2.067249315585684
1327867695.0,2.074148698330987
1327870395.0,2.0868755359992974
1327873095.0,2.088690815049347
1327875795.0,2.02013039759629
1327878495.0,2.6004722101581024
1327881195.0,3.5243022709074125
1327883895.0,3.587962364598866
1327886595.0,3.558584158490646
1327889295.0,3.6567901016869087
1327891995.0,3.5844267517200024
1327894695.0,2.3713979327568495
1327897395.0,1.7081165709237212
1327900095.0,1.6719660588160536
1327902795.0,1.682783725437048
1327905495.0,1.6953127934774557
1327908195.0,1.7692036115431051
1327910895.0,1.8223455729831812
1327913595.0,1.7974623523504079
1327916295.0,2.612613799794417
1327918995.0,2.9143990669204527
1327921695.0,2.9270866919920877
1327924395.0,2.8828166638418793
1327927095.0,2.747574957825009
1327929795.0,2.760775397112184
1327932495.0,2.7089926934221467
1327935195.0,2.6813291484934325
1327937895.0,2.7620309677337787
1327940595.0,2.760409615199592
1327943295.0,2.7592943383610873
1327945995.0,2.7599283032077437
1327948695.0,2.8040915400782183
1327951395.0,2.839782900427906
1327954095.0,2.856920979889992
1327956795.0,2.8419924110826855
1327959495.0,2.887158571717464
1327962195.0,2.8315007222166173
1327964895.0,2.908902620202582
1327967595.0,4.112425310223102
1327970295.0,4.236014481452514
1327972995.0,4.240533040295702
1327975695.0,4.262614040034293
1327978395.0,4.208632232749494
1327981095.0,2.7553090404447858
1327983795.0,2.420747144752511
1327986495.0,2.308803425511883
1327989195.0,2.378422437019367
1327991895.0,2.2900230973118596
1327994595.0,2.3730785883611247
1327997295.0,2.4206357939992813
1327999995.0,2.3437344591222313
1328002695.0,2.3459047983462824
1328005395.0,2.3297027466292093
1328008095.0,2.828546651763645
1328010795.0,3.525173106733405
1328013495.0,3.416604241169182
1328016195.0,2.880865131635858
1328018895.0,2.1876314698691317
1328021595.0,2.1741100248054295
1328024295.0,2.1642508789808517
1328026995.0,2.15955664093201
1328029695.0,2.1227471606159725
1328032395.0,2.054409971906523
1328035095.0,2.1247176331431774
1328037795.0,2.0924970596087746
1328040495.0,2.0897605113191275
1328043195.0,2.0903005484722144
1328045895.0,2.0337572844395595
1328048595.0,2.0088189628681334
1328051295.0,2.082328217763802
1328053995.0,2.1152449173142713
1328056695.0,2.190902377468376
1328059395.0,3.2719381650485957
1328062095.0,3.404770357964935
1328064795.0,3.3497224100923972
1328067495.0,3.361705475287806
1328070195.0,2.214235036022842
1328072895.0,1.8975932489989873
1328075595.0,1.982896026961555
1328078295.0,1.9711776093139406
1328080995.0,1.9703123167358285
1328083695.0,1.9943593349780713
1328086395.0,1.944234610420665
1328089095.0,1.9720754234342621
1328091795.0,1.9523889029327393
1328094495.0,1.9262485705125982
1328097195.0,1.9622808405926548
1328099895.0,1.8243245908926724
1328102595.0,1.8624729995349298
1328105295.0,1.8642720135296713
1328107995.0,1.9054462867053985
1328110695.0,3.0440705370212413
1328113395.0,3.083441256648598
1328116095.0,3.0406456266461532
1328118795.0,3.0751407993686826
1328121495.0,3.11579363860659
1328124195.0,3.1369729383879417
1328126895.0,3.1724010897154926
1328129595.0,3.186113867300662
1328132295.0,3.158438155882891
1328134995.0,3.1383656605177066
1328137695.0,3.1768834397403225
1328140395.0,3.141816565583099
1328143095.0,3.097885353951483
1328145795.0,3.0909272114196824
1328148495.0,3.119536709351962
1328151195.0,3.1414977419549928
1328153895.0,3.08742705711245
1328156595.0,3.138086795398351
1328159295.0,1.4693182706324706
1328161995.0,1.2884025634160707
1328164695.0,1.2624611067367368
1328167395.0,1.2782386819080216
1328170095.0,1.2495632246354376
1328172795.0,1.2416646205297752
1328175495.0,1.1811683558298682
1328178195.0,1.1969413097698407
1328180895.0,1.19016040395843
1328183595.0,1.2174326396230981
1328186295.0,0.9932870753975749
1328188995.0,0.9792742129042153
1328191695.0,0.28052577254629796
1328194395.0,1.1107902787962303
1328197095.0,1.5347117023055148
1328199795.0,1.6077235005600983
1328202495.0,1.5879997544097932
1328205195.0,1.6407108386329128
1328207895.0,1.6679069587376034
1328210595.0,1.6435995076600989
1328213295.0,1.659562947775271
1328215995.0,1.640181608583191
1328218695.0,1.65229350339672
1328221395.0,1.6208521938033869
1328224095.0,1.6808710498405048
1328226795.0,1.6567488543258833
1328229495.0,1.6305606310253324
1328232195.0,1.632398065182315
1328234895.0,1.6385727387768156
1328237595.0,1.6163781286602443
1328240295.0,1.6417423408869922
1328242995.0,1.6796131767056863
1328245695.0,1.5025674719520339
1328248395.0,0.3445731148285631
1328251095.0,0.2830794327795729
1328253795.0,0.3415793578508328
1328256495.0,0.41247855921045584
1328259195.0,0.3966458018297203
1328261895.0,0.355846135036586
1328264595.0,0.36506617327194135
1328267295.0,0.35562937859839394
1328269995.0,0.3596565439414121
1328272695.0,0.15054781319179256
1328275395.0,0.1253331571224976
1328278095.0,0.1152466073258438
1328280795.0,0.13604531831038003
1328283495.0,0.12133407373335103
1328286195.0,0.08033642678583419
1328288895.0,0.08229076050548656
1328291595.0,0.07346248607854022
1328294295.0,0.09493993684355928
1328296995.0,0.09629294719690051
1328299695.0,0.1868494156387328
1328302395.0,1.9177344107822591
1328305095.0,2.0886403044457893
1328307795.0,2.087919246799572
1328310495.0,2.1952607569862153
1328313195.0,2.1922351088779237
1328315895.0,2.1751944109105352
1328318595.0,2.1526026486313867
1328321295.0,2.205844640091982
1328323995.0,2.1941219163280152
1328326695.0,2.1904861079192415
1328329395.0,2.1939762395673483
1328332095.0,2.196617414901141
1328334795.0,0.5075734606106153
1328337495.0,0.4515561621943789
1328340195.0,0.4807170592104626
1328342895.0,0.5310205230767906
1328345595.0,0.41402579001339745
1328348295.0,0.4403367737342023
1328350995.0,0.5126238955637064
1328353695.0,0.4821488193480832
1328356395.0,0.48705176405275097
1328359095.0,0.44782082007600366
1328361795.0,0.4605920715948173
1328364495.0,0.424910067113899
1328367195.0,0.42033271947434514
1328369895.0,0.38341828462927197
1328372595.0,0.3134114074450167
1328375295.0,-0.6452085739538802
1328377995.0,-0.9049231848126738
1328380695.0,-0.8799142576561962
1328383395.0,-0.907392627154195
1328386095.0,-0.8623739418792411
1328388795.0,-0.9328072502975147
1328391495.0,-0.9114262705666647
1328394195.0,0.5839488838574312
1328396895.0,0.9266151230049786
1328399595.0,0.9733744451419284
1328402295.0,1.0202620559053344
1328404995.0,0.9990569431219001
1328407695.0,1.0019710962557156
1328410395.0,1.0117957582430677
1328413095.0,0.9951905774280476
1328415795.0,1.0223215697712362
1328418495.0,1.091559830788924
1328421195.0,1.0538687941822218
1328423895.0,1.034327291286445
1328426595.0,-0.26805312134735004
1328429295.0,-0.29039670487827607
1328431995.0,-0.3450056358694269
1328434695.0,-0.37271492577838217
1328437395.0,-0.2862605322179661
1328440095.0,-0.30081666677199337
1328442795.0,-0.19465016513879618
1328445495.0,-0.36127252404378396
1328448195.0,-0.3545284587743254
1328450895.0,-0.2500536432266358
1328453595.0,-0.2914712886932307
1328456295.0,-0.27912621724885867
1328458995.0,-0.2962694756828341
1328461695.0,-0.2919770414717391
1328464395.0,-0.2919363006832896
1328467095.0,-0.2477666344321392
1328469795.0,-0.23908620110699985
1328472495.0,-0.25060272738937783
1328475195.0,-0.3178934634517532
1328477895.0,1.3931256825914033
1328480595.0,1.5470370544533694
1328483295.0,1.6255301009662162
1328485995.0,1.5890754677292307
1328488695.0,1.59587302621253
1328491395.0,1.5930562973230167
1328494095.0,1.569116429123028
1328496795.0,1.5769064679255393
1328499495.0,0.5241426101895286
1328502195.0,-0.0008030846311157802
1328504895.0,-0.03141195078933379
1328507595.0,0.03716525135257598
1328510295.0,0.02742393356993489
1328512995.0,0.10249399161790507
1328515695.0,1.3660566062712292
1328518395.0,1.4212966466362786
1328521095.0,1.4122199281804342
1328523795.0,1.4337281819165923
1328526495.0,1.388562664587596
1328529195.0,1.5080740517663003
1328531895.0,1.3442384183668423
1328534595.0,1.3351190695793775
1328537295.0,1.2848955976228353
1328539995.0,1.3556524172079207
1328542695.0,1.3610463782731586
1328545395.0,1.3872857812416441
1328548095.0,1.3865683032444736
1328550795.0,1.3568026377211027
1328553495.0,1.394651432955584
1328556195.0,1.4330283460139412
1328558895.0,1.432868995567901
1328561595.0,2.638900669920531
1328564295.0,2.7431674944235738
1328566995.0,2.7788562282495377
1328569695.0,2.8234622890344667
1328572395.0,2.843674078084348
1328575095.0,2.770684062550515
1328577795.0,1.7986452093910543
1328580495.0,1.116156475743196
1328583195.0,1.019642151740186
1328585895.0,1.0425325908462355
1328588595.0,1.0304005777350653
1328591295.0,1.1044765871973254
1328593995.0,1.1060135896785255
1328596695.0,1.1442181554938315
1328599395.0,1.2448475244758583
1328602095.0,2.5218830081398096
1328604795.0,2.541637779004759
1328607495.0,2.54766677207067
1328610195.0,2.5978288054379846
1328612895.0,2.5264134021322775
1328615595.0,2.6160005617797992
1328618295.0,2.437427186702962
1328620995.0,2.484561131097678
1328623695.0,2.4646458604324835
1328626395.0,2.5043006097350258
1328629095.0,2.43847748227671
1328631795.0,2.473188753188026
1328634495.0,2.3649205746321513
1328637195.0,2.4558272213225223
1328639895.0,2.528236637211819
1328642595.0,2.5201938160930126
1328645295.0,2.5983785137691484
1328647995.0,2.55745678222911
1328650695.0,3.8661870948138812
1328653395.0,3.9025056018618898
1328656095.0,3.963792272292494
1328658795.0,2.2997448361976467
1328661495.0,2.1632850240641233
1328664195.0,2.1513989673113088
1328666895.0,2.095530100166343
1328669595.0,2.1492857255901185
1328672295.0,2.109308479306776
1328674995.0,2.108130207071042
1328677695.0,2.1507729080062745
1328680395.0,2.0903364008342464
1328683095.0,2.0976565407206067
1328685795.0,2.1516465999436605
1328688495.0,2.966644326123628
1328691195.0,2.263324669820406
1328693895.0,2.241928324460389
1328696595.0,2.2921251021483044
1328699295.0,2.253025931501327
1328701995.0,2.295421491552702
1328704695.0,2.196433916912781
1328707395.0,2.2038823475348863
1328710095.0,2.285268285699317
1328712795.0,2.2822607890728364
1328715495.0,2.20820644227274
1328718195.0,2.242202092577145
1328720895.0,2.2010433935788
1328723595.0,2.206808903895876
1328726295.0,2.2661364759240996
1328728995.0,2.2848351579240784
1328731695.0,2.3511693133527842
1328734395.0,2.279049060138675
1328737095.0,2.324164920634587
1328739795.0,3.593190461654615
1328742495.0,3.7044305221706395
1328745195.0,2.952749904570169
1328747895.0,2.2799174145820302
1328750595.0,2.236276692821548
1328753295.0,2.1447029555732797
1328755995.0,2.1428190497646256
1328758695.0,2.138447314495636
1328761395.0,2.0970880949020625
1328764095.0,2.1486956254274787
1328766795.0,2.147054445758897
1328769495.0,2.1852855231279023
1328772195.0,2.260674933692826
1328774895.0,2.2961430605291184
1328777595.0,3.1851421265214412
1328780295.0,3.520096411837528
1328782995.0,3.6217133043249987
1328785695.0,3.553457321061387
1328788395.0,3.527962819861898
1328791095.0,3.352086276750356
1328793795.0,3.439228762573407
1328796495.0,3.451572168546363
1328799195.0,3.4413909673004355
1328801895.0,3.5075564917630118
1328804595.0,3.487111592500014
1328807295.0,3.4502189353216295
1328809995.0,3.4262065136722413
1328812695.0,3.485452278904006
1328815395.0,3.485278814041692
1328818095.0,3.51927301863725
1328820795.0,3.561832212811055
1328823495.0,3.4869738460195094
1328826195.0,3.499345432720304
1328828895.0,4.704703520025362
1328831595.0,4.0062099652743655
1328834295.0,3.125638685992442
1328836995.0,3.100451577078843
1328839695.0,3.0447923208431575
1328842395.0,2.9810364276069663
1328845095.0,3.0147510355815825
1328847795.0,2.9952545845509917
1328850495.0,3.0458571716630445
1328853195.0,2.982073229664593
1328855895.0,3.006545639459489
1328858595.0,2.924200346181692
1328861295.0,2.0074536560683782
1328863995.0,1.926082175032377
1328866695.0,1.9738135589595345
1328869395.0,3.083719609874038
1328872095.0,3.114990319815263
1328874795.0,3.1737397495893447
1328877495.0,3.1812086552944834
1328880195.0,3.2423859094592444
1328882895.0,3.1571659304286754
1328885595.0,3.1300920307895126
1328888295.0,3.1249217712157815
1328890995.0,3.1247956035822426
1328893695.0,3.0773252262044366
1328896395.0,3.095573257381659
1328899095.0,3.1160450139501563
1328901795.0,3.1758938135669723
1328904495.0,3.145646762009278
1328907195.0,3.1220551048998573
1328909895.0,3.081291052212464
1328912595.0,3.1535155938790354
1328915295.0,3.179279010548157
1328917995.0,3.6390119191206054
1328920695.0,3.0817271871968615
1328923395.0,3.0536059052064957
1328926095.0,2.9539481419140543
1328928795.0,2.99423180495819
1328931495.0,3.020793787407399
1328934195.0,2.957134555158234
1328936895.0,3.0028621434893807
1328939595.0,2.95995330976956
1328942295.0,3.017497949181461
1328944995.0,3.0095519493398797
1328947695.0,2.9657415151473856
1328950395.0,2.9362253893642674
1328953095.0,1.8818499880288186
1328955795.0,1.8024980834547364
1328958495.0,1.8291820874839573
1328961195.0,1.9106755031575062
1328963895.0,1.8573896971972204
1328966595.0,1.7065041973407915
1328969295.0,1.7840075892343634
1328971995.0,1.7893050258579137
1328974695.0,1.7421594888514278
1328977395.0,1.7602100501749192
1328980095.0,1.7613748299259555
1328982795.0,1.778785885347304
1328985495.0,1.7544887459430356
1328988195.0,1.765949043362241
1328990895.0,1.7748626434113817
1328993595.0,1.7154686671347008
1328996295.0,1.7267281573562627
1328998995.0,1.7482948875803572
1329001695.0,1.7186465291977129
1329004395.0,1.729364871797486
1329007095.0,1.6726519835768272
1329009795.0,1.706842078289469
1329012495.0,3.4101644247967897
1329015195.0,2.251888173298994
1329017895.0,2.1669421259176147
1329020595.0,2.067371900099033
1329023295.0,2.1396362681254004
1329025995.0,2.146537426741588
1329028695.0,2.18443587121601
1329031395.0,2.187694382864038
1329034095.0,2.1537737986658954
1329036795.0,2.137237744465324
1329039495.0,2.1019738330580253
1329042195.0,2.106820422835767
1329044895.0,2.141235400895823
1329047595.0,2.1638799031880467
1329050295.0,2.0924082185308635
1329052995.0,2.1348918675330424
1329055695.0,2.0887086952036498
1329058395.0,2.1855950158876567
1329061095.0,2.1411555686408974
1329063795.0,2.2349872018991164
1329066495.0,2.0126414664502477
1329069195.0,2.0328894991155266
1329071895.0,2.2835840824069464
1329074595.0,2.1715052762615983
1329077295.0,2.247726322436563
1329079995.0,2.1721482074568144
1329082695.0,2.1930327350714833
1329085395.0,2.185494275691269
1329088095.0,2.1414094859734405
1329090795.0,2.1225625683232465
1329093495.0,2.111849106759962
1329096195.0,2.112520438666195
1329098895.0,2.106041678170243
1329101595.0,1.3051517504268304
1329104295.0,2.1134440290291536
1329106995.0,2.1498346899869034
1329109695.0,2.2301741474342975
1329112395.0,2.219480226775545
1329115095.0,2.2370597124552773
1329117795.0,2.249050175457967
1329120495.0,2.252278876432399
1329123195.0,2.230847092592569
1329125895.0,2.246771137278472
1329128595.0,2.1705821244705135
1329131295.0,1.5904509489747056
1329133995.0,1.1303222056751565
1329136695.0,0.8941522643854114
1329139395.0,0.9725253991751401
1329142095.0,0.9853904549701156
1329144795.0,0.9873717500537964
1329147495.0,0.9537744911308437
1329150195.0,0.9420120507093657
1329152895.0,0.9331090838126102
1329155595.0,0.9180463260126999
1329158295.0,0.9300204438435458
1329160995.0,0.911098133117207
1329163695.0,0.9680295697575616
1329166395.0,0.9671752363238397
1329169095.0,0.9586944542853644
1329171795.0,0.9838797644785586
1329174495.0,0.9579784556037794
1329177195.0,0.9049252236922598
1329179895.0,0.877236876303698
1329182595.0,0.9276189106882953
1329185295.0,0.901749502275095
1329187995.0,2.610581001671676
1329190695.0,2.7028244163259387
1329193395.0,1.3786040861295419
1329196095.0,1.2607359109651384
1329198795.0,1.2541995833734632
1329201495.0,1.2892142810496807
1329204195.0,1.326296723371172
1329206895.0,1.3521934121999948
1329209595.0,1.3186485391528322
1329212295.0,1.3438258887985626
1329214995.0,1.299879836965772
1329217695.0,1.342779695840079
1329220395.0,2.356661951271235
1329223095.0,2.34091820731021
1329225795.0,2.4452344496917817
1329228495.0,2.3835413536656347
1329231195.0,2.3722141268195287
1329233895.0,2.3569925295916505
1329236595.0,2.317948315466765
1329239295.0,2.3520777317181114
1329241995.0,2.3797978135805806
1329244695.0,2.368412273781132
1329247395.0,2.420298903183891
1329250095.0,2.4478626594248567
1329252795.0,2.420985678291686
1329255495.0,2.4628508423958806
1329258195.0,2.4754265912484925
1329260895.0,2.4709089745832102
1329263595.0,2.4864163242971813
1329266295.0,2.4426623661289
1329268995.0,2.411980792960321
1329271695.0,2.3984194650502104
1329274395.0,2.428981222112668
1329277095.0,2.4302923304190927
1329279795.0,1.2405944345092053
1329282495.0,0.7065565163842962
1329285195.0,0.7249771863932892
1329287895.0,0.7635196439377978
1329290595.0,0.7083921315280577
1329293295.0,0.6657503037754964
1329295995.0,1.9447488782011533
1329298695.0,2.4036906291162268
1329301395.0,2.338570882345266
1329304095.0,2.3346850871850506
1329306795.0,2.332083367289215
1329309495.0,1.4447698625010617
1329312195.0,1.246848526602946
1329314895.0,1.0928725812239009
1329317595.0,1.018352865676036
1329320295.0,0.9877584266001804
1329322995.0,0.9323425833014198
1329325695.0,0.9767380155553269
1329328395.0,1.0645525381793846
1329331095.0,1.0762801281365455
1329333795.0,1.1152149791018928
1329336495.0,1.1306688174167334
1329339195.0,2.1592984482204542
1329341895.0,2.493207962222016
1329344595.0,2.5206321831536798
1329347295.0,2.5385994289595146
1329349995.0,2.574344073336249
1329352695.0,2.478752999938365
1329355395.0,2.4833563070122295
1329358095.0,2.4783845448571356
1329360795.0,2.4594489156905297
1329363495.0,2.461230408411325
1329366195.0,2.5112414392694404
1329368895.0,2.506357972974058
1329371595.0,2.4901990286123805
1329374295.0,2.493601557744171
1329376995.0,1.1332408344613327
1329379695.0,1.00290626475595
1329382395.0,0.9648422733448001
1329385095.0,2.0375830109434787
1329387795.0,2.33047739646571
1329390495.0,2.416291888579906
1329393195.0,2.4146584958874655
1329395895.0,2.253908405912682
1329398595.0,2.292485290037689
1329401295.0,2.2374435635993564
1329403995.0,2.2295968433358553
1329406695.0,2.1837446686250814
1329409395.0,2.10484643656946
1329412095.0,2.117114839648252
1329414795.0,2.1861924066601546
1329417495.0,2.1843057805429
1329420195.0,2.210072120797065
1329422895.0,2.2004280892231805
1329425595.0,2.434245309317191
1329428295.0,3.4909984896302717
1329430995.0,3.5627262015854626
1329433695.0,3.587425194711386
1329436395.0,3.629378201310658
1329439095.0,3.536402872295014
1329441795.0,3.5004691151733027
1329444495.0,3.483810988542359
1329447195.0,3.442901139173557
1329449895.0,1.8888935561152493
1329452595.0,1.8112749512757773
1329455295.0,1.806386876617637
1329457995.0,1.87520160716673
1329460695.0,1.8696445256379093
1329463395.0,1.875930745824519
1329466095.0,1.9374739588113243
1329468795.0,1.9158304193417166
1329471495.0,1.9122695289852913
1329474195.0,1.8749508778864765
1329476895.0,1.912322650386102
1329479595.0,3.1870688335085333
1329482295.0,2.1971553186685355
1329484995.0,2.0258853131364845
1329487695.0,1.9982189957550531
1329490395.0,1.9992046174482994
1329493095.0,1.9370768946791372
1329495795.0,1.9046931806965404
1329498495.0,1.9228517380832955
1329501195.0,1.9274847706430478
1329503895.0,1.937998151458487
1329506595.0,1.9854915572844902
1329509295.0,2.002866492814576
1329511995.0,1.9867188608516244
1329514695.0,2.0641266085217467
1329517395.0,3.129391042322993
1329520095.0,3.277097243042249
1329522795.0,3.267877312173937
1329525495.0,3.2226226867376795
1329528195.0,3.2090489235670248
1329530895.0,3.180457473267438
1329533595.0,3.246902630531679
1329536295.0,3.1671208109769964
1329538995.0,2.055383703528321
1329541695.0,1.8480436326902918
1329544395.0,1.8864493765792645
1329547095.0,1.898989223935871
1329549795.0,1.9167933699619653
1329552495.0,1.8991144455988547
1329555195.0,1.8535580138481578
1329557895.0,1.8235926953033754
1329560595.0,1.7552821223178512
1329563295.0,1.7641668252927047
1329565995.0,1.8554003815845022
1329568695.0,1.8185416491446063
1329571395.0,1.815890257841943
1329574095.0,1.7893185680539432
1329576795.0,1.7479565649840652
1329579495.0,1.6832887254275306
1329582195.0,0.5609726256689669
1329584895.0,0.4079700851610255
1329587595.0,0.4623482706521145
1329590295.0,0.48869682867689335
1329592995.0,0.5604676898227581
1329595695.0,0.5645696976167756
1329598395.0,1.2411344738486605
1329601095.0,2.2673751618541473
1329603795.0,2.3920012424645165
1329606495.0,2.3857714525903475
1329609195.0,2.385860697540977
1329611895.0,2.3809372749616386
1329614595.0,2.3526822968071315
1329617295.0,2.3873669235900365
1329619995.0,2.375940916538468
1329622695.0,2.427064626005574
1329625395.0,2.5281168546232493
1329628095.0,2.4540828667715573
1329630795.0,2.487830709581033
1329633495.0,2.5269570806398747
1329636195.0,2.53354875788699
1329638895.0,2.5042530020391496
1329641595.0,1.3155016450631933
1329644295.0,1.0942471075462095
1329646995.0,1.0455046468168803
1329649695.0,1.0757308607134064
1329652395.0,1.0786739055974977
1329655095.0,1.1224921260297265
1329657795.0,1.1842155402899834
1329660495.0,1.1184809234547402
1329663195.0,1.1032806202422307
1329665895.0,1.0590926249194013
1329668595.0,0.9942727010482031
1329671295.0,0.9966951780054387
1329673995.0,1.014280322501918
1329676695.0,0.9918479277480401
1329679395.0,1.026493292712189
1329682095.0,2.6825614164081912
1329684795.0,2.7464863887663
1329687495.0,2.8138262257450037
1329690195.0,2.8821718980929063
1329692895.0,2.9128218943424713
1329695595.0,2.907777964756633
1329698295.0,2.9051715396103646
1329700995.0,2.9028330529656614
1329703695.0,2.9323979905101396
1329706395.0,2.9408447275230856
1329709095.0,2.9116755487557953
1329711795.0,2.9695638566548723
1329714495.0,1.491588692675009
1329717195.0,1.442975923825088
1329719895.0,1.4924902372939641
1329722595.0,1.4889004986317786
1329725295.0,1.511809026481501
1329727995.0,1.4694425348595246
1329730695.0,1.5028103863051
1329733395.0,1.4707658993476684
1329736095.0,1.471453909743218
1329738795.0,1.4937444713194168
1329741495.0,1.2285050239233328
1329744195.0,1.4076319199335217
1329746895.0,1.3733151862037971
1329749595.0,1.4135203908751919
1329752295.0,1.4077957776422068
1329754995.0,1.3806376592174274
1329757695.0,1.3429848972721743
1329760395.0,1.3329366021387727
1329763095.0,1.3619605828528734
1329765795.0,1.421287517726057
1329768495.0,1.4385703475876426
1329771195.0,3.021982063753626
1329773895.0,3.2649377246384006
1329776595.0,3.32358277104413
1329779295.0,3.350177900448557
1329781995.0,3.299730086489035
1329784695.0,3.3256833939893227
1329787395.0,3.2191038774587923
1329790095.0,1.7474444617441804
1329792795.0,1.6585443010678205
1329795495.0,1.6692382420357035
1329798195.0,1.716112995958099
1329800895.0,1.7469474083263208
1329803595.0,1.8546016372949339
1329806295.0,3.019955023666455
1329808995.0,3.1557573440702527
1329811695.0,3.1980707193541775
1329814395.0,3.1867083216024525
1329817095.0,3.2297781273394435
1329819795.0,3.135838741922612
1329822495.0,3.1039374733180125
1329825195.0,3.1960116774515086
1329827895.0,3.594860077696069
1329830595.0,3.0928289489894496
1329833295.0,3.104187488871787
1329835995.0,3.119610490617788
1329838695.0,3.1225554915401403
1329841395.0,3.1519246441152404
1329844095.0,3.1000055595156937
1329846795.0,3.125362484200423
1329849495.0,3.1580450120014234
1329852195.0,3.1468785479340795
1329854895.0,3.1598715054127524
1329857595.0,3.2198070468509172
1329860295.0,4.495621414225866
1329862995.0,2.903643898502537
1329865695.0,2.854823155005647
1329868395.0,2.8512163058260285
1329871095.0,2.8315213908062447
1329873795.0,2.7233712044061917
1329876495.0,2.754624414689374
1329879195.0,2.8267582594348255
1329881895.0,2.832364860123448
1329884595.0,2.889860501007547
1329887295.0,2.9158497381616257
1329889995.0,2.9764842202936848
1329892695.0,3.0493006706451524
1329895395.0,4.15380024371251
1329898095.0,3.210698253868429
1329900795.0,2.942938972855927
1329903495.0,2.88045471331003
1329906195.0,2.87433220626707
1329908895.0,2.882928010089529
1329911595.0,2.8219972848390853
1329914295.0,3.011606244431789
1329916995.0,2.9299918692016718
1329919695.0,2.8598562297701733
1329922395.0,2.7797190951594644
1329925095.0,2.8215110567722945
1329927795.0,2.8254051118563552
1329930495.0,2.8413985831085142
1329933195.0,2.9291197772617465
1329935895.0,2.969840999643111
1329938595.0,2.9661237727792695
1329941295.0,2.8937940250012844
1329943995.0,2.9393423460696795
1329946695.0,4.153799465842781
1329949395.0,3.0190846870616497
1329952095.0,2.9530567260148928
1329954795.0,2.8987491280194035
1329957495.0,2.908246441718518
1329960195.0,2.8070438946499507
1329962895.0,2.8335008203677603
1329965595.0,2.8446945229819107
1329968295.0,2.8586855544411947
1329970995.0,2.9913000339219593
1329973695.0,2.9999303285514998
1329976395.0,3.0576370705688305
1329979095.0,3.0518661680228547
1329981795.0,3.135027778958147
1329984495.0,4.207013619548377
1329987195.0,3.3112803481998867
1329989895.0,3.0097789869487883
1329992595.0,2.9947910968031124
1329995295.0,2.9505678674923956
1329997995.0,3.032003926736536
1330000695.0,3.049608885691555
1330003395.0,3.0206218688464332
1330006095.0,3.0980222044352104
1330008795.0,3.042014729102732
1330011495.0,3.0222515102712464
1330014195.0,3.0495614376201843
1330016895.0,2.992247589863439
1330019595.0,3.0056072747927374
1330022295.0,2.9927386381903602
1330024995.0,3.0873023216541924
1330027695.0,3.025821487865869
1330030395.0,3.034608013539412
1330033095.0,3.032295978912771
1330035795.0,3.99252010428512
1330038495.0,3.0922621616663832
1330041195.0,3.0532492043282673
1330043895.0,2.999456392453851
1330046595.0,2.96889189474183
1330049295.0,2.923595986567989
1330051995.0,2.953613087890403
1330054695.0,2.990349608460349
1330057395.0,3.0644174842063308
1330060095.0,3.0770323034996636
1330062795.0,3.0955241368156408
1330065495.0,3.1065396169104247
1330068195.0,3.260200301248915
1330070895.0,4.040653290405999
1330073595.0,3.751539764684651
1330076295.0,3.0454397278094234
1330078995.0,2.990553764948743
1330081695.0,2.9398352985120937
1330084395.0,2.781676901850915
1330087095.0,3.0974992754726145
1330089795.0,3.0252664535515805
1330092495.0,3.015052251255611
1330095195.0,3.026014601334168
1330097895.0,2.9691833126860843
1330100595.0,3.0009430259564738
1330103295.0,2.989332072997115
1330105995.0,3.008846855416209
1330108695.0,3.0042143486853092
1330111395.0,3.047216513671458
1330114095.0,3.050644972894986
1330116795.0,3.058568255479827
1330119495.0,3.041662837979743
1330122195.0,4.021224760203211
1330124895.0,3.587929946174256
1330127595.0,3.0155206656393716
1330130295.0,2.9798207699374757
1330132995.0,2.943795008058885
1330135695.0,2.9814540870051474
1330138395.0,2.9676326409625062
1330141095.0,3.017215262584841
1330143795.0,3.003113782117339
1330146495.0,2.984635554019121
1330149195.0,2.9927733039751843
1330151895.0,3.0586148599052194
1330154595.0,3.031203745959374
1330157295.0,3.0513558242677163
1330159995.0,3.1027448092508507
1330162695.0,4.145075563448131
1330165395.0,4.140190518123632
1330168095.0,4.139368690402819
1330170795.0,4.1545218158568105
1330173495.0,3.8113091724207493
1330176195.0,3.0558789214225612
1330178895.0,2.971124644040515
1330181595.0,2.9085245808995523
1330184295.0,2.886626518440039
1330186995.0,2.8816480970391467
1330189695.0,2.9229742778522336
1330192395.0,2.920529898352811
1330195095.0,2.964419829756025
1330197795.0,3.036174399190486
1330200495.0,2.978413164789913
1330203195.0,3.0056530265499077
1330205895.0,3.0300476146265964
1330208595.0,3.0570048256673203
1330211295.0,3.0817158252033323
1330213995.0,3.669016151307005
1330216695.0,4.318097399076919
1330219395.0,4.327237730629918
1330222095.0,4.360968307365056
1330224795.0,4.311695675148087
1330227495.0,4.378201694739175
1330230195.0,4.301016639110117
1330232895.0,4.275633450309897
1330235595.0,4.266189946421946
1330238295.0,2.9365450361685816
1330240995.0,2.829640012502068
1330243695.0,2.8322681885513816
1330246395.0,2.817577274027883
1330249095.0,2.7453181156681694
1330251795.0,2.839221927918061
1330254495.0,3.4642681887876847
1330257195.0,4.023073078610594
1330259895.0,4.161355348127472
1330262595.0,4.102902621798705
1330265295.0,4.05692993218031
1330267995.0,4.03303822916655
1330270695.0,3.9531506495264352
1330273395.0,3.996031757032256
1330276095.0,4.008428653505462
1330278795.0,4.023210971794981
1330281495.0,4.075691609584851
1330284195.0,4.121034080884556
1330286895.0,4.073521487074345
1330289595.0,4.12216355081631
1330292295.0,4.060597877619955
1330294995.0,4.124276364668788
1330297695.0,4.156061962492856
1330300395.0,4.094464354473928
1330303095.0,3.039437567991456
1330305795.0,2.488200402532925
1330308495.0,2.3957649531339484
1330311195.0,2.3729260198995803
1330313895.0,2.4385377575578673
1330316595.0,2.4099017594037377
1330319295.0,2.3852222717131326
1330321995.0,2.396436641601838
1330324695.0,2.3869151316371244
1330327395.0,2.446882245343261
1330330095.0,2.401282001575794
1330332795.0,2.425122074715034
1330335495.0,4.006219836220737
1330338195.0,3.709598035829572
1330340895.0,2.908929569948384
1330343595.0,2.911789262326238
1330346295.0,2.827218512227205
1330348995.0,2.7919628233481717
1330351695.0,2.7951083763414317
1330354395.0,2.7870106545613
1330357095.0,2.795947727942405
1330359795.0,2.786384140610835
1330362495.0,2.83512715718291
1330365195.0,2.8803104469281493
1330367895.0,2.914685525366565
1330370595.0,2.898010527115673
1330373295.0,2.8558996915626835
1330375995.0,2.9191184108860284
1330378695.0,4.003644745348652
1330381395.0,4.2256717459827655
1330384095.0,4.301532227437178
1330386795.0,4.227691471433616
1330389495.0,4.22677968694336
1330392195.0,4.253433239058211
1330394895.0,3.9942585597640914
1330397595.0,2.77487052512339
1330400295.0,2.734176714837531
1330402995.0,2.7590599960996087
1330405695.0,2.806469707506153
1330408395.0,2.753552925450549
1330411095.0,2.7979072711444246
1330413795.0,2.8283664079767163
1330416495.0,2.8219456062239487
1330419195.0,2.8002337294448694
1330421895.0,2.729896024482173
1330424595.0,3.8570149229628328
1330427295.0,4.0070335250114795
1330429995.0,4.0807751030621375
1330432695.0,3.954309066870394
1330435395.0,3.962792120276106
1330438095.0,3.9796658983901807
1330440795.0,3.918055520418193
1330443495.0,3.938012305579491
1330446195.0,3.9114449328250203
1330448895.0,3.9283372652164417
1330451595.0,3.9787334720522267
1330454295.0,3.9872660419196677
1330456995.0,4.000229090806215
1330459695.0,3.934983165122162
1330462395.0,3.985096577061711
1330465095.0,4.02160571334781
1330467795.0,4.146433567973418
1330470495.0,5.29514010432473
1330473195.0,5.368916011905412
1330475895.0,5.33889813532187
1330478595.0,5.30812886323065
1330481295.0,5.331266388061124
1330483995.0,5.2612867786833135
1330486695.0,4.049004940768384
1330489395.0,3.4876367357433082
1330492095.0,3.4428491313804557
1330494795.0,3.423022777802146
1330497495.0,3.4638522573073374
1330500195.0,3.4745159342208467
1330502895.0,3.4855087005832956
1330505595.0,3.4790431745515775
1330508295.0,3.3875419682424877
1330510995.0,3.3729269563177127
1330513695.0,3.3533268583053655
1330516395.0,3.428744845638448
1330519095.0,4.2967951842184675
1330521795.0,3.481881613466271
1330524495.0,3.4243451372709046
1330527195.0,3.4376899402294043
1330529895.0,3.3729945323188417
1330532595.0,3.3239999840426435
1330535295.0,3.373978410772736
1330537995.0,3.432201502267276
1330540695.0,3.4416643975737884
1330543395.0,3.4602467134080825
1330546095.0,3.423894758473182
1330548795.0,3.3805220870394805
1330551495.0,3.390242958350882
1330554195.0,3.3628158637898764
1330556895.0,3.3524850124243812
1330559595.0,3.408404594073204
1330562295.0,3.3574884817889483
1330564995.0,3.396118802420915
1330567695.0,3.409183985149639
1330570395.0,3.409877593269073
1330573095.0,3.4973861698002793
1330575795.0,3.481068815446122
1330578495.0,2.2084936977096845
1330581195.0,2.121674807387194
1330583895.0,2.1182581198267485
1330586595.0,2.1320801888627443
1330589295.0,2.127130434724222
1330591995.0,2.0677644875185024
1330594695.0,2.0417492184411685
1330597395.0,1.8516215153470057
1330600095.0,1.7894933383100806
1330602795.0,1.8538563157512158
1330605495.0,1.7243417496149505
1330608195.0,1.660160688348526
1330610895.0,1.6762139638527742
1330613595.0,1.719093039048687
1330616295.0,1.7100357245401483
1330618995.0,1.750591539879622
1330621695.0,1.786429469262373
1330624395.0,1.7821233591684518
1330627095.0,3.6779982537934757
1330629795.0,3.6729621320768615
1330632495.0,3.6903998310718293
1330635195.0,3.7678204897891305
1330637895.0,3.7464478829000996
1330640595.0,3.766282700904071
1330643295.0,3.7884361359329546
1330645995.0,3.8033739376978133
1330648695.0,3.761478024417329
1330651395.0,3.799932093504367
1330654095.0,3.755170677160322
1330656795.0,3.7356587730628235
1330659495.0,3.519850532206533
1330662195.0,2.1345112045366363
1330664895.0,2.0489959631898955
1330667595.0,2.075054449655852
1330670295.0,2.009576492432302
1330672995.0,2.0517175297649146
1330675695.0,2.0265689258151838
1330678395.0,2.034734706370614
1330681095.0,2.026453711870431
1330683795.0,1.9864943051580326
1330686495.0,1.9781969050863495
1330689195.0,1.9553030998213785
1330691895.0,1.9051881004457414
1330694595.0,1.8337161007171972
1330697295.0,1.279026243092801
1330699995.0,0.6790659811762794
1330702695.0,0.6201462657754178
1330705395.0,0.6031873186921075
1330708095.0,1.4770290607264656
1330710795.0,2.392620341099814
1330713495.0,2.4990142698975433
1330716195.0,2.5077691807829297
1330718895.0,2.4413595969454605
1330721595.0,2.533091374489004
1330724295.0,2.522705960650228
1330726995.0,2.547002713617019
1330729695.0,2.5798918709712666
1330732395.0,2.5786031450684845
1330735095.0,2.582434151097459
1330737795.0,2.5229708818562813
1330740495.0,2.5884012627213338
1330743195.0,2.558678978704563
1330745895.0,2.561612736003042
1330748595.0,2.603114923567773
1330751295.0,2.649368817589618
1330753995.0,2.557055793960103
1330756695.0,1.4413477491800109
1330759395.0,1.2711690938920697
1330762095.0,1.2065728687728665
1330764795.0,1.1672499305778388
1330767495.0,1.087424273158149
1330770195.0,1.0627806065706409
1330772895.0,1.0904274237408913
1330775595.0,1.1791451844641756
1330778295.0,1.0455146131519086
1330780995.0,1.0069080876003795
1330783695.0,1.0163215548265612
1330786395.0,0.9971331427057635
1330789095.0,0.9181896586194966
1330791795.0,0.9589844035592705
1330794495.0,0.9688533546917597
1330797195.0,2.548315671430089
1330799895.0,2.8414715360349305
1330802595.0,2.9371999889958715
1330805295.0,2.9440494774479475
1330807995.0,3.0375484352875333
1330810695.0,3.027194585759389
1330813395.0,3.052254485847129
1330816095.0,3.046765889930157
1330818795.0,1.629029986710691
1330821495.0,1.4097043848602198
1330824195.0,1.475047519559439
1330826895.0,1.5165938141433912
1330829595.0,1.4382455874778088
1330832295.0,1.4817509093915078
1330834995.0,1.499184651100336
1330837695.0,1.5057529815342718
1330840395.0,1.479708242923607
1330843095.0,1.5463099307025914
1330845795.0,1.6004510217342158
1330848495.0,1.5467345885126633
1330851195.0,1.5319706206582282
1330853895.0,1.5096954358178891
1330856595.0,1.5136036833570756
1330859295.0,0.9542913421197454
1330861995.0,0.25539217651805757
1330864695.0,0.1824446957649002
1330867395.0,0.13191018883020433
1330870095.0,0.09750868812898261
1330872795.0,0.11761702423689258
1330875495.0,0.09930053837842934
1330878195.0,0.1511753622602896
1330880895.0,0.17915938511981722
1330883595.0,0.20409310147704218
1330886295.0,1.9047898086948862
1330888995.0,2.036326852506363
1330891695.0,2.059245116847819
1330894395.0,2.1091948238981786
1330897095.0,2.1182731022423127
1330899795.0,2.118356937074111
1330902495.0,2.1849320791644686
1330905195.0,1.4130021415996339
1330907895.0,0.872161801298148
1330910595.0,0.8521173530731971
1330913295.0,0.8295183537068169
1330915995.0,0.7805513480752211
1330918695.0,0.8431336669808047
1330921395.0,0.8560763605573811
1330924095.0,0.8933667146382618
1330926795.0,0.8945785316880119
1330929495.0,0.9257154068062619
1330932195.0,0.9685270844480556
1330934895.0,0.9418917498563815
1330937595.0,0.9811902593111768
1330940295.0,0.9605591415787558
1330942995.0,0.9880172503396807
1330945695.0,0.9797096348571586
1330948395.0,1.0881331757032058
1330951095.0,1.0229203070490485
1330953795.0,1.01450682447188
1330956495.0,0.9899842949203617
1330959195.0,0.8857264406355512
1330961895.0,0.7703814974461807
1330964595.0,-0.36106462610769086
1330967295.0,-0.4301355184819613
1330969995.0,-0.4399855210435817
1330972695.0,-0.40492478439966817
1330975395.0,0.3960988323295851
1330978095.0,1.445111427617121
1330980795.0,1.5386528348954016
1330983495.0,1.5327172068365371
1330986195.0,1.5568822795401616
1330988895.0,1.6592339443446917
1330991595.0,1.5744222683229054
1330994295.0,1.5811297612750081
1330996995.0,1.608676883158978
1330999695.0,1.5368458144764645
1331002395.0,1.5319695985771205
1331005095.0,1.5832909366624222
1331007795.0,1.568382191606588
1331010495.0,1.5559924193437382
1331013195.0,1.5508538317894818
1331015895.0,1.5758214804062618
1331018595.0,1.6309355174681173
1331021295.0,1.7200622927749691
1331023995.0,1.7485456748644879
1331026695.0,2.8774376176922942
1331029395.0,3.182558841885168
1331032095.0,3.232905261863664
1331034795.0,3.348520520256443
1331037495.0,3.210381278664613
1331040195.0,3.1843526825856543
1331042895.0,3.1362039292707777
1331045595.0,3.1456934890534853
1331048295.0,3.2155872145075364
1331050995.0,3.1644168064466953
1331053695.0,3.2274253738605694
1331056395.0,3.18124825379374
1331059095.0,3.2847499162538725
1331061795.0,3.257056728653879
1331064495.0,3.578854415045157
1331067195.0,2.780177658317257
1331069895.0,2.684579910933735
1331072595.0,2.7030487853099316
1331075295.0,2.692047159588128
1331077995.0,2.6834354068976154
1331080695.0,2.6628526654109237
1331083395.0,2.6741816523330613
1331086095.0,2.645541501398043
1331088795.0,2.658997170301461
1331091495.0,2.6478271148721433
1331094195.0,2.626938327448215
1331096895.0,2.5983956870755947
1331099595.0,2.649300904481038
1331102295.0,2.5785074715274163
1331104995.0,2.6011086236115375
1331107695.0,2.5921129340692346
1331110395.0,2.615927327567988
1331113095.0,3.645721257559444
1331115795.0,3.9724967467227543
1331118495.0,3.9585519914180054
1331121195.0,4.108699115299942
1331123895.0,3.980869841079425
1331126595.0,3.9782798427222588
1331129295.0,3.8918887299025187
1331131995.0,3.839792893565118
1331134695.0,3.8411034919965914
1331137395.0,3.892443052386909
1331140095.0,3.8866910012782796
1331142795.0,3.9129393447061602
1331145495.0,3.999842224378824
1331148195.0,3.9764511090548353
1331150895.0,4.023763105091348
1331153595.0,5.211997701095811
1331156295.0,5.435253712180099
1331158995.0,5.067288899553944
1331161695.0,3.7230139926963375
1331164395.0,3.6185373440805506
1331167095.0,3.5301663528201743
1331169795.0,3.504241170978503
1331172495.0,3.458885200737427
1331175195.0,3.3860478311714246
1331177895.0,3.3053379931890277
1331180595.0,3.2876439275815414
1331183295.0,3.2530385838050506
1331185995.0,3.3083736921726086
1331188695.0,3.2995478948463983
1331191395.0,3.312286712543653
1331194095.0,3.318870003450968
1331196795.0,3.3115351184850965
1331199495.0,3.632334350197141
1331202195.0,3.4109751771663923
1331204895.0,3.36303000655505
1331207595.0,3.457849367716449
1331210295.0,3.3595880843055284
1331212995.0,3.322620364441889
1331215695.0,3.272513747949006
1331218395.0,3.2787218941916194
1331221095.0,3.3337074335437364
1331223795.0,3.368570986653083
1331226495.0,3.4258670465203522
1331229195.0,3.4580620573295278
1331231895.0,3.4512190434617196
1331234595.0,3.4591084142210207
1331237295.0,3.4403856235945227
1331239995.0,3.382210635153399
1331242695.0,4.5762798421746425
1331245395.0,4.739418651780454
1331248095.0,4.732401487313609
1331250795.0,3.405584048261005
1331253495.0,3.2943379025131776
1331256195.0,3.251717819547821
1331258895.0,3.233305122306831
1331261595.0,3.268410256570462
1331264295.0,3.212252294909945
1331266995.0,3.2208426972871393
1331269695.0,3.2319813427735085
1331272395.0,3.1874648176751066
1331275095.0,3.214974454003368
1331277795.0,3.2271455284696344
1331280495.0,3.2199996677518357
1331283195.0,3.2599722780166758
1331285895.0,4.377158960456029
1331288595.0,4.50901441930921
1331291295.0,3.5137280623966944
1331293995.0,3.342509826804246
1331296695.0,3.253805737506866
1331299395.0,3.256310240713333
1331302095.0,3.204655167978501
1331304795.0,3.213297285257056
1331307495.0,3.1881397646498044
1331310195.0,3.203696873076751
1331312895.0,3.2557802586946423
1331315595.0,3.260138770672256
1331318295.0,3.285701908523208
1331320995.0,3.263705379369071
1331323695.0,3.3153822424345663
1331326395.0,3.2762973458213196
1331329095.0,3.288714118305222
1331331795.0,4.529138014978116
1331334495.0,4.602036160580894
1331337195.0,4.5614768038431635
1331339895.0,3.917316230921415
1331342595.0,3.3093120928323287
1331345295.0,3.2412854830041056
1331347995.0,3.285948757232518
1331350695.0,3.275221493209415
1331353395.0,3.3113741466435727
1331356095.0,3.2091499371041436
1331358795.0,3.2319416399217857
1331361495.0,3.2033730910999907
1331364195.0,3.2352163938904255
1331366895.0,3.1870156794123545
1331369595.0,3.163923609337587
1331372295.0,3.156046455041121
1331374995.0,3.1838275759295698
1331377695.0,3.6616938938006456
1331380395.0,4.296910709068243
1331383095.0,4.405264154084648
1331385795.0,4.4072923511456565
1331388495.0,4.382294156228511
1331391195.0,4.37741337734235
1331393895.0,4.38394785902409
1331396595.0,4.410115395893911
1331399295.0,4.4687901887981525
1331401995.0,4.483657075440931
1331404695.0,4.5272282237718855
1331407395.0,4.519376107067501
1331410095.0,4.515877259493095
1331412795.0,4.515131813956486
1331415495.0,4.491115898004296
1331418195.0,4.537864203091544
1331420895.0,4.5978098908611855
1331423595.0,5.54617806339877
1331426295.0,4.590095481277274
1331428995.0,4.030809276751825
1331431695.0,3.9182673511687085
1331434395.0,3.9767746432284525
1331437095.0,3.959664377104218
1331439795.0,4.003812404929249
1331442495.0,3.963353851051238
1331445195.0,3.950026293375913
1331447895.0,3.9287428559157433
1331450595.0,3.8649839781104447
1331453295.0,3.2528022369608607
1331455995.0,2.7168311030318932
1331458695.0,2.6526061348553753
1331461395.0,2.6388445698414102
1331464095.0,2.7039669901465118
1331466795.0,2.6763533862030044
1331469495.0,2.6590782041457715
1331472195.0,2.636410540456609
1331474895.0,2.603425405158191
1331477595.0,2.6214420825011757
1331480295.0,2.607590843916455
1331482995.0,2.614652030545699
1331485695.0,2.698010961063403
1331488395.0,2.660249152601068
1331491095.0,2.6939146574112556
1331493795.0,2.699211003090511
1331496495.0,2.6956177494953977
1331499195.0,2.7236120422264776
1331501895.0,2.705710665588583
1331504595.0,2.684666055870366
1331507295.0,3.641956314281231
1331509995.0,4.431373469720825
1331512695.0,3.2851992762123814
1331515395.0,3.022472119440465
1331518095.0,2.994847928084994
1331520795.0,3.0264494367291377
1331523495.0,3.027559614819779
1331526195.0,2.997628741506844
1331528895.0,3.012886587084836
1331531595.0,2.9867020396397947
1331534295.0,3.043508596672666
1331536995.0,3.052585604457761
1331539695.0,3.026407951284739
1331542395.0,2.9695573471519765
1331545095.0,2.9265800811541567
1331547795.0,3.062443116709403
1331550495.0,3.0530910208059368
1331553195.0,3.1226319475833293
1331555895.0,2.952658241277561
1331558595.0,2.9081940746929718
1331561295.0,2.8848515994467334
1331563995.0,2.851995422762684
1331566695.0,2.8619972623793046
1331569395.0,2.904145154533751
1331572095.0,2.95157165331392
1331574795.0,3.032586327689387
1331577495.0,3.041291980522317
1331580195.0,3.0565649492399416
1331582895.0,3.0811597128475228
1331585595.0,3.0487779771099213
1331588295.0,3.058451460093579
1331590995.0,3.0873726966689787
1331593695.0,3.1230256016365274
1331596395.0,3.065660222792417
1331599095.0,3.069978619276128
1331601795.0,4.16455079073728
1331604495.0,3.072656035523096
1331607195.0,3.0240250048809685
1331609895.0,2.99160742329326
1331612595.0,2.974148805524351
1331615295.0,2.9903728721139373
1331617995.0,2.907543262592526
1331620695.0,2.9719775021481496
1331623395.0,3.041169484712725
1331626095.0,2.9913071168626857
1331628795.0,2.994103000244934
1331631495.0,2.9560138397861806
1331634195.0,2.937069751426975
1331636895.0,2.891692602697617
1331639595.0,2.0197394738626144
1331642295.0,1.7057172668501153
1331644995.0,1.717058946862096
1331647695.0,1.6118853326508429
1331650395.0,1.580569411666545
1331653095.0,1.5996092353386757
1331655795.0,1.5566575483649672
1331658495.0,1.6477299954827345
1331661195.0,1.7042098854545884
1331663895.0,1.7429058218569935
1331666595.0,1.7226645220190449
1331669295.0,3.2460629079830596
1331671995.0,3.383225437166857
1331674695.0,3.3958508942867525
1331677395.0,3.481585958988717
1331680095.0,3.4758385475220734
1331682795.0,3.46757901977179
1331685495.0,3.408298444610409
1331688195.0,3.3907158792633822
1331690895.0,3.368954620996874
1331693595.0,3.3831244619904055
1331696295.0,3.3253667913508593
1331698995.0,3.3362479120689272
1331701695.0,3.2917475117029653
1331704395.0,3.33509267535419
1331707095.0,3.3958439824314155
1331709795.0,2.1588381374831442
1331712495.0,1.8085176747928813
1331715195.0,2.88357620526466
1331717895.0,3.1170342077503506
1331720595.0,3.1990295492277596
1331723295.0,3.136529187427641
1331725995.0,3.1555870402246455
1331728695.0,3.070900769041316
1331731395.0,3.0204446242061067
1331734095.0,2.9639943252007015
1331736795.0,2.920887881909664
1331739495.0,2.9106172147652387
1331742195.0,2.894541811748468
1331744895.0,2.983498759781696
1331747595.0,2.9565763372174274
1331750295.0,3.0463612079008726
1331752995.0,3.103012252579447
1331755695.0,4.21994336430771
1331758395.0,4.3199642727998935
1331761095.0,4.375239060996364
1331763795.0,4.420328478467468
1331766495.0,3.91598998439207
1331769195.0,2.90009338699673
1331771895.0,2.8192319161640853
1331774595.0,2.823343605208265
1331777295.0,2.6687351054525266
1331779995.0,2.756911357567674
1331782695.0,2.7203915750399688
1331785395.0,2.708030751338356
1331788095.0,2.625450946310764
1331790795.0,2.6720066947275427
1331793495.0,2.7343470776206686
1331796195.0,2.727024712172124
1331798895.0,2.7266252775433486
1331801595.0,2.6987486304834647
1331804295.0,1.8106658633613506
1331806995.0,1.9902073709949946
1331809695.0,2.8132633980106334
1331812395.0,2.8934657763740574
1331815095.0,2.860835180292213
1331817795.0,2.7948322763227793
1331820495.0,2.7441834178978297
1331823195.0,2.737447385922451
1331825895.0,2.726351728889142
1331828595.0,2.7557200602991543
1331831295.0,2.8063213618794407
1331833995.0,2.8162332589786274
1331836695.0,2.841734639298238
1331839395.0,2.8847284124221915
1331842095.0,3.025015879284865
1331844795.0,3.3397972921771384
1331847495.0,4.106043671337886
1331850195.0,4.162014954894289
1331852895.0,4.122007469434266
1331855595.0,2.8468139483720165
1331858295.0,2.7300599950086735
1331860995.0,2.699413691583743
1331863695.0,2.6611693912032024
1331866395.0,2.7299855860171647
1331869095.0,2.7334931217367853
1331871795.0,2.7176868862194965
1331874495.0,2.6973809528906827
1331877195.0,2.6525698262307174
1331879895.0,2.7349017313426316
1331882595.0,2.7128987491888665
1331885295.0,2.7052389799465573
1331887995.0,2.7522453824440163
1331890695.0,2.699627340337372
1331893395.0,2.7260236005421348
1331896095.0,2.2516196684725287
1331898795.0,1.5911258975108353
1331901495.0,1.471578557228554
1331904195.0,1.422252249959456
1331906895.0,1.3372775848943093
1331909595.0,1.3498913112265427
1331912295.0,1.354300877562423
1331914995.0,1.3872867305635168
1331917695.0,1.42626794772724
1331920395.0,1.521468375868892
1331923095.0,1.5415784629473706
1331925795.0,2.9627136433686587
1331928495.0,3.310371537283629
1331931195.0,3.3872987659307228
1331933895.0,3.4373465973407633
1331936595.0,3.494647973838539
1331939295.0,3.4823393765229866
1331941995.0,3.4471655376838726
1331944695.0,3.368586455854768
1331947395.0,2.266732226883505
1331950095.0,2.097451016390778
1331952795.0,2.1489015303084784
1331955495.0,2.1156015323980455
1331958195.0,2.0426628199589913
1331960895.0,2.0519559318879033
1331963595.0,2.052257268516769
1331966295.0,2.100486626990403
1331968995.0,2.1923302386805403
1331971695.0,2.162173220224588
1331974395.0,2.183161695677825
1331977095.0,2.0952507819434345
1331979795.0,2.1241422311990164
1331982495.0,2.1908254429904446
1331985195.0,2.169655104262233
1331987895.0,2.066343888720553
1331990595.0,2.009730094308111
1331993295.0,1.8976848278191483
1331995995.0,1.8636542508184561
1331998695.0,0.7504554609741376
1332001395.0,0.7410431518785003
1332004095.0,0.8234459666502971
1332006795.0,1.7628445228986607
1332009495.0,2.612561103542646
1332012195.0,2.685057488451662
1332014895.0,2.7343096078442954
1332017595.0,2.679407358869696
1332020295.0,2.7183837561857445
1332022995.0,2.796117998896136
1332025695.0,2.771582107133611
1332028395.0,2.82439185381304
1332031095.0,2.847952683437086
1332033795.0,2.861536598843827
1332036495.0,2.897319942929869
1332039195.0,2.9192510646019514
1332041895.0,2.9583838770375337
1332044595.0,2.8996190391931123
1332047295.0,2.9408567246304074
1332049995.0,2.9601554603857494
1332052695.0,2.9967814197310645
1332055395.0,2.9659695744520604
1332058095.0,2.9754910780340538
1332060795.0,2.924639064547762
1332063495.0,2.9551421776138795
1332066195.0,2.9160987248290553
1332068895.0,2.976811091924162
1332071595.0,2.9278991292531487
1332074295.0,2.956086293341457
1332076995.0,2.9093963042070072
1332079695.0,2.8525671526188603
1332082395.0,1.5303762064006605
1332085095.0,1.1019003211832796
1332087795.0,1.0447445476767712
1332090495.0,1.096381920247154
1332093195.0,1.0897027768219232
1332095895.0,2.4931274712025697
1332098595.0,2.916796702107547
1332101295.0,3.0216557458745683
1332103995.0,3.0193590998217132
1332106695.0,3.068355125823757
1332109395.0,3.120456739415147
1332112095.0,3.111294770082054
1332114795.0,3.0972616044157917
1332117495.0,3.105941016122017
1332120195.0,3.0726971894394524
1332122895.0,3.110836944358084
1332125595.0,3.3093171251203444
1332128295.0,4.293043551731387
1332130995.0,4.307615120617015
1332133695.0,4.326322709303213
1332136395.0,4.344503660619466
1332139095.0,4.367609245095082
1332141795.0,4.393519738803263
1332144495.0,4.344006871033912
1332147195.0,4.3341159986792945
1332149895.0,4.364699506718921
1332152595.0,4.340591982466094
1332155295.0,4.4033885494252445
1332157995.0,4.386824924734412
1332160695.0,4.439378849790842
1332163395.0,4.410700506254784
1332166095.0,4.321835016841874
1332168795.0,4.330564602131176
1332171495.0,4.3396760248060104
1332174195.0,4.386616469063426
1332176895.0,4.426966191841075
1332179595.0,4.461634289953622
1332182295.0,4.45531893123308
1332184995.0,5.837640866431343
1332187695.0,5.929548576851744
1332190395.0,4.210808986976815
1332193095.0,4.142316700023457
1332195795.0,4.142132813730541
1332198495.0,4.1034435618526
1332201195.0,4.103482643345217
1332203895.0,4.068465081589466
1332206595.0,4.053429318565065
1332209295.0,4.077740444985068
1332211995.0,4.0340081968583945
1332214695.0,4.088728451834584
1332217395.0,4.034535656660921
1332220095.0,4.041845530737248
1332222795.0,4.075596926291269
1332225495.0,4.111119479423394
1332228195.0,4.10714148482225
1332230895.0,4.099995377296523
1332233595.0,4.1207326600547844
1332236295.0,4.074480894306248
1332238995.0,4.020403867316702
1332241695.0,4.084789306628693
1332244395.0,4.048502020079468
1332247095.0,3.9277542346324594
1332249795.0,3.8950377239517593
1332252495.0,3.8867157560016494
1332255195.0,3.8829257394170895
1332257895.0,3.884076804417475
1332260595.0,3.9724215134297083
1332263295.0,3.972211148386293
1332265995.0,3.941285313444496
1332268695.0,3.972721291174082
1332271395.0,3.993591352158262
1332274095.0,5.726166166904193
1332276795.0,5.880688237641152
1332279495.0,5.91234779924514
1332282195.0,4.407203792962775
1332284895.0,4.074934723654053
1332287595.0,4.026555411028085
1332290295.0,3.9593319273781162
1332292995.0,3.923935587857386
1332295695.0,3.9445354990749024
1332298395.0,4.000752020383743
1332301095.0,4.0475910307277445
1332303795.0,4.862803107108903
1332306495.0,5.207243011969069
1332309195.0,5.26238401439025
1332311895.0,5.355321555625437
1332314595.0,5.311327085112396
1332317295.0,5.35442402137943
1332319995.0,5.267497116250922
1332322695.0,5.3015832401655985
1332325395.0,5.20805101876465
1332328095.0,5.253049123657036
1332330795.0,5.14179386111357
1332333495.0,5.223321847707382
1332336195.0,5.1346304243037935
1332338895.0,5.120586867072234
1332341595.0,5.147345956143511
1332344295.0,5.183663606983032
1332346995.0,5.242846555899064
1332349695.0,5.267620772892997
1332352395.0,5.282596486838031
1332355095.0,5.31123982117316
1332357795.0,6.092559741978903
1332360495.0,6.801833865849915
1332363195.0,6.846897098846739
1332365895.0,5.131964762889197
1332368595.0,4.996639088020856
1332371295.0,4.9080373289896215
1332373995.0,4.8855898614645525
1332376695.0,4.861833986641045
1332379395.0,4.7703766668885805
1332382095.0,4.817639165066453
1332384795.0,4.819024109475663
1332387495.0,4.8789546601470875
1332390195.0,4.823688515409913
1332392895.0,4.947810305758026
1332395595.0,5.993345809477319
1332398295.0,6.104382987428551
1332400995.0,6.041485511171629
1332403695.0,4.807204363258961
1332406395.0,4.690221221018078
1332409095.0,4.732982822865608
1332411795.0,4.700515642894516
1332414495.0,4.778684907486024
1332417195.0,4.750094563123923
1332419895.0,4.682179922461842
1332422595.0,4.6929715554683185
1332425295.0,4.6975924626291885
1332427995.0,4.6492377859675
1332430695.0,4.697372296881156
1332433395.0,4.726864105704863
1332436095.0,4.7668103502163035
1332438795.0,4.77885942613301
1332441495.0,4.768098106321247
1332444195.0,4.7794190397893885
1332446895.0,6.093845359479076
1332449595.0,4.9536794340911
1332452295.0,4.803599853286755
1332454995.0,4.830498044849776
1332457695.0,4.747280475018897
1332460395.0,4.669194647947222
1332463095.0,4.681961213723696
1332465795.0,4.595955334533471
1332468495.0,4.705686179729071
1332471195.0,4.711013110994543
1332473895.0,4.701643258059505
1332476595.0,4.724450969940278
1332479295.0,4.655991050723401
1332481995.0,4.7001412392235125
1332484695.0,5.39667480754116
1332487395.0,5.890372643773958
1332490095.0,4.729692633428897
1332492795.0,4.602523513949166
1332495495.0,4.606677880801385
1332498195.0,4.574756949011601
1332500895.0,4.659801860176515
1332503595.0,4.638258802648636
1332506295.0,4.6488372181474915
1332508995.0,4.551946917508758
1332511695.0,4.4858824457894
1332514395.0,4.46900795330248
1332517095.0,4.543641733257459
1332519795.0,4.561012164237809
1332522495.0,4.671856534125084
1332525195.0,4.60710545107861
1332527895.0,4.653340581864484
1332530595.0,4.70838522138655
1332533295.0,4.744950003526526
1332535995.0,5.941428698897141
1332538695.0,4.707452536430594
1332541395.0,4.672243818519519
1332544095.0,4.581464001086317
1332546795.0,4.563318202651942
1332549495.0,4.5127558549309015
1332552195.0,4.485363438017771
1332554895.0,4.520023073984191
1332557595.0,4.543459195521507
1332560295.0,4.517912752453583
1332562995.0,4.568016782521511
1332565695.0,4.4701927311484155
1332568395.0,4.545276902179353
1332571095.0,4.590528905814722
1332573795.0,4.540947315980816
1332576495.0,4.468816529387652
1332579195.0,4.473301068695093
1332581895.0,4.476875581670754
1332584595.0,4.49380236048313
1332587295.0,4.543647667768539
1332589995.0,4.56027352423223
1332592695.0,4.548459546098002
1332595395.0,4.523236764025285
1332598095.0,4.458576001458823
1332600795.0,4.484900281586192
1332603495.0,4.462380305623242
1332606195.0,4.491184307177889
1332608895.0,4.526556018886538
1332611595.0,4.556931177851595
1332614295.0,4.5120546792184655
1332616995.0,4.532548084694554
1332619695.0,4.498124083097025
1332622395.0,4.832020807984975
1332625095.0,5.798067619778067
1332627795.0,4.630831615290617
1332630495.0,4.463041548850072
1332633195.0,4.432723625065535
1332635895.0,4.375962514089565
1332638595.0,4.347509319156188
1332641295.0,4.427659883203546
1332643995.0,4.418370583359547
1332646695.0,4.393451449914949
1332649395.0,4.350673487223105
1332652095.0,4.352968519827584
1332654795.0,4.383238113849586
1332657495.0,4.42671477561521
1332660195.0,4.406179096465905
1332662895.0,4.382216852092483
1332665595.0,3.479394528027342
1332668295.0,4.2680105344064145
1332670995.0,4.2428336699140345
1332673695.0,4.36739889467043
1332676395.0,4.407676694037548
1332679095.0,4.32904337104452
1332681795.0,4.322579872900064
1332684495.0,4.251492967666593
1332687195.0,4.286952099941402
1332689895.0,4.26701103155176
1332692595.0,4.331550459695961
1332695295.0,4.401408489517621
1332697995.0,4.346256584838329
1332700695.0,4.32644517310581
1332703395.0,4.416228149796893
1332706095.0,4.421353418059141
1332708795.0,4.5164257218735315
1332711495.0,5.471477605054872
1332714195.0,5.683060311417989
1332716895.0,4.508496239398312
1332719595.0,4.2633028602768945
1332722295.0,4.281013368267168
1332724995.0,4.169641542067666
1332727695.0,4.206658845531763
1332730395.0,4.239843641024152
1332733095.0,4.218719256113388
1332735795.0,4.167047192154655
1332738495.0,4.110441164587655
1332741195.0,4.183203012829779
1332743895.0,4.182363935834644
1332746595.0,4.193647994179798
1332749295.0,4.185782755644027
1332751995.0,4.116905690940882
1332754695.0,4.105431864079208
1332757395.0,3.0003038575140977
1332760095.0,4.027356734697946
1332762795.0,4.269599131403936
1332765495.0,4.171145629202044
1332768195.0,4.054694990253211
1332770895.0,4.076307737049319
1332773595.0,4.087030168420995
1332776295.0,4.107815102946347
1332778995.0,4.177074091211409
1332781695.0,4.164144534553827
1332784395.0,4.152117639375263
1332787095.0,4.1927886418394
1332789795.0,4.235718822835565
1332792495.0,4.239208829212487
1332795195.0,4.274307452660707
1332797895.0,4.288311590367755
1332800595.0,4.344218838266272
1332803295.0,4.259051831175896
1332805995.0,3.8263051763107114
1332808695.0,2.9629417421974154
1332811395.0,2.860819533816141
1332814095.0,2.9404526725219853
1332816795.0,2.8762690382221763
1332819495.0,2.882028356390265
1332822195.0,2.856469743124592
1332824895.0,2.8097549453573265
1332827595.0,2.8348508017676863
1332830295.0,2.808334190362075
1332832995.0,2.7598561021272303
1332835695.0,2.738752640786572
1332838395.0,2.688630041344652
1332841095.0,2.7127075786549426
1332843795.0,2.896530016314955
1332846495.0,4.4867904379780725
1332849195.0,4.55150961201673
1332851895.0,4.572077603690275
1332854595.0,4.491585236428364
1332857295.0,4.5028725256185
1332859995.0,4.482736905436127
1332862695.0,4.528572693334752
1332865395.0,4.5315692742077545
1332868095.0,4.602182813469597
1332870795.0,4.600763826789148
1332873495.0,4.6913675715213685
1332876195.0,4.661985963197139
1332878895.0,4.662017784572072
1332881595.0,4.815718225470619
1332884295.0,5.964025059699281
1332886995.0,6.0185998863676105
1332889695.0,6.079716477944942
1332892395.0,6.019571018638771
1332895095.0,6.010101494379171
1332897795.0,5.995882823444788
1332900495.0,4.27540345466565
1332903195.0,4.1807249343418675
1332905895.0,4.102941487760859
1332908595.0,4.045106303492048
1332911295.0,4.003438280352498
1332913995.0,3.9866628840977683
1332916695.0,4.0156820307554995
1332919395.0,3.9662557073789344
1332922095.0,3.98613076451403
1332924795.0,3.9270919698086004
1332927495.0,3.956939670447241
1332930195.0,3.9653620597405848
1332932895.0,3.9857028522997666
1332935595.0,4.215553350796085
1332938295.0,5.240130077765514
1332940995.0,5.178733480628296
1332943695.0,5.25028568427399
1332946395.0,5.195111926770096
1332949095.0,5.203209492175631
1332951795.0,5.169363651474782
1332954495.0,5.444759469209316
1332957195.0,5.452997666863212
1332959895.0,5.284989395210857
1332962595.0,5.385286050614354
1332965295.0,5.335158087508887
1332967995.0,5.366419185801817
1332970695.0,5.435452198746759
1332973395.0,5.456296568341713
1332976095.0,5.48787949793649
1332978795.0,5.477575299494902
1332981495.0,6.070849467029063
1332984195.0,6.7096804094315985
1332986895.0,6.694729646000894
1332989595.0,6.505481383654853
1332992295.0,5.029975918163871
1332994995.0,4.9401540654476435
1332997695.0,4.802498108733857
1333000395.0,4.858640355644866
1333003095.0,4.81553139240151
1333005795.0,4.7615947784474315
1333008495.0,4.739082132107001
1333011195.0,4.697166335021052
1333013895.0,4.666234704580631
1333016595.0,4.687787166969997
1333019295.0,4.687100834932721
1333021995.0,4.652146295159241
1333024695.0,4.719010521901225
1333027395.0,4.657503957115239
1333030095.0,4.566772831741275
1333032795.0,4.5593021638906635
1333035495.0,4.554011462848621
1333038195.0,4.561694787540034
1333040895.0,4.581015003717141
1333043595.0,4.578046692161763
1333046295.0,4.651580329271781
1333048995.0,5.85817500184794
1333051695.0,6.282532986895774
1333054395.0,6.367245302953563
1333057095.0,6.4047006186306135
1333059795.0,6.4507954329708355
1333062495.0,6.464356549288993
1333065195.0,6.462993638672742
1333067895.0,6.40328939927997
1333070595.0,6.416730020569332
1333073295.0,6.43727022525303
1333075995.0,4.7529602240240365
1333078695.0,4.653796712091719
1333081395.0,4.5892073405312885
1333084095.0,4.51322924541455
1333086795.0,4.522593404349891
1333089495.0,4.50860788999978
1333092195.0,4.433101586991597
1333094895.0,4.4212148067056205
1333097595.0,4.422428201313949
1333100295.0,4.366043348241931
1333102995.0,4.461023776395848
1333105695.0,4.412118090247816
1333108395.0,3.4060783160188066
1333111095.0,3.203808602486049
1333113795.0,3.1028802140001517
1333116495.0,3.202767191302314
1333119195.0,3.2400492856273218
1333121895.0,3.212937827659971
1333124595.0,3.253752557367534
1333127295.0,4.850699237317372
1333129995.0,4.942694061871009
1333132695.0,5.03879797038519
1333135395.0,5.076073391963007
1333138095.0,5.038240476264548
1333140795.0,5.0943977140689185
1333143495.0,5.082158497514627
1333146195.0,5.132751759016742
1333148895.0,5.118474222989562
1333151595.0,5.062749610202673
1333154295.0,5.042845863080117
1333156995.0,5.090376023786348
1333159695.0,5.0871828147317615
1333162395.0,5.098225926521877
1333165095.0,5.098153124540659
1333167795.0,5.066551136065414
1333170495.0,5.076194600686847
1333173195.0,5.104461905211565
1333175895.0,5.09345750654785
1333178595.0,5.089107512026146
1333181295.0,5.122017760095048
1333183995.0,3.81998515621234
1333186695.0,3.337428914170175
1333189395.0,3.4164687187019354
1333192095.0,3.4325406574405406
1333194795.0,3.321262387967465
1333197495.0,3.1979586663330792
1333200195.0,3.1775970854184266
1333202895.0,3.2119352154374496
1333205595.0,3.2371134190244106
1333208295.0,3.3024664600038705
1333210995.0,3.3038989977891333
1333213695.0,3.9764773795324118
1333216395.0,5.103431862873151
1333219095.0,5.173341102566724
1333221795.0,5.195702033789644
1333224495.0,5.211140351044946
1333227195.0,4.231097432846923
1333229895.0,3.9000427260949095
1333232595.0,3.8624825627277346
1333235295.0,3.90561741544343
1333237995.0,3.82907090065504
1333240695.0,3.82826433930029
1333243395.0,3.8601557103816617
1333246095.0,3.889511174612494
1333248795.0,3.896925664624689
1333251495.0,3.92265510127595
1333254195.0,3.9211716083296437
1333256895.0,3.878734918034013
1333259595.0,3.930469641450145
1333262295.0,3.916105330069172
1333264995.0,3.9104981385802375
1333267695.0,3.9280001170399146
1333270395.0,3.9245079899457096
1333273095.0,2.8269376168450435
1333275795.0,2.5420629290617853
1333278495.0,2.4765564160905456
1333281195.0,2.523306179532881
1333283895.0,2.480328868890865
1333286595.0,2.4982256292025795
1333289295.0,2.4379452669801367
1333291995.0,2.467656548053526
1333294695.0,2.5329803430150832
1333297395.0,2.5924399693087707
1333300095.0,2.5403783798277004
1333302795.0,4.297834520795561
1333305495.0,4.413872414413447
1333308195.0,4.519420528845274
1333310895.0,4.511073675709667
1333313595.0,4.285507360634028
1333316295.0,3.2800854417985192
1333318995.0,3.2506473152534454
1333321695.0,3.250890945897936
1333324395.0,3.1995475356455927
1333327095.0,3.166596895945986
1333329795.0,3.1912172371306724
1333332495.0,3.2438462275627558
1333335195.0,3.3268595542010644
1333337895.0,3.336332061523933
1333340595.0,3.3780529105945902
1333343295.0,4.341866683031526
1333345995.0,4.538918103567028
1333348695.0,4.58069421699895
1333351395.0,4.57205385288006
1333354095.0,4.51749428198525
1333356795.0,4.554127116946518
1333359495.0,4.535919008363976
1333362195.0,4.5634982620749724
1333364895.0,4.581938745580487
1333367595.0,3.299568670895269
1333370295.0,3.208286566470065
1333372995.0,3.183721860249875
1333375695.0,3.1433372023250286
1333378395.0,3.200177115309657
1333381095.0,3.2486361353314237
1333383795.0,3.2776647792342146
1333386495.0,3.2849960237106757
1333389195.0,3.3153135877544173
1333391895.0,4.625682341281106
1333394595.0,4.7465371080434124
1333397295.0,4.756010957082026
1333399995.0,4.674382172747869
1333402695.0,4.702312110126684
1333405395.0,3.6150237539918066
1333408095.0,3.459973662044547
1333410795.0,3.453162499691814
1333413495.0,3.4083657233854296
1333416195.0,3.460707759938373
1333418895.0,3.4692239902484516
1333421595.0,3.4553150678976863
1333424295.0,3.51349388428838
1333426995.0,3.4469124795795665
1333429695.0,3.4440509056402107
1333432395.0,3.5078486174192562
1333435095.0,3.4765508550930235
1333437795.0,3.5189357284427274
1333440495.0,3.469436675892723
1333443195.0,3.4913119849284726
1333445895.0,3.506648318925386
1333448595.0,3.5733968987257754
1333451295.0,3.614586440422727
1333453995.0,3.5465301536277707
1333456695.0,3.5107049026438517
1333459395.0,3.4968679235921627
1333462095.0,3.4893099338872275
1333464795.0,3.5166261026261623
1333467495.0,3.5415504070544443
1333470195.0,3.577299621732436
1333472895.0,3.5547055604025104
1333475595.0,3.5132630059392795
1333478295.0,5.094749982395285
1333480995.0,5.353375235988494
1333483695.0,5.382472916273457
1333486395.0,4.748952505410102
1333489095.0,3.741168111815284
1333491795.0,3.62000207547527
1333494495.0,3.587296519196741
1333497195.0,3.574773643142862
1333499895.0,3.5798221446574985
1333502595.0,3.649878122348184
1333505295.0,3.6107892876686947
1333507995.0,3.608703438709256
1333510695.0,3.6881257882608907
1333513395.0,3.5542487984947684
1333516095.0,3.597423841271336
1333518795.0,3.6302940624742064
1333521495.0,3.6039788266428445
1333524195.0,3.580623339168369
1333526895.0,3.5707548114634164
1333529595.0,3.583566394805189
1333532295.0,3.546144455958654
1333534995.0,3.6810176453695362
1333537695.0,3.6238009363604533
1333540395.0,3.664033208266005
1333543095.0,3.5871917845241796
1333545795.0,3.5045291219225874
1333548495.0,3.533749868905261
1333551195.0,3.596486143337529
1333553895.0,3.589617951861328
1333556595.0,3.645406190597839
1333559295.0,3.6110435443658275
1333561995.0,3.615200467749162
1333564695.0,4.704980056230966
1333567395.0,5.572310638284364
1333570095.0,3.913917220794417
1333572795.0,3.8889259930798517
1333575495.0,3.931123110042904
1333578195.0,3.8845528579965958
1333580895.0,3.8403090658375163
1333583595.0,3.757890758425617
1333586295.0,3.7091715964594982
1333588995.0,3.7447252400219213
1333591695.0,3.7449020708871217
1333594395.0,3.7537464269516363
1333597095.0,3.765923571758151
1333599795.0,3.7106388835115354
1333602495.0,3.6889460368628875
1333605195.0,3.7503498748660604
1333607895.0,3.6773025538218462
1333610595.0,3.730520075650759
1333613295.0,3.663257236326217
1333615995.0,3.7399794975261216
1333618695.0,3.7362081428586293
1333621395.0,4.95012040714272
1333624095.0,5.199928681076983
1333626795.0,5.207197327081531
1333629495.0,5.4577513477267985
1333632195.0,5.266991141420419
1333634895.0,5.269346318728822
1333637595.0,5.207327027605402
1333640295.0,5.259894885850429
1333642995.0,5.242101791651976
1333645695.0,5.238570954194131
1333648395.0,5.234577099748776
1333651095.0,5.311676267143582
1333653795.0,5.278694172054998
1333656495.0,5.305661617437295
1333659195.0,4.772739205266703
1333661895.0,4.755906458659183
1333664595.0,4.675540091605626
1333667295.0,4.661217460367595
1333669995.0,4.683967784018819
1333672695.0,4.570979689511432
1333675395.0,4.656330570125135
1333678095.0,4.629740307247232
1333680795.0,4.659323791262864
1333683495.0,4.591718096665545
1333686195.0,4.510300151131105
1333688895.0,4.490030822256131
1333691595.0,4.446612149930559
1333694295.0,3.2635195548220963
1333696995.0,3.1538087696161483
1333699695.0,3.084458558787901
1333702395.0,3.1838907756954313
1333705095.0,3.0836108970032114
1333707795.0,3.1795444526634355
1333710495.0,3.2324269917055517
1333713195.0,3.187857771391066
1333715895.0,2.756046070915488
1333718595.0,3.2124497173791724
1333721295.0,3.15249509192671
1333723995.0,3.1964956884714297
1333726695.0,3.2338073535826197
1333729395.0,3.2065655513733873
1333732095.0,3.141819810451011
1333734795.0,3.176137343544781
1333737495.0,3.1788484712683385
1333740195.0,3.224720007399128
1333742895.0,4.3593533712758585
1333745595.0,4.850410648779928
1333748295.0,3.712115629127311
1333750995.0,3.676360121796108
1333753695.0,3.6540735415583754
1333756395.0,3.611026572453511
1333759095.0,3.585168764761704
1333761795.0,3.643281884049543
1333764495.0,3.628668068506613
1333767195.0,3.585350097635967
1333769895.0,3.5570965369994383
1333772595.0,3.480783332833255
1333775295.0,3.430409060944214
1333777995.0,3.442726475725408
1333780695.0,3.388833875543753
1333783395.0,2.293363928158385
1333786095.0,2.2161941876655646
1333788795.0,2.2748539473734013
1333791495.0,2.2970011757242332
1333794195.0,2.422488505101967
1333796895.0,3.6666961629912294
1333799595.0,4.018517701204246
1333802295.0,3.6508047070877865
1333804995.0,3.7561332147137705
1333807695.0,3.8198664163275
1333810395.0,3.876500351897562
1333813095.0,3.831500250154363
1333815795.0,3.876341223283589
1333818495.0,3.893132395363409
1333821195.0,3.8350856031573244
1333823895.0,3.8511912079486024
1333826595.0,3.8870653530638037
1333829295.0,3.886077831240641
1333831995.0,3.8675165768412967
1333834695.0,3.5942190101920914
1333837395.0,3.7721757143456216
1333840095.0,3.6974603903498746
1333842795.0,3.7098216965719644
1333845495.0,3.6644193291158444
1333848195.0,3.7231561047078117
1333850895.0,3.7327719429544572
1333853595.0,3.7405771606872804
1333856295.0,3.7143511020488518
1333858995.0,3.5978239001447605
1333861695.0,3.604078766975306
1333864395.0,3.6083391286774145
1333867095.0,3.555391990152941
1333869795.0,3.4706929307125165
1333872495.0,2.354791799418763
1333875195.0,2.3796882189863027
1333877895.0,2.340728809318591
1333880595.0,2.4522759942546486
1333883295.0,2.454911280111503
1333885995.0,2.4507040575227848
1333888695.0,2.405803206321366
1333891395.0,2.3974517126620754
1333894095.0,2.3624712099434078
1333896795.0,2.375759824089471
1333899495.0,2.4448479105502656
1333902195.0,2.4314020352198895
1333904895.0,2.435253522831829
1333907595.0,2.4298788154855515
1333910295.0,2.458345319604348
1333912995.0,2.4080359343440705
1333915695.0,2.453235812806554
1333918395.0,4.133896759241281
1333921095.0,4.278172933589815
1333923795.0,3.0883621399486856
1333926495.0,2.8782244184700403
1333929195.0,2.844430919870092
1333931895.0,2.847359663339944
1333934595.0,2.8195353952032747
1333937295.0,2.8567610394663348
1333939995.0,2.8393433819313145
1333942695.0,2.8154819713483334
1333945395.0,2.748875704047805
1333948095.0,2.74027957099662
1333950795.0,2.747414863623419
1333953495.0,2.7530542663908477
1333956195.0,2.68213612212611
1333958895.0,1.85091733025223
1333961595.0,1.6803177768538262
1333964295.0,2.81034997783388
1333966995.0,3.0529868404136664
1333969695.0,3.1210116899583795
1333972395.0,3.3062610779875854
1333975095.0,2.9047804134756916
1333977795.0,2.9752402350478064
1333980495.0,3.0090368743995555
1333983195.0,3.002266500668725
1333985895.0,3.049343008251981
1333988595.0,3.023164132038687
1333991295.0,3.0065108074879277
1333993995.0,3.0463298932130556
1333996695.0,3.136911082381914
1333999395.0,3.0793473567475758
1334002095.0,3.09496329425491
1334004795.0,3.0799134358846914
1334007495.0,3.1678309644485125
1334010195.0,3.2371584073244435
1334012895.0,3.081018544991707
1334015595.0,2.97357367398007
1334018295.0,3.0096494573000427
1334020995.0,2.982052718781972
1334023695.0,2.990961151870465
1334026395.0,3.000454146527659
1334029095.0,2.9878851396939012
1334031795.0,2.938616115038826
1334034495.0,2.9734243706308803
1334037195.0,3.043589777222053
1334039895.0,2.9661421614816845
1334042595.0,2.9975097904986683
1334045295.0,2.956372773023361
1334047995.0,2.8514188413913644
1334050695.0,1.7879072031969372
1334053395.0,1.7896626137351745
1334056095.0,1.7552387915555414
1334058795.0,1.7415777932234278
1334061495.0,1.7018665003529918
1334064195.0,1.751906085957387
1334066895.0,1.8087004207287691
1334069595.0,1.8172291798988454
1334072295.0,1.8250900996048927
1334074995.0,1.7981826075069876
1334077695.0,1.7436114389065551
1334080395.0,1.7868096495716372
1334083095.0,3.2167995077008413
1334085795.0,3.4513416258742495
1334088495.0,3.5412066054041134
1334091195.0,3.554564602503433
1334093895.0,3.5634336574622694
1334096595.0,3.599025111138019
1334099295.0,3.5086315697116675
1334101995.0,2.8744596104017432
1334104695.0,2.207582980502025
1334107395.0,2.1698057309710066
1334110095.0,2.1096271930942407
1334112795.0,2.1218495806445503
1334115495.0,2.123623433689886
1334118195.0,2.0790711630497754
1334120895.0,2.113616849332857
1334123595.0,2.1265002757708658
1334126295.0,2.081452713720637
1334128995.0,2.137227360699569
1334131695.0,2.080630386430528
1334134395.0,2.0977243739470737
1334137095.0,2.942727018492235
1334139795.0,3.5790865860411714
1334142495.0,2.940881414639364
1334145195.0,2.4146827586151858
1334147895.0,2.264570069979584
1334150595.0,2.3081033371712465
1334153295.0,2.324240407917614
1334155995.0,2.384040896744807
1334158695.0,2.371188962495239
1334161395.0,2.401100014098631
1334164095.0,2.3923710450292788
1334166795.0,2.4058626606349662
1334169495.0,2.3889933265435843
1334172195.0,3.299334088774401
1334174895.0,3.552519320111287
1334177595.0,3.585147372785798
1334180295.0,3.6348256179639975
1334182995.0,3.6237502319913233
1334185695.0,3.5590606680253813
1334188395.0,3.514805220358653
1334191095.0,3.5205111663292996
1334193795.0,3.5158507811829622
1334196495.0,3.5015528554957314
1334199195.0,3.5455406041460833
1334201895.0,3.5366343995578404
1334204595.0,3.4758803712617237
1334207295.0,3.514128037023511
1334209995.0,3.517285096774799
1334212695.0,3.476708970343907
1334215395.0,3.5001764217233813
1334218095.0,3.4635330828592714
1334220795.0,3.4392637929066723
1334223495.0,1.829312540837634
1334226195.0,1.726653677111642
1334228895.0,1.7925289502099986
1334231595.0,1.696277759229588
1334234295.0,1.6963757759070859
1334236995.0,1.712407608139074
1334239695.0,1.7325345697306034
1334242395.0,1.7614194651092703
1334245095.0,1.746534567587048
1334247795.0,1.7401422241926525
1334250495.0,2.1077863974685442
1334253195.0,3.4161801207561098
1334255895.0,3.537007699066578
1334258595.0,3.5157973383483636
1334261295.0,3.5198921766175317
1334263995.0,3.527536877683758
1334266695.0,2.4370456863157415
1334269395.0,2.2362101170273263
1334272095.0,2.1625847820777153
1334274795.0,2.1434869376984125
1334277495.0,2.1734138651720514
1334280195.0,2.1430422982774644
1334282895.0,2.2229826874119567
1334285595.0,2.261672037302503
1334288295.0,2.254645824769227
1334290995.0,2.193720407839521
1334293695.0,2.214122100274153
1334296395.0,2.236285653176367
1334299095.0,2.186091598696578
1334301795.0,2.167195243628612
1334304495.0,2.1801424081471055
1334307195.0,2.1733393830476757
1334309895.0,2.239014590550596
1334312595.0,1.1439225798488906
1334315295.0,0.9477157012882458
1334317995.0,0.9441382199024133
1334320695.0,0.9073009464317465
1334323395.0,0.8479062613300812
1334326095.0,0.817062175944443
1334328795.0,0.9283685795863335
1334331495.0,2.4453538351691577
1334334195.0,2.6846518086657056
1334336895.0,2.662351365478912
1334339595.0,2.6866304809935855
1334342295.0,2.7476799735638338
1334344995.0,2.7609261180255658
1334347695.0,2.7542894852630866
1334350395.0,2.8350544874776347
1334353095.0,2.778013537336392
1334355795.0,2.7175144948267302
1334358495.0,1.6466101376238385
1334361195.0,2.4588974207172782
1334363895.0,2.799686307968102
1334366595.0,2.82491641685192
1334369295.0,2.849171383357657
1334371995.0,2.904849034533356
1334374695.0,2.866286986741045
1334377395.0,2.8036478231866795
1334380095.0,2.867878273760141
1334382795.0,2.8806770278236513
1334385495.0,2.829933291531063
1334388195.0,2.8361046782476365
1334390895.0,2.776002309859564
1334393595.0,2.7539977373897386
1334396295.0,2.80896051013832
1334398995.0,2.853922250022947
1334401695.0,2.8610073333660466
1334404395.0,2.8176110641401237
1334407095.0,1.7763391096394798
1334409795.0,1.494741530817862
1334412495.0,1.5293249407041003
1334415195.0,1.503100875691075
1334417895.0,1.5577375073616508
1334420595.0,2.988753166172728
1334423295.0,3.0058253213608737
1334425995.0,3.0775084754981776
1334428695.0,3.1131584828436303
1334431395.0,3.0928785176413953
1334434095.0,3.16013922812067
1334436795.0,3.1770764196141954
1334439495.0,3.1851030080644023
1334442195.0,3.1919542548530444
1334444895.0,3.1227193245092053
1334447595.0,3.0979270146178237
1334450295.0,3.193978814972411
1334452995.0,3.6848612227432795
1334455695.0,4.32889077607939
1334458395.0,4.4391076270504755
1334461095.0,4.416631681248589
1334463795.0,4.387619822107638
1334466495.0,4.450510870380185
1334469195.0,4.439278692614209
1334471895.0,4.470104126301692
1334474595.0,4.473907997574315
1334477295.0,4.460166033503981
1334479995.0,4.523907451020818
1334482695.0,4.5655892137965
1334485395.0,4.538299280374247
1334488095.0,4.591853856991804
1334490795.0,4.568837365405614
1334493495.0,4.5734836615079075
1334496195.0,4.584119405326248
1334498895.0,4.54414977461721
1334501595.0,4.566429835998463
1334504295.0,4.534437158555249
1334506995.0,4.530509699313086
1334509695.0,4.451026267530892
1334512395.0,4.559226310807389
1334515095.0,3.584339948113211
1334517795.0,4.194996877237202
1334520495.0,4.253409928228621
1334523195.0,4.260820526939369
1334525895.0,4.260203288188279
1334528595.0,4.270462514798453
1334531295.0,4.254494084150451
1334533995.0,4.213320054269275
1334536695.0,4.2601331900172
1334539395.0,4.268878090149599
1334542095.0,4.343697338846425
1334544795.0,4.358357902623368
1334547495.0,4.351319135230256
1334550195.0,4.2939049741598865
1334552895.0,4.396771900176645
1334555595.0,4.3546983893536435
1334558295.0,4.351993756793661
1334560995.0,4.3206573346298
1334563695.0,4.3498302159848095
1334566395.0,4.26010926168783
1334569095.0,4.305604629964421
1334571795.0,4.327782858838987
1334574495.0,4.321949509863202
1334577195.0,4.4057199750005225
1334579895.0,4.330344740384703
1334582595.0,4.315600769134505
1334585295.0,4.2905248025131755
1334587995.0,4.351835112839694
1334590695.0,4.336484274465818
1334593395.0,4.34843843919532
1334596095.0,3.439826047714689
1334598795.0,3.918304615048612
1334601495.0,4.357684503479447
1334604195.0,4.422171771501553
1334606895.0,4.425878569168049
1334609595.0,4.424397804229784
1334612295.0,4.417648268619473
1334614995.0,4.403135589044666
1334617695.0,4.370117862344614
1334620395.0,4.33447472669485
1334623095.0,4.421357952739356
1334625795.0,4.468894659337934
1334628495.0,5.523027574210005
1334631195.0,5.6155909353701645
1334633895.0,5.618550429563925
1334636595.0,5.592844986256807
1334639295.0,5.621304664232014
1334641995.0,5.659894791398813
1334644695.0,5.610175418997187
1334647395.0,5.547691315445206
1334650095.0,5.627191472625157
1334652795.0,5.5603384045786015
1334655495.0,5.641597277130302
1334658195.0,5.732950709776333
1334660895.0,5.652946378802312
1334663595.0,5.686477516866148
1334666295.0,5.673062872039111
1334668995.0,5.682885175882859
1334671695.0,5.698746288995494
1334674395.0,5.704081847486293
1334677095.0,5.750450560159038
1334679795.0,5.704268229706997
1334682495.0,5.692118322121871
1334685195.0,4.190964819893452
1334687895.0,5.378371253276043
1334690595.0,5.3632365180382635
1334693295.0,5.301284761043576
1334695995.0,5.312848483447908
1334698695.0,5.330314976603859
1334701395.0,5.316441681861988
1334704095.0,5.298105365062895
1334706795.0,5.209373391577003
1334709495.0,5.260612133483278
1334712195.0,5.260075321979741
1334714895.0,5.298721998404972
1334717595.0,6.100795180881164
1334720295.0,6.492126865988723
1334722995.0,6.473384725274343
1334725695.0,6.534486529694163
1334728395.0,6.483515311169242
1334731095.0,6.457396245350537
1334733795.0,6.404489869740871
1334736495.0,6.454140977714474
1334739195.0,6.468737981212087
1334741895.0,6.522865072271941
1334744595.0,6.522684629987225
1334747295.0,6.592655386485319
1334749995.0,6.426442067356049
1334752695.0,6.544672486610409
1334755395.0,6.533991083197918
1334758095.0,6.54255093095361
1334760795.0,6.5569502583410895
1334763495.0,6.616829584239895
1334766195.0,6.63923540703621
1334768895.0,6.559753405142715
1334771595.0,6.620838840917202
1334774295.0,6.00738654552714
1334776995.0,6.18503135675013
1334779695.0,6.174654022472168
1334782395.0,6.125096473650672
1334785095.0,6.14533584994723
1334787795.0,6.123443399786993
1334790495.0,6.074350677295172
1334793195.0,6.019613416928507
1334795895.0,6.0331627844479385
1334798595.0,6.011849287212556
1334801295.0,6.083653743357331
1334803995.0,6.1503531857137546
1334806695.0,6.719650321475001
1334809395.0,7.199413322037003
1334812095.0,7.249759646227119
1334814795.0,7.16854890622966
1334817495.0,7.204662842019218
1334820195.0,7.141295694870564
1334822895.0,7.19919005882474
1334825595.0,7.148939697893468
1334828295.0,7.26646562257929
1334830995.0,7.208810878081806
1334833695.0,7.228683341433964
1334836395.0,7.21084432112724
1334839095.0,7.207061501194914
1334841795.0,7.167905424898379
1334844495.0,7.198088507218415
1334847195.0,7.24781069918032
1334849895.0,7.225327262138535
1334852595.0,7.230341556656754
1334855295.0,7.214584185686647
1334857995.0,7.25465066122274
1334860695.0,7.232416022972586
1334863395.0,7.735949700316041
1334866095.0,6.738331637155227
1334868795.0,6.699342777488823
1334871495.0,6.728346121913148
1334874195.0,6.649017324683996
1334876895.0,6.605920629773607
1334879595.0,6.586423695905523
1334882295.0,6.575498544935044
1334884995.0,6.511556301321548
1334887695.0,6.604606991768378
1334890395.0,6.616493491542656
1334893095.0,6.595958038281083
1334895795.0,6.592897994848215
1334898495.0,6.611437188690559
1334901195.0,6.611276173811575
1334903895.0,6.670709107250673
1334906595.0,6.671008596203421
1334909295.0,7.127269366184635
1334911995.0,7.827600448715543
1334914695.0,6.739076697749056
1334917395.0,6.4598429436374545
1334920095.0,6.4159183335821695
1334922795.0,6.35216919049833
1334925495.0,6.398209585273094
1334928195.0,6.398631212074008
1334930895.0,6.425864057401839
1334933595.0,6.389417025407795
1334936295.0,6.377569219960378
1334938995.0,6.429671295185415
1334941695.0,6.404107640850214
1334944395.0,6.505858612991176
1334947095.0,6.429227395900682
1334949795.0,6.52500461014813
1334952495.0,7.219349122300798
1334955195.0,6.414264053965837
1334957895.0,6.360543460730014
1334960595.0,6.334985365042542
1334963295.0,6.227587949705821
1334965995.0,6.255741902266436
1334968695.0,6.2040303035983015
1334971395.0,6.253444118738912
1334974095.0,6.21950945863324
1334976795.0,6.239536481587379
1334979495.0,6.212728314312699
1334982195.0,6.198330795541949
1334984895.0,6.2851577931236875
1334987595.0,6.239844554567242
1334990295.0,6.238539889363096
1334992995.0,6.254347109551816
1334995695.0,6.266090386794303
1334998395.0,6.2276002573704545
1335001095.0,5.204159138255193
1335003795.0,4.885753347533921
1335006495.0,4.913731750554916
1335009195.0,4.625119388507926
1335011895.0,4.821986781878763
1335014595.0,4.812705770411355
1335017295.0,4.860411285802741
1335019995.0,4.901855630851003
1335022695.0,4.9137071030705215
1335025395.0,4.91573086804425
1335028095.0,4.970513784891011
1335030795.0,4.9653352394983585
1335033495.0,5.351017697716713
1335036195.0,6.758374420072471
1335038895.0,6.771155381124856
1335041595.0,5.657466252854817
1335044295.0,5.43914639097585
1335046995.0,5.316003072630906
1335049695.0,5.210425696883192
1335052395.0,5.205570739413872
1335055095.0,5.250229255995407
1335057795.0,5.26941547614382
1335060495.0,5.279767201488937
1335063195.0,5.377193687479576
1335065895.0,5.4167653023542925
1335068595.0,5.463996892534965
1335071295.0,5.510421124578841
1335073995.0,5.455536197880178
1335076695.0,5.514732962671246
1335079395.0,5.470630796218245
1335082095.0,5.843851496307138
1335084795.0,6.752964267504865
1335087495.0,5.925789062278909
1335090195.0,5.432650761699563
1335092895.0,5.390625286004308
1335095595.0,5.408715357101471
1335098295.0,5.411831070830772
1335100995.0,5.40284494018357
1335103695.0,5.467894311691396
1335106395.0,5.40468355193201
1335109095.0,5.407565600008127
1335111795.0,5.409472068459252
1335114495.0,5.376269597768896
1335117195.0,5.370098446194731
1335119895.0,5.410902711458334
1335122595.0,6.166834430975598
1335125295.0,6.619588312400708
1335127995.0,6.688985244509752
1335130695.0,5.5644251985766005
1335133395.0,5.383101781543132
1335136095.0,5.358830968562586
1335138795.0,5.35445436462652
1335141495.0,5.315730948390524
1335144195.0,5.2959986850416385
1335146895.0,5.307382534892156
1335149595.0,5.347719571420896
1335152295.0,5.386400748244057
1335154995.0,5.376368302922231
1335157695.0,5.378147810247867
1335160395.0,5.344986913700552
1335163095.0,5.366135406245519
1335165795.0,5.320317207210508
1335168495.0,5.3356965987490526
1335171195.0,5.283632516620514
1335173895.0,4.880643395879076
1335176595.0,5.342068057212543
1335179295.0,5.3449174760312985
1335181995.0,5.458534578433046
1335184695.0,5.381102496158405
1335187395.0,5.351144203461445
1335190095.0,5.453647615561806
1335192795.0,5.375164036037006
1335195495.0,5.43474042617936
1335198195.0,5.454810030684371
1335200895.0,5.440136138976868
1335203595.0,5.479491084056974
1335206295.0,5.499264210496904
1335208995.0,5.474853499326514
1335211695.0,5.528179020220307
1335214395.0,6.507658911979945
1335217095.0,6.641713304890743
1335219795.0,5.429756449938395
1335222495.0,5.253025563610436
1335225195.0,5.285205101328245
1335227895.0,5.153102319364848
1335230595.0,5.195252686037577
1335233295.0,5.196811407989685
1335235995.0,5.2078144538903075
1335238695.0,5.171391560745292
1335241395.0,5.18530015371249
1335244095.0,5.299776860239376
1335246795.0,5.226670326622923
1335249495.0,5.272775751440122
1335252195.0,5.247574469172946
1335254895.0,5.336473957847659
1335257595.0,5.280010486508445
1335260295.0,5.31842650438989
1335262995.0,5.245171420749955
1335265695.0,5.029818643049225
1335268395.0,5.354866482037949
1335271095.0,5.231560471446926
1335273795.0,5.24420003245848
1335276495.0,5.249059455873066
1335279195.0,5.284792433106077
1335281895.0,5.347511160473914
1335284595.0,5.297328299375863
1335287295.0,5.30883360010057
1335289995.0,5.31990481508916
1335292695.0,5.294712925702754
1335295395.0,5.2732770039395405
1335298095.0,5.314970004934821
1335300795.0,5.312795574486358
1335303495.0,5.349125526709429
1335306195.0,5.364044718693492
1335308895.0,5.332740400103432
1335311595.0,4.374277579958232
1335314295.0,4.11311524372212
1335316995.0,4.124378686466798
1335319695.0,4.1941905489134115
1335322395.0,4.154118400422476
1335325095.0,4.134859349317821
1335327795.0,4.142333380684988
1335330495.0,4.164947778413136
1335333195.0,4.145190238270061
1335335895.0,4.162622476928448
1335338595.0,4.116768433220784
1335341295.0,4.127806928483551
1335343995.0,4.117246649740707
1335346695.0,4.137842757715418
1335349395.0,4.1070958587119435
1335352095.0,4.008995710208637
1335354795.0,4.114264194471389
1335357495.0,4.062616256237106
1335360195.0,4.081633178247557
1335362895.0,4.062832811201758
1335365595.0,4.031601724221673
1335368295.0,4.076602500617753
1335370995.0,4.080899583260816
1335373695.0,4.080462940079144
1335376395.0,4.124596968578146
1335379095.0,5.86477926654112
1335381795.0,6.08131313956477
1335384495.0,6.08546855112985
1335387195.0,6.081609785354885
1335389895.0,6.177239120833576
1335392595.0,6.144503750217041
1335395295.0,5.204119657456317
1335397995.0,4.371199416156514
1335400695.0,4.278896693318757
1335403395.0,4.2572343205491165
1335406095.0,4.3301855019661275
1335408795.0,4.3248387462335245
1335411495.0,4.282595492148118
1335414195.0,4.3196881297095615
1335416895.0,4.37055457544642
1335419595.0,4.390277224394538
1335422295.0,4.349839654841844
1335424995.0,4.328239210109132
1335427695.0,4.344588682991002
1335430395.0,4.294581346400889
1335433095.0,3.349933513731628
1335435795.0,3.0236169430389737
1335438495.0,2.964972264274536
1335441195.0,2.947414004697123
1335443895.0,2.989487047276782
1335446595.0,2.9942575988420685
1335449295.0,4.582558719058852
1335451995.0,4.738424813480265
1335454695.0,4.802629469287467
1335457395.0,4.784810329791355
1335460095.0,4.791288661436397
1335462795.0,4.805593836593175
1335465495.0,4.790685232431201
1335468195.0,4.775008503337688
1335470895.0,4.846313972575331
1335473595.0,4.834013167234048
1335476295.0,4.8710702074417895
1335478995.0,4.8821354679614615
1335481695.0,4.8281420573423475
1335484395.0,4.911112933720801
1335487095.0,5.7763801761562945
1335489795.0,4.939901821042383
1335492495.0,4.85876812508036
1335495195.0,4.839203080461687
1335497895.0,4.825677518454938
1335500595.0,4.87282235398186
1335503295.0,4.839200817236701
1335505995.0,4.85237203539026
1335508695.0,4.816852498178207
1335511395.0,4.806680800520155
1335514095.0,4.788051553143816
1335516795.0,4.817354336595258
1335519495.0,4.819338859712445
1335522195.0,4.801596654602804
1335524895.0,4.833284308655379
1335527595.0,4.803975953553845
1335530295.0,4.802075191977053
1335532995.0,4.773969340956455
1335535695.0,4.884435201818803
1335538395.0,4.851177705730777
1335541095.0,6.121180901152059
1335543795.0,6.327212366719209
1335546495.0,6.374869273903812
1335549195.0,6.35539099172928
1335551895.0,6.379734791788735
1335554595.0,6.304147202483307
1335557295.0,4.820983084871045
1335559995.0,4.663097219484257
1335562695.0,4.635073100183661
1335565395.0,4.63004728662554
1335568095.0,4.6222931324352885
1335570795.0,4.652015595673163
1335573495.0,4.662428286804413
1335576195.0,4.7065511906233155
1335578895.0,4.7697472896883255
1335581595.0,4.799504783878831
1335584295.0,4.812992900736106
1335586995.0,4.83904396153099
1335589695.0,4.861796649019539
1335592395.0,4.812409754168186
1335595095.0,4.780573557464322
1335597795.0,4.818641369525437
1335600495.0,4.755427881955825
1335603195.0,3.6558887200554864
1335605895.0,3.387313943924937
1335608595.0,3.2625134859311515
1335611295.0,3.2752804509506177
1335613995.0,3.220905366491934
1335616695.0,3.2699185337658037
1335619395.0,3.3170008948746386
1335622095.0,3.3398995078268854
1335624795.0,3.30684427069059
1335627495.0,3.363771155294671
1335630195.0,5.094723252648407
1335632895.0,5.219415681178248
1335635595.0,5.320854041976872
1335638295.0,5.295752200559491
1335640995.0,5.235118602166494
1335643695.0,4.155298808414045
1335646395.0,4.092598630501527
1335649095.0,4.1198102315831875
1335651795.0,4.112433730754276
1335654495.0,4.084943125632606
1335657195.0,4.0720058103905785
1335659895.0,4.12734771653578
1335662595.0,4.143469060841085
1335665295.0,5.398354347186682
1335667995.0,5.4754431047082335
1335670695.0,5.469545529427819
1335673395.0,5.541198830311316
1335676095.0,5.57287871998426
1335678795.0,5.533789832040043
1335681495.0,5.505171311332845
1335684195.0,5.4905539593063395
1335686895.0,5.491509993501097
1335689595.0,5.471669994815329
1335692295.0,5.442065125435363
1335694995.0,4.922580409496504
1335697695.0,4.0954964664219915
1335700395.0,4.04998482045454
1335703095.0,4.147857179500193
1335705795.0,4.173517042477727
1335708495.0,4.162965525582422
1335711195.0,4.148967031955351
1335713895.0,4.206450520066198
1335716595.0,4.917805770590462
1335719295.0,5.583389021587379
1335721995.0,5.6414819897697726
1335724695.0,5.620841463771228
1335727395.0,5.603356640842037
1335730095.0,5.490110432060874
1335732795.0,5.201416644448784
1335735495.0,4.447140485084276
1335738195.0,4.393642772824592
1335740955.0,4.363223864732618
1335743655.0,4.366793211424579
1335746355.0,4.347138793564966
1335749055.0,4.348736937769729
1335751755.0,4.467902997919737
1335754455.0,4.497172287050034
1335757155.0,4.543244453524892
1335759855.0,4.633489157617987
1335762555.0,4.657925993393576
1335765255.0,4.740256275874515
1335767955.0,4.692690498641468
1335770655.0,4.7828501979444695
1335773355.0,4.745271688887726
1335776055.0,4.712531976125206
1335778755.0,4.662714931010612
1335781455.0,4.580855865348099
1335784155.0,4.566440859138936
1335786855.0,4.530255728938471
1335789555.0,4.591107866722837
1335792255.0,4.601486508523067
1335794955.0,4.628234035136529
1335797655.0,4.589579893907285
1335800355.0,4.656114606709934
1335803055.0,4.611727805750377
1335805755.0,4.6630579278479445
1335808455.0,4.618169907353376
1335811155.0,6.2310594866759175
1335813855.0,5.051859875853268
1335816555.0,4.789323578411427
1335819255.0,4.729060181580735
1335821955.0,4.714644416562692
1335824655.0,4.695184625903607
1335827355.0,4.618802334549741
1335830055.0,4.547473404247569
1335832755.0,4.514242229424269
1335835455.0,4.552076612461974
1335838155.0,4.683195292277503
1335840855.0,4.659764972179175
1335843555.0,4.630398033639892
1335846255.0,4.6893299774354205
1335848955.0,4.693681989403501
1335851655.0,4.69494803242128
1335854355.0,4.69423339688575
1335857055.0,4.66992760893902
1335859755.0,4.675612999246937
1335862455.0,4.656167821606971
1335865155.0,4.687560909198453
1335867855.0,4.666692977519233
1335870555.0,4.63256650736929
1335873255.0,4.6660610634141335
1335875955.0,4.732962256991527
1335878655.0,4.757289736045152
1335881355.0,4.810404827159402
1335884055.0,4.701533568389891
1335886755.0,4.720396294163322
1335889455.0,4.705617463022463
1335892155.0,4.762562477661334
1335894855.0,5.520158811030171
1335897555.0,4.852625569281713
1335900255.0,4.786967677844643
1335902955.0,4.802853749204871
1335905655.0,4.818845371590385
1335908355.0,4.810582445566467
1335911055.0,4.749274029843889
1335913755.0,4.757108711119372
1335916455.0,4.683131775065306
1335919155.0,4.668553233675141
1335921855.0,4.688720955292922
1335924555.0,4.715080316005242
1335927255.0,5.767737797789323
1335929955.0,5.907629940102879
1335932655.0,5.996897023214615
1335935355.0,5.932964552125384
1335938055.0,5.984584442399182
1335940755.0,5.939189542000463
1335943455.0,6.015183864149833
1335946155.0,5.990795206495022
1335948855.0,5.979790672501338
1335951555.0,5.969047327573207
1335954255.0,6.00165615885993
1335956955.0,5.945494973317977
1335959655.0,5.960512619823987
1335962355.0,6.099953656719606
1335965055.0,6.17867186895819
1335967755.0,6.161442785088127
1335970455.0,6.1346486085942615
1335973155.0,6.167950923896569
1335975855.0,6.15537015563109
1335978555.0,6.148721063453195
1335981255.0,7.325922002326422
1335983955.0,6.234251501787526
1335986655.0,5.81009699498577
1335989355.0,5.718590906743827
1335992055.0,5.687722817395979
1335994755.0,5.643549479954061
1335997455.0,5.596834284277293
1336000155.0,5.5855726097230445
1336002855.0,5.623987924111759
1336005555.0,5.679256938441938
1336008255.0,5.767583596944917
1336010955.0,5.812781695963736
1336013655.0,5.700320414726264
1336016355.0,4.75852057063679
1349838795.0,5.771851724171313
1349841495.0,5.7225191954627235
1349844195.0,5.61687020647679
1349846895.0,6.884582965628738
1349849595.0,6.925074108708827
1349852295.0,6.937017287611866
1349854995.0,6.891535262745492
1349857695.0,6.942456485886851
1349860395.0,6.936543713064395
1349863095.0,6.380589281977734
1349865795.0,5.843726661290816
1349868495.0,5.751629143704292
1349871195.0,5.732741565521621
1349873895.0,5.794474517940387
1349876595.0,5.835591426361248
1349879295.0,5.906344423508585
1349881995.0,5.925607775972935
1349884695.0,5.891398542179786
1349887395.0,5.934223680518301
1349890095.0,5.939011593470809
1349892795.0,5.900153846089438
1349895495.0,5.872864665192822
1349898195.0,5.844579650661217
1349900895.0,5.895490781684032
1349903595.0,5.765118533396446
1349906295.0,5.830224052229823
1349908995.0,5.786828121647204
1349911695.0,5.812675682863755
1349914395.0,5.862650320169621
1349917095.0,5.843708681455269
1349919795.0,5.842607704808472
1349922495.0,5.8096040902025265
1349925195.0,5.75306073609255
1349927895.0,5.926986597900793
1349930595.0,5.97249956391579
1349933295.0,6.980599169503137
1349935995.0,7.804217815900074
1349938695.0,7.826128874008759
1349941395.0,7.777599008613663
1349944095.0,7.784041071834906
1349946795.0,6.103584742494434
1349949495.0,5.999514992118463
1349952195.0,5.937455428232681
1349954895.0,5.891563508673926
1349957595.0,6.02048474826006
1349960295.0,6.014490981596111
1349962995.0,6.028239791918281
1349965695.0,6.156054395570266
1349968395.0,6.157921221657318
1349971095.0,6.103872127990826
1349973795.0,6.11464418061081
1349976495.0,6.100656507537735
1349979195.0,6.055558865170781
1349981895.0,6.0411417122863895
1349984595.0,6.009547664458012
1349987295.0,6.066403532096558
1349989995.0,5.994178717948046
1349992695.0,6.0468706856505605
1349995395.0,6.062495591739378
1349998095.0,6.1146377395978675
1350000795.0,6.0804448942062095
1350003495.0,6.064965712311846
1350006195.0,6.054207970197581
1350008895.0,6.037487814003782
1350011595.0,6.066061983242605
1350014295.0,6.106492288720801
1350016995.0,6.069895324076128
1350019695.0,6.089332899917565
1350022395.0,7.802573071345535
1350025095.0,7.893941505413068
1350027795.0,6.3023427498214915
1350030495.0,6.27403732761087
1350033195.0,6.246707573652429
1350035895.0,6.252349829472905
1350038595.0,6.264121264720757
1350041295.0,6.208462796380331
1350043995.0,6.29577645159759
1350046695.0,6.319033189353831
1350049395.0,6.342392851075317
1350052095.0,6.315807446917404
1350054795.0,6.300904917789126
1350057495.0,6.313359513537591
1350060195.0,6.3203402073952475
1350062895.0,6.226235584656479
1350065595.0,6.223782450927274
1350068295.0,6.205010867585884
1350070995.0,6.2687324366755774
1350073695.0,6.314230497754636
1350076395.0,6.243899530047486
1350079095.0,6.285611235617637
1350081795.0,6.309781724225843
1350084495.0,6.340351265312222
1350087195.0,6.300713855144977
1350089895.0,6.296916459670797
1350092595.0,6.329321700333821
1350095295.0,6.320382487470226
1350097995.0,6.347250887432438
1350100695.0,6.3692379704764335
1350103395.0,6.339405129888235
1350106095.0,6.4207332320455635
1350108795.0,6.444144064910802
1350111495.0,8.18143511927616
1350114195.0,6.481571022547371
1350116895.0,6.372026395267369
1350119595.0,6.350540770578789
1350122295.0,6.41603437604914
1350124995.0,6.401840382307796
1350127695.0,6.361447526061681
1350130395.0,6.30194678719306
1350133095.0,6.333752556787999
1350135795.0,6.384482147842675
1350138495.0,6.451448466307625
1350141195.0,6.448680820744585
1350143895.0,6.4038711190067374
1350146595.0,6.450278387154867
1350149295.0,6.337049591219909
1350151995.0,6.351590413627264
1350154695.0,6.290987842482991
1350157395.0,6.32678926292914
1350160095.0,6.33714547652994
1350162795.0,6.323798780330435
1350165495.0,6.3720389781844915
1350168195.0,6.350149198839802
1350170895.0,6.383345423010894
1350173595.0,6.424705718806365
1350176295.0,6.4426832312854
1350178995.0,6.4552761061516435
1350181695.0,6.473110455375036
1350184395.0,6.465374620116904
1350187095.0,6.473404402002359
1350189795.0,6.4840626349470085
1350192495.0,6.546706248484099
1350195195.0,6.538052091370957
1350197895.0,6.53900646055456
1350200595.0,7.781753351883253
1350203295.0,6.977431496834015
1350205995.0,6.501849891955828
1350208695.0,6.517708388899678
1350211395.0,6.469992524307031
1350214095.0,6.479320906479074
1350216795.0,6.444901935064422
1350219495.0,6.44183280875734
1350222195.0,6.469766440772901
1350224895.0,6.538886710437168
1350227595.0,6.460701390670579
1350230295.0,6.381605476077823
1350232995.0,6.41990685933348
1350235695.0,6.344931855599725
1350238395.0,5.697788613705995
1350241095.0,4.992368189658805
1350243795.0,5.002045354157076
1350246495.0,4.993044553908192
1350249195.0,5.369949469234427
1350251895.0,6.4500876321509395
1350254595.0,6.528883371968959
1350257295.0,6.505650755835745
1350259995.0,6.546034425173218
1350262695.0,6.516692820964806
1350265395.0,6.508913934452039
1350268095.0,6.508090927505805
1350270795.0,6.5587989617732205
1350273495.0,6.538571982250971
1350276195.0,6.553436740248912
1350278895.0,6.637656266376382
1350281595.0,6.5965560422196745
1350284295.0,6.536700238757874
1350286995.0,6.5512542882047455
1350289695.0,6.897007651070055
1350292395.0,6.35506185641492
1350295095.0,6.355866320159635
1350297795.0,6.373303796915138
1350300495.0,6.331742325069001
1350303195.0,6.367249002706046
1350305895.0,6.3520639856737375
1350308595.0,6.402973834339605
1350311295.0,6.442181019852569
1350313995.0,6.446589481021874
1350316695.0,6.466468641959807
1350319395.0,6.436226252808524
1350322095.0,5.943348835932397
1350324795.0,5.183029958189422
1350327495.0,5.073749745659541
1350330195.0,5.145000350511054
1350332895.0,5.052429166046522
1350335595.0,5.044022024766093
1350338295.0,5.07212332370068
1350340995.0,5.123865301555554
1350343695.0,5.191055251877913
1350346395.0,6.41658447786574
1350349095.0,6.501074663530119
1350351795.0,6.605129155870941
1350354495.0,6.61925362274377
1350357195.0,6.640790074598158
1350359895.0,6.684843741765064
1350362595.0,6.643416665558618
1350365295.0,6.737352542683482
1350367995.0,6.718775088404016
1350370695.0,6.5870309065630295
1350373395.0,6.589098768643623
1350376095.0,6.56317853814312
1350378795.0,5.817183808580808
1350381495.0,6.299137966577689
1350384195.0,6.32353774889549
1350386895.0,6.272499226024252
1350389595.0,6.284542315431054
1350392295.0,6.310080354190063
1350394995.0,6.378695462974349
1350397695.0,6.403042152633532
1350400395.0,6.391764337738152
1350403095.0,6.390346613256895
1350405795.0,6.366055062039948
1350408495.0,6.317930353140525
1350411195.0,6.098984816191148
1350413895.0,5.145230831547394
1350416595.0,5.121757336476321
1350419295.0,5.1169695560245145
1350421995.0,5.08880138144292
1350424695.0,5.046660598986193
1350427395.0,5.0676981049325605
1350430095.0,5.054155038173121
1350432795.0,5.089615554802208
1350435495.0,5.0786854837531905
1350438195.0,5.118089121701701
1350440895.0,5.110527085135459
1350443595.0,5.119239256756373
1350446295.0,5.156177734379753
1350448995.0,5.13285178004196
1350451695.0,5.238917470922047
1350454395.0,5.2185614158636895
1350457095.0,5.2121653107585075
1350459795.0,5.144580539381309
1350462495.0,6.751934140391427
1350465195.0,6.971391321028648
1350467895.0,5.705291038610767
1350470595.0,5.617811971839728
1350473295.0,5.5427131439344635
1350475995.0,5.547635640868862
1350478695.0,5.577160753425517
1350481395.0,5.625139067233647
1350484095.0,5.59621266746035
1350486795.0,5.645539734897227
1350489495.0,5.55726349300943
1350492195.0,5.60756091921553
1350494895.0,5.509862987799522
1350497595.0,5.557303688832576
1350500295.0,5.386254889421821
1350502995.0,4.607316251231509
1350505695.0,4.234197962755161
1350508395.0,4.244073116863319
1350511095.0,4.7129997157442745
1350513795.0,5.68738636763851
1350516495.0,5.696844444020769
1350519195.0,5.786066954459784
1350521895.0,5.7574379363202866
1350524595.0,5.721610373782653
1350527295.0,5.762005333675631
1350529995.0,5.815323590849971
1350532695.0,5.836426923438125
1350535395.0,5.852380658365178
1350538095.0,5.942223999989608
1350540795.0,5.913833010740234
1350543495.0,5.84946926830753
1350546195.0,5.834342875420248
1350548895.0,5.8002181881780075
1350551595.0,6.693894898475605
1350554295.0,7.090011917530319
1350556995.0,5.795411486875537
1350559695.0,5.696152866746559
1350562395.0,5.593401716101425
1350565095.0,5.64010794949877
1350567795.0,5.740955545474321
1350570495.0,5.729677381703937
1350573195.0,5.725273200258869
1350575895.0,5.705364035349419
1350578595.0,5.757975789579973
1350581295.0,5.672302130243509
1350583995.0,5.720907167487326
1350586695.0,5.6693877046156445
1350589395.0,5.683789968564952
1350592095.0,5.477076955046812
1350594795.0,4.496221956429224
1350597495.0,4.362636459541648
1350600195.0,4.363445757879219
1350602895.0,4.394831152216625
1350605595.0,4.417176053117828
1350608295.0,4.396946558617117
1350610995.0,4.388132172651979
1350613695.0,4.433926613770723
1350616395.0,4.503679228402461
1350619095.0,4.46486846076067
1350621795.0,4.485612691277709
1350624495.0,4.555396245716281
1350627195.0,5.336156743612321
1350629895.0,6.18422237153527
1350632595.0,6.174369813579801
1350635295.0,6.149541340165342
1350637995.0,6.206439154505006
1350640695.0,6.2503500117204
1350643395.0,6.156270869599723
1350646095.0,4.967554590037537
1350648795.0,4.793641738868473
1350651495.0,4.82946027099598
1350654195.0,4.917861503001063
1350656895.0,4.934998606008378
1350659595.0,4.938425984756691
1350662295.0,4.929728161940943
1350664995.0,4.913161903798596
1350667695.0,4.905951731542245
1350670395.0,4.867661597264885
1350673095.0,4.85249945384578
1350675795.0,4.886020349048749
1350678495.0,4.815234092387755
1350681195.0,4.781164560219054
1350683895.0,5.85824796473139
1350686595.0,6.148107920088023
1350689295.0,5.159801008381464
1350691995.0,5.065632710523005
1350694695.0,5.046325384868396
1350697395.0,5.026715072078105
1350700095.0,5.148277411140555
1350702795.0,5.172435477641898
1350705495.0,5.137751248337736
1350708195.0,5.198904645873199
1350710895.0,5.2362246862576285
1350713595.0,5.232821657623219
1350716295.0,5.4128298342719745
1350718995.0,6.295373076920896
1350721695.0,6.301825271197686
1350724395.0,6.379241574459513
1350727095.0,6.40033938258324
1350729795.0,6.403352814597383
1350732495.0,6.411332101565847
1350735195.0,6.247854125033712
1350737895.0,6.236777568248272
1350740595.0,5.225828740786994
1350743295.0,5.060606196527715
1350745995.0,5.154496432909411
1350748695.0,5.139109586653433
1350751395.0,5.1438453459710445
1350754095.0,5.0847750067372885
1350756795.0,5.123334922063577
1350759495.0,5.071154786792761
1350762195.0,5.138909254595035
1350764895.0,5.0616432968049025
1350767595.0,5.061079916379867
1350770295.0,5.035575770928119
1350772995.0,5.018097352757707
1350775695.0,4.995149634798906
1350778395.0,5.065971504137906
1350781095.0,5.002769759369187
1350783795.0,5.026245068883156
1350786495.0,5.055461109767634
1350789195.0,5.098774320257689
1350791895.0,5.087699979872127
1350794595.0,5.642993155131762
1350797295.0,6.828306460099725
1350799995.0,6.908268432630962
1350802695.0,6.909320520647725
1350805395.0,6.93877489009833
1350808095.0,6.9662489678750035
1350810795.0,6.14068306518277
1350813495.0,5.359510287379521
1350816195.0,5.251410704447039
1350818895.0,5.3284285440778945
1350821595.0,5.23208631256847
1350824295.0,5.257627313106298
1350826995.0,5.331029880730398
1350829695.0,5.280340633320179
1350832395.0,5.251248288265401
1350835095.0,5.285146639557979
1350837795.0,5.29534832201233
1350840495.0,5.229010708030216
1350843195.0,5.244102878203819
1350845895.0,5.170947901177271
1350848595.0,5.266279397774952
1350851295.0,5.156356386680045
1350853995.0,5.18835348542666
1350856695.0,3.944132095026532
1350859395.0,3.8131137943040017
1350862095.0,3.797687661311727
1350864795.0,3.810037150041751
1350867495.0,3.8203099161468117
1350870195.0,3.8175982176812226
1350872895.0,3.841270524823642
1350875595.0,5.443335878498658
1350878295.0,5.61973680075414
1350880995.0,5.659991569809733
1350883695.0,5.684703174966501
1350886395.0,5.686346229672267
1350889095.0,5.649393109138487
1350891795.0,5.651291216104596
1350894495.0,5.675748392713672
1350897195.0,5.752763517709468
1350899895.0,4.815097282669569
1350902595.0,4.526552578994256
1350905295.0,4.594943639115115
1350907995.0,4.529063191521061
1350910695.0,4.571254878854063
1350913395.0,5.7261254944212965
1350916095.0,5.829434416351376
1350918795.0,5.83094227152236
1350921495.0,5.8122588665229955
1350924195.0,5.836643759545723
1350926895.0,5.809474243289515
1350929595.0,5.824320324347809
1350932295.0,5.79863899218185
1350934995.0,5.854958710273138
1350937695.0,5.762937895923244
1350940395.0,5.799081397199188
1350943095.0,5.756946753642637
1350945795.0,5.790678541039142
1350948495.0,5.75429502523599
1350951195.0,5.253524726705905
1350953895.0,4.433662239892385
1350956595.0,4.385274500552498
1350959295.0,4.420063615909953
1350961995.0,4.453272302547589
1350964695.0,4.478261948826628
1350967395.0,4.541453323339113
1350970095.0,5.872019890447405
1350972795.0,5.988954444987996
1350975495.0,5.950292825163444
1350978195.0,5.952048880357211
1350980895.0,5.932849986357439
1350983595.0,5.9960033559598855
1350986295.0,6.021245003185413
1350988995.0,5.862593429528658
1350991695.0,5.547154284493502
1350994395.0,4.826626534751597
1350997095.0,4.831376764453239
1350999795.0,4.8778246375648
1351002495.0,4.912165697996613
1351005195.0,4.9186749424759455
1351007895.0,4.952001802040115
1351010595.0,4.918422226738869
1351013295.0,4.8552634432381865
1351015995.0,4.802969830632321
1351018695.0,4.854345893146956
1351021395.0,4.91799320427873
1351024095.0,4.8673520728493145
1351026795.0,4.83975314482916
1351029495.0,4.801737064826455
1351032195.0,4.862030023401019
1351034895.0,4.800327177395957
1351037595.0,4.790599821267904
1351040295.0,4.81275867416241
1351042995.0,4.836435408792454
1351045695.0,4.8889987414042935
1351048395.0,4.9141096625603495
1351051095.0,4.849735785205496
1351053795.0,6.378136038188245
1351056495.0,6.745751173899748
1351059195.0,6.815530071694354
1351061895.0,6.723860828324007
1351064595.0,6.735248367373288
1351067295.0,6.723276613952407
1351069995.0,6.835091074527838
1351072695.0,5.476008495250653
1351075395.0,5.082689571613912
1351078095.0,5.081811086313564
1351080795.0,5.134392250987332
1351083495.0,6.236013730122522
1351086195.0,6.394695259516652
1351088895.0,6.392133247012282
1351091595.0,6.389834823636363
1351094295.0,6.438472005327355
1351096995.0,6.3781213293057135
1351099695.0,6.385267653271228
1351102395.0,6.370426777095076
1351105095.0,6.3845301554256935
1351107795.0,6.430654463709288
1351110495.0,6.393329203561109
1351113195.0,6.392471298759233
1351115895.0,6.348475337258606
1351118595.0,6.381871047414563
1351121295.0,6.43931855161685
1351123995.0,6.437658714847771
1351126695.0,6.440742868271457
1351129395.0,6.427518813123243
1351132095.0,6.4633972732409575
1351134795.0,6.467101555022396
1351137495.0,6.467234159519194
1351140195.0,6.4899664055629955
1351142895.0,7.642109135540466
1351145595.0,7.936256638359566
1351148295.0,7.671669146008355
1351150995.0,6.317549133238231
1351153695.0,6.2368497284228965
1351156395.0,6.2634106993799605
1351159095.0,6.249056463678585
1351161795.0,6.237831617537097
1351164495.0,6.241232807708457
1351167195.0,6.295171480872057
1351169895.0,6.362439584121262
1351172595.0,7.305987282990145
1351175295.0,7.5599636938903245
1351177995.0,7.53991242295433
1351180695.0,7.586670536042959
1351183395.0,7.51154602619016
1351186095.0,7.55580509455757
1351188795.0,7.504836508369294
1351191495.0,7.500376670656863
1351194195.0,7.50332998944242
1351196895.0,7.508961085748979
1351199595.0,7.5384482343102945
1351202295.0,7.564246556476746
1351204995.0,7.562831216590155
1351207695.0,7.55387534045758
1351210395.0,7.560461640779749
1351213095.0,7.565193499087286
1351215795.0,7.609849542473398
1351218495.0,7.64573992603448
1351221195.0,7.613559561177283
1351223895.0,7.638393717744236
1351226595.0,7.679953302867375
1351229295.0,7.632917622134528
1351231995.0,6.33091294233418
1351234695.0,7.034553801254049
1351237395.0,7.19191068768572
1351240095.0,7.104375379549026
1351242795.0,7.175893757357414
1351245495.0,7.178027643294342
1351248195.0,7.150469820483352
1351250895.0,7.1217072678324485
1351253595.0,7.158465896879022
1351256295.0,7.233189338462182
1351258995.0,7.304536984802894
1351261695.0,7.30500479045935
1351264395.0,7.37349409623954
1351267095.0,8.190725252195364
1351269795.0,8.51085146646517
1351272495.0,8.504506998748752
1351275195.0,8.462096034233866
1351277895.0,8.48745924973872
1351280595.0,8.49105186725103
1351283295.0,8.43041627992335
1351285995.0,8.431322825137329
1351288695.0,8.420414428643937
1351291395.0,8.490869083223515
1351294095.0,8.45682666785882
1351296795.0,8.399036327507645
1351299495.0,8.459321007254346
1351302195.0,8.482357033352457
1351304895.0,8.550453745876666
1351307595.0,8.542459357456835
1351310295.0,8.497325464627181
1351312995.0,8.570361313432159
1351315695.0,8.607535256877497
1351318395.0,8.37349416394062
1351321095.0,6.752235240345158
1351323795.0,7.915035403228103
1351326495.0,7.943762379527186
1351329195.0,7.978589845864349
1351331895.0,7.96971110015113
1351334595.0,7.92747387839222
1351337295.0,7.951225470732481
1351339995.0,7.942728781066194
1351342695.0,8.003248236904483
1351345395.0,8.061706385050229
1351348095.0,8.041981604497494
1351350795.0,8.063867348282542
1351353495.0,8.021232906204773
1351356195.0,8.032162859581149
1351358895.0,8.011052719805491
1351361595.0,7.980180393471244
1351364295.0,8.0089907093041
1351366995.0,7.981313693426728
1351369695.0,7.879483227009416
1351372395.0,7.76157149571452
1351375095.0,7.765108904355486
1351377795.0,7.757367738959829
1351380495.0,7.759506091534945
1351383195.0,7.7590157982565415
1351385895.0,7.7822904142810785
1351388595.0,7.8390269053533075
1351391295.0,7.833598238515833
1351393995.0,7.889994414179512
1351396695.0,7.861406799186057
1351399395.0,7.916273607303992
1351402095.0,7.934882246786913
1351404795.0,7.9780030883450195
1351407495.0,9.52002362020113
1351410195.0,8.418000545251914
1351412895.0,7.824659716751569
1351415595.0,7.813422167584861
1351418295.0,7.7814224406483845
1351420995.0,7.742968385696486
1351423695.0,7.777298537885315
1351426395.0,7.736211149855876
1351429095.0,7.755217912484341
1351431795.0,7.884472306693681
1351434495.0,7.82380957807942
1351437195.0,7.798670482231159
1351439895.0,8.227797251215009
1351442595.0,8.99612741574532
1351445295.0,9.058544561062604
1351447995.0,8.996374682297187
1351450695.0,9.014960055350286
1351453395.0,8.9493322072164
1351456095.0,8.937120845901347
1351458795.0,7.680594015007671
1351461495.0,7.5883473639017325
1351464195.0,7.5796847414518425
1351466895.0,7.6308759993622175
1351469595.0,7.559971245186375
1351472295.0,7.585853606626699
1351474995.0,7.609046970695374
1351477695.0,7.639557714626392
1351480395.0,7.72132030585982
1351483095.0,7.684320927422959
1351485795.0,7.723094684682394
1351488495.0,7.7246924838171935
1351491195.0,8.956277575466288
1351493895.0,8.97022687637093
1351496595.0,8.774598114461867
1351499295.0,7.742768580783547
1351501995.0,7.697804185509028
1351504695.0,7.67110092267734
1351507395.0,7.619490458293967
1351510095.0,7.661139831482387
1351512795.0,7.63966137137146
1351515495.0,7.726491792128968
1351518195.0,7.744337090408862
1351520895.0,7.7414237814898
1351523595.0,7.7060332802751645
1351526295.0,7.738496453847915
1351528995.0,7.666427951489084
1351531695.0,7.686722628569896
1351534395.0,8.561318488011125
1351537095.0,9.00023921551525
1351539795.0,8.95772986403989
1351542495.0,8.947855289979202
1351545195.0,7.721005479075018
1351547895.0,7.62837571854277
1351550595.0,7.605930027777276
1351553295.0,7.568392606386965
1351555995.0,7.561388921085779
1351558695.0,7.507033111295698
1351561395.0,7.584693733833205
1351564095.0,7.669061467951224
1351566795.0,7.680480652335234
1351569495.0,7.688381242310015
1351572195.0,7.7177522343930605
1351574895.0,7.708229633708584
1351577595.0,7.814062655505666
1351580295.0,8.871880382981999
1351582995.0,8.878571830241412
1351585695.0,8.483921132216665
1351588395.0,7.679095759244149
1351591095.0,7.621025699115421
1351593795.0,7.590435946162188
1351596495.0,7.539634134634582
1351599195.0,7.607141610894644
1351601895.0,7.687349849459167
1351604595.0,7.750765118533593
1351607295.0,7.735507355674088
1351609995.0,7.716928861982922
1351612695.0,7.717153783575839
1351615395.0,7.688910216348916
1351618095.0,7.66381488453618
1351620795.0,7.642092198478963
1351623495.0,7.673911196395466
1351626195.0,7.576123391231079
1351628895.0,8.45161638992613
1351631595.0,8.894493194588506
1351634295.0,8.889341090533492
1351636995.0,8.967135261577255
1351639695.0,8.885482541188196
1351642395.0,8.865518044052521
1351645095.0,8.852463688482715
1351647795.0,8.92021188660675
1351650495.0,8.958500561787787
1351653195.0,8.948347095406348
1351655895.0,8.995961465472988
1351658595.0,9.03968168122276
1351661295.0,9.059061552227604
1351663995.0,9.099048769988428
1351666695.0,9.102881649638505
1351669395.0,9.954727429309457
1351672095.0,10.18793589183349
1351674795.0,8.627508934010223
1351677495.0,8.319618358379103
1351680195.0,8.333972010163393
1351682895.0,8.306797295666286
1351685595.0,8.327601437058377
1351688295.0,8.272676744921853
1351690995.0,8.267514933152256
1351693695.0,8.276924943097129
1351696395.0,8.28878133910996
1351699095.0,8.306718635467803
1351701795.0,8.282634793654779
1351704495.0,8.23535075984364
1351707195.0,8.164634928012674
1351709895.0,8.253629476991534
1351712595.0,8.201204523964236
1351715295.0,7.299043716292601
1351717995.0,6.770701772829852
1351720695.0,6.766933832771599
1351723395.0,7.2132368062407295
1351726095.0,8.131220587463929
1351728795.0,8.137532035274944
1351731495.0,8.161713280137803
1351734195.0,8.181050929937328
1351736895.0,8.200005631320721
1351739595.0,8.243148401871451
1351742295.0,8.25774385055206
1351744995.0,8.248093418374765
1351747695.0,8.302779254378208
1351750395.0,8.249657885862405
1351753095.0,8.217803932135553
1351755795.0,8.199782223676777
1351758495.0,8.27285562683079
1351761195.0,7.6833695060109335
1351763895.0,7.568242445076521
1351766595.0,8.069987395697524
1351769295.0,8.097451467937617
1351771995.0,8.100513433575031
1351774695.0,8.080304943587635
1351777395.0,8.101382254278803
1351780095.0,8.071500688900187
1351782795.0,8.087183968859279
1351785495.0,8.090481477408161
1351788195.0,8.060333890751224
1351790895.0,8.087172752122001
1351793595.0,8.006896002480744
1351796295.0,8.113661293712596
1351798995.0,8.010333500622323
1351801695.0,6.971311313611864
1351804395.0,6.755212414404127
1351807095.0,6.737641144203735
1351809795.0,6.7916003553607425
1351812495.0,6.740450137399705
1351815195.0,6.7909189335586575
1351817895.0,6.766231314841775
1351820595.0,6.800097075644658
1351823295.0,6.841160133610856
1351825995.0,6.888935675102289
1351828695.0,6.875961746935502
1351831395.0,6.890440276869299
1351834095.0,6.854498844052728
1351836795.0,6.862396162435516
1351839495.0,8.190376909675592
1351842195.0,8.496311375224593
1351844895.0,8.526322833539155
1351847595.0,8.593646632307866
1351850295.0,7.65127450789322
1351852995.0,7.1762623882520415
1351855695.0,7.118241037990799
1351858395.0,7.165878296420999
1351861095.0,7.2901722708176635
1351863795.0,7.2749335596579385
1351866495.0,7.29367153368554
1351869195.0,7.207697391549971
1351871895.0,7.228068634198451
1351874595.0,7.154818798056567
1351877295.0,7.203777646603783
1351879995.0,7.173471640298146
1351882695.0,7.28288389456759
1351885395.0,7.2073933457494945
1351888095.0,7.23302458741847
1351890795.0,7.178416018861981
1351893495.0,7.169684926853392
1351896195.0,6.524086493095751
1351898895.0,5.919530616478141
1351901595.0,7.277613287392285
1351904295.0,7.450792566929465
1351906995.0,7.511204129588009
1351909695.0,7.520864137554668
1351912395.0,7.502583670644924
1351915095.0,7.50394233421224
1351917795.0,7.5231456449964185
1351920495.0,7.535264129701886
1351923195.0,7.542089740807569
1351925895.0,7.531911613034254
1351928595.0,7.476365748766227
1351931295.0,7.5826260108169095
1351933995.0,7.677330043318136
1351936695.0,8.685799744044175
1351939395.0,8.746177367495477
1351942095.0,8.59267768920256
1351944795.0,7.557326814857561
1351947495.0,7.546380942885378
1351950195.0,7.570320319400878
1351952895.0,7.5513042332409555
1351955595.0,7.497197083193669
1351958295.0,7.514692395835027
1351960995.0,7.476793424734012
1351963695.0,7.482005521941517
1351966395.0,7.471715675861674
1351969095.0,7.551174955641045
1351971795.0,7.492589216143301
1351974495.0,7.4862403868805245
1351977195.0,7.423125841640854
1351979895.0,7.461278776194263
1351982595.0,7.440322634543975
1351985295.0,7.41222490836725
1351987995.0,7.463804136442491
1351990695.0,7.484108904370714
1351993395.0,7.558674193776028
1351996095.0,7.848763654496111
1351998795.0,8.988506448124554
1352001495.0,9.059908053357447
1352004195.0,9.10006286387511
1352006895.0,9.17600878339249
1352009595.0,9.13412738153977
1352012295.0,9.072404643777645
1352014995.0,9.0225507345192
1352017695.0,9.047262903848946
1352020395.0,8.409899167128685
1352023095.0,7.280901323435955
1352025795.0,7.275018969918108
1352028495.0,7.233134123654793
1352031195.0,7.317864028843815
1352033895.0,7.363637613184437
1352036595.0,7.359941936528912
1352039295.0,7.364064819637633
1352041995.0,7.3356476167418805
1352044695.0,7.344842480354259
1352047395.0,7.345806910120814
1352050095.0,7.331279046423845
1352052795.0,7.306045808819476
1352055495.0,7.403532725609807
1352058195.0,7.315791406439871
1352060895.0,7.335753804411013
1352063595.0,6.7622329489302615
1352066295.0,5.95014808578577
1352068995.0,5.921820402679373
1352071695.0,5.9052249867881415
1352074395.0,5.90396373792737
1352077095.0,5.897074080288121
1352079795.0,5.914900511505095
1352082495.0,5.96703851086977
1352085195.0,6.0277046443824815
1352087895.0,7.84021531980045
1352090595.0,7.934435651035017
1352093295.0,7.94995288979834
1352095995.0,7.904825862312407
1352098695.0,7.845560308713573
1352101395.0,7.778644466047069
1352104095.0,7.826834403879502
1352106795.0,7.718501365117106
1352109495.0,6.614571187905938
1352112195.0,6.587370555653877
1352114895.0,6.536614215282839
1352117595.0,6.638620466490465
1352120295.0,6.724886718300866
1352122995.0,6.735079349190187
1352125695.0,6.865113776658234
1352128395.0,7.926525852933594
1352131095.0,7.943985861275507
1352133795.0,7.988299611496586
1352136495.0,8.020509160161623
1352139195.0,7.943692141585018
1352141895.0,8.050041306775768
1352144595.0,7.965069156879167
1352147295.0,8.031064657138984
1352149995.0,7.901307884917571
1352152695.0,7.97237915462739
1352155395.0,7.971617364758515
1352158095.0,7.973569319437502
1352160795.0,7.9438454978397885
1352163495.0,7.945425861408012
1352166195.0,7.965406401200141
1352168895.0,7.924940380528199
1352171595.0,7.934234334080259
1352174295.0,7.961367858684525
1352176995.0,8.438904456889532
1352179695.0,9.317578145324887
1352182395.0,9.300090615531985
1352185095.0,9.293976104858189
1352187795.0,9.194990098010692
1352190495.0,9.12357030111599
1352193195.0,7.664612319075559
1352195895.0,7.545731096549957
1352198595.0,7.557026809136119
1352201295.0,7.4802222813992785
1352203995.0,7.641452065059639
1352206695.0,7.7003325503608835
1352209395.0,7.657569622707513
1352212095.0,7.706548138790424
1352214795.0,7.689642669438797
1352217495.0,7.757386775825125
1352220195.0,7.672174861006681
1352222895.0,7.653710109639803
1352225595.0,7.666895653573192
1352228295.0,7.7580049627543985
1352230995.0,7.595241757347253
1352233695.0,7.600996951301056
1352236395.0,7.592315335517526
1352239095.0,7.624756333739299
1352241795.0,7.55779176831021
1352244495.0,6.181076088410123
1352247195.0,6.095753895520772
1352249895.0,6.125480701922868
1352252595.0,6.155710123393533
1352255295.0,6.1139735372069595
1352257995.0,6.119907237108009
1352260695.0,6.147366890007106
1352263395.0,7.864650124959724
1352266095.0,8.031212092952615
1352268795.0,8.09719972837064
1352271495.0,8.04771000445686
1352274195.0,7.907860607434202
1352276895.0,7.564006223911008
1352279595.0,6.8919669329867475
1352282295.0,6.7432410303685515
1352284995.0,6.742095954499462
1352287695.0,6.688776306033674
1352290395.0,6.91349236548524
1352293095.0,6.93399172696428
1352295795.0,7.005576453418428
1352298495.0,7.050136764798253
1352301195.0,7.05722933944935
1352303895.0,7.180824709129297
1352306595.0,7.151121902458215
1352309295.0,8.113440121694453
1352311995.0,8.278692837903236
1352314695.0,8.35097254053585
1352317395.0,8.306347895104011
1352320095.0,8.271003275594978
1352322795.0,8.192186572953744
1352325495.0,8.275914899256065
1352328195.0,8.279275620969713
1352330895.0,8.236822149969669
1352333595.0,8.31247957646815
1352336295.0,8.277742742005387
1352338995.0,8.299629663142241
1352341695.0,8.328863421945812
1352344395.0,8.332817121619314
1352347095.0,8.40730064503839
1352349795.0,8.398271412733777
1352352495.0,8.452021893466792
1352355195.0,9.481058772079109
1352357895.0,8.16926056827515
1352360595.0,7.8858018200049855
1352363295.0,7.86318526807753
1352365995.0,7.824162024522593
1352368695.0,7.771148872162485
1352371395.0,7.776155109125341
1352374095.0,7.74052400434789
1352376795.0,7.8885755278785155
1352379495.0,7.872318865928548
1352382195.0,7.820987968286715
1352384895.0,7.841635344370104
1352387595.0,7.8600522060522735
1352390295.0,7.803894239167107
1352392995.0,7.82055597750275
1352395695.0,7.797801055636057
1352398395.0,7.837667108383073
1352401095.0,7.878946067998186
1352403795.0,7.812562916724914
1352406495.0,7.835275464718791
1352409195.0,7.771355144347922
1352411895.0,7.847535686270135
1352414595.0,7.835858760836345
1352417295.0,7.831851358419954
1352419995.0,7.812510005612353
1352422695.0,7.813750962269637
1352425395.0,7.839314465406005
1352428095.0,7.9046973758892705
1352430795.0,7.863540531101819
1352433495.0,7.8637870127533915
1352436195.0,7.822332598711739
1352438895.0,7.834227147326715
1352441595.0,7.86744745642693
1352444295.0,7.893433619367158
1352446995.0,7.824558804682738
1352449695.0,7.861784371920464
1352452395.0,7.896399832008683
1352455095.0,7.869531609152773
1352457795.0,7.813416415083452
1352460495.0,7.7639481935360095
1352463195.0,7.816485595301515
1352465895.0,7.791497652598935
1352468595.0,7.730183673640283
1352471295.0,7.7253212089714225
1352473995.0,7.737560518489488
1352476695.0,7.7387802324356585
1352479395.0,7.706723745474449
1352482095.0,7.709974493928485
1352484795.0,7.776328100364765
1352487495.0,7.834841474189659
1352490195.0,7.768939239213239
1352492895.0,7.8065317303289135
1352495595.0,7.749904068949661
1352498295.0,7.861012086853179
1352500995.0,7.817680485485994
1352503695.0,7.776862491770487
1352506395.0,7.728129489484502
1352509095.0,7.75602153664056
1352511795.0,7.813249723560034
1352514495.0,7.820698501723996
1352517195.0,7.803124451105475
1352519895.0,7.838664004916097
1352522595.0,7.842097408118775
1352525295.0,7.897095254236376
1352527995.0,8.02779911273484
1352530695.0,7.810740164093772
1352533395.0,7.791089517812907
1352536095.0,7.785189511116471
1352538795.0,7.774464586826582
1352541495.0,7.769410081923354
1352544195.0,7.73289309166114
1352546895.0,7.695984088713374
1352549595.0,7.744338833260372
1352552295.0,7.744962797829544
1352554995.0,7.761046059980799
1352557695.0,7.65933367540174
1352560395.0,6.628327228417675
1352563095.0,6.588008303410618
1352565795.0,6.601623286209133
1352568495.0,6.56052238009147
1352571195.0,6.577852457742267
1352573895.0,6.616021422108872
1352576595.0,6.593873023683329
1352579295.0,6.57271991513386
1352581995.0,6.451299238101171
1352584695.0,6.558608120628946
1352587395.0,6.482829625833006
1352590095.0,6.488381030367975
1352592795.0,6.514013335711695
1352595495.0,6.527389319525184
1352598195.0,6.543903662582522
1352600895.0,6.5423476855634135
1352603595.0,6.518349003320623
1352606295.0,6.555363879601316
1352608995.0,6.57904406806108
1352611695.0,6.616747006009064
1352614395.0,8.050660508601538
1352617095.0,7.338090177314655
1352619795.0,6.936911522136938
1352622495.0,6.933038033410753
1352625195.0,6.897885298959011
1352627895.0,6.875699010787571
1352630595.0,6.8536396155462285
1352633295.0,6.844569854129702
1352635995.0,6.8792145847768325
1352638695.0,6.9321697078475495
1352641395.0,6.941724170396469
1352644095.0,7.01473853668233
1352646795.0,7.046640989341199
1352649495.0,7.009441741074738
1352652195.0,6.999759791843189
1352654895.0,6.905300757707721
1352657595.0,6.943480351781602
1352660295.0,6.914755938291819
1352662995.0,6.919506731567253
1352665695.0,6.864961701588186
1352668395.0,6.848506506778108
1352671095.0,6.896644820483971
1352673795.0,6.890498094256316
1352676495.0,6.921773929680569
1352679195.0,6.929237682728967
1352681895.0,6.931518116762788
1352684595.0,6.967363240353677
1352687295.0,7.034671219905704
1352689995.0,7.030629328043915
1352692695.0,7.039323301918159
1352695395.0,7.045037848575703
1352698095.0,7.10205759148289
1352700795.0,7.024959973276168
1352703495.0,8.460034803305291
1352706195.0,6.9639597050557995
1352708895.0,6.925845398525553
1352711595.0,6.8988568044443355
1352714295.0,6.9301765677158755
1352716995.0,6.941925520370603
1352719695.0,6.915813049222322
1352722395.0,6.939863182105455
1352725095.0,6.985019607716197
1352727795.0,6.970770057835409
1352730495.0,6.958533896892106
1352733195.0,6.965672222276112
1352735895.0,6.003889332811127
1352738595.0,5.758953676156523
1352741295.0,5.6932020244531145
1352743995.0,5.764743791904095
1352746695.0,5.660127773259603
1352749395.0,5.646093268158893
1352752095.0,5.671124282245273
1352754795.0,5.626230957845678
1352757495.0,5.705466826911277
1352760195.0,5.721184171452649
1352762895.0,5.680998042783415
1352765595.0,5.688502444145172
1352768295.0,5.737702071166609
1352770995.0,5.7805734407563705
1352773695.0,5.7947496908599305
1352776395.0,5.807696339341703
1352779095.0,5.831444695588004
1352781795.0,5.7883440255878895
1352784495.0,5.814023856994027
1352787195.0,5.792563720014073
1352789895.0,5.750681427681684
1352792595.0,5.824994378005385
1352795295.0,6.089317373889571
1352797995.0,6.0150212920704575
1352800695.0,6.042302236690432
1352803395.0,6.075458449672681
1352806095.0,6.034289999932241
1352808795.0,6.121451649389826
1352811495.0,6.13435186514198
1352814195.0,6.093358116041088
1352816895.0,6.086191956402104
1352819595.0,6.109405168865919
1352822295.0,6.087611590123004
1352824995.0,5.081926774552414
1352827695.0,4.93259383795305
1352830395.0,5.00299709198589
1352833095.0,4.925037813948677
1352835795.0,4.960186070842383
1352838495.0,4.923609030204716
1352841195.0,4.942251632682542
1352843895.0,4.982950674117603
1352846595.0,4.9286342590453955
1352849295.0,6.289904848963715
1352851995.0,6.406407861999753
1352854695.0,6.494379818600464
1352857395.0,6.510409891954396
1352860095.0,6.511586484712495
1352862795.0,6.534525648307181
1352865495.0,6.521703888137665
1352868195.0,6.518080665987895
1352870895.0,6.546429350352298
1352873595.0,6.540264971293595
1352876295.0,6.55197986662273
1352878995.0,5.159011549402294
1352881695.0,5.944030467980099
1352884395.0,6.176537176679631
1352887095.0,6.19961768776659
1352889795.0,6.19192555272474
1352892495.0,6.205327162420872
1352895195.0,6.266185763717601
1352897895.0,6.295763123323184
1352900595.0,6.328952581946169
1352903295.0,6.331162567080639
1352905995.0,6.318314754494338
1352908695.0,6.280011111598981
1352911395.0,6.203658714218477
1352914095.0,6.093318455478652
1352916795.0,5.117470940565113
1352919495.0,4.996895332544398
1352922195.0,5.001019838768116
1352924895.0,4.969335422653103
1352927595.0,4.938866519913631
1352930295.0,4.967822025325688
1352932995.0,4.915408859211652
1352935695.0,6.280443583852218
1352938395.0,6.36476316960443
1352941095.0,6.474560263506476
1352943795.0,6.502872821238384
1352946495.0,6.520375195895838
1352949195.0,6.5025467751140695
1352951895.0,6.503321402516349
1352954595.0,6.5568696658421
1352957295.0,6.523128466688206
1352959995.0,6.49421800266299
1352962695.0,6.443030828682311
1352965395.0,5.352191035756334
1352968095.0,5.056476509971787
1352970795.0,5.851185233763147
1352973495.0,6.146576906206917
1352976195.0,6.206286495515144
1352978895.0,6.193163710709655
1352981595.0,6.281067277100021
1352984295.0,6.242062578253808
1352986995.0,6.289006917818597
1352989695.0,6.3123499940322745
1352992395.0,6.349014756795839
1352995095.0,6.32370127466919
1352997795.0,6.313554633567378
1353000495.0,6.282012512451786
1353003195.0,6.313047510030515
1353005895.0,6.034154377143238
1353008595.0,5.015184608767015
1353011295.0,4.89906694557834
1353013995.0,4.825958466737802
1353016695.0,4.90316693215658
1353019395.0,4.889768162554162
1353022095.0,4.898324722354403
1353024795.0,4.94267792386097
1353027495.0,4.997478929448903
1353030195.0,5.071537900301507
1353032895.0,5.476980711941792
1353035595.0,6.507732222754839
1353038295.0,6.606461516349157
1353040995.0,6.622025933426073
1353043695.0,6.607633269634732
1353046395.0,6.586049541012471
1353049095.0,6.489374096969186
1353051795.0,6.41403524186245
1353054495.0,5.270119087626767
1353057195.0,5.163570911416286
1353059895.0,5.136359910908936
1353062595.0,5.106842877153838
1353065295.0,5.087001582250082
1353067995.0,5.23009449118814
1353070695.0,5.237286770802427
1353073395.0,5.248804227622145
1353076095.0,5.264885771957779
1353078795.0,5.2705932175258
1353081495.0,5.342707119729823
1353084195.0,5.340449267864358
1353086895.0,5.239032893313777
1353089595.0,5.326769242282182
1353092295.0,5.229732953591622
1353094995.0,5.258600631092236
1353097695.0,5.037001851504897
1353100395.0,3.945804219095976
1353103095.0,3.9077213864690066
1353105795.0,3.880362265798567
1353108495.0,3.892240226709646
1353111195.0,3.9058980609908645
1353113895.0,3.9468909250876436
1353116595.0,5.254569446624146
1353119295.0,5.760631752789266
1353121995.0,5.842723585856334
1353124695.0,5.885848541384121
1353127395.0,5.913744862279827
1353130095.0,5.880993954661733
1353132795.0,5.906199745598769
1353135495.0,5.811236787510154
1353138195.0,5.821680310334443
1353140895.0,5.77905446055928
1353143595.0,4.703067488151987
1353146295.0,4.6090439809738655
1353148995.0,4.559406329876822
1353151695.0,4.607326006784092
1353154395.0,4.656145793611927
1353157095.0,4.695213967669076
1353159795.0,4.738998500980074
1353162495.0,4.729541097775439
1353165195.0,4.767858770635655
1353167895.0,4.722583378004117
1353170595.0,4.735421131228861
1353173295.0,4.69556155474487
1353175995.0,4.765270045872342
1353178695.0,4.643479321564769
1353181395.0,4.640314662310971
1353184095.0,4.647868421877547
1353186795.0,4.642838538741955
1353189495.0,3.724367168506319
1353192195.0,3.271776782871541
1353194895.0,3.3200161472985883
1353197595.0,3.3040260744699026
1353200295.0,3.3636233288405606
1353202995.0,4.590344491305416
1353205695.0,5.185671194990903
1353208395.0,5.285911714962424
1353211095.0,5.279781267442502
1353213795.0,5.342119177761276
1353216495.0,5.37361430891724
1353219195.0,5.317281143482546
1353221895.0,5.293791544436772
1353224595.0,5.2966348133994074
1353227295.0,5.335401528192449
1353229995.0,5.2451119155216475
1353232695.0,5.262659715926247
1353235395.0,4.20832146772193
1353238095.0,4.160593349713338
1353240795.0,5.173858751809462
1353243495.0,5.321946072424112
1353246195.0,5.384270715980222
1353248895.0,5.348686063644664
1353251595.0,5.464710699882119
1353254295.0,5.414751842096564
1353256995.0,5.356878923696513
1353259695.0,5.390626273296277
1353262395.0,5.454579801130706
1353265095.0,5.379125879363016
1353267795.0,5.3823747402150275
1353270495.0,5.314490452735868
1353273195.0,5.357259516523413
1353275895.0,5.405489201008038
1353278595.0,5.314491292771663
1353281295.0,5.365914173460965
1353283995.0,5.333354250293269
1353286695.0,5.3217253363091
1353289395.0,5.415658638690559
1353292095.0,5.331332024470441
1353294795.0,6.7245230997115755
1353297495.0,6.783926918907582
1353300195.0,6.880626132229509
1353302895.0,6.86958871820832
1353305595.0,6.801449975698802
1353308295.0,6.801842435779804
1353310995.0,6.882816726221677
1353313695.0,5.202099177869911
1353316395.0,5.0819148690872
1353319095.0,5.111338358958449
1353321795.0,5.102935563149742
1353324495.0,5.142725866921012
1353327195.0,5.207431554476557
1353329895.0,5.220074761018907
1353332595.0,5.184998907640477
1353335295.0,5.21403222018813
1353337995.0,5.244507449052662
1353340695.0,5.190539967174118
1353343395.0,5.1917968215285555
1353346095.0,5.214288547512979
1353348795.0,5.206922548202215
1353351495.0,5.176892838528374
1353354195.0,5.135137512844381
1353356895.0,5.100078598801474
1353359595.0,5.083697526339392
1353362295.0,5.069130018872897
1353364995.0,5.059625065797206
1353367695.0,4.043485351496486
1353370395.0,3.5734578781498954
1353373095.0,3.5505867298293765
1353375795.0,3.639586765489753
1353378495.0,4.446578744348869
1353381195.0,5.336309031311885
1353383895.0,5.442178133898267
1353386595.0,5.49318932380811
1353389295.0,5.437304186765402
1353391995.0,5.491375320097177
1353394695.0,5.444291239019151
1353397395.0,5.524638393167663
1353400095.0,5.605175187712291
1353402795.0,5.540683012706154
1353405495.0,4.688539051188343
1353408195.0,5.490547592841892
1353410895.0,5.497480381653645
1353413595.0,5.61641097081889
1353416295.0,5.590018546825206
1353418995.0,5.577186754155662
1353421695.0,5.6120444884571725
1353424395.0,5.633777743851795
1353427095.0,5.60241515614797
1353429795.0,5.618170974178895
1353432495.0,5.636567867671545
1353435195.0,5.732797310599835
1353437895.0,5.660297137653117
1353440595.0,5.665214348627842
1353443295.0,5.5823557126465175
1353445995.0,5.633257061890902
1353448695.0,5.603014684961693
1353451395.0,5.563442933703925
1353454095.0,5.516503179433528
1353456795.0,5.567070152543408
1353459495.0,5.6393349246078515
1353462195.0,5.658381211785695
1353464895.0,5.643468527444156
1353467595.0,6.9277656324743475
1353470295.0,7.0788983488164945
1353472995.0,7.152816559282485
1353475695.0,7.148556301744577
1353478395.0,7.114256115827402
1353481095.0,7.048279129081834
1353483795.0,6.437461374071518
1353486495.0,5.464553586860291
1353489195.0,5.408333161323526
1353491895.0,5.382113838593739
1353494595.0,5.411525884599257
1353497295.0,5.473368800812068
1353499995.0,6.614574354271497
1353502695.0,6.743542713143086
1353505395.0,6.79615172620197
1353508095.0,6.813482630884266
1353510795.0,6.873499793744543
1353513495.0,6.804363465302686
1353516195.0,6.802744400725828
1353518895.0,6.809104257961167
1353521595.0,6.828738858304234
1353524295.0,6.777219552236318
1353526995.0,6.775667975859903
1353529695.0,6.721255033209104
1353532395.0,6.8119136736598875
1353535095.0,6.7261542778209105
1353537795.0,6.757907771468922
1353540495.0,6.759648758988874
1353543195.0,6.827091888741904
1353545895.0,6.830567936398893
1353548595.0,6.843742894905006
1353551295.0,6.789401113804388
1353553995.0,6.7627891786501095
1353556695.0,6.738028494085029
1353559395.0,6.3461042357263295
1353562095.0,6.471159195575922
1353564795.0,6.439719555354543
1353567495.0,6.375404708146107
1353570195.0,6.404924299079255
1353572895.0,6.433424768707766
1353575595.0,6.443051786039803
1353578295.0,6.473861293223592
1353580995.0,6.493459175912676
1353583695.0,6.5141642114602405
1353586395.0,6.220205576071805
1353589095.0,6.421069774256864
1353591795.0,6.693766327261926
1353594495.0,7.472368619302415
1353597195.0,7.820923656125899
1353599895.0,7.819293362196618
1353602595.0,7.784625737627664
1353605295.0,7.785254547522072
1353607995.0,7.790786335775749
1353610695.0,7.806170085634392
1353613395.0,7.7763906632544035
1353616095.0,7.7530035859704185
1353618795.0,7.785826870186156
1353621495.0,7.785903955507422
1353624195.0,7.8087653959862
1353626895.0,7.806513292388331
1353629595.0,7.794977582122897
1353632295.0,7.864472877193293
1353634995.0,7.946028474773527
1353637695.0,7.859561585976792
1353640395.0,7.856234822733484
1353643095.0,7.852582004689793
1353645795.0,6.139406396704317
1353648495.0,5.948219377737189
1353651195.0,5.9103787458768124
1353653895.0,5.845326023917266
1353656595.0,7.149306073421371
1353659295.0,7.281529220316202
1353661995.0,7.365222066914384
1353664695.0,7.391906277592682
1353667395.0,7.34679425652655
1353670095.0,7.330607003959983
1353672795.0,7.401330504659256
1353675495.0,7.450997390994871
1353678195.0,7.425341882729924
1353680895.0,7.434179971341393
1353683595.0,7.453591130366988
1353686295.0,6.305839284261879
1353688995.0,6.202625491186097
1353691695.0,6.241068819797533
1353694395.0,6.207465348062556
1353697095.0,6.158140871274952
1353699795.0,6.11996681566319
1353702495.0,6.048421970805066
1353705195.0,6.091639846916337
1353707895.0,6.080118950762653
1353710595.0,6.064891370600435
1353713295.0,6.095917990791861
1353715995.0,6.167447114537367
1353718695.0,6.178201912311238
1353721395.0,6.1814456580135015
1353724095.0,6.171986348667133
1353726795.0,6.18407259456211
1353729495.0,6.12739447826408
1353732195.0,6.177462009586691
1353734895.0,5.452181106961348
1353737595.0,6.43133076468871
1353740295.0,6.392897248960594
1353742995.0,6.4404094614777705
1353745695.0,6.401277740379044
1353748395.0,6.414197196556188
1353751095.0,6.42051161853135
1353753795.0,6.399245184707411
1353756495.0,6.5006916361759295
1353759195.0,6.543646405482775
1353761895.0,6.628790061108361
1353764595.0,7.58727166399126
1353767295.0,7.730209312074635
1353769995.0,7.7452352409017635
1353772695.0,7.726604078475816
1353775395.0,7.6696882333664576
1353778095.0,7.717050109599825
1353780795.0,7.668311653965361
1353783495.0,7.6904504607227295
1353786195.0,7.670984932683552
1353788895.0,7.6213816207532545
1353791595.0,7.692640246493681
1353794295.0,7.619620101420537
1353796995.0,7.640038326226659
1353799695.0,7.680416731894979
1353802395.0,7.722764153971923
1353805095.0,7.796386070470021
1353807795.0,7.790617335283116
1353810495.0,7.812056396670755
1353813195.0,7.769378428105938
1353815895.0,7.762719360950086
1353818595.0,7.830741106520293
1353821295.0,8.063053899309466
1353823995.0,7.395101712239864
1353826695.0,7.243550114308732
1353829395.0,7.253106035210237
1353832095.0,7.228644641772746
1353834795.0,7.163819310211636
1353837495.0,7.213740968135539
1353840195.0,7.183913910381307
1353842895.0,7.181361333955351
1353845595.0,7.263500141563497
1353848295.0,7.30288278733201
1353850995.0,7.306683759363182
1353853695.0,8.134167079951851
1353856395.0,8.357985436705349
1353859095.0,8.335009908779057
1353861795.0,8.35703058040292
1353864495.0,8.341202709876995
1353867195.0,8.307631042927028
1353869895.0,8.32398442512698
1353872595.0,8.32027708039908
1353875295.0,8.24690788102049
1353877995.0,8.29031221965721
1353880695.0,8.220940280237812
1353883395.0,8.242873779991953
1353886095.0,8.252037203784539
1353888795.0,8.312274022793758
1353891495.0,8.356492694388692
1353894195.0,8.41321516304231
1353896895.0,8.387731162671741
1353899595.0,8.352148338695827
1353902295.0,8.356329601591426
1353904995.0,8.446341537435956
1353907695.0,9.687195317593591
1353910395.0,8.022209640460403
1353913095.0,7.800581752643723
1353915795.0,7.746012526508423
1353918495.0,7.745999116083851
1353921195.0,7.745677479235098
1353923895.0,7.755222488342497
1353926595.0,7.723095730649561
1353929295.0,7.7026679757092325
1353931995.0,7.652546998668811
1353934695.0,7.702559204959925
1353937395.0,7.738513657976171
1353940095.0,7.7525702910000405
1353942795.0,7.773602470739661
1353945495.0,7.703211306858691
1353948195.0,7.730475227174622
1353950895.0,8.845977926724856
1353953595.0,8.967191431839865
1353956295.0,9.014625240019825
1353958995.0,8.911067101186234
1353961695.0,8.850634334331346
1353964395.0,8.920167244609672
1353967095.0,8.90272048282202
1353969795.0,8.951468303497848
1353972495.0,8.947961287707301
1353975195.0,8.991971302497006
1353977895.0,9.047270906929668
1353980595.0,9.051086225864708
1353983295.0,9.020019975054765
1353985995.0,9.029980748498758
1353988695.0,9.00437267763067
1353991395.0,9.015781316590562
1353994095.0,9.071450629357628
1353996795.0,10.10320240898892
1353999495.0,8.384589939008208
1354002195.0,8.293818952142885
1354004895.0,8.267929829331251
1354007595.0,8.259711042635217
1354010295.0,8.191369814195241
1354012995.0,8.162497885078835
1354015695.0,8.191176256999938
1354018395.0,8.255767215124592
1354021095.0,8.252472715241822
1354023795.0,8.254478478002
1354026495.0,8.246958935766884
1354029195.0,8.246582291121229
1354031895.0,8.203992266718956
1354034595.0,8.126106566499459
1354037295.0,8.216060381592797
1354039995.0,8.127625368138297
1354042695.0,8.162363029590438
1354045395.0,8.081100971254102
1354048095.0,8.04872292946294
1354050795.0,8.087480697287845
1354053495.0,8.016511030880451
1354056195.0,8.006096388241588
1354058895.0,8.013610111013577
1354061595.0,8.015581850164324
1354064295.0,8.022577752827829
1354066995.0,8.041456648300198
1354069695.0,8.00467507006698
1354072395.0,7.976386112288253
1354075095.0,8.026976533193022
1354077795.0,8.030687671203111
1354080495.0,9.601659462011526
1354083195.0,9.753821976136521
1354085895.0,9.763072682220638
1354088595.0,8.479290289307414
1354091295.0,7.963699818662519
1354093995.0,7.925339450832212
1354096695.0,7.898883565241988
1354099395.0,7.836035984596322
1354102095.0,7.822314822423095
1354104795.0,7.969047186721298
1354107495.0,8.04625248565037
1354110195.0,8.005048732635885
1354112895.0,8.005997612586782
1354115595.0,7.999492641011045
1354118295.0,8.00137473618338
1354120995.0,7.962886959255968
1354123695.0,7.97542960681443
1354126395.0,7.886467941515036
1354129095.0,7.933926557252221
1354131795.0,7.9352325595378375
1354134495.0,7.885683621408077
1354137195.0,8.938689518332183
1354139895.0,7.936518689737795
1354142595.0,7.926351369370934
1354145295.0,7.952506712811157
1354147995.0,7.968651863050866
1354150695.0,7.9580113894517694
1354153395.0,8.002287335034282
1354156095.0,7.967938049561269
1354158795.0,7.95646592318235
1354161495.0,7.993415485285141
1354164195.0,7.975653376370474
1354166895.0,7.9036584534486565
1354169595.0,7.950455317769695
1354172295.0,8.847123441488009
1354174995.0,8.990411113088612
1354177695.0,7.824326500704785
1354180395.0,7.8214945328377325
1354183095.0,7.792300199683837
1354185795.0,7.7821261156829
1354188495.0,7.769269651491129
1354191195.0,7.848060827704728
1354193895.0,7.914221560299097
1354196595.0,7.898372120082968
1354199295.0,7.9081242228486985
1354201995.0,7.809897474113882
1354204695.0,7.751452721876035
1354207395.0,7.774572712146153
1354210095.0,7.836572827400289
1354212795.0,7.785623249020773
1354215495.0,7.82122458180811
1354218195.0,7.811817807335331
1354220895.0,7.832906818289189
1354223595.0,7.855672234541089
1354226295.0,7.837918410648399
1354228995.0,9.192680085851123
1354231695.0,9.18076975172653
1354234395.0,7.998837776041171
1354237095.0,7.913320616018382
1354239795.0,7.850938916820098
1354242495.0,7.83376945064424
1354245195.0,7.811578753921594
1354247895.0,7.843824879812701
1354250595.0,7.8373442722618165
1354253295.0,7.735908642068239
1354255995.0,7.761083392745263
1354258695.0,7.8293062988663
1354261395.0,7.8332256705556915
1354264095.0,8.675641734405929
1354266795.0,8.831228183573899
1354269495.0,7.87374632708719
1354272195.0,7.832163993465542
1354274895.0,7.821912493670936
1354277595.0,7.896628633093314
1354280295.0,7.907734864647637
1354282995.0,7.914222830580229
1354285695.0,7.928084583456666
1354288395.0,7.931868918391501
1354291095.0,7.883633257579731
1354293795.0,7.90462749042257
1354296495.0,7.917990474570786
1354299195.0,7.901927356716328
1354301895.0,7.888745531771917
1354304595.0,7.907811870713431
1354307295.0,7.862442119424145
1354309995.0,7.881105669816691
1354312695.0,7.86770004782403
1354315395.0,7.88960934785689
1354318095.0,7.920449743749032
1354320795.0,9.220669256746874
1354323495.0,9.298792302249808
1354326195.0,9.310642067953552
1354328895.0,9.294540589369944
1354331595.0,9.285309231704105
1354334295.0,9.331615783682366
1354336995.0,9.266895661581543
1354339695.0,9.265866429384857
1354342395.0,9.225447503556609
1354345095.0,9.199536348823926
1354347795.0,9.26439028155528
1354350495.0,7.698410172501667
1354353195.0,7.541981622709841
1354355895.0,7.525646359010807
1354358595.0,7.525726342427845
1354361295.0,7.522238171724098
1354363995.0,7.660399976470956
1354366695.0,7.648864042065327
1354369395.0,7.645679176521583
1354372095.0,7.718565667194298
1354374795.0,7.615444094179281
1354377495.0,7.635737461382121
1354380195.0,7.602663685435232
1354382895.0,7.6739729506618914
1354385595.0,7.55644008112256
1354388295.0,7.5441314929083205
1354390995.0,7.513143939439772
1354393695.0,7.497601220702563
1354396395.0,7.47745434513206
1354399095.0,6.983136816911838
1354401795.0,5.981580926762888
1354404495.0,6.00456359887778
1354407195.0,6.043877635376987
1354409895.0,6.690015389209464
1354412595.0,7.883152928254219
1354415295.0,7.8772093309905244
1354417995.0,7.934454152067417
1354420695.0,7.965844462003474
1354423395.0,7.952691961070855
1354426095.0,7.916639134277091
1354428795.0,7.849671987264628
1354431495.0,7.861807041270936
1354434195.0,7.875042365749323
1354436895.0,7.888671740672407
1354439595.0,7.1158116977994155
1354442295.0,7.638469130430053
1354444995.0,7.805778906499995
1354447695.0,7.855221136733405
1354450395.0,7.990443527903778
1354453095.0,7.9846657542285016
1354455795.0,7.975631140354153
1354458495.0,8.057290033125241
1354461195.0,8.004151787360513
1354463895.0,8.011473356884267
1354466595.0,7.9616176674134636
1354469295.0,8.003545345774398
1354471995.0,7.9516039330833905
1354474695.0,7.9477788646568115
1354477395.0,7.8905127191248425
1354480095.0,7.895349174524142
1354482795.0,7.901059525643461
1354485495.0,7.89559331054744
1354488195.0,7.926435892763379
1354490895.0,7.8892797012281335
1354493595.0,7.955273833745878
1354496295.0,7.99012506689445
1354498995.0,9.20935741772496
1354501695.0,9.402301167315386
1354504395.0,9.412259762570443
1354507095.0,9.461490766064856
1354509795.0,9.460427898465525
1354512495.0,9.365955319025375
1354515195.0,8.558181084755688
1354517895.0,7.7032743418992595
1354520595.0,7.635281175171201
1354523295.0,7.594555417640038
1354525995.0,7.622583689214764
1354528695.0,7.6333237046485465
1354531395.0,7.649991457334124
1354534095.0,8.623857722827381
1354536795.0,8.954482037916762
1354539495.0,8.99006874013213
1354542195.0,8.996127369159694
1354544895.0,9.071394365464528
1354547595.0,9.014230323068887
1354550295.0,9.043232558995271
1354552995.0,8.983670832716655
1354555695.0,8.999536589208219
1354558395.0,8.996308274634316
1354561095.0,8.960748067018812
1354563795.0,8.97638198534878
1354566495.0,8.910305346436928
1354569195.0,8.93295887804976
1354571895.0,7.810706955050819
1354574595.0,7.452123901343043
1354577295.0,7.392286146008416
1354579995.0,7.415504105885532
1354582695.0,7.48528026151962
1354585395.0,7.4653910212326196
1354588095.0,7.416698070271536
1354590795.0,7.445525180447021
1354593495.0,8.847375146504305
1354596195.0,8.942449879992921
1354598895.0,8.935241788325698
1354601595.0,8.88135496601052
1354604295.0,8.645614828993246
1354606995.0,7.718064299299954
1354609695.0,7.742247558191707
1354612395.0,7.728514588452413
1354615095.0,7.699044770746298
1354617795.0,7.655838642138633
1354620495.0,7.651938823625073
1354623195.0,7.718131899105515
1354625895.0,7.7473498664307385
1354628595.0,7.764237255659225
1354631295.0,7.89320054256433
1354633995.0,7.827227837398482
1354636695.0,7.823534205650958
1354639395.0,7.8407257860641835
1354642095.0,7.8628008952814525
1354644795.0,7.8234447749872515
1354647495.0,7.8181905548074155
1354650195.0,7.804644181296169
1354652895.0,7.755565001987748
1354655595.0,7.771211821248073
1354658295.0,7.719390448224431
1354660995.0,7.702111243916988
1354663695.0,7.746852172295462
1354666395.0,7.755787661876866
1354669095.0,7.8090748443444795
1354671795.0,7.8095903923143055
1354674495.0,7.762544264433018
1354677195.0,7.768943570875081
1354679895.0,9.099534708695444
1354682595.0,9.117252378944215
1354685295.0,7.9668404349212665
1354687995.0,7.847023143180763
1354690695.0,7.819988844839145
1354693395.0,7.761350911774912
1354696095.0,7.767138526678423
1354698795.0,7.7706980715994405
1354701495.0,7.71326082426458
1354704195.0,7.7472447656383565
1354706895.0,7.713500231569242
1354709595.0,7.882752770771162
1354712295.0,7.967120815810631
1354714995.0,7.985615717584835
1354717695.0,9.147495137660599
1354720395.0,9.176075109865963
1354723095.0,9.149040805253662
1354725795.0,9.203957055466788
1354728495.0,9.206989807843115
1354731195.0,9.221212386272839
1354733895.0,9.18171625713046
1354736595.0,9.166625986518511
1354739295.0,9.179846491144701
1354741995.0,9.101463937419283
1354744695.0,9.129905284608014
1354747395.0,9.167934381157067
1354750095.0,9.188241809179829
1354752795.0,9.225864862759522
1354755495.0,9.236998587204482
1354758195.0,9.208585931918435
1354760895.0,9.172197525910121
1354763595.0,7.627311721390242
1354766295.0,7.497834623669689
1354768995.0,8.586752563094876
1354771695.0,8.802301095568396
1354774395.0,8.741222771215064
1354777095.0,8.73200638443177
1354779795.0,8.729984402540765
1354782495.0,8.68532222234461
1354785195.0,8.733994709813146
1354787895.0,8.685462818590793
1354790595.0,8.627950808981154
1354793295.0,8.559795950551802
1354795995.0,8.634151844581197
1354798695.0,8.598527377200298
1354801395.0,7.556867240259351
1354804095.0,7.440586771630876
1354806795.0,7.415931963192747
1354809495.0,7.447592191143997
1354812195.0,7.4382629168812855
1354814895.0,7.467735198347043
1354817595.0,7.487870367686014
1354820295.0,7.436777592141993
1354822995.0,7.431771296677482
1354825695.0,7.434310499307401
1354828395.0,7.363154608503635
1354831095.0,7.392451840767421
1354833795.0,7.401756570576026
1354836495.0,7.395171995815076
1354839195.0,7.399854748709913
1354841895.0,7.427354561005018
1354844595.0,7.408669440498613
1354847295.0,7.37202083429986
1354849995.0,7.410617902448848
1354852695.0,7.394627233367203
1354855395.0,7.684721605795573
1354858095.0,7.836232295102036
1354860795.0,7.720889227657949
1354863495.0,7.714173496221122
1354866195.0,7.689924697235426
1354868895.0,7.744285021878909
1354871595.0,7.747571274497545
1354874295.0,7.72953218177571
1354876995.0,7.741933006515524
1354879695.0,7.681365630548612
1354882395.0,7.710123234954835
1354885095.0,7.709083073284432
1354887795.0,7.718634373687792
1354890495.0,7.757145768104408
1354893195.0,7.780239966944237
1354895895.0,7.7274645992316096
1354898595.0,7.756805445999532
1354901295.0,7.785951665541688
1354903995.0,7.821613723594908
1354906695.0,7.755139363685771
1354909395.0,7.720535078077944
1354912095.0,7.696836389328553
1354914795.0,7.754841704464127
1354917495.0,7.806816155637023
1354920195.0,7.783221584754926
1354922895.0,7.804992334054475
1354925595.0,7.840241810073167
1354928295.0,7.845508433082443
1354930995.0,7.823777432400277
1354933695.0,7.811728603759775
1354936395.0,7.773438503626039
1354939095.0,7.816550586437245
1354941795.0,6.318444810581752
1354944495.0,7.585999482256625
1354947195.0,7.683720120097007
1354949895.0,7.701785200955442
1354952595.0,7.7132383659676975
1354955295.0,7.747421148821502
1354957995.0,7.729355636928744
1354960695.0,7.676748692470369
1354963395.0,7.672194666369478
1354966095.0,7.668861563201972
1354968795.0,7.636306826892678
1354971495.0,6.562164334302565
1354974195.0,6.468526525825325
1354976895.0,6.519480038417328
1354979595.0,6.481231211086936
1354982295.0,6.440779606483829
1354984995.0,6.565699568985792
1354987695.0,6.563990300801436
1354990395.0,6.59841563067306
1354993095.0,6.543059989666176
1354995795.0,6.517238275022407
1354998495.0,6.516541079143678
1355001195.0,6.495759970164215
1355003895.0,6.5093830147354765
1355006595.0,6.528790731331924
1355009295.0,6.4592070126477665
1355011995.0,6.498126683692135
1355014695.0,6.533492306751555
1355017395.0,6.5196004163918815
1355020095.0,6.462118526690517
1355022795.0,6.450589353932401
1355025495.0,6.450523716325904
1355028195.0,6.431140410325554
1355030895.0,5.201602395405871
1355033595.0,6.414135157876103
1355036295.0,6.714247086914213
1355038995.0,6.738682784810123
1355041695.0,6.769880749260267
1355044395.0,6.819268244343732
1355047095.0,6.8326916291584325
1355049795.0,6.817808609705594
1355052495.0,6.8870877653035905
1355055195.0,6.881796855219875
1355057895.0,6.77546449824456
1355060595.0,5.8779753254923435
1355063295.0,5.617616664777927
1355065995.0,5.603907536679969
1355068695.0,5.570652704965255
1355071395.0,5.587452742607297
1355074095.0,5.606031792370175
1355076795.0,5.640542488948881
1355079495.0,5.669734534922213
1355082195.0,5.623905763108553
1355084895.0,5.596817733289072
1355087595.0,5.61690439413934
1355090295.0,5.60785972108215
1355092995.0,5.626429125044012
1355095695.0,5.660252119288202
1355098395.0,5.6358804980204695
1355101095.0,5.680553255202938
1355103795.0,5.6471595530620675
1355106495.0,5.6302087755481125
1355109195.0,5.6527825021444755
1355111895.0,5.666452681644444
1355114595.0,5.600128098413052
1355117295.0,5.619491558684672
1355119995.0,7.22902745589613
1355122695.0,6.0825547731456595
1355125395.0,5.9468084134968535
1355128095.0,5.997700555357085
1355130795.0,5.958126668200634
1355133495.0,5.9815691745856725
1355136195.0,5.944668251264204
1355138895.0,6.015637372575554
1355141595.0,6.119846210733613
1355144295.0,6.0808263508740765
1355146995.0,6.073715152027717
1355149695.0,6.011015988432916
1355152395.0,5.923195091204036
1355155095.0,5.078609286605342
1355157795.0,4.807462090008926
1355160495.0,4.759558006427369
1355163195.0,4.7880520563815026
1355165895.0,4.739741018861196
1355168595.0,4.711183978832821
1355171295.0,4.759282515532561
1355173995.0,4.689250001621247
1355176695.0,4.757289586672016
1355179395.0,4.722920656436543
1355182095.0,4.806455714801302
1355184795.0,4.896893575908678
1355187495.0,4.891434402036907
1355190195.0,4.912166352126121
1355192895.0,4.905678828177599
1355195595.0,4.939819969021357
1355198295.0,4.959844492397508
1355200995.0,4.862084687527215
1355203695.0,4.857816900301543
1355206395.0,6.518440429670761
1355209095.0,6.461175138379019
1355211795.0,5.281233523128094
1355214495.0,5.345871747125386
1355217195.0,5.335743192012501
1355219895.0,5.373769702543484
1355222595.0,5.335314780049373
1355225295.0,5.270797802315542
1355227995.0,5.30109501949579
1355230695.0,5.290516267310693
1355233395.0,5.257193047671308
1355236095.0,5.269914772093671
1355238795.0,5.208694794431096
1355241495.0,5.220962157165673
1355244195.0,5.1826904625665975
1355246895.0,5.2011857052712
1355249595.0,5.197901929751708
1355252295.0,5.142213336961618
1355254995.0,5.128676884695494
1355257695.0,5.164164340915647
1355260395.0,5.20882470262427
1355263095.0,5.253950911896709
1355265795.0,5.28621676149487
1355268495.0,5.2818445413522
1355271195.0,5.332300359467638
1355273895.0,5.354926908463426
1355276595.0,5.321974946391663
1355279295.0,5.352914578851426
1355281995.0,5.396720751793794
1355284695.0,5.640976695883239
1355287395.0,6.940755981671714
1355290095.0,6.996373585958622
1355292795.0,6.916323063052403
1355295495.0,5.226249357571248
1355298195.0,5.15175620848072
1355300895.0,5.1703111795209225
1355303595.0,5.189003016637116
1355306295.0,5.179316572727657
1355308995.0,5.1864472035720155
1355311695.0,5.181888796934459
1355314395.0,5.314858753930935
1355317095.0,5.175125071274522
1355319795.0,5.15921817040919
1355322495.0,5.153493053105251
1355325195.0,5.162698003568721
1355327895.0,4.756680397355069
1355330595.0,3.9729955447715497
1355333295.0,3.9241431626156213
1355335995.0,3.9418949364648483
1355338695.0,3.9048793152486496
1355341395.0,3.869327440616189
1355344095.0,3.8544655030138415
1355346795.0,3.8650648167166537
1355349495.0,3.8431688210151265
1355352195.0,3.8959481336712543
1355354895.0,5.2116059192258035
1355357595.0,5.56095524455003
1355360295.0,5.625810354740565
1355362995.0,5.620223969143012
1355365695.0,5.566639349384332
1355368395.0,5.563538986375249
1355371095.0,5.5841784874420455
1355373795.0,5.529157027795009
1355376495.0,5.4980780174970505
1355379195.0,4.191945478970183
1355381895.0,4.053910551960939
1355384595.0,4.109333278873805
1355387295.0,4.141202879229752
1355389995.0,5.042588503077241
1355392695.0,5.436846655938666
1355395395.0,5.446312544449086
1355398095.0,5.428536901387361
1355400795.0,5.453086981546221
1355403495.0,5.384303199064732
1355406195.0,5.448408257480651
1355408895.0,5.423157967236875
1355411595.0,5.40801513680924
1355414295.0,5.367297143963185
1355416995.0,5.457375785438387
1355419695.0,5.440321584167407
1355422395.0,4.540744865463239
1355425095.0,4.143732814856037
1355427795.0,4.087765525274108
1355430495.0,4.018689174120652
1355433195.0,4.042751041476379
1355435895.0,4.035928206199856
1355438595.0,4.1039781581689
1355441295.0,4.1449372793463795
1355443995.0,5.460802924663426
1355446695.0,5.60837538850285
1355449395.0,5.57489084561854
1355452095.0,5.523513583563727
1355454795.0,5.57395395526936
1355457495.0,5.565125380151812
1355460195.0,5.488230080535686
1355462895.0,5.46838155885149
1355465595.0,5.3292435591038725
1355468295.0,4.157914474830704
1355470995.0,4.1383326944193755
1355473695.0,4.193110559258173
1355476395.0,4.193057672523423
1355479095.0,4.240923046637704
1355481795.0,4.209331552965182
1355484495.0,4.299297962039475
1355487195.0,4.34642956408004
1355489895.0,4.32273255805228
1355492595.0,4.312676119332423
1355495295.0,4.298341758700701
1355497995.0,4.286013582491364
1355500695.0,4.206687851900995
1355503395.0,4.266900779093817
1355506095.0,4.2522802088205935
1355508795.0,4.259935688614291
1355511495.0,4.262983248005412
1355514195.0,4.2299749543252005
1355516895.0,3.3581599477258237
1355519595.0,2.8498810759381286
1355522295.0,2.8098065566939567
1355524995.0,2.7915989204603875
1355527695.0,2.8619871747632146
1355530395.0,3.6207239421851796
1355533095.0,4.683408241486916
1355535795.0,4.745569731309672
1355538495.0,4.768911805477671
1355541195.0,4.786400652871862
1355543895.0,4.782106016685589
1355546595.0,4.735336983603133
1355549295.0,4.721756356020933
1355551995.0,4.6459007630114115
1355554695.0,4.57178868126482
1355557395.0,3.73041976546358
1355560095.0,3.598504192022233
1355562795.0,3.640662528836799
1355565495.0,3.6887918510367967
1355568195.0,4.035837778289704
1355570895.0,4.878308676901042
1355573595.0,4.847718066615471
1355576295.0,4.8966069856838885
1355578995.0,4.945390150182277
1355581695.0,4.951879580269406
1355584395.0,4.914609588611427
1355587095.0,4.908306661125323
1355589795.0,4.925185026658426
1355592495.0,4.936070669949231
1355595195.0,5.003668490878056
1355597895.0,4.9716907783335955
1355600595.0,4.936893541332097
1355603295.0,4.932792697994046
1355605995.0,4.970177219385107
1355608695.0,4.906682883237295
1355611395.0,4.507097793915477
1355614095.0,3.635273498081972
1355616795.0,3.6244694970001774
1355619495.0,4.142248148075396
1355622195.0,4.981604820054201
1355624895.0,5.002779136084371
1355627595.0,4.993321698414547
1355630295.0,5.011115204864154
1355632995.0,5.013379734523937
1355635695.0,4.983733532824033
1355638395.0,4.9567447709521275
1355641095.0,4.905692951047627
1355643795.0,4.987796309501789
1355646495.0,4.972448955984191
1355649195.0,4.976274889334547
1355651895.0,4.35920675873956
1355654595.0,3.840788654715425
1355657295.0,3.800825113670612
1355659995.0,3.7999138080645594
1355662695.0,3.7977731748922565
1355665395.0,3.8770507500055373
1355668095.0,3.8468211840490767
1355670795.0,3.7781126867221246
1355673495.0,3.794600260650043
1355676195.0,3.819666936389808
1355678895.0,3.8491878211362405
1355681595.0,3.8439606972071374
1355684295.0,3.8257655664835397
1355686995.0,3.839205497589205
1355689695.0,3.8061755956587717
1355692395.0,3.8255303975656147
1355695095.0,3.8134639672387607
1355697795.0,3.7891075146657727
1355700495.0,3.806980831866724
1355703195.0,3.8185264141640687
1355705895.0,3.869943077446635
1355708595.0,5.522716082124248
1355711295.0,5.661547100425366
1355713995.0,5.713906047705905
1355716695.0,5.720786642245457
1355719395.0,5.7336524901255075
1355722095.0,5.724755046184157
1355724795.0,5.662628345657765
1355727495.0,4.344101763416575
1355730195.0,4.018576536656155
1355732895.0,4.048423846437743
1355735595.0,4.057278509839364
1355738295.0,4.109350664030046
1355740995.0,4.095093269063625
1355743695.0,4.165752903127839
1355746395.0,4.173832451745568
1355749095.0,4.076203220697153
1355751795.0,4.142226803893891
1355754495.0,4.099275251037909
1355757195.0,4.133592334302023
1355759895.0,4.0708876750947525
1355762595.0,4.142198500064126
1355765295.0,4.176295161897144
1355767995.0,4.197238576538155
1355770695.0,4.167487723155318
1355773395.0,4.1832712899952185
1355776095.0,4.151012598649288
1355778795.0,4.12296808148011
1355781495.0,4.121871911113203
1355784195.0,4.058604101069079
1355786895.0,4.087368489381504
1355789595.0,2.695927764883379
1355792295.0,2.5406093699490953
1355794995.0,2.4723473601599153
1355797695.0,2.480277558809007
1355800395.0,4.201730377102763
1355803095.0,4.407030762909983
1355805795.0,4.46018309216646
1355808495.0,4.470092674454918
1355811195.0,4.381373768779781
1355813895.0,4.422095767463247
1355816595.0,4.480556307447898
1355819295.0,4.506857514044498
1355821995.0,4.500157110613827
1355824695.0,3.4566896024292646
1355827395.0,3.331559738855674
1355830095.0,3.4523329361784363
1355832795.0,4.45086960699723
1355835495.0,4.544460425954412
1355838195.0,4.672362918625595
1355840895.0,4.691632450768168
1355843595.0,4.735039528947993
1355846295.0,4.71925998363605
1355848995.0,4.735585145461641
1355851695.0,4.736357471884958
1355854395.0,4.66911746121508
1355857095.0,4.590168992185625
1355859795.0,4.492628980210611
1355862495.0,4.45344519826682
1355865195.0,4.456418036012792
1355867895.0,4.380545430239067
1355870595.0,4.375840364445025
1355873295.0,4.390771288160067
1355875995.0,4.605853029808657
1355878695.0,4.449569388192515
1355881395.0,4.424446483298141
1355884095.0,4.175489315764935
1355886795.0,3.3691690626157538
1355889495.0,4.458190656866918
1355892195.0,4.506129472304963
1355894895.0,4.512314679772658
1355897595.0,4.498304169273354
1355900295.0,4.629323509083747
1355902995.0,4.733858906574426
1355905695.0,4.773117421473387
1355908395.0,4.761069428044266
1355911095.0,4.840508326598581
1355913795.0,4.741221013480867
1355916495.0,4.7064068275049635
1355919195.0,4.759844616718169
1355921895.0,4.7132863751386935
1355924595.0,4.7157553965171815
1355927295.0,4.659483807155425
1355929995.0,4.635576225541911
1355932695.0,4.652154362396175
1355935395.0,4.68931056808924
1355938095.0,4.726202144613808
1355940795.0,4.7140542083727155
1355943495.0,4.701244298512449
1355946195.0,4.717324192415731
1355948895.0,4.719939043991701
1355951595.0,4.718115881107167
1355954295.0,4.768595894827229
1355956995.0,4.820623041126453
1355959695.0,4.792471677909759
1355962395.0,4.791410844451491
1355965095.0,4.791054709163689
1355967795.0,4.761565598610616
1355970495.0,4.7354465559752725
1355973195.0,4.686297131198046
1355975895.0,4.495955260215453
1355978595.0,4.620586115197796
1355981295.0,4.574844202110228
1355983995.0,4.586639282778265
1355986695.0,4.6604810649689625
1355989395.0,4.703784936967395
1355992095.0,4.715905692419142
1355994795.0,4.791922722945856
1355997495.0,4.826683818537504
1356000195.0,5.356619756960924
1356002895.0,5.971282058257998
1356005595.0,5.90831963691943
1356008295.0,5.800795457358561
1356010995.0,5.83060918365527
1356013695.0,5.704621987728501
1356016395.0,4.690557998177894
1356019095.0,4.614135378503079
1356021795.0,4.641743252588412
1356024495.0,4.644667707201222
1356027195.0,4.709293238210535
1356029895.0,4.656032072574192
1356032595.0,4.66477798230386
1356035295.0,4.657354242604583
1356037995.0,4.6790077017255385
1356040695.0,4.638471803051061
1356043395.0,4.6701043364356565
1356046095.0,4.67506915963321
1356048795.0,4.690745146463826
1356051495.0,4.701156155685283
1356054195.0,4.646461270570342
1356056895.0,4.635845040138122
1356059595.0,4.627149671767029
1356062295.0,5.379709983533019
1356064995.0,5.660522008287671
1356067695.0,4.772618553848758
1356070395.0,4.730740695505062
1356073095.0,4.744168412786962
1356075795.0,4.799203826136193
1356078495.0,4.812898027193796
1356081195.0,4.909612431704659
1356083895.0,4.831062125614778
1356086595.0,4.912102785896934
1356089295.0,5.006944137106643
1356091995.0,5.690500713072254
1356094695.0,5.942685334772534
1356097395.0,6.020307544641582
1356100095.0,6.001750667988119
1356102795.0,5.973762275627166
1356105495.0,5.941709071870662
1356108195.0,5.9839592655382035
1356110895.0,6.061312712562881
1356113595.0,6.0674428783956955
1356116295.0,6.0545267920931565
1356118995.0,6.125123954161381
1356121695.0,6.115430527661488
1356124395.0,6.14102611430468
1356127095.0,6.15136937740283
1356129795.0,6.140504333653553
1356132495.0,6.175613290917283
1356135195.0,6.202484757330296
1356137895.0,6.214585956653707
1356140595.0,6.165632700152116
1356143295.0,6.1603972622331185
1356145995.0,6.170317146115224
1356148695.0,6.160842627685383
1356151395.0,4.433656898451545
1356154095.0,4.239590744364648
1356156795.0,4.146206739927038
1356159495.0,5.463502704182588
1356162195.0,5.746120787219468
1356164895.0,5.773300502330642
1356167595.0,5.776692123188127
1356170295.0,5.824001285096415
1356172995.0,5.836843048351625
1356175695.0,5.919221006194107
1356178395.0,5.736693484796319
1356181095.0,5.709357797060989
1356183795.0,5.7365528308121725
1356186495.0,5.688682132164104
1356189195.0,5.718121431653003
1356191895.0,5.616615660425737
1356194595.0,5.680336429859267
1356197295.0,4.655826917666559
1356199995.0,4.6060753831799275
1356202695.0,4.573164017217209
1356205395.0,4.56403044839584
1356208095.0,4.573095561938942
1356210795.0,4.610763159657552
1356213495.0,4.551078498770778
1356216195.0,4.565400376065952
1356218895.0,4.606765181056062
1356221595.0,4.566847722603768
1356224295.0,4.5677750338069245
1356226995.0,4.5339046850658065
1356229695.0,4.573969044848184
1356232395.0,4.576322936804615
1356235095.0,5.753048297828627
1356237795.0,6.187755095918703
1356240495.0,6.154172584474793
1356243195.0,5.044050271184517
1356245895.0,4.847806643138142
1356248595.0,4.858496718223364
1356251295.0,4.90315717658018
1356253995.0,4.913034222894851
1356256695.0,4.912924648666319
1356259395.0,4.842230035593616
1356262095.0,4.933636165524831
1356264795.0,5.571913666286491
1356267495.0,5.93358298986891
1356270195.0,6.035832068217928
1356272895.0,5.977319599884424
1356275595.0,5.955365092111549
1356278295.0,5.9619405729528125
1356280995.0,6.009447088460831
1356283695.0,5.979576579646675
1356286395.0,6.004475896842848
1356289095.0,6.010280799383509
1356291795.0,6.025264501675622
1356294495.0,6.032484242282919
1356297195.0,6.003403950031668
1356299895.0,6.070475753660787
1356302595.0,6.092121023386085
1356305295.0,6.101128132264762
1356307995.0,6.1262723170034405
1356310695.0,6.108162840599903
1356313395.0,6.097149917683964
1356316095.0,6.120206466017521
1356318795.0,7.406823722464935
1356321495.0,7.458882914540652
1356324195.0,7.528055067603759
1356326895.0,5.876676341847315
1356329595.0,5.586887599882687
1356332295.0,5.555421815234638
1356334995.0,5.585551413064536
1356337695.0,5.5782899396729135
1356340395.0,5.599013788736158
1356343095.0,5.517545108120771
1356345795.0,5.521098973799724
1356348495.0,5.595480908285936
1356351195.0,5.4917969103287305
1356353895.0,5.489565339950957
1356356595.0,5.663811389498392
1356359295.0,6.6378641196693025
1356361995.0,6.6695043687840325
1356364695.0,6.727243772746874
1356367395.0,6.741361558789379
1356370095.0,6.749262240840949
1356372795.0,6.724691475498901
1356375495.0,6.7035170248115605
1356378195.0,6.741821598891818
1356380895.0,6.7317229139671895
1356383595.0,6.732994376465513
1356386295.0,6.7313654033435455
1356388995.0,6.780601085324577
1356391695.0,6.787395173847528
1356394395.0,6.79723269663873
1356397095.0,6.779414049806235
1356399795.0,6.721366177619018
1356402495.0,6.747053733039593
1356405195.0,6.764830028931556
1356407895.0,6.7463839472832206
1356410595.0,6.817211095962364
1356413295.0,7.892058263680269
1356415995.0,6.246695572409635
1356418695.0,6.21237614944215
1356421395.0,6.22220273403633
1356424095.0,6.218009225517903
1356426795.0,6.281618959759726
1356429495.0,6.22759886458158
1356432195.0,6.220798650506595
1356434895.0,6.267023345550115
1356437595.0,6.1370579633555735
1356440295.0,6.128700646170785
1356442995.0,6.116466272336993
1356445695.0,6.058860770642468
1356448395.0,5.99932550137936
1356451095.0,6.011141927401866
1356453795.0,6.049771703331942
1356456495.0,6.0897787806338215
1356459195.0,6.043522897522166
1356461895.0,6.039647383324507
1356464595.0,6.048092456759264
1356467295.0,6.114375827346919
1356469995.0,6.111706203154199
1356472695.0,6.10854874155217
1356475395.0,6.1488407467120965
1356478095.0,6.132976833840928
1356480795.0,6.134845481282866
1356483495.0,6.109048490476027
1356486195.0,6.0734287445297355
1356488895.0,6.087839735061266
1356491595.0,6.069276047079256
1356494295.0,7.636843222511118
1356496995.0,7.791259511077669
1356499695.0,7.742782385358794
1356502395.0,6.334617298907062
1356505095.0,5.985197839145144
1356507795.0,5.953462063924633
1356510495.0,5.947187114212284
1356513195.0,5.96995451058433
1356515895.0,6.050032026929614
1356518595.0,5.967640635220334
1356521295.0,6.0383164972395775
1356523995.0,5.952954797584766
1356526695.0,5.921599500503646
1356529395.0,5.915368316262118
1356532095.0,5.789339664375575
1356534795.0,5.73755650870919
1356537495.0,5.800407435562249
1356540195.0,5.795055879495294
1356542895.0,5.882030849508226
1356545595.0,5.889384265018975
1356548295.0,5.884223202058649
1356550995.0,5.886260709825422
1356553695.0,5.960460775762158
1356556395.0,5.920148003906661
1356559095.0,7.408024652121696
1356561795.0,7.51409273483489
1356564495.0,7.504412354003307
1356567195.0,7.523728815053062
1356569895.0,7.486795385586504
1356572595.0,7.496720672686536
1356575295.0,7.4713205506042755
1356577995.0,7.464809288290837
1356580695.0,7.456295411538406
1356583395.0,7.512258332235319
1356586095.0,7.395716938452665
1356588795.0,7.484391520647023
1356591495.0,6.754918761824513
1356594195.0,6.79754467418087
1356596895.0,6.805904361051489
1356599595.0,6.801868545962634
1356602295.0,6.773242595855493
1356604995.0,6.73483624317538
1356607695.0,6.760106416078429
1356610395.0,6.664099153459347
1356613095.0,6.6690019337839885
1356615795.0,6.684247342842241
1356618495.0,6.639229321126379
1356621195.0,6.58270885673636
1356623895.0,6.633011755263453
1356626595.0,6.619319119426791
1356629295.0,6.613585585829128
1356631995.0,6.645161307478986
1356634695.0,6.695211482001071
1356637395.0,6.633054839576687
1356640095.0,6.627262478057219
1356642795.0,6.65370266867825
1356645495.0,7.947490222976455
1356648195.0,8.025940267691396
1356650895.0,7.9950177672324685
1356653595.0,8.099595643443706
1356656295.0,8.008461787318879
1356658995.0,8.016206817022464
1356661695.0,7.978640952123726
1356664395.0,7.992216613414541
1356667095.0,7.971195389314062
1356669795.0,8.03146058031217
1356672495.0,7.954006730121478
1356675195.0,7.911563471211309
1356677895.0,8.04532483943973
1356680595.0,7.379474108449585
1356683295.0,7.4070300471151995
1356685995.0,7.426039255274361
1356688695.0,7.389336435273833
1356691395.0,7.337112888914646
1356694095.0,7.364525651021154
1356696795.0,7.252528645399366
1356699495.0,7.234296814510401
1356702195.0,7.2936783270242245
1356704895.0,7.237656330587356
1356707595.0,7.178170996076858
1356710295.0,7.197921577030627
1356712995.0,7.251140364415335
1356715695.0,7.239708059219026
1356718395.0,7.220737910419075
1356721095.0,7.2877104236915216
1356723795.0,7.301056577943939
1356726495.0,7.252960504379644
1356729195.0,7.275394779821397
1356731895.0,7.243392627553646
1356734595.0,8.332236351088795
1356737295.0,7.270966363854484
1356739995.0,7.219224735537125
1356742695.0,7.151661202010416
1356745395.0,7.1019637233493995
1356748095.0,7.079174264166056
1356750795.0,7.105235602294499
1356753495.0,7.114255038900694
1356756195.0,7.1540435904735205
1356758895.0,7.032268496554934
1356761595.0,7.0119652028380415
1356764295.0,7.000654798702385
1356766995.0,7.057608871431171
1356769695.0,6.28284931707509
1356772395.0,6.017908334705112
1356775095.0,5.931613605086227
1356777795.0,5.95774279807307
1356780495.0,6.0404979408504005
1356783195.0,5.993129007639709
1356785895.0,5.991717674693234
1356788595.0,5.969221157518405
1356791295.0,5.9264286061591065
1356793995.0,5.863663352406604
1356796695.0,5.952766867463538
1356799395.0,6.038179382295766
1356802095.0,6.037325223776293
1356804795.0,6.03738353680842
1356807495.0,6.028345768981353
1356810195.0,5.999984520806777
1356812895.0,6.036920812295193
1356815595.0,6.0296626483028035
1356818295.0,6.070149608986867
1356820995.0,6.059461201471834
1356823695.0,4.703066446489686
1356826395.0,6.168683630828923
1356829095.0,6.342368163091351
1356831795.0,6.343159790805771
1356834495.0,6.382598656898608
1356837195.0,6.404903785249644
1356839895.0,6.4202458720036475
1356842595.0,6.402124717146364
1356845295.0,6.3098123776813395
1356847995.0,6.33039466456114
1356850695.0,6.3799770199056525
1356853395.0,6.419936023576668
1356856095.0,6.493421416206502
1356858795.0,6.3583357302810555
1356861495.0,6.461436052024169
1356864195.0,6.460746134594501
1356866895.0,6.541065919307471
1356869595.0,6.517236209667146
1356872295.0,6.547427878888072
1356874995.0,6.4707534673493114
1356877695.0,6.451584198083481
1356880395.0,6.424185599030352
1356883095.0,6.489202711363134
1356885795.0,6.513368431557581
1356888495.0,6.528181740809316
1356891195.0,6.534969300362036
1356893895.0,6.566872228637806
1356896595.0,6.56441600356834
1356899295.0,6.569810481076331
1356901995.0,6.620399766128116
1356904695.0,6.633222482851409
1356907395.0,6.619029455863654
1356910095.0,6.586818383846264
1356912795.0,7.762532950108493
1356915495.0,7.954072553670528
1356918195.0,7.91144922205342
1356920895.0,7.51535641884135
1356923595.0,6.5058413550120235
1356926295.0,6.447467590173801
1356928995.0,6.434344700981967
1356931695.0,6.414546461967348
1356934395.0,6.400961727716094
1356937095.0,6.434346649408212
1356939795.0,6.470355476401608
1356942495.0,6.599039256453409
1356945195.0,6.634758733491196
1356947895.0,7.54527983661734
1356950595.0,7.708132846741421
1356953295.0,7.766222143485891
1356955995.0,7.60568748711637
1356958695.0,7.65156786109975
1356961395.0,7.594298097545391
1356964095.0,7.597112791126676
1356966795.0,7.557260085621181
1356969495.0,7.600525218973303
1356972195.0,7.615213533706708
1356974895.0,7.699635592719005
1356977595.0,7.683431425408685
1356980295.0,7.72442085852515
1356982995.0,7.758045339760656
1356985695.0,7.654988584872228
1356988395.0,7.724242202838013
1356991095.0,7.737224324140357
1356993795.0,7.7339060974193785
1356996495.0,7.717106238819895
1356999195.0,7.761948315449274
1357001895.0,7.728148853177402
1357004595.0,6.4258570985445544
1357007295.0,7.254709657967169
1357009995.0,7.244503831264524
1357012695.0,7.333471702490499
1357015395.0,7.314341018401819
1357018095.0,7.260354871130403
1357020795.0,7.2441638593466
1357023495.0,7.255505181966271
1357026195.0,7.261013391704921
1357028895.0,7.287719578565259
1357031595.0,7.252212748067279
1357034295.0,7.196102714776885
1357036995.0,7.2776613668003165
1357039695.0,7.315241523253292
1357042395.0,7.26946177770634
1357045095.0,7.302212009766151
1357047795.0,7.253282110205248
1357050495.0,7.288841743695002
1357053195.0,7.243975170573094
1357055895.0,7.2531533506430605
1357058595.0,7.271352373395189
1357061295.0,7.313559476605121
1357063995.0,7.288868714054786
1357066695.0,7.319896926004276
1357069395.0,7.314379672556981
1357072095.0,7.280189879571481
1357074795.0,7.289737898301439
1357077495.0,7.286659138150867
1357080195.0,7.305899895096047
1357082895.0,7.274292457409047
1357085595.0,7.332508716090842
1357088295.0,7.2679350355224415
1357090995.0,6.0309099102902906
1357093695.0,6.777171197621726
1357096395.0,7.1872500536779285
1357099095.0,7.240086480735215
1357101795.0,7.270415861535525
1357104495.0,7.167489944492047
1357107195.0,7.212722405462102
1357109895.0,7.230848433164795
1357112595.0,7.193403414810405
1357115295.0,7.18704057630265
1357117995.0,7.1691703777463545
1357120695.0,7.182245469936959
1357123395.0,7.180974944744719
1357126095.0,7.734069428466455
1357128795.0,7.204997703771596
1357131495.0,7.188660574299547
1357134195.0,7.142681068359366
1357136895.0,7.204829629533492
1357139595.0,7.155350987599888
1357142295.0,7.2161583136761465
1357144995.0,7.205329668712864
1357147695.0,7.226139394703807
1357150395.0,7.195952465329583
1357153095.0,7.216442412462868
1357155795.0,7.260959268250701
1357158495.0,7.222230703316825
1357161195.0,7.247657627645481
1357163895.0,7.204997957980424
1357166595.0,7.243774529247332
1357169295.0,7.213714379318901
1357171995.0,7.249577116434409
1357174695.0,7.278570018803748
1357177395.0,7.229634849670163
1357180095.0,7.3250472175031405
1357182795.0,6.5793982027970515
1357185495.0,7.278715426105862
1357188195.0,7.258127890225751
1357190895.0,7.229226774525955
1357193595.0,7.234415486639534
1357196295.0,7.209554780951521
1357198995.0,7.114595544643805
1357201695.0,7.116422112224598
1357204395.0,7.084463260144503
1357207095.0,7.070378152089177
1357209795.0,6.9636982201291175
1357212495.0,7.189982863565376
1357215195.0,7.018845294731079
1357217895.0,7.12269716182027
1357220595.0,7.105797367414425
1357223295.0,7.117636556064042
1357225995.0,7.120194984576472
1357228695.0,7.183492321870574
1357231395.0,7.161935417835821
1357234095.0,7.208317540801886
1357236795.0,7.220593757138147
1357239495.0,7.232743289637085
1357242195.0,7.325518567538438
1357244895.0,7.22391525982988
1357247595.0,7.325527576585955
1357250295.0,7.338860035032269
1357252995.0,7.327964543248925
1357255695.0,7.301635010852465
1357258395.0,7.292955142485596
1357261095.0,7.271367693542572
1357263795.0,7.2291382354652
1357266495.0,6.402360131895762
1357269195.0,5.4321084093333525
1357271895.0,5.430999312378333
1357274595.0,6.883175536697308
1357277295.0,7.151791924372219
1357279995.0,7.147470329569899
1357282695.0,7.167090193760032
1357285395.0,7.085800867497426
1357288095.0,7.125958363999871
1357290795.0,7.098790705285126
1357293495.0,7.05295968601024
1357296195.0,6.034590948812763
1357298895.0,6.009416309475114
1357301595.0,5.899994772277978
1357304295.0,5.959009013139564
1357306995.0,5.947255404529585
1357309695.0,5.8837186053533514
1357312395.0,5.909217997985763
1357315095.0,5.996959164338648
1357317795.0,5.96839317514258
1357320495.0,5.949757074258855
1357323195.0,5.937847411285077
1357325895.0,5.9403638916888895
1357328595.0,5.978616995687105
1357331295.0,5.951288299122382
1357333995.0,6.0062678176045665
1357336695.0,6.009366733122988
1357339395.0,5.982374202279971
1357342095.0,5.970089126774269
1357344795.0,5.976937879031254
1357347495.0,5.89597635175744
1357350195.0,5.904604907111491
1357352895.0,5.894006272891033
1357355595.0,4.579208907480279
1357358295.0,4.4718927049588615
1357360995.0,5.83259167202209
1357363695.0,6.191123279093745
1357366395.0,6.1849803253259665
1357369095.0,6.235410841001283
1357371795.0,6.201961022647481
1357374495.0,6.259753119651066
1357377195.0,6.2212079514360425
1357379895.0,6.193011532276103
1357382595.0,6.147373037088016
1357385295.0,6.070352896647194
1357387995.0,4.972715987827257
1357390695.0,4.908340001195938
1357393395.0,4.901588841567559
1357396095.0,4.830947131362677
1357398795.0,4.88624959391035
1357401495.0,4.996191661528769
1357404195.0,5.683864236139129
1357406895.0,6.158338618870175
1357409595.0,6.199388215132842
1357412295.0,6.209263892967954
1357414995.0,6.269176115206335
1357417695.0,6.222753882975439
1357420395.0,6.225790358856614
1357423095.0,6.2857796979889144
1357425795.0,6.252276940463844
1357428495.0,6.221542876630508
1357431195.0,6.210081600472279
1357433895.0,6.152659333155896
1357436595.0,6.171247296534602
1357439295.0,6.227379847081352
1357441995.0,6.177852862570035
1357444695.0,6.2205497745645175
1357447395.0,5.236784663193134
1357450095.0,4.717546155914761
1357452795.0,4.727575973019725
1357455495.0,5.947436637586748
1357458195.0,6.104157317919089
1357460895.0,6.098471843322727
1357463595.0,6.138014200906866
1357466295.0,6.0609663282903625
1357468995.0,6.0261687406444935
1357471695.0,6.0521482970396505
1357474395.0,6.31435135010571
1357477095.0,6.183849793161187
1357479795.0,5.8598837111962325
1357482495.0,5.097917059258748
1357485195.0,4.7370061235362755
1357487895.0,4.7869649498105105
1357490595.0,4.767022376246132
1357493295.0,4.804906202878044
1357495995.0,4.817850494494451
1357498695.0,4.8080455405875
1357501395.0,4.842391635519618
1357504095.0,4.8280858317389175
1357506795.0,4.859295653016829
1357509495.0,4.853636682211118
1357512195.0,4.803409886751183
1357514895.0,4.805036954909156
1357517595.0,4.821537888078296
1357520295.0,4.7604031987889925
1357522995.0,4.715834120249951
1357525695.0,4.8065999573734075
1357528395.0,4.761330479022604
1357531095.0,4.821160440153847
1357533795.0,5.648252617861374
1357536495.0,6.395975085895429
1357539195.0,6.46922330522159
1357541895.0,6.4979959547568455
1357544595.0,5.170454204638588
1357547295.0,5.0682662875180995
1357549995.0,5.0147849912605125
1357552695.0,4.916029069486001
1357555395.0,4.959788540689374
1357558095.0,4.99525952926416
1357560795.0,4.895534556522534
1357563495.0,4.845728871732604
1357566195.0,4.83682947459846
1357568895.0,4.848823116199924
1357571595.0,4.788703213126439
1357574295.0,4.879493054415491
1357576995.0,4.865202517646992
1357579695.0,4.849407107085881
1357582395.0,4.934374443332217
1357585095.0,4.903786045323329
1357587795.0,4.9597800988649965
1357590495.0,4.951244028020483
1357593195.0,4.992745254991689
1357595895.0,4.9677548126360875
1357598595.0,4.947614243052783
1357601295.0,4.9541825950663565
1357603995.0,4.895198655673482
1357606695.0,4.866254831253286
1357609395.0,4.87596520186878
1357612095.0,4.887879019850516
1357614795.0,4.894110665287087
1357617495.0,4.960033896604898
1357620195.0,6.508164120542176
1357622895.0,6.018662700142102
1357625595.0,4.9464261053310565
1357628295.0,4.899838209846507
1357630995.0,4.916604855262335
1357633695.0,4.937598273286881
1357636395.0,4.923380020954937
1357639095.0,4.8920862663328535
1357641795.0,4.906430567104053
1357644495.0,4.8878170108652625
1357647195.0,4.8134182803528915
1357649895.0,4.718838080558214
1357652595.0,3.7695244943588477
1357655295.0,3.607281608189112
1357657995.0,3.6264743401805504
1357660695.0,3.713032468799895
1357663395.0,3.6994777008993083
1357666095.0,3.637538720521718
1357668795.0,3.7479234598680478
1357671495.0,3.7494625802047494
1357674195.0,3.790122072733709
1357676895.0,3.7890074951665156
1357679595.0,3.798009836165704
1357682295.0,3.789745565130147
1357684995.0,3.7616159684387185
1357687695.0,3.7721857344873797
1357690395.0,3.75168470720331
1357693095.0,3.6711726050198763
1357695795.0,3.6869720084451387
1357698495.0,3.7313762887883968
1357701195.0,3.7862604859832345
1357703895.0,5.182013903741392
1357706595.0,5.366466263432756
1357709295.0,4.134873991314237
1357711995.0,3.965011746551795
1357714695.0,4.0075300133306655
1357717395.0,4.030768311959093
1357720095.0,4.046292662111512
1357722795.0,4.0179329228943175
1357725495.0,3.962187461422104
1357728195.0,4.019933000099513
1357730895.0,4.0473528428748295
1357733595.0,3.944755507589491
1357736295.0,3.9568596179540236
1357738995.0,3.9400727327849836
1357741695.0,3.0562291723970247
1357744395.0,2.830873166484537
1357747095.0,2.88983802301766
1357749795.0,2.8191370568835623
1357752495.0,2.8034142543834264
1357755195.0,2.850377629888726
1357757895.0,2.8410691903990255
1357760595.0,2.9003589170101804
1357763295.0,2.896596528043574
1357765995.0,2.9386176610736925
1357768695.0,3.0217804432689377
1357771395.0,4.506682703687829
1357774095.0,4.598055577426976
1357776795.0,4.589372655515547
1357779495.0,4.552007460687719
1357782195.0,4.526862658953064
1357784895.0,4.604614598551734
1357787595.0,4.566511541564012
1357790295.0,4.621585047726114
1357792995.0,4.460226449244601
1357795695.0,3.1713388508956086
1357798395.0,3.1270685118497
1357801095.0,3.1227953584590864
1357803795.0,3.1263785156568247
1357806495.0,3.154130023624475
1357809195.0,3.1431265483496986
1357811895.0,3.123933580236155
1357814595.0,3.1895169503297325
1357817295.0,3.235377629289758
1357819995.0,3.312760225748434
1357822695.0,4.450032433027843
1357825395.0,4.4995690094378915
1357828095.0,4.529131973972142
1357830795.0,4.510148103299969
1357833495.0,4.5711926096849425
1357836195.0,4.470695977199341
1357838895.0,3.4026249237257957
1357841595.0,3.2342902332263748
1357844295.0,3.222096186647832
1357846995.0,3.2772699641366216
1357849695.0,3.278048900196154
1357852395.0,3.2839774959199417
1357855095.0,3.2850115807921156
1357857795.0,3.2412357693837635
1357860495.0,3.3432731628385
1357863195.0,4.44291874658802
1357865895.0,4.434829108460519
1357868595.0,4.418237026403858
1357871295.0,4.466994601427757
1357873995.0,4.48605211879385
1357876695.0,4.483135618914162
1357879395.0,4.508920477988568
1357882095.0,4.405765092149181
1357884795.0,3.298176923844153
1357887495.0,3.182477167127388
1357890195.0,3.2117779340538846
1357892895.0,3.2626504635635456
1357895595.0,3.2316922667238828
1357898295.0,3.2389309428248794
1357900995.0,3.2416188977953766
1357903695.0,3.232524816590683
1357906395.0,3.2668781122430346
1357909095.0,3.276410855396364
1357911795.0,3.2450798769107223
1357914495.0,3.246718462670401
1357917195.0,3.3316639254455254
1357919895.0,3.441911907399458
1357922595.0,3.534140074322579
1357925295.0,3.6022499305224756
1361788830.0,5.324934687573204
1361791530.0,5.178657230339354
1361794230.0,5.075413451241104
1361796930.0,5.003260789244621
1361799630.0,4.906335542384966
1361802330.0,4.775829229701287
1361805030.0,4.72708594989723
1361807730.0,4.788937943599308
1361810430.0,4.79703737261724
1361813130.0,4.879985980662809
1361815830.0,4.91183714401302
1361818530.0,4.905882467686354
1361821230.0,4.955117595110551
1361823930.0,5.036472585868012
1361826630.0,5.002936742750478
1361829330.0,5.011247703801757
1361832030.0,4.574070970591549
1361834730.0,4.5264163902791665
1361837430.0,4.427361757563858
1361840130.0,4.4586865375975435
1361842830.0,4.4177098054494195
1361845530.0,4.402784165094431
1361848230.0,4.386094252208068
1361850930.0,4.3646682065455025
1361853630.0,4.352987496657079
1361856330.0,4.340983724126886
1361859030.0,4.436570401812446
1361861730.0,4.495014159425978
1361864430.0,4.490140824523621
1361867130.0,3.3801541625105074
1361869830.0,3.2535079099490076
1361872530.0,3.73048905149642
1361875230.0,4.436077733227421
1361877930.0,4.412664194263698
1361880630.0,4.356119347999027
1361883330.0,4.364515566172713
1361886030.0,4.298039564045155
1361888730.0,4.320533891629452
1361891430.0,4.356529717041724
1361894130.0,4.344826927789427
1361896830.0,4.312508307793053
1361899530.0,4.389505309085905
1361902230.0,4.417695431711138
1361904930.0,4.37987614165155
1361907630.0,4.441509955727838
1361910330.0,4.4741653389137355
1361913030.0,4.477280516323162
1361915730.0,4.511804781426747
1361918430.0,4.297066375847237
1361921130.0,4.3306227867605
1361923830.0,4.293429777716256
1361926530.0,4.352323825632993
1361929230.0,4.318893695507882
1361931930.0,4.287031110747876
1361934630.0,4.28212687228654
1361937330.0,4.232779128494997
1361940030.0,4.261215970821468
1361942730.0,4.206277971456018
1361945430.0,4.265578392203338
1361948130.0,4.3297756120345525
1361950830.0,4.314244019971625
1361953530.0,4.245455386815308
1361956230.0,3.9226919094040795
1361958930.0,3.036988440532866
1361961630.0,3.0346793738330575
1361964330.0,2.9936147159775714
1361967030.0,2.993091660715095
1361969730.0,2.99420028642254
1361972430.0,2.9272226820327205
1361975130.0,2.912868739395833
1361977830.0,2.904773789184844
1361980530.0,2.953036453305174
1361983230.0,2.9381749594836037
1361985930.0,2.935980331011308
1361988630.0,2.9967570793333493
1361991330.0,2.983157359483073
1361994030.0,2.957769467317746
1361996730.0,3.048061862076736
1361999430.0,2.9973932485237356
1362002130.0,3.0269847652044177
1362004830.0,4.460191870236997
1362007530.0,4.811138902028802
1362010230.0,3.540087981374029
1362012930.0,3.4576460150335606
1362015630.0,3.428153239128335
1362018330.0,3.4608315595029353
1362021030.0,3.503852401293443
1362023730.0,3.4327221521554065
1362026430.0,3.475197836976861
1362029130.0,3.520422954815899
1362031830.0,3.4631571367598326
1362034530.0,3.544460126958768
1362037230.0,3.4656775832555695
1362039930.0,3.4923007161715987
1362042630.0,3.49295595944119
1362045330.0,4.616091091966837
1362048030.0,4.732327341686812
1362050730.0,4.741446402759266
1362053430.0,4.704621074944839
1362056130.0,4.720366042865521
1362058830.0,4.643956966791222
1362061530.0,4.647177760696934
1362064230.0,4.612939686262905
1362066930.0,4.69943160879933
1362069630.0,4.66512501106547
1362072330.0,4.737931418038897
1362075030.0,4.792272406570817
1362077730.0,4.800981409159874
1362080430.0,4.7956449514970245
1362083130.0,4.834074968846096
1362085830.0,4.8615157852831885
1362088530.0,4.900288782362622
1362091230.0,4.969216301791391
1362093930.0,6.170316286534728
1362096630.0,6.212197408397458
1362099330.0,6.205166171353426
1362102030.0,4.448122153103213
1362104730.0,4.370700115429486
1362107430.0,4.328610760992831
1362110130.0,4.224161708902898
1362112830.0,4.275857925687035
1362115530.0,4.221240803126136
1362118230.0,4.254788878356692
1362120930.0,4.256458131963996
1362123630.0,4.225953962027461
1362126330.0,4.203447534675604
1362129030.0,4.208739643453498
1362131730.0,4.207630626370417
1362134430.0,5.0979124411727526
1362137130.0,5.333673444025976
1362139830.0,5.254358190500341
1362142530.0,5.2754720123755305
1362145230.0,5.245901757223521
1362147930.0,5.209030127995163
1362150630.0,5.165988016865754
1362153330.0,5.2123874260324214
1362156030.0,5.231240802221066
1362158730.0,5.255625268248707
1362161430.0,5.261722486472365
1362164130.0,5.29944203664337
1362166830.0,5.334788653232124
1362169530.0,5.344204441429383
1362172230.0,5.3438143707368795
1362174930.0,5.432315995244551
1362177630.0,5.453320729636857
1362180330.0,5.459443350532467
1362183030.0,5.44753210181517
1362185730.0,5.454679719644389
1362188430.0,5.431460272367644
1362191130.0,5.349189219638106
1362193830.0,4.908661712106948
1362196530.0,4.86859809471116
1362199230.0,4.839416559848473
1362201930.0,4.841698428334496
1362204630.0,4.845092399364489
1362207330.0,4.825232631067536
1362210030.0,4.752486227434986
1362212730.0,4.789413045357321
1362215430.0,4.6929564897960745
1362218130.0,4.660434056190525
1362220830.0,4.653486107417962
1362223530.0,4.665349542691729
1362226230.0,4.69074169067369
1362228930.0,4.632980117418128
1362231630.0,4.608943888004035
1362234330.0,4.571633041784253
1362237030.0,4.500623694903709
1362239730.0,4.537948772789832
1362242430.0,4.558744040511272
1362245130.0,4.547016308060563
1362247830.0,4.557913116157636
1362250530.0,4.567936191665183
1362253230.0,4.562600352144955
1362255930.0,4.624674173294352
1362258630.0,4.655828005544606
1362261330.0,4.693502681204677
1362264030.0,4.721006993682465
1362266730.0,4.712730642100212
1362269430.0,5.338842744107922
1362272130.0,6.341190247330871
1362274830.0,6.331123890229833
1362277530.0,6.422244406547691
1362280230.0,4.828659914626144
1362282930.0,4.609067839503155
1362285630.0,4.5354237745636965
1362288330.0,4.547808191157685
1362291030.0,4.570236235820801
1362293730.0,4.56998178861744
1362296430.0,4.517051838530506
1362299130.0,4.506064793829296
1362301830.0,4.422232907828743
1362304530.0,4.37951925464796
1362307230.0,4.3706068472515085
1362309930.0,4.399766947396699
1362312630.0,4.405203615804453
1362315330.0,4.393247805467638
1362318030.0,4.325787662293692
1362320730.0,4.279289542572883
1362323430.0,4.290789092762509
1362326130.0,4.343302418790813
1362328830.0,4.286961315441431
1362331530.0,4.337395602947197
1362334230.0,4.367204132614006
1362336930.0,4.370415359199853
1362339630.0,4.400500119632454
1362342330.0,4.4499133141642915
1362345030.0,4.4736383750238815
1362347730.0,4.501606855702107
1362350430.0,4.524196133090925
1362353130.0,4.454768071008914
1362355830.0,4.426010426051107
1362358530.0,4.4148994379676765
1362361230.0,4.391270409725905
1362363930.0,4.4549352715961845
1362366630.0,4.4651576198540965
1362369330.0,4.3899842599975045
1362372030.0,3.045523641558418
1362374730.0,2.777862670599177
1362377430.0,2.819886294151786
1362380130.0,2.8198121274479035
1362382830.0,2.76852240669848
1362385530.0,2.7522003570018683
1362388230.0,2.7564074281612534
1362390930.0,3.8312776543340306
1362393630.0,4.510456781679238
1362396330.0,4.592532136693478
1362399030.0,4.435982065972496
1362401730.0,4.459317435424168
1362404430.0,4.375919720551167
1362407130.0,4.364190722928811
1362409830.0,4.298168389907971
1362412530.0,4.306387718849919
1362415230.0,4.270509824391979
1362417930.0,4.347446279931717
1362420630.0,4.383702864303984
1362423330.0,4.422600576389868
1362426030.0,4.526250704683889
1362428730.0,4.530240614236334
1362431430.0,5.109998710272237
1362434130.0,5.852076953664778
1362436830.0,5.964142324338809
1362439530.0,5.873084616941696
1362442230.0,5.888337447509116
1362444930.0,5.8037811962668115
1362447630.0,5.8060066942994695
1362450330.0,4.188063535756896
1362453030.0,4.078592072552624
1362455730.0,4.059475385967573
1362458430.0,4.000209650176487
1362461130.0,4.001034222546878
1362463830.0,4.006654350759163
1362466530.0,4.023725398282295
1362469230.0,4.05995921922829
1362471930.0,4.086757172696991
1362474630.0,4.045050738832913
1362477330.0,3.997464447032712
1362480030.0,3.3914514994547744
1362482730.0,4.172009350261533
1362485430.0,4.1524969884087
1362488130.0,4.0679446986810035
1362490830.0,4.028489826222426
1362493530.0,4.029056199074944
1362496230.0,3.9738989166021383
1362498930.0,4.01978418445384
1362501630.0,4.057654927523629
1362504330.0,4.076488532741337
1362507030.0,4.092090439388301
1362509730.0,4.099458348869064
1362512430.0,4.112078786640041
1362515130.0,4.087552148847578
1362517830.0,4.18776324355531
1362520530.0,4.246186361937191
1362523230.0,4.336259170996982
1362525930.0,5.022106690895498
1362528630.0,4.180007271615921
1362531330.0,4.102999329492491
1362534030.0,4.083066860761164
1362536730.0,4.0852625874762225
1362539430.0,4.087404760068296
1362542130.0,4.048776597100243
1362544830.0,4.0812672113193
1362547530.0,4.029544946582803
1362550230.0,4.029576078748789
1362552930.0,4.0733746107187585
1362555630.0,4.086490614425543
1362558330.0,4.065829309061655
1362561030.0,4.000460739882044
1362563730.0,4.0249169054230265
1362566430.0,3.0987654170388055
1362569130.0,2.8875928385847374
1362571830.0,2.8350998573569655
1362574530.0,2.7254678401394585
1362577230.0,2.7722744039400027
1362579930.0,2.749305424732654
1362582630.0,2.698420169470751
1362585330.0,2.7450195571163363
1362588030.0,2.718615117850618
1362590730.0,2.7122694711985105
1362593430.0,2.745404529887935
1362596130.0,2.755696303055686
1362598830.0,3.836241780447267
1362601530.0,4.503938311248362
1362604230.0,4.566784252933644
1362606930.0,4.652831780738836
1362609630.0,4.685459607569783
1362612330.0,4.542595633731366
1362615030.0,3.365170135866947
1362617730.0,3.197305430737515
1362620430.0,3.235516186464224
1362623130.0,3.301005182861445
1362625830.0,3.256067150557442
1362628530.0,3.27457928168684
1362631230.0,3.2582532967613247
1362633930.0,3.2560792872162665
1362636630.0,3.307278129494023
1362639330.0,3.32387720087047
1362642030.0,3.343997666221526
1362644730.0,3.239216090824982
1362647430.0,3.185712172802198
1362650130.0,3.22252526796791
1362652830.0,3.2168444957785596
1362655530.0,3.2140426426265662
1362658230.0,2.0351434587223594
1362660930.0,1.9945523838861732
1362663630.0,1.9054478831331494
1362666330.0,1.8653528043683423
1362669030.0,1.8808055268254407
1362671730.0,1.9008059005182076
1362674430.0,1.9356739164995815
1362677130.0,2.0262919809380264
1362679830.0,2.9588218029155655
1362682530.0,3.6601052017994107
1362685230.0,3.831310696810249
1362687930.0,3.7608700879955563
1362690630.0,3.7797048473232167
1362693330.0,3.825938179916932
1362696030.0,3.8648091376429647
1362698730.0,3.841745311197883
1362701430.0,3.8282988613801763
1362704130.0,2.7736313333532507
1362706830.0,2.5253485250636345
1362709530.0,2.6084881235463513
1362712230.0,2.575362240362381
1362714930.0,2.5665250530701655
1362717630.0,2.555267454741795
1362720330.0,2.5688937213300846
1362723030.0,2.5932330653021722
1362725730.0,2.644912449839296
1362728430.0,2.612530594916848
1362731130.0,2.6049971299632375
1362733830.0,2.5360386583020045
1362736530.0,2.590487581219577
1362739230.0,2.5297038533374234
1362741930.0,2.639762856103175
1362744630.0,2.617038835497965
1362747330.0,2.5246675961886353
1362750030.0,2.4445123236773156
1362752730.0,2.448225253041585
1362755430.0,2.3632757254525814
1362758130.0,1.1537605659355563
1362760830.0,1.1156142280258905
1362763530.0,1.1141785246585982
1362766230.0,1.0648739850661286
1362768930.0,2.465798105166755
1362771630.0,3.0408252347699545
1362774330.0,3.07207971771129
1362777030.0,3.1879729838575486
1362779730.0,3.2108554316864115
1362782430.0,3.2097424600174804
1362785130.0,3.191274525501001
1362787830.0,3.237095190369189
1362790530.0,3.198574448646923
1362793230.0,3.2185439990801683
1362795930.0,3.281590924771308
1362798630.0,3.2636819719033383
1362801330.0,3.2240544571909027
1362804030.0,3.1841794928349145
1362806730.0,3.191996613629044
1362809430.0,3.2407258780708617
1362812130.0,3.235013503902792
1362814830.0,3.2268254285388593
1362817530.0,3.2235339997155847
1362820230.0,3.1952276765146053
1362822930.0,3.2361421245673228
1362825630.0,3.237452905580824
1362828330.0,3.287412376661848
1362831030.0,3.227599191249112
1362833730.0,3.234226372877174
1362836430.0,3.223302899496332
1362839130.0,3.1911827659181426
1362841830.0,3.25376447230218
1362844530.0,3.191735954765875
1362847230.0,3.2293588289554123
1362849930.0,3.2555789304325344
1362852630.0,3.2440072957396637
1362855330.0,3.2722996230265267
1362858030.0,5.052353623945635
1362860730.0,5.144014566891826
1362863430.0,3.6502743921042793
1362866130.0,3.4406886532241288
1362868830.0,3.380409357172141
1362871530.0,3.349884308006949
1362874230.0,3.4137113783386894
1362876930.0,3.3928041771970925
1362879630.0,3.3828915583004573
1362882330.0,3.4357853484167435
1362885030.0,3.388561508175826
1362887730.0,3.3520864390173415
1362890430.0,3.3420257311798878
1362893130.0,3.356090458242477
1362895830.0,3.4204527828957794
1362898530.0,3.397324165193993
1362901230.0,3.3963589991374192
1362903930.0,3.3947041628210286
1362906630.0,3.3815926919771186
1362909330.0,3.4032087516144998
1362912030.0,3.4049588878687587
1362914730.0,3.462969491996205
1362917430.0,3.338470812983701
1362920130.0,3.3280654303104598
1362922830.0,3.354908949133062
1362925530.0,3.354874859857375
1362928230.0,3.308903635168349
1362930930.0,3.333693915020774
1362933630.0,3.3114356823432445
1362936330.0,3.392328881244339
1362939030.0,3.3919488859482385
1362941730.0,3.407225274078769
1362944430.0,3.4816027718524083
1362947130.0,3.45223322925807
1362949830.0,5.296338426160617
1362952530.0,3.613482418414776
1362955230.0,3.5292711001032444
1362957930.0,3.4556313159481533
1362960630.0,3.488707283672568
1362963330.0,3.4696344786772215
1362966030.0,3.5343131990691177
1362968730.0,3.5743499325677135
1362971430.0,3.565768657220417
1362974130.0,3.5627508164592996
1362976830.0,3.5890173637305907
1362979530.0,3.490507086873663
1362982230.0,3.573009648846778
1362984930.0,3.5905401483996116
1362987630.0,3.5215683004455514
1362990330.0,2.4030017220426316
1362993030.0,2.2328867481274983
1362995730.0,2.2355024360064135
1362998430.0,2.2474805741961177
1363001130.0,2.2726063974000112
1363003830.0,2.19840006784068
1363006530.0,2.143141017765288
1363009230.0,2.118862853194628
1363011930.0,2.1035362285273322
1363014630.0,2.133332798816866
1363017330.0,2.053237709805103
1363020030.0,2.142376947848561
1363022730.0,2.1528639853344202
1363025430.0,2.13848769256424
1363028130.0,2.1281729675265524
1363030830.0,2.157446337998465
1363033530.0,2.1601014953523645
1363036230.0,3.869663660852382
1363038930.0,2.801412440722004
1363041630.0,2.7875634582126168
1363044330.0,2.7279031600017447
1363047030.0,2.734580812124591
1363049730.0,2.7043342141975018
1363052430.0,2.7553540754045116
1363055130.0,2.762854480841611
1363057830.0,2.745647301320844
1363060530.0,2.828696537426538
1363063230.0,2.7497510375048364
1363065930.0,2.8542266604807196
1363068630.0,4.020817087582657
1363071330.0,3.999533012704319
1363074030.0,2.99212953450791
1363076730.0,2.8322490263917075
1363079430.0,2.7551506973081814
1363082130.0,2.7873172213739963
1363084830.0,2.7817687165598954
1363087530.0,2.883245582294876
1363090230.0,2.886337836164728
1363092930.0,2.8778617558737665
1363095630.0,2.8326756677329854
1363098330.0,2.7962991775283967
1363101030.0,2.8327737915695366
1363103730.0,2.7706973942304103
1363106430.0,2.8282852011753903
1363109130.0,2.8312773704991514
1363111830.0,2.82052802586054
1363114530.0,2.8721415809809514
1363117230.0,2.8722074536932496
1363119930.0,3.9312244020305798
1363122630.0,3.658519071434739
1363125330.0,3.0976514231772967
1363128030.0,3.0282895946685926
1363130730.0,2.9495258260485
1363133430.0,2.9813647741062823
1363136130.0,2.9291518759449104
1363138830.0,2.964670415195201
1363141530.0,3.0113269249164887
1363144230.0,3.0173108170466207
1363146930.0,3.000781671152197
1363149630.0,2.941043274759352
1363152330.0,2.9433720769868046
1363155030.0,3.2751628079662396
1363157730.0,4.141908102476123
1363160430.0,3.7793138777678905
1363163130.0,3.0297014288166224
1363165830.0,2.9377134235203926
1363168530.0,2.973664243082567
1363171230.0,3.0028389903703214
1363173930.0,3.0603386477431513
1363176630.0,2.969928867008946
1363179330.0,2.9517388271311233
1363182030.0,2.942988850437075
1363184730.0,2.8883649422349436
1363187430.0,2.9652789636228363
1363190130.0,2.9355356448367047
1363192830.0,2.995395299254369
1363195530.0,2.9727036460792533
1363198230.0,2.9868776710848692
1363200930.0,3.038008166625957
1363203630.0,3.0615704312731395
1363206330.0,3.0665635266094
1363209030.0,4.441139916891871
1363211730.0,4.554969999983371
1363214430.0,3.3706590738489126
1363217130.0,3.1220276986358044
1363219830.0,3.1066822227987814
1363222530.0,3.0061520178346086
1363225230.0,3.112439612141827
1363227930.0,3.112016704518794
1363230630.0,3.087669506356008
1363233330.0,3.062902768481308
1363236030.0,2.975876415426569
1363238730.0,3.016900491357603
1363241430.0,3.079738923008449
1363244130.0,3.068046776078347
1363246830.0,4.078108517670955
1363249530.0,4.085610130321925
1363252230.0,3.4033534168245865
1363254930.0,3.010542066405719
1363257630.0,3.0350498105814836
1363260330.0,3.0372227719002467
1363263030.0,2.937235277506204
1363265730.0,2.94536294813048
1363268430.0,2.8853658803496955
1363271130.0,2.8750686266043317
1363273830.0,2.9437374401489365
1363276530.0,2.8989107943187946
1363279230.0,3.0062283227944704
1363281930.0,3.0157019770541638
1363284630.0,2.951739317749343
1363287330.0,3.026388824050514
1363290030.0,3.08393078830818
1363292730.0,3.1245695558799866
1363295430.0,4.32366215546142
1363298130.0,4.423585625949045
1363300830.0,4.400200790001861
1363303530.0,3.7683281630753527
1363306230.0,3.053909531135787
1363308930.0,2.979924637721979
1363311630.0,3.031669984883706
1363314330.0,3.075466197715059
1363317030.0,2.96187769805249
1363319730.0,3.0360810827456817
1363322430.0,2.8954537991526763
1363325130.0,2.9218456497754914
1363327830.0,2.9163024216429108
1363330530.0,2.9016331606060817
1363333230.0,2.9404636483358786
1363335930.0,3.7020343276878975
1363338630.0,4.151481468291479
1363341330.0,4.152558630061492
1363344030.0,4.211012774077062
1363346730.0,4.241603743128167
1363349430.0,4.16586768361492
1363352130.0,4.140883539379502
1363354830.0,4.12920515872338
1363357530.0,4.115689783997084
1363360230.0,4.161606697534296
1363362930.0,4.081039986537462
1363365630.0,4.253037380746662
1363368330.0,4.232597354338168
1363371030.0,4.210914322123244
1363373730.0,4.245673704656497
1363376430.0,4.282421133467494
1363379130.0,4.683487298771695
1363381830.0,5.491295677803805
1363384530.0,5.590017380325719
1363387230.0,5.57082437812204
1363389930.0,5.560748447304036
1363392630.0,5.533842989538584
1363395330.0,3.866794792777455
1363398030.0,3.718707362989221
1363400730.0,3.7081286332300465
1363403430.0,3.664035449804487
1363406130.0,3.6308021106599995
1363408830.0,3.616865831743951
1363411530.0,3.6257797779157386
1363414230.0,3.5977458003357583
1363416930.0,3.5758047009404095
1363419630.0,3.547951571989131
1363422330.0,3.4371014317467257
1363425030.0,4.441986191666729
1363427730.0,3.725393883531922
1363430430.0,3.6361827437901297
1363433130.0,3.6832365504114364
1363435830.0,3.569173654532676
1363438530.0,3.562060115358065
1363441230.0,3.553816321459635
1363443930.0,3.4504650667772125
1363446630.0,3.4675972839361293
1363449330.0,3.465603013092448
1363452030.0,3.534589542812114
1363454730.0,3.563313336452154
1363457430.0,3.5531875649305675
1363460130.0,3.599987723768038
1363462830.0,3.6141895213898465
1363465530.0,3.6156746590155535
1363468230.0,4.028066676482581
1363470930.0,4.931022442210917
1363473630.0,4.9265855607084745
1363476330.0,4.972751080671912
1363479030.0,4.4521420076036975
1363481730.0,3.451166371732313
1363484430.0,3.459625901458992
1363487130.0,3.4635523058447575
1363489830.0,3.4607204541712804
1363492530.0,3.466581746659358
1363495230.0,3.3870030912510742
1363497930.0,3.3583962789256248
1363500630.0,3.4081409042646555
1363503330.0,3.401949700091052
1363506030.0,3.3485289615035185
1363508730.0,3.2548147178862337
1363511430.0,3.2850308030875226
1363514130.0,3.2541751455517556
1363516830.0,3.9880368868296614
1363519530.0,3.8260223831518942
1363522230.0,3.5845151584841233
1363524930.0,3.5863810145598336
1363527630.0,3.53527247259143
1363530330.0,3.3837648270292107
1363533030.0,3.4067638244115983
1363535730.0,3.387291851718089
1363538430.0,3.402719538361623
1363541130.0,3.3885192392563113
1363543830.0,3.3387485591862855
1363546530.0,3.3908145288941682
1363549230.0,3.447457063713898
1363551930.0,3.37898033263491
1363554630.0,3.4731176284485628
1363557330.0,3.577659959480968
1363560030.0,3.627509653029108
1363562730.0,4.557346061616045
1363565430.0,4.784541419492598
1363568130.0,4.768312233915594
1363570830.0,4.749420983607536
1363573530.0,4.766713991295262
1363576230.0,4.860897257439262
1363578930.0,4.803562200345482
1363581630.0,4.694033276458299
1363584330.0,4.6672790093713274
1363587030.0,4.662616585434932
1363589730.0,4.605113099112714
1363592430.0,3.173674814598826
1363595130.0,3.018413328363579
1363597830.0,2.9700044648948847
1363600530.0,2.9865905423997674
1363603230.0,3.083598493673094
1363605930.0,3.096032839333361
1363608630.0,3.1385308830353438
1363611330.0,3.070284598848673
1363614030.0,3.0484678464413264
1363616730.0,3.052132296908667
1363619430.0,3.0613572751143465
1363622130.0,3.0216920629994206
1363624830.0,3.047272367044286
1363627530.0,3.022778824268187
1363630230.0,2.997342675222285
1363632930.0,3.0790477946441683
1363635630.0,3.06776956998209
1363638330.0,3.0165618988063443
1363641030.0,4.7328173799514275
1363643730.0,4.925084457457558
1363646430.0,4.9242274989362045
1363649130.0,4.9221135295235285
1363651830.0,4.9063139476826905
1363654530.0,4.896769892026555
1363657230.0,4.921518357809987
1363659930.0,3.461327758563243
1363662630.0,3.364655389617269
1363665330.0,3.2940940744989007
1363668030.0,3.258448910752918
1363670730.0,3.252661397165866
1363673430.0,3.2507769124816264
1363676130.0,3.1802514429971893
1363678830.0,3.1632317342980514
1363681530.0,3.1126857727140305
1363684230.0,3.140890667894439
1363686930.0,3.074131309098675
1363689630.0,3.2428553919577894
1363692330.0,3.1807810701433255
1363695030.0,2.153130449005971
1363697730.0,3.3079904759266583
1363700430.0,3.4116245820846416
1363703130.0,3.398777913914614
1363705830.0,3.4030347069807476
1363708530.0,3.462689452266261
1363711230.0,3.501565402319386
1363713930.0,3.440252661370778
1363716630.0,3.4673821663538433
1363719330.0,3.440395622885603
1363722030.0,3.4523911385904853
1363724730.0,3.528586747576526
1363727430.0,3.605063693761963
1363730130.0,3.5895351059729137
1363732830.0,3.6137266501641534
1363735530.0,3.730223566827135
1363738230.0,4.765218069743128
1363740930.0,4.886329013329771
1363743630.0,4.921149974254604
1363746330.0,4.938298669561618
1363749030.0,4.9081438779165865
1363751730.0,4.864684240318866
1363754430.0,4.828409395697236
1363757130.0,4.869660653519304
1363759830.0,4.845725719945676
1363762530.0,4.811178214402446
1363765230.0,4.782021913491008
1363767930.0,4.687647874837751
1363770630.0,3.1945644342632704
1363773330.0,3.1362288767896302
1363776030.0,3.213000936294236
1363778730.0,3.203652740712016
1363781430.0,3.0792108921384624
1363784130.0,3.074966380480987
1363786830.0,3.0759201315370888
1363789530.0,3.0276979368476304
1363792230.0,3.0408060844536067
1363794930.0,3.059659307899949
1363797630.0,3.1133317988779936
1363800330.0,3.074273100598532
1363803030.0,3.1170640197113357
1363805730.0,3.173418978924417
1363808430.0,3.190006587407538
1363811130.0,4.592413650568346
1363813830.0,4.84676723858712
1363816530.0,4.856966321036964
1363819230.0,4.87578015925385
1363821930.0,4.8786671017208505
1363824630.0,4.821252149974612
1363827330.0,4.777507538958787
1363830030.0,3.496086251213967
1363832730.0,3.403489335687084
1363835430.0,3.293520952108281
1363838130.0,3.2907846581221634
1363840830.0,3.284185789599917
1363843530.0,3.342294757302227
1363846230.0,3.353209312529941
1363848930.0,3.3339169320841506
1363851630.0,3.3527709725373143
1363854330.0,3.270501341273416
1363857030.0,3.3122936043407663
1363859730.0,3.2871588305574733
1363862430.0,3.3737126673756848
1363865130.0,3.3416665147877893
1363867830.0,3.2507429953990368
1363870530.0,2.229312706248379
1363873230.0,2.014509530211228
1363875930.0,1.9821109710305223
1363878630.0,1.9923329617865306
1363881330.0,1.9804533597111345
1363884030.0,2.044538145220656
1363886730.0,3.657794238237443
1363889430.0,3.7905210320274136
1363892130.0,3.9017990146886063
1363894830.0,3.886106417813494
1363897530.0,3.88761104911174
1363900230.0,3.88483187568346
1363902930.0,3.9053646713140324
1363905630.0,3.9012554770387737
1363908330.0,3.8859233697305626
1363911030.0,3.877841203729247
1363913730.0,3.901905936304786
1363916430.0,3.982245498761017
1363919130.0,4.022636032209789
1363921830.0,4.030384542307445
1363924530.0,4.085211460697565
1363927230.0,4.029624524142321
1363929930.0,4.144752948492908
1363932630.0,4.776295212534819
1363935330.0,5.204049832300882
1363938030.0,5.256334770219894
1363940730.0,5.22743833222512
1363943430.0,5.272379037662915
1363946130.0,5.2593339596982105
1363948830.0,3.9980252854873584
1363951530.0,3.6628325674010966
1363954230.0,3.574789240189091
1363956930.0,3.522986458913124
1363959630.0,3.4594860934868734
1363962330.0,3.4802101055218486
1363965030.0,3.4749621141482976
1363967730.0,3.419707271288985
1363970430.0,3.512982713549718
1363973130.0,3.4820401623206862
1363975830.0,3.5041119331845607
1363978530.0,3.545497962995455
1363981230.0,4.725368125262321
1363983930.0,4.856359384877749
1363986630.0,4.900237059513188
1363989330.0,4.896019768269582
1363992030.0,3.7004298393128465
1363994730.0,3.529705501351714
1363997430.0,3.5021500738891405
1364000130.0,3.566351847407873
1364002830.0,3.5569426633618946
1364005530.0,3.565436109956579
1364008230.0,3.637474588792884
1364010930.0,3.566258316121548
1364013630.0,3.4797994827628145
1364016330.0,3.5332776344463923
1364019030.0,3.5596440955301887
1364021730.0,3.5275915415132886
1364024430.0,3.539226767670641
1364027130.0,3.463309076438179
1364029830.0,3.5315006892160454
1364032530.0,3.526325140245376
1364035230.0,3.575361745011321
1364037930.0,3.5677745989520417
1364040630.0,3.5438270534000935
1364043330.0,3.5552834208982063
1364046030.0,3.503703977078999
1364048730.0,3.5076676255815755
1364051430.0,3.4894910199826654
1364054130.0,3.5158178962720967
1364056830.0,3.505208734837936
1364059530.0,3.4167022619928957
1364062230.0,3.492845742246004
1364064930.0,5.179682986555008
1364067630.0,5.306235429138383
1364070330.0,5.366497774207062
1364073030.0,5.503844606843529
1364075730.0,5.409447355435304
1364078430.0,3.934878501420485
1364081130.0,3.7240941240170287
1364083830.0,3.631978755386399
1364086530.0,3.620379179308827
1364089230.0,3.6654732125940086
1364091930.0,3.7323313161562623
1364094630.0,3.723570199455196
1364097330.0,3.683781271787666
1364100030.0,3.669631935557163
1364102730.0,3.695646181728705
1364105430.0,3.644117890339885
1364108130.0,3.669507805351543
1364110830.0,3.636073281079689
1364113530.0,3.5527452903473886
1364116230.0,3.527585751367667
1364118930.0,3.598313613250525
1364121630.0,3.669723403441367
1364124330.0,3.6781371241523857
1364127030.0,3.665120754439897
1364129730.0,3.6172335907026536
1364132430.0,3.588285887371512
1364135130.0,3.646496117104334
1364137830.0,3.6830077427448487
1364140530.0,3.6623065982105345
1364143230.0,3.669325304461381
1364145930.0,3.6284837817159428
1364148630.0,3.632465939889414
1364151330.0,4.312148234261542
1364154030.0,5.5444365016895745
1364156730.0,5.344988849988965
1364159430.0,3.963247871238025
1364162130.0,3.9276928062008665
1364164830.0,3.8153160765156713
1364167530.0,3.809885739620256
1364170230.0,3.748641563937497
1364172930.0,3.812966977260828
1364175630.0,3.866299683793841
1364178330.0,3.8843242680061962
1364181030.0,3.877796723437939
1364183730.0,3.886460457114765
1364186430.0,3.838868130442222
1364189130.0,3.866649420202009
1364191830.0,3.866809409343432
1364194530.0,3.8627982552973776
1364197230.0,3.856011091771677
1364199930.0,3.856854857934536
1364202630.0,3.8821801114586947
1364205330.0,3.910002417114981
1364208030.0,3.9333758994321784
1364210730.0,3.943281266094857
1364213430.0,3.9105632740960914
1364216130.0,3.855242590351736
1364218830.0,3.8151208822302465
1364221530.0,3.845784432879327
1364224230.0,3.8248382169945216
1364226930.0,3.855959756251025
1364229630.0,3.8936976123787304
1364232330.0,3.7906423586737787
1364235030.0,3.9033545504181006
1364237730.0,3.9791614372529125
1364240430.0,5.697354954741286
1364243130.0,5.850216298115754
1364245830.0,4.169785470624902
1364248530.0,4.066368595158792
1364251230.0,3.9520901095255
1364253930.0,3.9300256758285173
1364256630.0,3.861809563416159
1364259330.0,3.9480846915925554
1364262030.0,3.9847773167452942
1364264730.0,3.959124924568755
1364267430.0,4.013794732327312
1364270130.0,3.9096443580321534
1364272830.0,3.914651574454922
1364275530.0,3.8849946682551604
1364278230.0,3.880589832284386
1364280930.0,3.8779665264107734
1364283630.0,4.5731490372747885
1364286330.0,5.2941611265334245
1364289030.0,5.3072199376462095
1364291730.0,5.406368958876328
1364294430.0,5.401009784251983
1364297130.0,5.412385606222244
1364299830.0,5.397651586602763
1364302530.0,5.425262021814206
1364305230.0,5.457380270448255
1364307930.0,5.472590554059764
1364310630.0,5.459822367253423
1364313330.0,5.607790396289261
1364316030.0,5.489670995336951
1364318730.0,5.438161819762399
1364321430.0,5.509496829900229
1364324130.0,5.502833350241701
1364326830.0,5.582226086052572
1364329530.0,6.822503226528397
1364332230.0,5.994743160703479
1364334930.0,5.0719121824784
1364337630.0,4.972882338299598
1364340330.0,4.874175010211729
1364343030.0,4.882200824463098
1364345730.0,4.834392016306708
1364348430.0,4.872420967763446
1364351130.0,4.853676265151364
1364353830.0,4.901801577385299
1364356530.0,4.822047693806667
1364359230.0,4.80312425446283
1364361930.0,4.816295052878388
1364364630.0,4.8327487414089205
1364367330.0,4.819356234504596
1364370030.0,4.74985293455677
1364372730.0,4.763092239175421
1364375430.0,5.832231223870508
1364378130.0,6.055341332070668
1364380830.0,4.942001417862002
1364383530.0,4.824222522809293
1364386230.0,4.767666240337405
1364388930.0,4.801522359956834
1364391630.0,4.741949122845938
1364394330.0,4.8003657256463725
1364397030.0,4.785062633177972
1364399730.0,4.820723318204273
1364402430.0,4.825157727472288
1364405130.0,4.811267162633669
1364407830.0,4.830121262930959
1364410530.0,4.8317319884432095
1364413230.0,4.839019881696856
1364415930.0,4.831204423808629
1364418630.0,5.178183261877507
1364421330.0,6.0662670485178865
1364424030.0,6.125928720288869
1364426730.0,4.862772032257226
1364429430.0,4.67198056371808
1364432130.0,4.745990240890478
1364434830.0,4.708024422408869
1364437530.0,4.741676282097615
1364440230.0,4.745047068697147
1364442930.0,4.708242358174516
1364445630.0,4.651441687244358
1364448330.0,4.700207860276464
1364451030.0,4.722196236970092
1364453730.0,4.676564462838485
1364456430.0,4.609271473653109
1364459130.0,4.6460674979411465
1364461830.0,4.602241105589485
1364464530.0,4.670457501468832
1364467230.0,4.780513151770833
1364469930.0,5.857997493983646
1364472630.0,6.129216663243199
1364475330.0,6.1066247787924794
1364478030.0,6.054042739494321
1364480730.0,6.102521254496651
1364483430.0,6.0660309285570975
1364486130.0,6.013965817670396
1364488830.0,6.058232574306942
1364491530.0,6.027717171296615
1364494230.0,6.039658537364971
1364496930.0,6.073078442525173
1364499630.0,6.011222520025115
1364502330.0,6.0737917662460745
1364505030.0,6.099326580007016
1364507730.0,6.092748775134794
1364510430.0,6.17198319716033
1364513130.0,5.541257465238516
1364515830.0,5.421429691959474
1364518530.0,5.505117742876223
1364521230.0,5.467451853926377
1364523930.0,5.532932540598551
1364526630.0,5.5066380154149215
1364529330.0,5.485692168614719
1364532030.0,5.45588892841721
1364534730.0,5.498604049865378
1364537430.0,5.410236071098382
1364540130.0,5.327770301605426
1364542830.0,5.211934068433379
1364545530.0,5.124074490608564
1364548230.0,4.921449120561704
1364550930.0,3.9273299864786395
1364553630.0,3.930951201876155
1364556330.0,3.7524837966693667
1364559030.0,3.9637296435639087
1364561730.0,3.955504401783685
1364564430.0,3.9230765040763913
1364567130.0,3.9216705172723323
1364569830.0,3.923011459250688
1364572530.0,3.9710402446419835
1364575230.0,3.9072926622428668
1364577930.0,3.866340535226584
1364580630.0,3.9420667798387967
1364583330.0,3.9106598121595653
1364586030.0,3.8606828460473253
1364588730.0,3.9069785130897117
1364591430.0,3.914978516019005
1364594130.0,5.6107606028894
1364596830.0,5.701336409725457
1364599530.0,5.717015218403503
1364602230.0,4.415644573245629
1364604930.0,4.352505349401042
1364607630.0,4.326142136738667
1364610330.0,4.334564435141431
1364613030.0,4.362250184866582
1364615730.0,4.342906517507288
1364618430.0,4.312042713785786
1364621130.0,4.285863202189489
1364623830.0,4.273730102710886
1364626530.0,4.247886111322771
1364629230.0,4.1747677044662055
1364631930.0,4.2112529004033945
1364634630.0,4.0202401008553466
1364637330.0,3.376998878308541
1364640030.0,4.325396237380801
1364642730.0,4.41114737788439
1364645430.0,4.39629331198006
1364648130.0,4.411210478951887
1364650830.0,4.393617725343006
1364653530.0,4.379656680364008
1364656230.0,4.393989199097632
1364658930.0,4.462061413542699
1364661630.0,4.401488392919134
1364664330.0,4.421305391307044
1364667030.0,4.397128224499227
1364669730.0,4.415345909937685
1364672430.0,4.451357942816571
1364675130.0,4.462356039183305
1364677830.0,4.422405241264812
1364680530.0,4.412434717160409
1364683230.0,4.436866780765058
1364685930.0,4.882060507862889
1364688630.0,5.715991800168467
1364691330.0,5.776880277440398
1364694030.0,5.740189319782928
1364696730.0,5.708802717269293
1364699430.0,5.688585621054472
1364702130.0,4.361871481719277
1364704830.0,4.281076499375729
1364707530.0,4.258495494482133
1364710230.0,4.261180165874919
1364712930.0,4.2528810304118
1364715630.0,4.161012273229858
1364718330.0,4.1969720821549
1364721030.0,4.07197180108119
1364723730.0,4.174324487071772
1364726430.0,4.150015086185078
1364729130.0,4.038765442318606
1364731830.0,4.200260709236659
1364734530.0,4.184035873320056
1364737230.0,4.143045712939454
1364739930.0,4.160201563889984
1364742630.0,4.206939065313634
1364745330.0,4.203699706595273
1364748030.0,4.158926855121422
1364750730.0,4.175715147107269
1364753430.0,4.190651307933138
1364756130.0,4.199132883611981
1364758830.0,4.177839847468931
1364761530.0,5.149613092550965
1364764230.0,5.805589046438172
1364766930.0,5.886880367504546
1364769630.0,5.93982002158134
1364772330.0,5.8755307374444214
1364775030.0,4.4072020888938255
1364777730.0,4.285465151495373
1364780430.0,4.208896787485344
1364783130.0,4.169596339438499
1364785830.0,4.208197947182555
1364788530.0,4.183580173724067
1364791230.0,4.249717588150872
1364793930.0,4.243677909233838
1364796630.0,4.20833335753764
1364799330.0,4.2346778437457715
1364802030.0,4.139661067576242
1364804730.0,3.959289026902013
1364807430.0,2.9785187696897424
1364810130.0,2.976633306167855
1364812830.0,2.979008791193678
1364815530.0,4.143035151339177
1364818230.0,4.489598682970495
1364820930.0,4.498495572309309
1364823630.0,4.4537691945139954
1364826330.0,4.46304612313844
1364829030.0,4.423684447855919
1364831730.0,4.434127151302107
1364834430.0,4.4352781088813344
1364837130.0,4.499511042329402
1364839830.0,4.517985620830757
1364842530.0,4.605739027773268
1364845230.0,4.575925306534316
1364847930.0,4.597683391591886
1364850630.0,4.598525021870387
1364853330.0,4.627267727824176
1364856030.0,3.407449070756911
1364858730.0,3.280194051126557
1364861430.0,3.2407179669294806
1364864130.0,3.306873192009789
1364866830.0,3.2571339609679058
1364869530.0,3.2780121727614073
1364872230.0,3.3289628690251902
1364874930.0,3.2350531378982055
1364877630.0,3.260833867534359
1364880330.0,3.2741043458616446
1364883030.0,3.2943090981277123
1364885730.0,3.325120864859173
1364888430.0,3.2633807119727294
1364891130.0,3.3043071927582446
1364893830.0,2.962739034777485
1364896530.0,2.15151844156577
1364899230.0,1.9842251324749896
1364901930.0,2.073377358084315
1364904630.0,1.9648462918887049
1364907330.0,1.9084810395223144
1364910030.0,1.8903494408337451
1364912730.0,1.8604409725193705
1364915430.0,1.8456434336627012
1364918130.0,1.955040143143151
1364920830.0,1.9328022083716405
1364923530.0,3.3366972416799285
1364926230.0,3.8714192935994447
1364928930.0,3.9892660465826566
1364931630.0,3.955331801062812
1364934330.0,4.0470064102443075
1364937030.0,3.9883556150216464
1364939730.0,3.850202043466595
1364942430.0,2.7285766453854876
1364945130.0,2.571912889123098
1364947830.0,2.648776898811775
1364950530.0,2.6782175682523643
1364953230.0,2.7048668484139284
1364955930.0,2.7511887011543195
1364958630.0,2.7514863688625155
1364961330.0,2.7086042673198563
1364964030.0,2.737563137129939
1364966730.0,2.7680701391759044
1364969430.0,2.6824250647921986
1364972130.0,2.7448424923570656
1364974830.0,2.677719908052268
1364977530.0,2.700253863080036
1364980230.0,2.6671424979931544
1364982930.0,2.558708731983529
1364985630.0,1.5137701387715197
1364988330.0,1.427668090210716
1364991030.0,1.4918368026325197
1364993730.0,1.4554691780696771
1364996430.0,1.4525202325372106
1364999130.0,1.5041062051180347
1365001830.0,1.4820338191167934
1365004530.0,1.7104395614404666
1365007230.0,3.193156912342488
1365009930.0,3.2907952307338633
1365012630.0,3.3098473430457602
1365015330.0,3.327218257807999
1365018030.0,3.3567366149941336
1365020730.0,3.4113636975842496
1365023430.0,3.418463942857329
1365026130.0,3.4334858866472473
1365028830.0,3.2830350397031793
1365031530.0,2.139040334131721
1365034230.0,2.1212721874279623
1365036930.0,2.1454504422755463
1365039630.0,2.1920692320514945
1365042330.0,2.2195075239539506
1365045030.0,2.249375393390096
1365047730.0,2.179799226818261
1365050430.0,2.235594021422571
1365053130.0,2.1977213097232493
1365055830.0,2.2301357174372356
1365058530.0,2.2264803488203597
1365061230.0,2.1730036908213037
1365063930.0,2.1740588968295924
1365066630.0,2.121730713610077
1365069330.0,2.1878401583819596
1365072030.0,2.196516799286428
1365074730.0,2.1240703382038078
1365077430.0,1.3619919780502983
1365080130.0,0.8195105437300185
1365082830.0,0.8258295292358753
1365085530.0,0.833832086825737
1365088230.0,0.8158812245189893
1365090930.0,0.8902092327494415
1365093630.0,2.657045092021974
1365096330.0,2.737636551735136
1365099030.0,2.750785372446785
1365101730.0,2.8732641282404074
1365104430.0,2.8281348475799746
1365107130.0,2.859090345130994
1365109830.0,2.934622944866703
1365112530.0,2.9068963556227345
1365115230.0,2.9080940400758095
1365117930.0,2.8957270638903765
1365120630.0,2.897275948841468
1365123330.0,3.462285767853018
1365126030.0,2.957564984532496
1365128730.0,2.943845433241279
1365131430.0,3.005630039750656
1365134130.0,2.949277478709348
1365136830.0,2.990216899371603
1365139530.0,3.002898783884234
1365142230.0,2.9765746002833566
1365144930.0,3.006818956281279
1365147630.0,2.9834277416812824
1365150330.0,3.0282175789111534
1365153030.0,2.9801752599987026
1365155730.0,3.0387077679645813
1365158430.0,3.0551347704187037
1365161130.0,3.028685591902331
1365163830.0,3.1049391695017334
1365166530.0,3.015015593152043
1365169230.0,3.015992925288913
1365171930.0,3.0004817351101565
1365174630.0,2.987387969968495
1365177330.0,3.0961462591590134
1365180030.0,3.809890206176476
1365182730.0,4.460652187157734
1365185430.0,4.5880871307874145
1365188130.0,4.614898173243546
1365190830.0,4.6158534859652605
1365193530.0,4.6295255703543035
1365196230.0,4.6463942902086615
1365198930.0,4.621809497207835
1365201630.0,2.9590529129496304
1365204330.0,2.8621019150410234
1365207030.0,2.8858989293461264
1365209730.0,2.9453213463572183
1365212430.0,2.968831182415272
1365215130.0,3.6321436829048253
1365217830.0,4.097788846049525
1365220530.0,4.107779332161101
1365223230.0,4.115288275265357
1365225930.0,4.190348765101589
1365228630.0,4.163087725315393
1365231330.0,4.201348776715349
1365234030.0,4.22312499436714
1365236730.0,4.221261470444688
1365239430.0,4.208110183786573
1365242130.0,4.233435735670582
1365244830.0,4.209861314992963
1365247530.0,4.152001523028218
1365250230.0,4.033157371978746
1365252930.0,4.147105564429637
1365255630.0,4.140345680010853
1365258330.0,4.189656627885256
1365261030.0,4.189953226661089
1365263730.0,4.222980973342942
1365266430.0,4.190290607857321
1365269130.0,4.20849607084665
1365271830.0,4.1859120866585044
1365274530.0,3.0055389047816448
1365277230.0,4.043727802084788
1365279930.0,4.116130479884703
1365282630.0,4.0744501472703405
1365285330.0,4.077950305371587
1365288030.0,4.03774387386602
1365290730.0,4.060794017111732
1365293430.0,4.050537192006857
1365296130.0,4.057499142319159
1365298830.0,4.080068405779912
1365301530.0,4.130619125213059
1365304230.0,4.250076470257511
1365306930.0,4.338636969927222
1365309630.0,4.423713421625507
1365312330.0,4.525474473073302
1365315030.0,4.552964933155181
1380902940.0,6.679558643952873
1380905640.0,6.543111689590262
1380908340.0,6.385977991317475
1380911040.0,6.2689916760555775
1380913740.0,6.197035187067229
1380916440.0,6.127387823396418
1380919140.0,6.055931774274768
1380921840.0,5.169237046882927
1380924540.0,4.804669275839785
1380927240.0,4.8050391459844946
1380929940.0,5.721879897534393
1380932640.0,6.199741005208807
1380935340.0,6.318183244259046
1380938040.0,6.425857526549862
1380940740.0,6.378906338275613
1380943440.0,6.37965245039851
1380946140.0,6.427936409261008
1380948840.0,6.393507288158446
1380951540.0,6.293261242179028
1380954240.0,6.273435898736409
1380956940.0,6.217596592228233
1380959640.0,6.2069440958667315
1380962340.0,6.143076832679185
1380965040.0,6.231861026894023
1380967740.0,5.238446281770848
1380970440.0,5.727984157763558
1380973140.0,6.004500022416437
1380975840.0,6.032714209424398
1380978540.0,6.091214761932292
1380981240.0,6.059042046920354
1380983940.0,6.077479276391614
1380986640.0,6.048580823408315
1380989340.0,6.0269792711708305
1380992040.0,6.009278129960023
1380994740.0,5.909581708336816
1380997440.0,5.85509152197983
1381000140.0,5.867536399645417
1381002840.0,5.908898192595132
1381005540.0,5.834196638382252
1381008240.0,5.898985924364013
1381010940.0,5.820157943454831
1381013640.0,5.845861551939834
1381016340.0,5.826109182145103
1381019040.0,5.826596893078602
1381021740.0,5.864204300699214
1381024440.0,5.916113539651462
1381027140.0,5.964716513461042
1381029840.0,6.000160362275096
1381032540.0,5.935367172310009
1381035240.0,5.932421378246204
1381037940.0,5.975606116562119
1381040640.0,5.926490363803964
1381043340.0,5.839024215325878
1381046040.0,5.8387344089296676
1381048740.0,6.881422704802276
1381051440.0,7.6066364736294645
1381054140.0,7.692969718951247
1381056840.0,5.808471614687392
1381059540.0,5.820736754308939
1381062240.0,5.761269445951257
1381064940.0,5.876782834839389
1381067640.0,5.874847907489993
1381070340.0,5.798182222499747
1381073040.0,5.817710587688794
1381075740.0,5.778833241595919
1381078440.0,5.726023546390195
1381081140.0,5.639431016616754
1381083840.0,5.602562763853996
1381086540.0,4.472035689611005
1381089240.0,4.4069669098027475
1381091940.0,4.434768704241321
1381094640.0,5.134409079140767
1381097340.0,5.7993722778060715
1381100040.0,5.886751570818035
1381102740.0,5.9336960620020704
1381105440.0,5.969281063344965
1381108140.0,5.974528624715106
1381110840.0,5.9734583799235
1381113540.0,6.0129159298301715
1381116240.0,6.000032231819489
1381118940.0,5.936029243379835
1381121640.0,5.92516255904934
1381124340.0,5.972152109832962
1381127040.0,5.880207837422347
1381129740.0,5.850968134544189
1381132440.0,5.914800013863669
1381135140.0,5.8664490525096085
1381137840.0,6.700167991182411
1381140540.0,6.366620391294759
1381143240.0,5.7021842243827905
1381145940.0,5.789137587510993
1381148640.0,5.774326886299093
1381151340.0,5.833103529371954
1381154040.0,5.829908538954612
1381156740.0,5.767366994490146
1381159440.0,5.731030731904184
1381162140.0,5.716777681590315
1381164840.0,5.701344279508362
1381167540.0,5.609754960457053
1381170240.0,5.515724394132917
1381172940.0,4.559021649645501
1381175640.0,4.508971592560897
1381178340.0,4.44923604838732
1381181040.0,4.495123951323762
1381183740.0,4.435405261064432
1381186440.0,4.431492254470868
1381189140.0,4.5148119765501065
1381191840.0,4.6049046142597945
1381194540.0,4.647125761367533
1381197240.0,4.667168186447327
1381199940.0,4.598379338206712
1381202640.0,4.656123504406992
1381205340.0,4.605362490456059
1381208040.0,4.663091791428769
1381210740.0,4.549448941041305
1381213440.0,4.554720471481517
1381216140.0,4.456242232246439
1381218840.0,4.483105565942196
1381221540.0,5.498354097764604
1381224240.0,6.255998801392593
1381226940.0,6.398416175882801
1381229640.0,6.430091424685884
1381232340.0,5.076809454858562
1381235040.0,4.9475163387672865
1381237740.0,4.892045080638013
1381240440.0,5.017145343987863
1381243140.0,4.949081228929231
1381245840.0,4.918871606443133
1381248540.0,4.884478316875288
1381251240.0,4.923267674054387
1381253940.0,4.8124862363108605
1381256640.0,4.825581476853472
1381259340.0,4.791567252050129
1381262040.0,4.764094251880579
1381264740.0,4.668696068940619
1381267440.0,3.6859306219889163
1381270140.0,4.747417877286921
1381272840.0,4.9360109570719715
1381275540.0,4.9535967849584495
1381278240.0,4.962480281444982
1381280940.0,4.9705067749191585
1381283640.0,5.080612949210604
1381286340.0,5.152413805647541
1381289040.0,5.1161837727688635
1381291740.0,5.137540889747129
1381294440.0,5.182971799861889
1381297140.0,5.128073754644049
1381299840.0,5.101780502743509
1381302540.0,4.951484511004423
1381305240.0,4.985741385347524
1381307940.0,4.988439708600765
1381310640.0,5.297482640925864
1381313340.0,6.266315439660673
1381316040.0,6.267658887792379
1381318740.0,6.313130143367118
1381321440.0,6.377455171807696
1381324140.0,6.428186784521245
1381326840.0,6.465890849642335
1381329540.0,6.358589488375458
1381332240.0,6.347281790440661
1381334940.0,6.367787912595361
1381337640.0,6.303974736559383
1381340340.0,6.231308456589716
1381343040.0,4.725943455572917
1381345740.0,4.5048764056977575
1381348440.0,4.415075685871045
1381351140.0,4.468225262719955
1381353840.0,4.44886205063824
1381356540.0,4.3623022449237965
1381359240.0,4.401280990876046
1381361940.0,4.411717147913237
1381364640.0,4.450685571127735
1381367340.0,4.4623150164306935
1381370040.0,4.497304880291551
1381372740.0,4.494116299644816
1381375440.0,4.526147879295479
1381378140.0,4.494377235070658
1381380840.0,4.5080575420275295
1381383540.0,4.466600330325491
1381386240.0,4.519571235152966
1381388940.0,6.009496208248038
1381391640.0,6.1437699025930215
1381394340.0,5.1483360034253
1381397040.0,4.764540849085506
1381399740.0,4.802116654491272
1381402440.0,4.722411737618074
1381405140.0,4.739759371565469
1381407840.0,4.798233677016242
1381410540.0,4.861924979049263
1381413240.0,4.853164937243378
1381415940.0,4.771620558304846
1381418640.0,4.747759872164863
1381421340.0,4.765109870542574
1381424040.0,4.676811536950538
1381426740.0,4.710827289903079
1381429440.0,4.619797733527093
1381432140.0,4.520471345508952
1381434840.0,3.4107584723203104
1381437540.0,3.413954872490308
1381440240.0,3.391424524970887
1381442940.0,3.3137857237642834
1381445640.0,3.372712884468399
1381448340.0,3.3773689387313652
1381451040.0,3.443480359532373
1381453740.0,3.4906728255820667
1381456440.0,3.503483695771365
1381459140.0,4.94501813278697
1381461840.0,5.075896604249067
1381464540.0,5.052908947350716
1381467240.0,5.088993643579784
1381469940.0,5.102704359976258
1381472640.0,5.116929916387164
1381475340.0,5.074145019282298
1381478040.0,5.077555997141189
1381480740.0,4.979130090247736
1381483440.0,3.7597352828988733
1381486140.0,3.825251698966156
1381488840.0,3.7949693339118653
1381491540.0,3.76544486925593
1381494240.0,3.7815239442409734
1381496940.0,3.7816627104919007
1381499640.0,3.8857132356618536
1381502340.0,3.972523818221987
1381505040.0,3.942666236661239
1381507740.0,3.9359979716703037
1381510440.0,3.8579990900963708
1381513140.0,3.842392283836432
1381515840.0,3.7229921902141427
1381518540.0,3.75897361009811
1381521240.0,3.66784269767885
1381523940.0,3.153263303291112
1381526640.0,2.4503756276554327
1381529340.0,2.30262720896485
1381532040.0,2.4026305798720387
1381534740.0,2.3913011102649193
1381537440.0,2.388896447320235
1381540140.0,2.432244471177114
1381542840.0,2.4078941742636175
1381545540.0,2.458073081778309
1381548240.0,2.5068516815242106
1381550940.0,2.485790053613414
1381553640.0,3.5629640089822487
1381556340.0,4.382007312264818
1381559040.0,4.409249058288083
1381561740.0,4.398889208450555
1381564440.0,4.428152947774322
1381567140.0,4.445429355360659
1381569840.0,3.5212386269411127
1381572540.0,3.2319306209349747
1381575240.0,3.2248322486522625
1381577940.0,3.219665738400977
1381580640.0,3.1967245518609957
1381583340.0,3.2570092040876375
1381586040.0,3.384284591051369
1381588740.0,3.2536120740817864
1381591440.0,3.257318200551424
1381594140.0,3.266742828028896
1381596840.0,3.2698527905614583
1381599540.0,3.173792580084921
1381602240.0,3.1129170017390493
1381604940.0,3.2073252166994166
1381607640.0,3.1004338389327017
1381610340.0,3.158132194375071
1381613040.0,3.1629128268305635
1381615740.0,3.010787368570277
1381618440.0,1.8671250524916445
1381621140.0,1.8556776664943868
1381623840.0,1.8454150098835953
1381626540.0,1.8730953227939722
1381629240.0,1.9144509333395945
1381631940.0,1.918345875569912
1381634640.0,1.9064865439714822
1381637340.0,3.4792115345643424
1381640040.0,3.729445190520323
1381642740.0,3.7623332418317545
1381645440.0,3.7569979856613145
1381648140.0,3.748325895859182
1381650840.0,3.7850303369034464
1381653540.0,3.763845508359566
1381656240.0,3.8875543592949384
1381658940.0,3.151920815635208
1381661640.0,2.7080370371205618
1381664340.0,2.643711842453399
1381667040.0,2.7630547702027
1381669740.0,2.8228892884528136
1381672440.0,2.8594277959255123
1381675140.0,3.183312840325243
1381677840.0,3.8417301676598754
1381680540.0,3.950625394018175
1381683240.0,3.899453207044587
1381685940.0,3.9235464294599183
1381688640.0,3.861381490091844
1381691340.0,3.926425104473765
1381694040.0,3.8824550331776777
1381696740.0,3.985975923861645
1381699440.0,3.9593883170616664
1381702140.0,4.018173812837119
1381704840.0,3.926184258166529
1381707540.0,3.9718361410083958
1381710240.0,3.300661074883976
1381712940.0,2.60396463800447
1381715640.0,2.630259890524542
1381718340.0,2.624213496674372
1381721040.0,2.5703814739308655
1381723740.0,2.5670892778727534
1381726440.0,2.6119282534301647
1381729140.0,2.654562089636727
1381731840.0,3.677551556189826
1381734540.0,4.071014182965712
1381737240.0,4.116747274880652
1381739940.0,4.1371479290025945
1381742640.0,4.190097044525999
1381745340.0,4.222382808744385
1381748040.0,4.211278174376673
1381750740.0,4.065079980622443
1381753440.0,3.2491380808434656
1381756140.0,3.134281094691403
1381758840.0,3.130648252485173
1381761540.0,3.0779254505354174
1381764240.0,3.02041529107089
1381766940.0,3.045049790413998
1381769640.0,2.9562571534481776
1381772340.0,3.0322794366932726
1381775040.0,2.923512190244537
1381777740.0,2.9827478278629656
1381780440.0,3.002298589675263
1381783140.0,3.068482253461127
1381785840.0,2.959750456423194
1381788540.0,2.914065743528738
1381791240.0,2.975767571773247
1381793940.0,2.9884981623225713
1381796640.0,2.9979543341859767
1381799340.0,2.9776268418801806
1381802040.0,2.9981383736114253
1381804740.0,2.9737163205813317
1381807440.0,2.962717827748463
1381810140.0,2.989352542275924
1381812840.0,2.9893800810360176
1381815540.0,3.9736711764303436
1381818240.0,4.7745792554938475
1381820940.0,4.78689434505884
1381823640.0,4.79907467239417
1381826340.0,4.835636430617001
1381829040.0,4.87414954171885
1381831740.0,4.898874312987914
1381834440.0,3.854279878779323
1381837140.0,3.2452504816300234
1381839840.0,3.21942686751305
1381842540.0,3.258284955413103
1381845240.0,3.327893662446172
1381847940.0,4.2137339954481945
1381850640.0,4.363419537864559
1381853340.0,4.36523542250319
1381856040.0,4.315821334521047
1381858740.0,4.288523952136927
1381861440.0,4.295237010249309
1381864140.0,4.381617964787097
1381866840.0,4.302247061259038
1381869540.0,4.394546414243905
1381872240.0,4.302923750988327
1381874940.0,4.28673881819708
1381877640.0,4.2707579247646095
1381880340.0,4.326946008656421
1381883040.0,4.399201975587118
1381885740.0,4.4368445806279055
1381888440.0,4.469579325657946
1381891140.0,4.4522906232911055
1381893840.0,4.470702652845887
1381896540.0,4.447043298517599
1381899240.0,4.201914740841005
1381901940.0,2.921188501057145
1381904640.0,2.7939034351383043
1381907340.0,3.9171088721491856
1381910040.0,4.108288054615457
1381912740.0,4.12298589975893
1381915440.0,4.2303959065140475
1381918140.0,4.179385409601593
1381920840.0,4.2142372348500885
1381923540.0,4.230888788093353
1381926240.0,4.307654996288875
1381928940.0,4.2989621678734125
1381931640.0,4.31822175548109
1381934340.0,4.280945725079164
1381937040.0,4.293705725685584
1381939740.0,4.3104842342922325
1381942440.0,4.223538711643357
1381945140.0,4.168930887032957
1381947840.0,4.119272364460414
1381950540.0,4.180731959099603
1381953240.0,4.065224688374826
1381955940.0,4.126842253134441
1381958640.0,4.040779827787389
1381961340.0,4.058652447054499
1381964040.0,4.09562679220852
1381966740.0,4.036969514941745
1381969440.0,4.126158986148198
1381972140.0,4.176621719285663
1381974840.0,4.203041509899094
1381977540.0,4.1834987675437105
1381980240.0,4.175061232643145
1381982940.0,4.127765641191786
1381985640.0,4.228021118745687
1381988340.0,4.211313043084715
1381991040.0,4.196539323981995
1381993740.0,5.1614186400311155
1381996440.0,5.89316259453858
1381999140.0,4.431270349097645
1382001840.0,4.167944272948887
1382004540.0,4.118724805395232
1382007240.0,4.200077210543384
1382009940.0,4.155649615193454
1382012640.0,4.201975694656767
1382015340.0,4.197188422874774
1382018040.0,4.237094182222279
1382020740.0,4.264304408047053
1382023440.0,4.263876427008995
1382026140.0,4.281714988117528
1382028840.0,4.257958960406313
1382031540.0,5.215200977745042
1382034240.0,5.355452391130314
1382036940.0,5.393064506786686
1382039640.0,5.37271406424702
1382042340.0,5.461426244730376
1382045040.0,5.318538190828065
1382047740.0,5.35187585212816
1382050440.0,5.387751347330607
1382053140.0,5.385827899860942
1382055840.0,5.404730381950287
1382058540.0,5.419998587357213
1382061240.0,5.418847113697268
1382063940.0,5.49802910957726
1382066640.0,5.480909910104174
1382069340.0,5.465343518470661
1382072040.0,5.521150035073731
1382074740.0,5.461858624525576
1382077440.0,5.481649122298677
1382080140.0,5.521906747079811
1382082840.0,5.097266133000289
1382085540.0,5.000913542832109
1382088240.0,4.956615909976222
1382090940.0,4.875763571784034
1382093640.0,4.87800024258587
1382096340.0,4.805341594337278
1382099040.0,5.035522781061331
1382101740.0,5.062520086927748
1382104440.0,5.016127082058233
1382107140.0,4.977394797850593
1382109840.0,4.897414982364069
1382112540.0,4.940389268209401
1382115240.0,4.9015589872677765
1382117940.0,4.8725871643217715
1382120640.0,3.6437884958735367
1382123340.0,3.6226341559115554
1382126040.0,3.530845357261967
1382128740.0,3.6029341462366915
1382131440.0,3.5222382748979726
1382134140.0,3.4937441441701367
1382136840.0,3.519082027063746
1382139540.0,3.6087692421617703
1382142240.0,3.5915070275441394
1382144940.0,3.5586506220518004
1382147640.0,3.4876105426199615
1382150340.0,3.522418743047467
1382153040.0,3.486251638397789
1382155740.0,3.504098753578205
1382158440.0,3.4745797048423697
1382161140.0,3.4861822671250025
1382163840.0,3.451742035672453
1382166540.0,5.006063792538555
1382169240.0,4.071920546180536
1382171940.0,3.900926870630826
1382174640.0,3.9256593534313993
1382177340.0,3.9544004712849414
1382180040.0,3.9597312439975667
1382182740.0,3.875933381972004
1382185440.0,3.90982749485147
1382188140.0,4.002158447633178
1382190840.0,3.961834007123059
1382193540.0,3.9963466048106966
1382196240.0,3.938302556666372
1382198940.0,3.9586433022599863
1382201640.0,3.9004031946585656
1382204340.0,4.863942008169261
1382207040.0,5.164083394137322
1382209740.0,4.264191406471127
1382212440.0,3.9477677552501973
1382215140.0,3.9165972575284513
1382217840.0,3.8604824747106363
1382220540.0,3.8780411425484544
1382223240.0,3.9052311756562403
1382225940.0,3.9285090006074483
1382228640.0,3.9369595133445046
1382231340.0,4.003734037726645
1382234040.0,4.0295078997677365
1382236740.0,3.9646542387624777
1382239440.0,3.964043119508176
1382242140.0,4.02541007484399
1382244840.0,3.973518217375272
1382247540.0,4.018986730758627
1382250240.0,3.9681240602469643
1382252940.0,5.204476490579282
1382255640.0,5.227870426908055
1382258340.0,4.560335592239369
1382261040.0,3.9583334733999322
1382263740.0,3.900461652019885
1382266440.0,3.856249339008002
1382269140.0,3.8049026346772052
1382271840.0,4.051846821138554
1382274540.0,4.113301951613096
1382277240.0,3.989907181367073
1382279940.0,4.001024615999597
1382282640.0,4.005970557768933
1382285340.0,4.003557989654723
1382288040.0,3.9191062133626815
1382290740.0,3.8755810539897766
1382293440.0,3.8668169896187123
1382296140.0,4.0965601654158945
1382298840.0,4.418986059406677
1382301540.0,3.9653030057393153
1382304240.0,3.9038385344080666
1382306940.0,3.9133414325648346
1382309640.0,3.897085443581261
1382312340.0,3.974846973500405
1382315040.0,3.9164272376109466
1382317740.0,3.946259381602772
1382320440.0,3.9804747737392177
1382323140.0,3.9440683912558256
1382325840.0,3.9381791586341137
1382328540.0,3.9075306992698984
1382331240.0,3.9353647516056185
1382333940.0,4.011230386616944
1382336640.0,3.9577868555055034
1382339340.0,4.864490323676364
1382342040.0,5.060564329475653
1382344740.0,5.155802362784243
1382347440.0,5.133817571121881
1382350140.0,3.8818977529222707
1382352840.0,3.8078074314423134
1382355540.0,3.741633034482163
1382358240.0,3.893084693817059
1382360940.0,3.8635963383088665
1382363640.0,3.8548199304641457
1382366340.0,3.8506122723422322
1382369040.0,3.8389058540393535
1382371740.0,3.791164365694783
1382374440.0,3.8264569248112252
1382377140.0,3.7662765641171063
1382379840.0,3.719719417679528
1382382540.0,3.7558125371501774
1382385240.0,3.755913639502012
1382387940.0,3.278268265013537
1382390640.0,3.836610400441373
1382393340.0,3.964662457128213
1382396040.0,3.947216725639919
1382398740.0,4.010825735087906
1382401440.0,3.998293482384554
1382404140.0,3.945466754101176
1382406840.0,4.001661513293641
1382409540.0,4.039769826291149
1382412240.0,3.9298907910079492
1382414940.0,3.9773373546835273
1382417640.0,3.9342350481414883
1382420340.0,3.988856276098886
1382423040.0,3.9723266287261936
1382425740.0,4.013214530962614
1382428440.0,4.753763395875751
1382431140.0,5.143098072748558
1382433840.0,5.227127930251129
1382436540.0,5.086372543634525
1382439240.0,4.00788112484247
1382441940.0,3.7895200123408017
1382444640.0,3.8111544341588797
1382447340.0,3.8620366614491672
1382450040.0,3.8137570554574154
1382452740.0,3.8520086465437657
1382455440.0,3.8259852077853793
1382458140.0,3.8559225385979516
1382460840.0,3.846930651837397
1382463540.0,3.8043328485561574
1382466240.0,3.8153405940295784
1382468940.0,3.786457522062051
1382471640.0,3.790318624811391
1382474340.0,3.8224063825607004
1382477040.0,3.6930553159597252
1382479740.0,3.8400939599232515
1382482440.0,5.01268123190971
1382485140.0,5.1624242845445565
1382487840.0,5.190697388674607
1382490540.0,5.159959336852239
1382493240.0,5.159106042487167
1382495940.0,5.21554751831178
1382498640.0,5.172513086116908
1382501340.0,5.242723034341566
1382504040.0,5.219413109243192
1382506740.0,5.215340735813356
1382509440.0,5.208535324477964
1382512140.0,5.183231680447761
1382514840.0,5.257644675253573
1382517540.0,5.341349134179836
1382520240.0,6.287278121724853
1382522940.0,6.386457716084692
1382525640.0,4.667304543890907
1382528340.0,4.5217035541955966
1382531040.0,4.487830530042913
1382533740.0,4.627689910198171
1382536440.0,4.484702777250277
1382539140.0,4.5123185325874715
1382541840.0,4.485326645902774
1382544540.0,4.57880217292842
1382547240.0,4.529344888974094
1382549940.0,4.425838840545339
1382552640.0,4.5275951354342965
1382555340.0,4.457049636225065
1382558040.0,4.44060069759098
1382560740.0,3.8823834589074977
1382563440.0,3.2533449543222446
1382566140.0,3.1956789672573223
1382568840.0,3.193319216701525
1382571540.0,3.2241162815207076
1382574240.0,3.2526806768066763
1382576940.0,3.2929909484066684
1382579640.0,3.3437953540650938
1382582340.0,3.3340020360772655
1382585040.0,3.299268661872759
1382587740.0,3.307522026375409
1382590440.0,3.279746777211983
1382593140.0,3.276144403594344
1382595840.0,3.230748552174248
1382598540.0,4.775215602330206
1382601240.0,4.8745171906060705
1382603940.0,5.0193330592923076
1382606640.0,5.0075031044709135
1382609340.0,4.910976491919143
1382612040.0,3.7093138030357977
1382614740.0,3.6945508453137563
1382617440.0,3.640363241311036
1382620140.0,3.709582096824761
1382622840.0,3.6346157408777344
1382625540.0,3.7162049146795084
1382628240.0,3.7557127432176003
1382630940.0,3.695840333533795
1382633640.0,3.687036673713294
1382636340.0,3.654840423234589
1382639040.0,3.6732235127057606
1382641740.0,3.6345072243261143
1382644440.0,3.697952453112748
1382647140.0,3.697242547647704
1382649840.0,3.6958813424404298
1382652540.0,3.6765260485127556
1382655240.0,3.599128522098397
1382657940.0,3.1619473853457976
1382660640.0,2.4120703217111554
1382663340.0,3.8590646924486123
1382666040.0,3.936177840858022
1382668740.0,3.929698406211628
1382671440.0,3.937919807105004
1382674140.0,3.9327181195997127
1382676840.0,3.9541006057820027
1382679540.0,4.01900999959463
1382682240.0,3.9317356443044673
1382684940.0,4.0156026443250425
1382687640.0,3.9734336146146916
1382690340.0,4.068552253981466
1382693040.0,4.1159746541961795
1382695740.0,4.376615255358445
1382698440.0,5.172617752672238
1382701140.0,5.196367200833549
1382703840.0,5.329248272568634
1382706540.0,5.384484114102861
1382709240.0,5.382191495912139
1382711940.0,5.353876615589911
1382714640.0,5.383259390581031
1382717340.0,5.2952572008153425
1382720040.0,5.354611978255548
1382722740.0,5.2953281704288315
1382725440.0,5.3584808048466925
1382728140.0,5.344905678998657
1382730840.0,5.372991347218374
1382733540.0,5.2499555084709755
1382736240.0,3.593360393579246
1382738940.0,4.660633877815599
1382741640.0,4.7081327595570315
1382744340.0,4.754617565885496
1382747040.0,4.714369475649562
1382749740.0,4.785498661154236
1382752440.0,4.78582860804562
1382755140.0,4.802090747008833
1382757840.0,4.813175887681041
1382760540.0,4.790794279984368
1382763240.0,4.7912342978637525
1382765940.0,4.854864719219563
1382768640.0,4.806525428665793
1382771340.0,4.7578751605922776
1382774040.0,4.754958629494638
1382776740.0,4.843269002384432
1382779440.0,5.18632337744782
1382782140.0,4.611235118074035
1382784840.0,4.565901521411263
1382787540.0,4.568153740101309
1382790240.0,4.663483035939635
1382792940.0,4.7569502221056155
1382795640.0,4.715670844886233
1382798340.0,4.705908091099104
1382801040.0,4.715297531977285
1382803740.0,4.679230231338863
1382806440.0,4.624525982445107
1382809140.0,4.633131435628002
1382811840.0,4.735705957953371
1382814540.0,4.646845855925108
1382817240.0,4.745298557646095
1382819940.0,4.681312107079293
1382822640.0,4.60635823783872
1382825340.0,4.58009269946632
1382828040.0,3.4985254567784523
1382830740.0,3.329717283214052
1382833440.0,3.374918298032412
1382836140.0,3.3652592555476417
1382838840.0,3.3491097385953026
1382841540.0,3.34815942817562
1382844240.0,3.32862075485491
1382846940.0,4.576362459068719
1382849640.0,4.9551519623222475
1382852340.0,4.990916036061037
1382855040.0,4.936172320186529
1382857740.0,4.95176536180503
1382860440.0,4.892208510955868
1382863140.0,4.935770999876354
1382865840.0,4.930044805232683
1382868540.0,4.920359228559732
1382871240.0,4.886529080620392
1382873940.0,4.793518414600612
1382876640.0,4.109467717637642
1382879340.0,3.7542641008702162
1382882040.0,3.7778007275197183
1382884740.0,3.857322845255794
1382887440.0,3.9698338337198606
1382890140.0,4.734934160903549
1382892840.0,4.867890397982478
1382895540.0,4.882029151770041
1382898240.0,4.961110903249562
1382900940.0,4.850841841487352
1382903640.0,4.919681785035266
1382906340.0,4.846304731054886
1382909040.0,4.837178252934336
1382911740.0,4.891662630265557
1382914440.0,4.810908635536009
1382917140.0,4.873575703184372
1382919840.0,4.863945604628896
1382922540.0,4.896739001634899
1382925240.0,4.877751280074335
1382927940.0,4.8727417262837776
1382930640.0,4.8306948233114895
1382933340.0,4.924710885760533
1382936040.0,4.912199018669128
1382938740.0,4.899492755956999
1382941440.0,5.059441075185987
1382944140.0,6.18937522470145
1382946840.0,4.812408087331676
1382949540.0,4.6580883304645795
1382952240.0,4.6105866855200475
1382954940.0,4.68882922029934
1382957640.0,4.61597117662933
1382960340.0,4.5875623783148285
1382963040.0,4.651129511506554
1382965740.0,4.657185630095398
1382968440.0,4.6409783881750855
1382971140.0,4.593964579284261
1382973840.0,4.643994557162898
1382976540.0,4.606451705405959
1382979240.0,4.644818350145897
1382981940.0,4.606980944763791
1382984640.0,4.612397292487685
1382987340.0,4.612481515739887
1382990040.0,4.670783764867849
1382992740.0,4.625623161403155
1382995440.0,4.586287579769419
1382998140.0,4.6371745381728715
1383000840.0,4.570219684637664
1383003540.0,4.618222273932531
1383006240.0,4.566010485160575
1383008940.0,4.561413725842101
1383011640.0,4.616052246719448
1383014340.0,4.549443835138163
1383017040.0,4.464114472574408
1383019740.0,3.514613741915298
1383022440.0,2.9699027987063573
1383025140.0,4.612616537797862
1383027840.0,4.781874676628036
1383030540.0,4.74800791893432
1383033240.0,4.823884612804534
1383035940.0,4.782723242297891
1383038640.0,4.7489535376162735
1383041340.0,4.7878783558784335
1383044040.0,4.694344256054137
1383046740.0,4.753209541410172
1383049440.0,4.801070874438551
1383052140.0,4.753459698371273
1383054840.0,4.7810992364131835
1383057540.0,4.736111008244336
1383060240.0,4.820289811095904
1383062940.0,4.828058005934736
1383065640.0,4.856398566884309
1383068340.0,4.860699408794801
1383071040.0,4.977283214745967
1383073740.0,4.904752060559247
1383076440.0,5.002243810725645
1383079140.0,4.932749720011998
1383081840.0,4.908367771935389
1383084540.0,4.885685292262224
1383087240.0,4.902178910088196
1383089940.0,4.922110406421666
1383092640.0,4.870276531281377
1383095340.0,4.8548694941734425
1383098040.0,4.903873960211911
1383100740.0,4.883015536201469
1383103440.0,4.839735939270099
1383106140.0,4.8505971823012715
1383108840.0,4.919924695760301
1383111540.0,6.015168180207297
1383114240.0,5.025760583880185
1383116940.0,4.848262256824512
1383119640.0,4.850044864051824
1383122340.0,4.8479695319577445
1383125040.0,4.828930233602591
1383127740.0,4.825506471143115
1383130440.0,4.740134951069933
1383133140.0,4.735121779897497
1383135840.0,4.894637866864059
1383138540.0,4.858489899263702
1383141240.0,4.859261704658593
1383143940.0,4.845937550459382
1383146640.0,4.947685528519855
1383149340.0,4.869084612621236
1383152040.0,4.908000993472854
1383154740.0,4.934072876468235
1383157440.0,4.9905790724233725
1383160140.0,4.9562561658189
1383162840.0,4.9639195885847585
1383165540.0,4.956187344181217
1383168240.0,4.978162455512063
1383170940.0,4.948435197730248
1383173640.0,4.9301127693949525
1383176340.0,4.939278784144108
1383179040.0,4.940322229644551
1383181740.0,4.960038468893799
1383184440.0,4.904012280887571
1383187140.0,4.938155792985697
1383189840.0,4.900633873317361
1383192540.0,4.876437086759097
1383195240.0,4.94465590225218
1383197940.0,4.879765128253155
1383200640.0,4.787529927893104
1383203340.0,4.913444137698207
1383206040.0,4.943972730679718
1383208740.0,4.934017429731739
1383211440.0,4.934022317486836
1383214140.0,4.918141737014821
1383216840.0,4.869470645092122
1383219540.0,4.869305181984885
1383222240.0,4.94805378232229
1383224940.0,4.897588363219938
1383227640.0,4.914247981047652
1383230340.0,4.924634310835472
1383233040.0,4.891306593216655
1383235740.0,4.906720467565833
1383238440.0,4.906820982074009
1383241140.0,4.891791752548727
1383243840.0,4.930358484938324
1383246540.0,4.90093983167543
1383249240.0,4.934238718850054
1383251940.0,4.922502630924782
1383254640.0,4.923163383451822
1383257340.0,4.892412706643256
1383260040.0,4.918200507135452
1383262740.0,4.882281027639351
1383265440.0,4.891184605422609
1383268140.0,4.931642533841398
1383270840.0,4.952646400780679
1383273540.0,4.94416263779118
1383276240.0,4.848116944244623
1383278940.0,4.872654685126804
1383281640.0,4.9899525526256525
1383284340.0,4.959369014265292
1383287040.0,5.968093185520559
1383289740.0,4.90154547002976
1383292440.0,4.932785942224484
1383295140.0,4.989878345875184
1383297840.0,4.955938145548771
1383300540.0,4.998436514338948
1383303240.0,4.965409249096183
1383305940.0,4.973750265633669
1383308640.0,5.007116177871808
1383311340.0,4.975595384828921
1383314040.0,4.935930642759672
1383316740.0,4.919320501438619
1383319440.0,4.925096071852977
1383322140.0,4.911420613927078
1383324840.0,4.840644959109852
1383327540.0,4.741615940936299
1383330240.0,4.810783238791203
1383332940.0,4.766733004372497
1383335640.0,4.912464290060257
1383338340.0,4.848337855388138
1383341040.0,4.903902795319482
1383343740.0,4.885547463626665
1383346440.0,4.906282782078733
1383349140.0,4.876285366863954
1383351840.0,4.814689231168586
1383354540.0,4.838480594379632
1383357240.0,4.9212087094510935
1383359940.0,4.843818148757407
1383362640.0,4.809096207522373
1383365340.0,4.881918887498898
1383368040.0,4.981479975383195
1383370740.0,4.992903088370326
1383373440.0,4.977528356871858
1383376140.0,6.560559553638711
1383378840.0,4.971143741659205
1383381540.0,4.926064617484656
1383384240.0,4.832593433656598
1383386940.0,4.893583221564313
1383389640.0,4.790157407439949
1383392340.0,4.787037989267219
1383395040.0,4.981347863519318
1383397740.0,4.934785577708851
1383400440.0,4.910305039426532
1383403140.0,4.849137160130397
1383405840.0,4.888455266046378
1383408540.0,4.841178763738583
1383411240.0,4.783556091330183
1383413940.0,4.776866530000575
1383416640.0,4.719102325214692
1383419340.0,3.8030128669256555
1383422040.0,3.5045900178463967
1383424740.0,3.414626047094316
1383427440.0,3.4869728254170695
1383430140.0,4.791019239748721
1383432840.0,4.898322701581378
1383435540.0,4.926342702094928
1383438240.0,4.939809746713024
1383440940.0,4.971478597915336
1383443640.0,5.02215131377767
1383446340.0,4.951651390853556
1383449040.0,4.963266014668761
1383451740.0,4.935038800252585
1383454440.0,4.96495063662951
1383457140.0,4.931914297075309
1383459840.0,4.941301234790785
1383462540.0,4.865121694197569
1383465240.0,5.992151133828656
1383467940.0,5.2932609881424355
1383470640.0,4.80416397188668
1383473340.0,4.76515685539249
1383476040.0,4.713579653597435
1383478740.0,4.711392439072313
1383481440.0,4.818096154504815
1383484140.0,4.716676699091636
1383486840.0,4.753191141816615
1383489540.0,4.758825081222142
1383492240.0,4.819383844707772
1383494940.0,4.741878084810594
1383497640.0,4.697261027005993
1383500340.0,4.72810470709544
1383503040.0,4.69586195209979
1383505740.0,4.650890663065923
1383508440.0,4.693906346490849
1383511140.0,4.663235326102438
1383513840.0,4.645614289816706
1383516540.0,4.625963835309392
1383519240.0,5.908787422062005
1383521940.0,6.02831904171461
1383524640.0,6.099565870402273
1383527340.0,6.123674261293047
1383530040.0,6.116476378234154
1383532740.0,6.114073555298489
1383535440.0,6.096955345537424
1383538140.0,6.1125324992434
1383540840.0,6.107481881207889
1383543540.0,6.079141058277912
1383546240.0,6.0968397260911615
1383548940.0,6.068609094833391
1383551640.0,6.170248667291958
1383554340.0,6.347852178971607
1383557040.0,5.592245949333972
1383559740.0,5.491641015787536
1383562440.0,5.449274407689529
1383565140.0,5.439114120449972
1383567840.0,5.392618415391439
1383570540.0,5.421707251623104
1383573240.0,5.444147865574166
1383575940.0,5.463700312670085
1383578640.0,5.401117588366219
1383581340.0,5.427605681018804
1383584040.0,5.380616305393062
1383586740.0,5.306287336636444
1383589440.0,4.420574517764123
1383592140.0,4.167119856581792
1383594840.0,4.135495271565844
1383597540.0,4.093064913866272
1383600240.0,4.115278502588751
1383602940.0,4.044931784444657
1383605640.0,4.02375514816589
1383608340.0,4.067296289465503
1383611040.0,4.505777510855751
1383613740.0,5.4335237293500995
1383616440.0,5.495140962837866
1383619140.0,5.474902246757438
1383621840.0,5.4432513718626865
1383624540.0,5.436238067150157
1383627240.0,5.493448593720643
1383629940.0,5.418529039162593
1383632640.0,5.41797673267115
1383635340.0,5.37718799060832
1383638040.0,5.3838488108582965
1383640740.0,4.195835734848629
1383643440.0,4.028437972696622
1383646140.0,4.046216619652739
1383648840.0,4.056333951428428
1383651540.0,4.094140471837363
1383654240.0,4.080236115432456
1383656940.0,4.175299820949249
1383659640.0,4.193879473645097
1383662340.0,4.217598461354612
1383665040.0,4.19525068169628
1383667740.0,4.232954472466304
1383670440.0,4.196484604282716
1383673140.0,4.2099040557608305
1383675840.0,3.8664468494831112
1383678540.0,3.052512731617014
1383681240.0,2.913410419321508
1383683940.0,2.863855960312719
1383686640.0,2.8652853413942125
1383689340.0,2.808192742001836
1383692040.0,2.783449027115978
1383694740.0,2.7496486164712337
1383697440.0,2.794442941660975
1383700140.0,2.8423904545040273
1383702840.0,2.820806033715826
1383705540.0,2.81980077576236
1383708240.0,2.763262146290799
1383710940.0,2.781516088860542
1383713640.0,2.8555454258483337
1383716340.0,2.8517100131223287
1383719040.0,4.432478136207806
1383721740.0,4.676776966054547
1383724440.0,4.683277390247667
1383727140.0,3.5503279713408347
1383729840.0,3.4451323486738374
1383732540.0,3.456316993747123
1383735240.0,3.498188833237407
1383737940.0,3.455661021486492
1383740640.0,3.411491740438862
1383743340.0,3.4021818724071977
1383746040.0,3.5051308462125235
1383748740.0,3.548089768828106
1383751440.0,3.5881708790283824
1383754140.0,3.5049308551311924
1383756840.0,3.5217359367653103
1383759540.0,3.5536526941687043
1383762240.0,3.562483113341443
1383764940.0,3.560719294077046
1383767640.0,2.5716573054110086
1383770340.0,2.309018043317849
1383773040.0,2.209711584480317
1383775740.0,2.172340383716346
1383778440.0,2.2008005945999116
1383781140.0,3.679688847125419
1383783840.0,3.822415582050894
1383786540.0,3.8885985694854526
1383789240.0,3.870859261778037
1383791940.0,3.82131614777569
1383794640.0,3.8394274766444596
1383797340.0,3.8978113210669676
1383800040.0,3.9203819896602
1383802740.0,3.9103579833926005
1383805440.0,3.9141590391418504
1383808140.0,3.834441084155344
1383810840.0,3.879490567292862
1383813540.0,3.576799638181683
1383816240.0,3.8132205751346078
1383818940.0,3.83072896373875
1383821640.0,3.848353460443377
1383824340.0,3.8281656375460216
1383827040.0,3.8079160317120113
1383829740.0,3.85474093807386
1383832440.0,3.879288325821449
1383835140.0,3.8375029061432997
1383837840.0,3.8663379454550295
1383840540.0,3.8339792677682
1383843240.0,3.8576364392042137
1383845940.0,3.868921100870921
1383848640.0,3.877184803222633
1383851340.0,3.9386941359827006
1383854040.0,3.901972115538854
1383856740.0,3.748234055644616
1383859440.0,2.758744012977729
1383862140.0,2.5730568136114016
1383864840.0,2.5560523579981123
1383867540.0,2.58437360930634
1383870240.0,2.6152756169790337
1383872940.0,2.5963924520810906
1383875640.0,3.694723566501125
1383878340.0,3.954257780788396
1383881040.0,4.030153587208019
1383883740.0,4.050138845886636
1383886440.0,4.087917132214272
1383889140.0,4.014507582029182
1383891840.0,4.058097006129515
1383894540.0,4.058107015499786
1383897240.0,4.091449159278227
1383899940.0,3.499523201688646
1383902640.0,2.990273075786888
1383905340.0,2.921802725262637
1383908040.0,2.941794351173712
1383910740.0,2.7691342771097425
1383913440.0,2.9437540483313
1383916140.0,2.972915077086384
1383918840.0,3.0019580377337434
1383921540.0,3.0418054271876827
1383924240.0,2.9990074990057565
1383926940.0,3.0227817741123317
1383929640.0,3.0154123475649044
1383932340.0,3.028559038360015
1383935040.0,3.0126137010557272
1383937740.0,3.059446934153243
1383940440.0,2.9772487460638217
1383943140.0,2.929023737167711
1383945840.0,2.8824674126278182
1383948540.0,1.6821404705912641
1383951240.0,1.5633949152543778
1383953940.0,1.4750767419823774
1383956640.0,1.5357704243654098
1383959340.0,1.5713194851273329
1383962040.0,1.58910281081819
1383964740.0,2.3681242619626914
1383967440.0,3.3282178999420466
1383970140.0,3.3686747216460162
1383972840.0,3.4579803116295125
1383975540.0,3.4626519693788396
1383978240.0,3.4831697298102995
1383980940.0,3.4936508017971732
1383983640.0,3.500716612152587
1383986340.0,3.4866820408583976
1383989040.0,3.4728054713019674
1383991740.0,2.4296548739922628
1383994440.0,2.407508853021511
1383997140.0,2.4063386770466764
1383999840.0,2.3611592079118964
1384002540.0,2.3800464346771832
1384005240.0,2.31177857731808
1384007940.0,2.391418525575375
1384010640.0,2.3922344959986503
1384013340.0,2.3611607338433487
1384016040.0,2.3516712390418775
1384018740.0,2.416426526956741
1384021440.0,2.3547734489887375
1384024140.0,2.491544043620479
1384026840.0,2.413466048754401
1384029540.0,2.4021931025772574
1384032240.0,2.415150331578616
1384034940.0,2.3890589032914136
1384037640.0,2.416125096039707
1384040340.0,2.2298087009701817
1384043040.0,1.1107640527309286
1384045740.0,1.0304785309241993
1384048440.0,0.9839362148512691
1384051140.0,1.8049393096685549
1384053840.0,2.752297354996074
1384056540.0,2.8172958106295027
1384059240.0,2.877813646398863
1384061940.0,2.8732959012898505
1384064640.0,2.922538831675297
1384067340.0,2.9203223404572896
1384070040.0,2.9328012663954155
1384072740.0,2.947312989985221
1384075440.0,3.001593497432168
1384078140.0,2.9705721091622195
1384080840.0,3.014445253680094
1384083540.0,4.045306266597834
1384086240.0,3.1706668581265376
1384088940.0,3.044837169342543
1384091640.0,3.0409938366657343
1384094340.0,3.1129806954663763
1384097040.0,3.0666437655844447
1384099740.0,3.0428298241047855
1384102440.0,3.0764144608289143
1384105140.0,3.221126223000624
1384107840.0,3.0880970921904236
1384110540.0,3.093565095050053
1384113240.0,3.083724432849124
1384115940.0,3.0489496808725676
1384118640.0,3.0646443261371132
1384121340.0,3.0075967139748627
1384124040.0,3.0147349234865715
1384126740.0,3.0044009674002723
1384129440.0,3.0158981546357495
1384132140.0,3.0046024843470036
1384134840.0,3.020067370431036
1384137540.0,2.99033444092953
1384140240.0,4.320677596623739
1384142940.0,4.500945016594358
1384145640.0,4.521453912903155
1384148340.0,4.497704738811194
1384151040.0,4.554924038790318
1384153740.0,4.478004775634531
1384156440.0,4.489265877487924
1384159140.0,2.950463218035395
1384161840.0,2.8761277060485213
1384164540.0,2.883512580121078
1384167240.0,2.934591647734919
1384169940.0,3.0167654765843395
1384172640.0,2.952316934149792
1384175340.0,3.020547530067688
1384178040.0,3.0836107750662904
1384180740.0,4.076119253985155
1384183440.0,4.150912183266598
1384186140.0,4.1740287687262025
1384188840.0,4.191454737620575
1384191540.0,4.239371140234937
1384194240.0,4.277487844863288
1384196940.0,4.274296045976314
1384199640.0,4.2849248462412675
1384202340.0,4.212527440823237
1384205040.0,4.218409573765314
1384207740.0,4.159471622381204
1384210440.0,4.163170324819021
1384213140.0,4.148718003575368
1384215840.0,4.200116106029043
1384218540.0,4.186057040545791
1384221240.0,4.207904489371913
1384223940.0,4.091073677734187
1384226640.0,4.110388781889981
1384229340.0,4.164866078921705
1384232040.0,4.116614144910045
1384234740.0,4.027645972341929
1384237440.0,2.5823036588848822
1384240140.0,3.8591170461356796
1384242840.0,3.9707886149953993
1384245540.0,3.9531605511582484
1384248240.0,3.9514447300795155
1384250940.0,3.9499944763776966
1384253640.0,3.9991992939094985
1384256340.0,3.990632384012656
1384259040.0,4.0538512114627565
1384261740.0,4.066042624606098
1384264440.0,4.039998767071552
1384267140.0,3.996858380357935
1384269840.0,4.028123958255151
1384272540.0,4.007527280033457
1384275240.0,3.9355865693751753
1384277940.0,4.023844501628389
1384280640.0,4.0241167185367885
1384283340.0,4.138582704644875
1384286040.0,4.080302048118767
1384288740.0,4.110656980359295
1384291440.0,4.042365865545321
1384294140.0,4.089918335247262
1384296840.0,4.047669701747054
1384299540.0,3.9800298587138627
1384302240.0,4.080104905011353
1384304940.0,4.080896274876011
1384307640.0,4.026951037576396
1384310340.0,3.9447107787600544
1384313040.0,3.9538763462243196
1384315740.0,3.9457861017339155
1384318440.0,2.359100153649365
1384321140.0,3.577873306112508
1384323840.0,3.83098405693255
1384326540.0,3.871521258208304
1384329240.0,3.92493981039388
1384331940.0,3.932864249464785
1384334640.0,4.0304885376149855
1384337340.0,3.9736129156699462
1384340040.0,3.9830159767530517
1384342740.0,4.056685218532266
1384345440.0,3.9551490318759193
1384348140.0,3.9868261018431213
1384350840.0,3.0517930326583382
1384353540.0,4.0399516541262415
1384356240.0,4.096698194120734
1384358940.0,4.065661156607177
1384361640.0,4.086770184216675
1384364340.0,4.102808137947875
1384367040.0,4.081122366109071
1384369740.0,4.132550246486744
1384372440.0,4.093685089405653
1384375140.0,4.114308595141381
1384377840.0,4.110151461152952
1384380540.0,4.0850097629186735
1384383240.0,4.074688956741397
1384385940.0,4.031691431880802
1384388640.0,4.089955842014035
1384391340.0,4.11093907385316
1384394040.0,4.077858289915582
1384396740.0,4.0727265278642335
1384399440.0,4.05184984341696
1384402140.0,4.0509287423158185
1384404840.0,4.070666908918156
1384407540.0,2.6723516354990124
1384410240.0,2.5827753583665753
1384412940.0,3.472110454547817
1384415640.0,4.006841710037577
1384418340.0,4.039185005684033
1384421040.0,4.117689491326246
1384423740.0,4.024094464835855
1384426440.0,4.046664726958113
1384429140.0,4.157010943928981
1384431840.0,4.112014130022089
1384434540.0,4.19605926700666
1384437240.0,4.253154073093754
1384439940.0,4.3224163830727775
1384442640.0,4.229521165787844
1384445340.0,4.187723049146882
1384448040.0,4.199944745872585
1384450740.0,4.20685206194355
1384453440.0,4.184190237665803
1384456140.0,4.204289337106502
1384458840.0,4.185282104378416
1384461540.0,4.20559547878662
1384464240.0,4.177086427692075
1384466940.0,4.148234152101622
1384469640.0,4.126157751097537
1384472340.0,4.198504963741982
1384475040.0,4.200280499391795
1384477740.0,4.204654827877562
1384480440.0,4.212143631566846
1384483140.0,4.1441922966349125
1384485840.0,4.188832829889634
1384488540.0,4.155704153712691
1384491240.0,4.1278150881638
1384493940.0,4.51002391011923
1384496640.0,4.186830216344163
1384499340.0,4.066246245493687
1384502040.0,4.050529737725242
1384504740.0,4.103229877829563
1384507440.0,4.0819878907079215
1384510140.0,4.043893782310363
1384512840.0,4.071206128906169
1384515540.0,4.1068627739679755
1384518240.0,4.065000370395978
1384520940.0,4.143594004791282
1384523640.0,4.3274249207645425
1384526340.0,5.177245212117043
1384529040.0,5.2074403507709235
1384531740.0,5.165469417767952
1384534440.0,5.1673635384644285
1384537140.0,5.19935919138436
1384539840.0,5.233866193356164
1384542540.0,5.225543378346231
1384545240.0,5.2392023491185
1384547940.0,5.180998512730298
1384550640.0,5.1299156193827
1384553340.0,5.153892410955393
1384556040.0,5.122471823601927
1384558740.0,5.127634954388725
1384561440.0,5.163427910935411
1384564140.0,5.218297080105572
1384566840.0,5.225300116434823
1384569540.0,5.117751362869797
1384572240.0,5.157074598892223
1384574940.0,5.203248292918715
1384577640.0,5.195827626335415
1384580340.0,6.518489164646326
1384583040.0,5.866900884286508
1384585740.0,4.752564703141388
1384588440.0,4.678623764452027
1384591140.0,4.67381529833591
1384593840.0,4.673524340430561
1384596540.0,4.643841275385228
1384599240.0,4.632610128841691
1384601940.0,4.690439246349058
1384604640.0,4.716768803169771
1384607340.0,4.729538347788434
1384610040.0,4.712379530936289
1384612740.0,4.712810828627255
1384615440.0,4.70093951605844
1384618140.0,4.688998500218702
1384620840.0,5.768214125803297
1384623540.0,5.896197338894069
1384626240.0,5.873068634776644
1384628940.0,4.9662688588758215
1384631640.0,4.477354875449009
1384634340.0,4.442432589299244
1384637040.0,4.364246950139147
1384639740.0,4.373439778335069
1384642440.0,4.297928888511819
1384645140.0,4.373234885987017
1384647840.0,4.387156594154817
1384650540.0,4.4009718000373255
1384653240.0,4.387029651940054
1384655940.0,4.287190575820432
1384658640.0,4.338083827847527
1384661340.0,4.4186144206093445
1384664040.0,4.432710566983474
1384666740.0,4.816200025170303
1384669440.0,5.665782327666193
1384672140.0,5.185077408711209
1384674840.0,4.377792934087154
1384677540.0,4.365707948914178
1384680240.0,4.3741028324802755
1384682940.0,4.3447450480680345
1384685640.0,4.321706688940367
1384688340.0,4.352479848280609
1384691040.0,4.374067731224443
1384693740.0,4.410422542643232
1384696440.0,4.369779038111005
1384699140.0,4.376123016202996
1384701840.0,4.330184454789105
1384704540.0,4.369001181383851
1384707240.0,4.3677179746168235
1384709940.0,4.433506865926688
1384712640.0,4.4503051395074635
1384715340.0,4.436599505050708
1384718040.0,3.527869038801498
1384720740.0,3.0591383585111203
1384723440.0,3.0042224288279726
1384726140.0,3.0354132390183963
1384728840.0,3.085319396032901
1384731540.0,3.020273476957584
1384734240.0,3.0856767508546454
1384736940.0,3.0578636121052227
1384739640.0,3.0311482062083996
1384742340.0,2.9523834495817027
1384745040.0,3.047167567699489
1384747740.0,3.0382099540972263
1384750440.0,2.98292514404136
1384753140.0,4.434134671592801
1384755840.0,4.663318316991933
1384758540.0,4.737012262031442
1384761240.0,3.9150649806165347
1384763940.0,3.5506201225994687
1384766640.0,3.5629700599383227
1384769340.0,3.54001307307567
1384772040.0,3.511958173201549
1384774740.0,3.5544514091912447
1384777440.0,3.4739206928502426
1384780140.0,3.5416339373213646
1384782840.0,3.53349356185646
1384785540.0,3.495439110364771
1384788240.0,3.463829270411736
1384790940.0,3.537440404599522
1384793640.0,3.5527677143917913
1384796340.0,3.612597094907926
1384799040.0,3.6450521977070025
1384801740.0,3.631648216268786
1384804440.0,4.123879222914923
1384807140.0,5.085509115833304
1384809840.0,4.981775380014142
1384812540.0,5.000358145565315
1384815240.0,4.997770804276968
1384817940.0,4.080072241190294
1384820640.0,3.646733371734115
1384823340.0,3.627726236272906
1384826040.0,3.5886474773232635
1384828740.0,3.570855564812234
1384831440.0,3.591795224866587
1384834140.0,3.58956129478662
1384836840.0,3.570823263975001
1384839540.0,3.6104700847432127
1384842240.0,4.458306832796893
1384844940.0,4.806273529536497
1384847640.0,4.796046008855683
1384850340.0,4.8828735905930785
1384853040.0,4.87450251651768
1384855740.0,4.762372847366748
1384858440.0,3.900155426534525
1384861140.0,3.680485748033618
1384863840.0,3.6555314214459713
1384866540.0,3.6567056475843174
1384869240.0,3.6803310832265765
1384871940.0,3.6710662972229784
1384874640.0,3.6584791757796893
1384877340.0,3.6397799331910505
1384880040.0,3.6521754133999025
1384882740.0,3.658583460918692
1384885440.0,3.7252892772937116
1384888140.0,3.634680840952967
1384890840.0,3.649526434946665
1384893540.0,3.6986361423193443
1384896240.0,3.609485105426188
1384898940.0,4.315792720362481
1384901640.0,4.99366327711283
1384904340.0,5.0487787898138095
1384907040.0,5.098341994588623
1384909740.0,5.128688309065467
1384912440.0,5.070919902674348
1384915140.0,5.016194269588254
1384917840.0,5.035987569668237
1384920540.0,5.084279390864481
1384923240.0,5.105903861347258
1384925940.0,5.095022941508773
1384928640.0,5.151572447282774
1384931340.0,5.219934929057899
1384934040.0,5.960058174544372
1384936740.0,5.1757276987051455
1384939440.0,4.55272389808141
1384942140.0,4.550604789526062
1384944840.0,4.547711618531878
1384947540.0,4.499649984015832
1384950240.0,4.552742023670021
1384952940.0,4.531934971093392
1384955640.0,4.494884644172487
1384958340.0,4.579925483225338
1384961040.0,4.516507550426695
1384963740.0,4.488552338584668
1384966440.0,4.518168090483016
1384969140.0,4.533660076677791
1384971840.0,4.549086601568433
1384974540.0,4.534733326201319
1384977240.0,4.556507287645388
1384979940.0,4.531316765693532
1384982640.0,3.842109856127422
1384985340.0,3.1641059589279052
1384988040.0,3.075694636311596
1384990740.0,3.0637531557258058
1384993440.0,3.0699590389215814
1384996140.0,3.0979200703528136
1384998840.0,3.097877046084136
1385001540.0,4.395329781038299
1385004240.0,4.477848679262422
1385006940.0,4.5504108443665245
1385009640.0,4.540939271622221
1385012340.0,4.54459205620492
1385015040.0,4.545827498925007
1385017740.0,4.521235355655506
1385020440.0,4.500766291144487
1385023140.0,4.584358907784349
1385025840.0,3.8159913641570142
1385028540.0,3.3437022405742596
1385031240.0,3.357097095465633
1385033940.0,3.3605684835205807
1385036640.0,3.361680255508986
1385039340.0,3.3570790917598288
1385042040.0,3.389771221724345
1385044740.0,3.4139350291022765
1385047440.0,3.4222254082183667
1385050140.0,3.3670854363933813
1385052840.0,3.407206618328587
1385055540.0,3.3990295942199396
1385058240.0,3.3623411854711662
1385060940.0,3.404436928702978
1385063640.0,3.3503787208019844
1385066340.0,3.348506345793453
1385069040.0,3.247946736972267
1385071740.0,3.2716110326901457
1385074440.0,3.2957458552806997
1385077140.0,3.268768606383958
1385079840.0,3.2586421699762127
1385082540.0,3.2578408776292918
1385085240.0,3.2670133720670265
1385087940.0,3.308924615472108
1385090640.0,5.040653977874285
1385093340.0,5.158667754351768
1385096040.0,5.169870292855762
1385098740.0,5.294475511261965
1385101440.0,5.212719672032108
1385104140.0,5.209057654390335
1385106840.0,5.279138574561614
1385109540.0,4.198481028775518
1385112240.0,3.5306655548061485
1385114940.0,3.3956784369329966
1385117640.0,3.3908689758966943
1385120340.0,3.3564219679252574
1385123040.0,3.591702829912947
1385125740.0,3.6553695688137395
1385128440.0,3.5437647141540083
1385131140.0,3.5380282527922304
1385133840.0,3.491777677073287
1385136540.0,3.4665453999691067
1385139240.0,3.4499778543768116
1385141940.0,3.4707094470393827
1385144640.0,3.520003196044513
1385147340.0,3.51744248891373
1385150040.0,3.464631771031975
1385152740.0,3.485161893684449
1385155440.0,3.4369835366538837
1385158140.0,2.304056092363112
1385160840.0,2.100416422346143
1385163540.0,2.071211912503145
1385166240.0,2.0703746609304403
1385168940.0,2.114634706745676
1385171640.0,1.9914907069129413
1385174340.0,1.9410167544103274
1385177040.0,3.2842064195195917
1385179740.0,3.8206386601253826
1385182440.0,3.7969539474671024
1385185140.0,3.8586123770451195
1385187840.0,3.911943268192374
1385190540.0,3.9711323478426266
1385193240.0,3.9858010470478007
1385195940.0,4.049318150835404
1385198640.0,3.7600771394342587
1385201340.0,2.909061250338027
1385204040.0,2.839361098673237
1385206740.0,2.8798356919689923
1385209440.0,2.9404400335686205
1385212140.0,3.583982933132063
1385214840.0,3.9702769553948656
1385217540.0,4.085063244161574
1385220240.0,4.0018280468686385
1385222940.0,3.9857996481940745
1385225640.0,4.005400061460364
1385228340.0,4.062001964182912
1385231040.0,4.151538246672487
1385233740.0,4.133630705721089
1385236440.0,4.156104881228828
1385239140.0,4.096323337951503
1385241840.0,4.10246320136298
1385244540.0,4.105155921343851
1385247240.0,4.033095298941362
1385249940.0,4.054160317146511
1385252640.0,4.098265877314134
1385255340.0,4.044676330970674
1385258040.0,3.995370256038541
1385260740.0,4.0328784431993085
1385263440.0,4.043724852691184
1385266140.0,4.096915659386184
1385268840.0,4.9734660441779965
1385271540.0,5.478112258673093
1385274240.0,5.478439296989507
1385276940.0,3.9174634895778695
1385279640.0,3.795964631385914
1385282340.0,3.9652656642675197
1385285040.0,3.844000919673306
1385287740.0,3.843985025837924
1385290440.0,3.8682686461674507
1385293140.0,3.8306933512116643
1385295840.0,3.8785924779253946
1385298540.0,3.787185154038923
1385301240.0,3.9248922591839346
1385303940.0,3.9409927635617805
1385306640.0,3.9492843076437225
1385309340.0,3.9387105843310906
1385312040.0,3.9033215983072296
1385314740.0,3.922398886148983
1385317440.0,3.98469827214268
1385320140.0,3.957205867606376
1385322840.0,3.990018535953425
1385325540.0,3.89143085967288
1385328240.0,3.8877464236337005
1385330940.0,3.8571383045844527
1385333640.0,3.8013891265013626
1385336340.0,3.8573949934216216
1385339040.0,3.8084880832122394
1385341740.0,3.7773293463366713
1385344440.0,3.698711484522505
1385347140.0,2.262648996166547
1385349840.0,2.179093303444006
1385352540.0,3.450682082294179
1385355240.0,3.9772492541691804
1385357940.0,4.0432617083627065
1385360640.0,4.004198596433412
1385363340.0,4.0091326818354105
1385366040.0,4.008200620697494
1385368740.0,4.09256772077913
1385371440.0,4.081348415277489
1385374140.0,4.042803650338783
1385376840.0,4.09804734031087
1385379540.0,4.05454158730663
1385382240.0,4.103235086600421
1385384940.0,4.164475236035003
1385387640.0,4.150948794759927
1385390340.0,4.0787648146758215
1385393040.0,4.9741825474427515
1385395740.0,5.222437954063423
1385398440.0,5.22364860406708
1385401140.0,5.303566287572778
1385403840.0,5.398988834553506
1385406540.0,5.37136615940517
1385409240.0,5.399928913366239
1385411940.0,5.419356338923933
1385414640.0,5.3839246587495495
1385417340.0,5.40976661731753
1385420040.0,5.409946547972993
1385422740.0,5.443206119031004
1385425440.0,5.436915832527404
1385428140.0,5.460727812727157
1385430840.0,5.379178503728156
1385433540.0,5.35981519742046
1385436240.0,5.353669738982603
1385438940.0,5.3573782565429156
1385441640.0,4.359112643338278
1385444340.0,4.752350800061947
1385447040.0,4.791642262580979
1385449740.0,4.780305744641851
1385452440.0,4.8301879754148445
1385455140.0,4.856566234851755
1385457840.0,4.769210499810356
1385460540.0,4.782936915777668
1385463240.0,4.799991579115726
1385465940.0,4.764837969933637
1385468640.0,4.775424116210274
1385471340.0,4.774930202070379
1385474040.0,4.616907441805893
1385476740.0,4.7014609922334785
1385479440.0,4.651901965640832
1385482140.0,4.670814466799527
1385484840.0,4.738358902669859
1385487540.0,4.8053547630754565
1385490240.0,4.864973804440865
1385492940.0,4.820007661622924
1385495640.0,4.821113427819739
1385498340.0,4.7676064758487655
1385501040.0,4.781378214594099
1385503740.0,4.773598604622066
1385506440.0,4.782261384665844
1385509140.0,4.759640188395167
1385511840.0,4.82650078407147
1385514540.0,4.818280924419582
1385517240.0,4.7109901993224526
1385519940.0,4.656230536009218
1385522640.0,4.6604287306689685
1385525340.0,3.0782948233674574
1385528040.0,3.894573047822348
1385530740.0,4.654290620921643
1385533440.0,4.653008388291028
1385536140.0,4.668537558308685
1385538840.0,4.697074307244634
1385541540.0,4.748653556821864
1385544240.0,4.718615748614752
1385546940.0,4.692127024173772
1385549640.0,4.74415020470019
1385552340.0,4.756518616054166
1385555040.0,4.507504011943809
1385557740.0,4.574953297892819
1385560440.0,4.562425417275847
1385563140.0,4.164813421465681
1385565840.0,3.7061246003503925
1385568540.0,4.531504147209716
1385571240.0,4.6453548815806585
1385573940.0,4.682891107610033
1385576640.0,4.688987845882934
1385579340.0,4.707515688972762
1385582040.0,4.682693628634297
1385584740.0,4.607637033222829
1385587440.0,4.6138123800622
1385590140.0,4.590267304199074
1385592840.0,4.6262957193739
1385595540.0,4.636698338509802
1385598240.0,4.6257438581992005
1385600940.0,4.675951866298135
1385603640.0,4.609168706595824
1385606340.0,4.630591752873215
1385609040.0,4.654919478160309
1385611740.0,4.6860001011644385
1385614440.0,4.673642558407721
1385617140.0,5.414356453962796
1385619840.0,4.891570777090408
1385622540.0,4.541927547431214
1385625240.0,4.531690735203767
1385627940.0,4.564076062169022
1385630640.0,4.59925092158943
1385633340.0,4.533323213869949
1385636040.0,4.531591871115779
1385638740.0,4.525449687096
1385641440.0,4.557343453945066
1385644140.0,4.469993928086069
1385646840.0,4.402955558961821
1385649540.0,4.334244377431162
1385652240.0,4.408609146420645
1385654940.0,4.365611583520206
1385657640.0,4.399471604245775
1385660340.0,4.466496686506446
1385663040.0,4.532600747082029
1385665740.0,4.547734644992374
1385668440.0,4.486682343485143
1385671140.0,4.436223473135726
1385673840.0,4.4832687723577465
1385676540.0,4.481548237677771
1385679240.0,4.511263831946792
1385681940.0,4.569623338987185
1385684640.0,4.543028067729097
1385687340.0,4.528504245544468
1385690040.0,4.460436852738155
1385692740.0,4.540665484443593
1385695440.0,4.5236684687743605
1385698140.0,4.5107684588397206
1385700840.0,4.486556682105913
1385703540.0,4.610419964792925
1385706240.0,4.445216813473166
1385708940.0,4.430129763936407
1385711640.0,4.52802204193523
1385714340.0,4.591216856655535
1385717040.0,4.557224277515502
1385719740.0,4.513588122211388
1385722440.0,4.5253949146253944
1385725140.0,4.506717928482772
1385727840.0,4.455258518087646
1385730540.0,4.433797548474274
1385733240.0,4.3083479655257975
1385735940.0,3.345941371954325
1385738640.0,3.253826910618102
1385741340.0,3.1535877727100683
1385744040.0,3.2486826611635706
1385746740.0,3.261454607882399
1385749440.0,3.2418801502850556
1385752140.0,3.256076066606397
1385754840.0,3.318390070064879
1385757540.0,3.1993431384574365
1385760240.0,3.275296630005471
1385762940.0,3.236047761772568
1385765640.0,3.229969568330887
1385768340.0,3.248916885269523
1385771040.0,3.234598567465696
1385773740.0,3.2122384760516525
1385776440.0,3.095307144292633
1385779140.0,3.1301039200145624
1385781840.0,3.1178625057212344
1385784540.0,3.1071007650223237
1385787240.0,3.160032880397182
1385789940.0,3.1578800625816825
1385792640.0,4.84627350794193
1385795340.0,3.7872481295318607
1385798040.0,3.684653816048524
1385800740.0,3.6784077331246294
1385803440.0,3.6515217319951034
1385806140.0,3.6614479638110424
1385808840.0,3.6458789250141876
1385811540.0,3.6494685803552898
1385814240.0,3.473624956663457
1385816940.0,3.5810114594507922
1385819640.0,3.5039122566020637
1385822340.0,3.504955162363956
1385825040.0,3.459892657238811
1385827740.0,3.4361282812624268
1385830440.0,3.4633364969043328
1385833140.0,3.54376213710691
1385835840.0,3.4705045401734083
1385838540.0,3.5061104247037633
1385841240.0,3.5714326612902596
1385843940.0,3.4714646293173246
1385846640.0,3.5266000156527184
1385849340.0,3.479754899231864
1385852040.0,3.5315491739150957
1385854740.0,3.5670807710744725
1385857440.0,3.5447348698323253
1385860140.0,3.543580013325709
1385862840.0,3.509462814208632
1385865540.0,3.4811978348829484
1385868240.0,3.5562450749712866
1385870940.0,3.5650951128477573
1385873640.0,3.5335089714624814
1385876340.0,5.225788488962735
1385879040.0,5.2825193611635655
1385881740.0,4.284126252798728
1385884440.0,3.5929834199624793
1385887140.0,3.565846308594132
1385889840.0,3.584602663996179
1385892540.0,3.5587908857646084
1385895240.0,3.46540399471769
1385897940.0,3.4856920140797456
1385900640.0,3.46769683443614
1385903340.0,3.459180046091717
1385906040.0,3.4624123429073848
1385908740.0,3.410550138030146
1385911440.0,3.3488627096170944
1385914140.0,3.298820132950368
1385916840.0,3.303485973729039
1385919540.0,2.388352906632633
1385922240.0,2.191843619123631
1385924940.0,2.21630940572976
1385927640.0,2.193261237167974
1385930340.0,2.12886344584723
1385933040.0,2.188098193543226
1385935740.0,2.1628020152667204
1385938440.0,2.1515544292269624
1385941140.0,2.179319712936035
1385943840.0,2.2005292532518865
1385946540.0,2.2217468814922654
1385949240.0,3.537845500633864
1385951940.0,3.6750414578327195
1385954640.0,3.704099413254312
1385957340.0,3.741016139761996
1385960040.0,3.762624909574413
1385962740.0,3.769980775527074
1385965440.0,3.7264059485104326
1385968140.0,3.7411203857026294
1385970840.0,2.5149681042345833
1385973540.0,2.450716699984298
1385976240.0,2.463848617867768
1385978940.0,2.578262217612803
1385981640.0,3.438762348299349
1385984340.0,3.684244465741301
1385987040.0,3.674276271181327
1385989740.0,3.661428909503229
1385992440.0,3.621745376082856
1385995140.0,3.636655541702396
1385997840.0,3.6041835122903763
1386000540.0,3.5232781929469184
1386003240.0,3.5757781227430314
1386005940.0,3.596093225707648
1386008640.0,3.6379645033713928
1386011340.0,3.5873007587593975
1386014040.0,3.569360434170676
1386016740.0,3.5105975529587568
1386019440.0,3.5003595386464212
1386022140.0,3.508195020629728
1386024840.0,3.510288491590245
1386027540.0,3.520121710077092
1386030240.0,3.580430353461452
1386032940.0,3.5807000783783565
1386035640.0,3.519937094292402
1386038340.0,3.561970594371701
1386041040.0,3.5907340209784024
1386043740.0,3.605114659157323
1386046440.0,3.622214802965857
1386049140.0,3.6339946923194475
1386051840.0,3.565748152047263
1386054540.0,2.2358817976166847
1386057240.0,3.4970103847987843
1386059940.0,3.5403983797951355
1386062640.0,3.524090119446555
1386065340.0,3.6199434380209823
1386068040.0,3.5015330614808704
1386070740.0,3.538147938725217
1386073440.0,3.503344542944774
1386076140.0,3.410879895557173
1386078840.0,3.436870951570313
1386081540.0,3.428744994989927
1386084240.0,3.4272612333306256
1386086940.0,3.4304319679430364
1386089640.0,3.4486123841008975
1386092340.0,2.5323366105251353
1386095040.0,2.209558844394053
1386097740.0,2.15987222443124
1386100440.0,2.127646965724921
1386103140.0,2.1388097027389676
1386105840.0,2.122234895315387
1386108540.0,3.3882898201487137
1386111240.0,3.540872361850006
1386113940.0,3.5572988696913512
1386116640.0,3.6208106098164308
1386119340.0,3.540613839757725
1386122040.0,3.4566660457868466
1386124740.0,3.5478329747676867
1386127440.0,3.5421720833049903
1386130140.0,3.5492008353882625
1386132840.0,3.5931323007248466
1386135540.0,3.5453003742094324
1386138240.0,3.519280298709077
1386140940.0,2.2332323219472414
1386143640.0,2.2981401223441935
1386146340.0,2.3234519999499526
1386149040.0,3.539962775258232
1386151740.0,3.553566747688137
1386154440.0,3.5750465335664217
1386157140.0,3.6136342256399416
1386159840.0,3.5375587848017176
1386162540.0,3.3980339789943628
1386165240.0,3.5105419329080974
1386167940.0,3.4372210607022566
1386170640.0,3.432685386206572
1386173340.0,3.408042222409051
1386176040.0,3.4509705349806836
1386178740.0,3.52659567231899
1386181440.0,3.498248402611466
1386184140.0,3.280917892123341
1386186840.0,2.2346661725437684
1386189540.0,2.190202997720121
1386192240.0,2.176255930136847
1386194940.0,2.149354553122805
1386197640.0,2.168049006204228
1386200340.0,2.1549929780770185
1386203040.0,2.893437264611805
1386205740.0,3.4901722999755407
1386208440.0,3.5064926967151564
1386211140.0,3.548377922065299
1386213840.0,3.550541824755328
1386216540.0,3.5863032902827285
1386219240.0,3.641275784552988
1386221940.0,3.536287472427091
1386224640.0,3.5297835132810746
1386227340.0,2.6054407942035596
1386230040.0,2.495210525374432
1386232740.0,2.43736831221338
1386235440.0,2.452705162439031
1386238140.0,2.4654068666074522
1386240840.0,2.396337582700596
1386243540.0,2.4973655899472647
1386246240.0,2.4160498389255167
1386248940.0,2.4741654443611196
1386251640.0,2.5644939105657727
1386254340.0,2.5157794698566818
1386257040.0,2.514882164503206
1386259740.0,2.4367116756019414
1386262440.0,2.4773388681334723
1386265140.0,2.491383299511483
1386267840.0,2.4999277595707667
1386270540.0,2.478129179029054
1386273240.0,2.4637336495205204
1386275940.0,2.4160433154618204
1386278640.0,1.2067521624836672
1386281340.0,1.0138566277637437
1386284040.0,0.992643183923974
1386286740.0,1.0117481307611342
1386289440.0,0.9691716527479457
1386292140.0,1.018450919187785
1386294840.0,2.5236493736765055
1386297540.0,2.8282635998955925
1386300240.0,2.94740254966257
1386302940.0,2.8704090210645745
1386305640.0,2.9192069121736495
1386308340.0,2.870267012615045
1386311040.0,2.8685047324301536
1386313740.0,2.8319010338324233
1386316440.0,2.150075934576762
1386319140.0,1.8548034660769304
1386321840.0,1.8591262974339884
1386324540.0,1.8750367500834955
1386327240.0,1.8282504710902572
1386329940.0,1.861719818442623
1386332640.0,1.8705355847854435
1386335340.0,1.7805856615743778
1386338040.0,1.8359684998923171
1386340740.0,1.7194801448325734
1386343440.0,1.747831217255225
1386346140.0,1.72830547398911
1386348840.0,1.7887766816343742
1386351540.0,1.8600721084771408
1386354240.0,1.8336841828835873
1386356940.0,1.795875229652097
1386359640.0,1.7762188568271995
1386362340.0,1.6835152025466869
1386365040.0,1.744117222504883
1386367740.0,1.733141800269152
1386370440.0,0.552705122476425
1386373140.0,0.370393421638596
1386375840.0,0.4734452645726037
1386378540.0,0.4558766297952275
1386381240.0,2.037228566846295
1386383940.0,2.1965770619679574
1386386640.0,2.3116696856222347
1386389340.0,2.218144479386922
1386392040.0,2.316965290999974
1386394740.0,2.3682142424808035
1386397440.0,2.3510348359295676
1386400140.0,2.4382729810250225
1386402840.0,2.433262661148035
1386405540.0,2.4539478855432435
1386408240.0,1.5862634685907437
1386410940.0,2.071108744903256
1386413640.0,2.5640388706912063
1386416340.0,2.5835342768867235
1386419040.0,2.5058917554410414
1386421740.0,2.3852099521722607
1386424440.0,2.516858492239578
1386427140.0,2.4495890438460606
1386429840.0,2.404959863564727
1386432540.0,2.390746945010619
1386435240.0,2.4051785995167165
1386437940.0,2.5173918901496677
1386440640.0,2.519553278934893
1386443340.0,2.4942119618567062
1386446040.0,2.504246859549255
1386448740.0,2.4286384899413633
1386451440.0,2.436290988665803
1386454140.0,2.3968371699110094
1386456840.0,2.434931334237149
1386459540.0,2.382966761154705
1386462240.0,2.4308454557282744
1386464940.0,2.3050159277387365
1386467640.0,2.2614805360499304
1386470340.0,3.6100341207414317
1386473040.0,3.806649187552239
1386475740.0,3.8715892172280064
1386478440.0,3.949633760698589
1386481140.0,3.8581147609486948
1386483840.0,3.8834131152035525
1386486540.0,2.3995756469802814
1386489240.0,2.3102609462833357
1386491940.0,2.291222159647191
1386494640.0,2.3201107640904866
1386497340.0,2.323934792267437
1386500040.0,2.2856397090667997
1386502740.0,2.3388778674477066
1386505440.0,2.257272348381491
1386508140.0,2.2140567985604775
1386510840.0,2.280385182389864
1386513540.0,2.2124900418289712
1386516240.0,2.1535970929016344
1386518940.0,2.1976250832907454
1386521640.0,2.2010967347828796
1386524340.0,2.2048508050176565
1386527040.0,2.2372499106107284
1386529740.0,2.2342699631535083
1386532440.0,2.1878348124977265
1386535140.0,2.214362817140227
1386537840.0,2.2362436304604216
1386540540.0,2.1793506208506415
1386543240.0,2.203836954719918
1386545940.0,2.197570675070949
1386548640.0,2.1591244625064974
1386551340.0,0.6823106116620465
1386554040.0,0.5648177199893212
1386556740.0,1.5024154044370448
1386559440.0,2.415442117587986
1386562140.0,2.4371431456104915
1386564840.0,2.4733031984073364
1386567540.0,2.3833677433497655
1386570240.0,2.411212170672684
1386572940.0,2.4566825794755687
1386575640.0,2.496393290552703
1386578340.0,2.5828032655938955
1386581040.0,2.5157406289509368
1386583740.0,2.3339640037424942
1386586440.0,2.023439212816072
1386589140.0,2.5942280716342907
1386591840.0,2.584473997990301
1386594540.0,2.5619664442228327
1386597240.0,2.549711785561385
1386599940.0,2.518774733920452
1386602640.0,2.459684312797947
1386605340.0,2.5054813230389072
1386608040.0,2.560371944217252
1386610740.0,2.6137656836096994
1386613440.0,2.63263919630748
1386616140.0,2.589279513367103
1386618840.0,2.611495424900113
1386621540.0,2.6610257355595195
1386624240.0,2.654241773064882
1386626940.0,1.5407464966365865
1386629640.0,1.4309852349138623
1386632340.0,1.36282462150956
1386635040.0,1.3648586450190123
1386637740.0,1.3331174711107678
1386640440.0,1.361117098023783
1386643140.0,1.3342167495758304
1386645840.0,2.398865662713092
1386648540.0,2.7551520436527994
1386651240.0,2.8466694445721146
1386653940.0,2.7639177092700606
1386656640.0,2.739274481042173
1386659340.0,2.881105239740805
1386662040.0,2.9124645898057224
1386664740.0,2.875716262995354
1386667440.0,1.9551759931575816
1386670140.0,1.8153014857656444
1386672840.0,1.814093192425787
1386675540.0,1.8493769675664566
1386678240.0,2.565240646438383
1386680940.0,2.8065682084167065
1386683640.0,2.8514278012132195
1386686340.0,2.8361983050942285
1386689040.0,2.7897561499295875
1386691740.0,2.858632269202019
1386694440.0,2.91428598592438
1386697140.0,2.899477934815593
1386699840.0,2.8628463141455995
1386702540.0,2.9789921955159
1386705240.0,2.8761850048774136
1386707940.0,2.9351303342642154
1386710640.0,2.9804978578859505
1386713340.0,2.988865435615594
1386716040.0,2.9538831491261703
1386718740.0,2.9710914464128564
1386721440.0,2.9480771513703417
1386724140.0,2.914156308296924
1386726840.0,2.8996318038383606
1386729540.0,2.938917384024535
1386732240.0,2.98772918215667
1386734940.0,1.7226831900925959
1386737640.0,1.4566904569704207
1386740340.0,1.322711855525597
1386743040.0,1.308258466358211
1386745740.0,2.79085869137009
1386748440.0,2.928046680323746
1386751140.0,2.935328317426581
1386753840.0,2.93905443106172
1386756540.0,2.9042503479639095
1386759240.0,2.948008974217487
1386761940.0,2.925311157594365
1386764640.0,2.5111711656040825
1386767340.0,2.927835689945141
1386770040.0,2.7888326179402156
1386772740.0,2.7144593242077804
1386775440.0,2.6025920423683715
1386778140.0,1.8389633709423947
1386780840.0,1.7885111239182834
1386783540.0,1.7533699244161767
1386786240.0,1.7873028878133823
1386788940.0,1.8832915686474507
1386791640.0,1.834317981321533
1386794340.0,1.8027266893978435
1386797040.0,1.7948119308125001
1386799740.0,1.8100716660725311
1386802440.0,1.7808426609332173
1386805140.0,1.7143731474574793
1386807840.0,1.8221308587807812
1386810540.0,1.7007033101365892
1386813240.0,1.662719102598487
1386815940.0,1.6954217812935894
1386818640.0,1.7606513198115294
1386821340.0,1.7240723925981456
1386824040.0,1.836989334443956
1386826740.0,2.9867625022609445
1386829440.0,3.219990947410622
1386832140.0,2.2056285419858455
1386834840.0,2.1177701223729173
1386837540.0,2.1966890944798934
1386840240.0,2.2341730378159355
1386842940.0,2.1737974127298685
1386845640.0,2.1923935436529405
1386848340.0,2.2252719302758805
1386851040.0,2.2058380824692563
1386853740.0,2.2721329200582545
1386856440.0,2.7950130041500074
1386859140.0,3.346378614256139
1386861840.0,3.3646826206726246
1386864540.0,3.420811969882152
1386867240.0,3.4345861168137617
1386869940.0,3.4030645391004555
1386872640.0,3.4773665162807674
1386875340.0,3.4043271855539388
1386878040.0,3.50192766539692
1386880740.0,3.5738671501596855
1386883440.0,3.5393187149031746
1386886140.0,3.512613138789561
1386888840.0,3.5333495936691293
1386891540.0,3.4894414715776065
1386894240.0,3.503370502619191
1386896940.0,3.4508582361452227
1386899640.0,3.3769857248550466
1386902340.0,3.3996211539481465
1386905040.0,3.4786045239807777
1386907740.0,3.498484567791195
1386910440.0,3.5632117764099007
1386913140.0,1.7863860306706556
1386915840.0,1.5581177265750057
1386918540.0,1.5864712341707445
1386921240.0,1.7450369798196448
1386923940.0,3.065482284337236
1386926640.0,3.1846801641568163
1386929340.0,3.1605249946204026
1386932040.0,3.1754542289938854
1386934740.0,3.183338707284804
1386937440.0,3.2120821839361042
1386940140.0,3.210186839347614
1386942840.0,3.2014302662834098
1386945540.0,3.131147162570869
1386948240.0,3.0811187064066416
1386950940.0,3.09824476525381
1386953640.0,3.070597375550335
1386956340.0,3.1060170038905994
1386959040.0,3.094694555149431
1386961740.0,3.109417769506365
1386964440.0,3.0729896200390385
1386967140.0,3.1366793404469036
1386969840.0,3.1506035267078687
1386972540.0,3.140354954247414
1386975240.0,3.143144845285576
1386977940.0,3.1535391286637946
1386980640.0,3.206656616216776
1386983340.0,3.141704859337267
1386986040.0,3.1543376924597055
1386988740.0,3.195164851309528
1386991440.0,4.766450844411111
1386994140.0,4.842800195507493
1386996840.0,4.865611352667656
1386999540.0,3.634270034774204
1387002240.0,2.9728056498814226
1387004940.0,2.8924440392101474
1387007640.0,2.8927642372414653
1387010340.0,2.937154186831606
1387013040.0,2.974646486725078
1387015740.0,2.9343775403827976
1387018440.0,2.9308700174368028
1387021140.0,2.965378535657692
1387023840.0,2.7765224396280246
1387026540.0,3.5801198404811316
1387029240.0,4.057669400830207
1387031940.0,4.019754335154403
1387034640.0,3.980104559511801
1387037340.0,4.008465913713621
1387040040.0,3.9980055781879287
1387042740.0,4.003571862178546
1387045440.0,3.9574168532487306
1387048140.0,4.015113049646459
1387050840.0,4.014687531889081
1387053540.0,4.004403017702941
1387056240.0,3.99140667222116
1387058940.0,4.011065201954466
1387061640.0,3.9778247786237557
1387064340.0,4.048279365273743
1387067040.0,4.047019256658814
1387069740.0,3.9717154839706836
1387072440.0,4.05177755424512
1387075140.0,4.031603004856208
1387077840.0,4.9870601797625795
1387080540.0,5.475765760659272
1387083240.0,5.511311299999875
1387085940.0,5.446820866570533
1387088640.0,3.7527290252785974
1387091340.0,3.593899996121422
1387094040.0,3.500118237983031
1387096740.0,3.551827419109145
1387099440.0,3.5691194362535157
1387102140.0,3.479208748556175
1387104840.0,3.5203259972337833
1387107540.0,3.4888078048713282
1387110240.0,3.3565804156370973
1387112940.0,3.3850537873432813
1387115640.0,3.3341531578278136
1387118340.0,3.3094590791280893
1387121040.0,3.282472784824847
1387123740.0,3.5259911266584822
1387126440.0,4.643494702660178
1387129140.0,4.673989554870275
1387131840.0,4.67953782582083
1387134540.0,4.733610322762161
1387137240.0,4.741156254269129
1387139940.0,4.677600939879142
1387142640.0,4.660636560544049
1387145340.0,4.673390013171797
1387148040.0,4.683755799989797
1387150740.0,4.668037973917194
1387153440.0,4.689877036101109
1387156140.0,4.654982233574003
1387158840.0,4.659561885468804
1387161540.0,4.6559612641240165
1387164240.0,4.772201570508912
1387166940.0,4.7764902364007185
1387169640.0,5.0843939130948
1387172340.0,5.918544805606928
1387175040.0,4.47940488208576
1387177740.0,4.145703867909845
1387180440.0,4.09039360854473
1387183140.0,4.121362333202001
1387185840.0,4.106348262599283
1387188540.0,3.962224190662255
1387191240.0,3.9459857419028594
1387193940.0,3.9737905488038905
1387196640.0,4.069752358174014
1387199340.0,4.0343660629642955
1387202040.0,4.010431249889052
1387204740.0,3.9712706272542277
1387207440.0,3.8464621716495344
1387210140.0,3.9052522290990055
1387212840.0,3.922718566871424
1387215540.0,4.000645218815464
1387218240.0,4.014460200225585
1387220940.0,4.064985641853241
1387223640.0,3.9821470404232286
1387226340.0,3.965686254986963
1387229040.0,3.903997679068823
1387231740.0,3.9638732837734096
1387234440.0,3.920611324181266
1387237140.0,3.909334159778439
1387239840.0,3.9746845541406515
1387242540.0,3.886733541805256
1387245240.0,3.8634743665313067
1387247940.0,3.943962937115373
1387250640.0,3.897340616122335
1387253340.0,3.8950502323712044
1387256040.0,5.330926710711083
1387258740.0,5.577008236151812
1387261440.0,5.639785078563932
1387264140.0,4.068436068167557
1387266840.0,3.900872389870983
1387269540.0,3.9212657775155435
1387272240.0,3.9671893677593744
1387274940.0,3.899215108066244
1387277640.0,3.857432228637265
1387280340.0,3.899732135860006
1387283040.0,3.7664511840679324
1387285740.0,3.8190488663311726
1387288440.0,3.79764315517491
1387291140.0,3.7808212672981085
1387293840.0,3.768383679192027
1387296540.0,3.8356838351213582
1387299240.0,3.8541951176595717
1387301940.0,3.8118282990509442
1387304640.0,3.858519857437102
1387307340.0,3.932311639844329
1387310040.0,3.850807323100298
1387312740.0,3.8508477727355057
1387315440.0,5.132332892385136
1387318140.0,3.9509679798156867
1387320840.0,3.8175066289787196
1387323540.0,3.8810776604121884
1387326240.0,3.831371656701151
1387328940.0,3.772298449018365
1387331640.0,3.779292456086921
1387334340.0,3.8296892021755298
1387337040.0,3.7986124188560098
1387339740.0,3.81798839986169
1387342440.0,3.866957734055063
1387345140.0,3.8174228318774794
1387347840.0,4.4597733596061175
1387350540.0,4.942806000209032
1387353240.0,3.903844301014317
1387355940.0,3.8472773515601375
1387358640.0,3.870036210189653
1387361340.0,3.816102276900665
1387364040.0,3.774206033466214
1387366740.0,3.757906284188607
1387369440.0,3.6502506240790353
1387372140.0,3.730592232925517
1387374840.0,3.672972506393137
1387377540.0,3.721339175866433
1387380240.0,3.6741610196838224
1387382940.0,3.7536899993586417
1387385640.0,3.7615090193671676
1387388340.0,3.771467304947066
1387391040.0,3.821004204537985
1387393740.0,3.830903645524984
1387396440.0,3.801913415115621
1387399140.0,3.8235482644702756
1387401840.0,3.8067312007340206
1387404540.0,3.7801086491890032
1387407240.0,3.787398436891465
1387409940.0,3.8221358029151133
1387412640.0,3.7020176528391744
1387415340.0,3.647966557012296
1387418040.0,3.6711672569181246
1387420740.0,3.710537114734393
1387423440.0,3.7595302900735987
1387426140.0,3.834118575927903
1387428840.0,3.7662014611885866
1387431540.0,3.78216180954513
1387434240.0,3.8321171895552197
1387436940.0,3.897596791914907
1387439640.0,4.29673977153675
1387442340.0,4.831287608077673
1387445040.0,3.9728773059723608
1387447740.0,3.8127663794588784
1387450440.0,3.8377290714727224
1387453140.0,3.8189481835694323
1387455840.0,3.830482094610545
1387458540.0,3.793105730869115
1387461240.0,3.7419563083722664
1387463940.0,3.702158039989513
1387466640.0,3.7226314798734847
1387469340.0,3.798633386024221
1387472040.0,3.7662550645968054
1387474740.0,3.8446587344496947
1387477440.0,3.8209809843818903
1387480140.0,3.8061921995475245
1387482840.0,3.846379128296064
1387485540.0,3.854220422255139
1387488240.0,3.85760255036422
1387490940.0,3.835655976267276
1387493640.0,3.862537145647991
1387496340.0,4.454217474880068
1387499040.0,4.714548671723833
1387501740.0,3.8254819239439826
1387504440.0,3.7591902558992274
1387507140.0,3.8409486166769966
1387509840.0,3.8018240801932848
1387512540.0,3.846030443523432
1387515240.0,3.749498107154352
1387517940.0,3.7487312909714205
1387520640.0,3.828571959669887
1387523340.0,3.8783257226887144
1387526040.0,3.9701220866458016
1387528740.0,4.0055677252654505
1387531440.0,4.045791043021552
1387534140.0,4.181583450812468
1387536840.0,5.002486194858193
1387539540.0,5.028462275233437
1387542240.0,4.981977787736469
1387544940.0,4.906336528566499
1387547640.0,4.8322006725360325
1387550340.0,4.876823866738334
1387553040.0,4.8073630786889225
1387555740.0,4.879304272664797
1387558440.0,4.875041198132806
1387561140.0,4.862066919032145
1387563840.0,4.8728432806314
1387566540.0,4.885140219500215
1387569240.0,5.0061488827240055
1387571940.0,4.953091165534829
1387574640.0,5.004003025328018
1387577340.0,5.033025686495819
1387580040.0,5.013993324730677
1387582740.0,5.011522400873503
1387585440.0,4.997890880308603
1387588140.0,5.00143717631812
1387590840.0,5.0030349903386195
1387593540.0,5.093589572900555
1387596240.0,5.035058015269897
1387598940.0,5.076944061481981
1387601640.0,5.0074503943470745
1387604340.0,4.952593726812495
1387607040.0,3.4097382875265794
1387609740.0,4.425113737252275
1387612440.0,4.818386126058385
1387615140.0,4.805369213547294
1387617840.0,4.837004953236487
1387620540.0,4.810776204575518
1387623240.0,4.748314902755396
1387625940.0,4.819912882814094
1387628640.0,4.777828069381201
1387631340.0,4.847573958183887
1387634040.0,4.8231491496009085
1387636740.0,4.768911843774617
1387639440.0,4.80848122471059
1387642140.0,4.830406202434517
1387644840.0,4.767285814970421
1387647540.0,4.739583169528544
1387650240.0,4.841456974309779
1387652940.0,4.797069823097274
1387655640.0,4.871138596670619
1387658340.0,4.855480739202392
1387661040.0,4.85149647662098
1387663740.0,4.827226854865046
1387666440.0,4.850161459854064
1387669140.0,3.397861133641129
1387671840.0,3.2245261972208255
1387674540.0,3.8782817143867305
1387677240.0,4.709654962964066
1387679940.0,4.7965808069773175
1387682640.0,4.783176888168839
1387685340.0,4.797832100445817
1387688040.0,4.751714255349043
1387690740.0,4.681529326176417
1387693440.0,4.778195342650349
1387696140.0,4.786720806766084
1387698840.0,4.799007457231937
1387701540.0,4.107138633905095
1387704240.0,3.71261957920683
1387706940.0,4.137867885963885
1387709640.0,4.76120462759684
1387712340.0,4.878849767545091
1387715040.0,4.804876008704753
1387717740.0,4.818427571409529
1387720440.0,4.804530435299455
1387723140.0,4.848410755743373
1387725840.0,4.7982880989779915
1387728540.0,4.855798858938101
1387731240.0,4.778936849461672
1387733940.0,4.792390935183619
1387736640.0,4.83425176361817
1387739340.0,4.824325097812846
1387742040.0,4.873224194631973
1387744740.0,4.810808326063636
1387747440.0,4.796584868750358
1387750140.0,4.832622485854245
1387752840.0,4.839473612373354
1387755540.0,4.842285757875345
1387758240.0,4.802208024451318
1387760940.0,4.753974572178549
1387763640.0,3.710276828295264
1387766340.0,3.4062654958135
1387769040.0,4.676297230588034
1387771740.0,4.892114581464796
1387774440.0,4.818715961814803
1387777140.0,4.778083935754125
1387779840.0,4.818687312556051
1387782540.0,4.730242172153794
1387785240.0,4.7658830861816455
1387787940.0,4.817571620861031
1387790640.0,4.694435016959346
1387793340.0,4.72796550909203
1387796040.0,4.68808681945967
1387798740.0,4.693314813599329
1387801440.0,4.602639811165261
1387804140.0,4.606749289459003
1387806840.0,4.598385101024405
1387809540.0,4.681655444288651
1387812240.0,4.748010502787565
1387814940.0,4.816873745958787
1387817640.0,4.789703015148973
1387820340.0,4.828326068642809
1387823040.0,4.77803408170206
1387825740.0,4.77138118503467
1387828440.0,4.802824622171784
1387831140.0,4.784293908749362
1387833840.0,4.772374492454901
1387836540.0,4.826254343926109
1387839240.0,4.763531218888943
1387841940.0,4.826597310349939
1387844640.0,4.770935184146083
1387847340.0,4.7404973499008065
1387850040.0,4.734023664828442
1387852740.0,3.9203777110348597
1387855440.0,2.945368307349611
1387858140.0,2.9919993044937883
1387860840.0,4.432022551077182
1387863540.0,4.743416422022165
1387866240.0,4.7812576987964235
1387868940.0,4.7775256066773295
1387871640.0,4.843617001002201
1387874340.0,4.84858134643838
1387877040.0,4.778483493151896
1387879740.0,4.754455088571717
1387882440.0,4.675105535440991
1387885140.0,4.690029558180868
1387887840.0,4.603028396811851
1387890540.0,4.634105674879436
1387893240.0,4.610703602761362
1387895940.0,4.507361476972278
1387898640.0,4.651871479512238
1387901340.0,4.621477095807165
1387904040.0,4.731898239254576
1387906740.0,4.721734919157086
1387909440.0,4.776308300470305
1387912140.0,4.71916313630453
1387914840.0,4.800899603121309
1387917540.0,4.762878409543589
1387920240.0,4.762717542949815
1387922940.0,4.731060480477311
1387925640.0,4.713466714356855
1387928340.0,4.79646368709416
1387931040.0,4.697934489034992
1387933740.0,4.707540700193704
1387936440.0,4.784425621366665
1387939140.0,3.902697730010857
1387941840.0,2.9766268835219307
1387944540.0,2.970873374241364
1387947240.0,4.630291474232706
1387949940.0,4.709187370024438
1387952640.0,4.6833761461673475
1387955340.0,4.6641220231448415
1387958040.0,4.7028097453699615
1387960740.0,4.6859777271948815
1387963440.0,4.6704622795965065
1387966140.0,4.605897532288395
1387968840.0,4.554546064508884
1387971540.0,3.4846683746260965
1387974240.0,3.412058999031558
1387976940.0,3.4653212733272767
1387979640.0,4.370952338713323
1387982340.0,4.503645604831092
1387985040.0,4.583895367923162
1387987740.0,4.6271397265816745
1387990440.0,4.62343370674148
1387993140.0,4.461374926821804
1387995840.0,4.640023175179181
1387998540.0,4.636168865910747
1388001240.0,4.649950781385996
1388003940.0,4.63702993223103
1388006640.0,4.616185610574803
1388009340.0,4.618372132840534
1388012040.0,4.64788652041193
1388014740.0,4.638019013258997
1388017440.0,4.57916141943474
1388020140.0,4.6186750377671615
1388022840.0,4.600802208884431
1388025540.0,4.643945241868721
1388028240.0,3.414978518096234
1388030940.0,3.3126532930601797
1388033640.0,4.144557359773103
1388036340.0,4.656666281700268
1388039040.0,4.723557440005493
1388041740.0,4.713097530294704
1388044440.0,4.773782823678403
1388047140.0,4.745151680905735
1388049840.0,4.59308435298459
1388052540.0,4.548747858420768
1388055240.0,4.4418295937061885
1388057940.0,4.349987357796579
1388060640.0,4.431328491912893
1388063340.0,4.386812284337793
1388066040.0,4.347193229033451
1388068740.0,3.2719893689915693
1388071440.0,3.258948961063595
1388074140.0,3.2977167660574196
1388076840.0,3.2577044346686534
1388079540.0,3.2408131071487674
1388082240.0,3.2309944060210114
1388084940.0,3.2946585006455393
1388087640.0,3.2760513795143993
1388090340.0,3.303005147483077
1388093040.0,3.2806773716798148
1388095740.0,3.3085151007304603
1388098440.0,3.246289368123655
1388101140.0,3.227096625939282
1388103840.0,3.1707176802843264
1388106540.0,3.1603615515414276
1388109240.0,3.1174026186356514
1388111940.0,3.2082325005400776
1388114640.0,3.1843262534346763
1388117340.0,3.209457028709494
1388120040.0,3.2019393915492174
1388122740.0,4.59618315366987
1388125440.0,5.0421361576819095
1388128140.0,3.6486076893589257
1388130840.0,3.607368123700155
1388133540.0,3.6743887939859974
1388136240.0,3.5623308490354475
1388138940.0,3.517827971085353
1388141640.0,3.443443592659264
1388144340.0,3.470508482312539
1388147040.0,3.408094631622646
1388149740.0,3.4234663800181693
1388152440.0,3.432030636286811
1388155140.0,3.38410630527153
1388157840.0,3.5056067478099635
1388160540.0,3.5164817081401907
1388163240.0,3.5868168507574296
1388165940.0,3.550443895807007
1388168640.0,3.5501289931631277
1388171340.0,3.490679879676577
1388174040.0,3.515836601925457
1388176740.0,3.473218166603715
1388179440.0,3.550903354013542
1388182140.0,3.471206077055342
1388184840.0,3.4503304535419943
1388187540.0,3.5479213332892527
1388190240.0,3.4604269965099093
1388192940.0,3.4586542614752034
1388195640.0,3.562560877151327
1388198340.0,3.500733870427382
1388201040.0,3.558075912913978
1388203740.0,3.6143735433516326
1388206440.0,3.5581930488703506
1388209140.0,2.70252715309158
1388211840.0,3.5385645704211015
1388214540.0,3.534159023579491
1388217240.0,3.5725590425280984
1388219940.0,3.6122961060592615
1388222640.0,3.5271628527050893
1388225340.0,3.5259973327335388
1388228040.0,3.4990318453194504
1388230740.0,3.403907558757737
1388233440.0,3.481804900562736
1388236140.0,3.376168820745079
1388238840.0,3.347581419361063
1388241540.0,2.2110102730340486
1388244240.0,2.1322471547061923
1388246940.0,2.1599909777758626
1388249640.0,2.1090958102197988
1388252340.0,2.1426664546148686
1388255040.0,2.1772120458477957
1388257740.0,2.192639734546276
1388260440.0,2.2031692400409497
1388263140.0,2.227867615542948
1388265840.0,2.2633073563135895
1388268540.0,2.174943846401277
1388271240.0,2.2487724086769276
1388273940.0,2.3433169632338604
1388276640.0,2.2247345150346405
1388279340.0,2.2365422428934494
1388282040.0,2.2460923045135246
1388284740.0,2.120211515312292
1388287440.0,2.1365845797773204
1388290140.0,2.180063744913525
1388292840.0,2.1108517702795098
1388295540.0,3.234587970838561
1388298240.0,3.867978495698253
1388300940.0,2.98562615615549
1388303640.0,2.571896716642641
1388306340.0,2.643682541166413
1388309040.0,2.61120377822607
1388311740.0,2.680428954745935
1388314440.0,2.643879701531489
1388317140.0,2.4964026328805744
1388319840.0,2.4825854818540165
1388322540.0,2.4154672734895826
1388325240.0,2.4082359367645267
1388327940.0,2.329486310021764
1388330640.0,2.372953690322845
1388333340.0,2.4077374595941023
1388336040.0,2.3843880134649567
1388338740.0,2.4091993429034346
1388341440.0,2.4265428895686227
1388344140.0,2.480520007485495
1388346840.0,2.5261629130347956
1388349540.0,2.5162954009610985
1388352240.0,2.499129063753287
1388354940.0,2.5235324349166035
1388357640.0,2.603886270998828
1388360340.0,2.4871269042615722
1388363040.0,2.440988982801514
1388365740.0,2.4537147355168827
1388368440.0,2.4498748301863884
1388371140.0,2.5761214811293485
1388373840.0,4.063921293720455
1388376540.0,4.126029462604208
1388379240.0,4.164099889843328
1388381940.0,3.7465743362483295
1388384640.0,2.4101520891919677
1388387340.0,2.3773113090366564
1388390040.0,2.4231354137001517
1388392740.0,2.48059866454156
1388395440.0,2.3829839371997537
1388398140.0,2.4335932980985717
1388400840.0,2.35399189202775
1388403540.0,2.2566187209055784
1388406240.0,2.1565293628373183
1388408940.0,2.1926569863423424
1388411640.0,2.0309321284788098
1388414340.0,1.1555883745778601
1388417040.0,1.2113646479425597
1388419740.0,1.2079827316396177
1388422440.0,1.2189599284292854
1388425140.0,1.2088656135125007
1388427840.0,1.1534092936265097
1388430540.0,1.181476343032955
1388433240.0,1.247508618168979
1388435940.0,1.2651350919690572
1388438640.0,1.2107549805296571
1388441340.0,1.143796497683752
1388444040.0,1.0905241010231066
1388446740.0,1.1618287106130651
1388449440.0,2.5875394382705394
1388452140.0,2.7568366007107556
1388454840.0,2.819181820848655
1388457540.0,2.856318758099121
1388460240.0,2.8739655267390276
1388462940.0,2.8659317447310286
1388465640.0,2.925953261378595
1388468340.0,1.6286503392666987
1388471040.0,1.5326474002545751
1388473740.0,1.5546177076577123
1388476440.0,1.503476506393497
1388479140.0,1.557667089797178
1388481840.0,1.4907960043241246
1388484540.0,1.54523308500859
1388487240.0,1.5472276194523715
1388489940.0,1.4833991859625257
1388492640.0,1.4957751623775835
1388495340.0,1.9870173899670363
1388498040.0,2.707277277270009
1388500740.0,2.720272019195079
1388503440.0,2.7462018101531385
1388506140.0,2.7126765862696516
1388508840.0,1.6351542958825576
1388511540.0,1.5294307053790703
1388514240.0,1.524307221889842
1388516940.0,1.6293413828037728
1388519640.0,1.6161626590036917
1388522340.0,1.5983257955043655
1388525040.0,1.5758378043937
1388527740.0,1.5370498037657399
1388530440.0,1.5330408223481413
1388533140.0,1.5664696314751723
1388535840.0,1.5504742044441286
1388538540.0,1.5392969664487168
1388541240.0,1.5686241123115678
1388543940.0,1.571211823685644
1388546640.0,1.576542858975472
1388549340.0,1.5766812822174074
1388552040.0,1.555347178750992
1388554740.0,1.1643239006700128
1388557440.0,0.2931871113439115
1388560140.0,0.23728241722858456
1388562840.0,1.6856117733488531
1388565540.0,1.8336109094521476
1388568240.0,1.811139358486912
1388570940.0,1.7666562262686512
1388573640.0,1.7836217255040197
1388576340.0,1.6832170913917253
1388579040.0,1.7919585373668383
1388581740.0,1.7981086768854766
1388584440.0,1.7953054047933392
1388587140.0,1.7874354433786834
1388589840.0,1.8715718382207456
1388592540.0,1.8355171066844491
1388595240.0,1.8353169547936545
1388597940.0,1.89042226133256
1388600640.0,1.8234436581865907
1388603340.0,1.8967163154669606
1388606040.0,1.8371869939767862
1388608740.0,1.8187016491609143
1388611440.0,1.7999189760164427
1388614140.0,2.9164230110823723
1388616840.0,3.232126483899492
1388619540.0,3.2890838190274394
1388622240.0,3.189170148616597
1388624940.0,3.2792827369119095
1388627640.0,3.283464922204587
1388630340.0,3.322955473812101
1388633040.0,3.2618081047381224
1388635740.0,3.309212666491703
1388638440.0,3.29448391528922
1388641140.0,1.8150838183689189
1388643840.0,1.534321717845387
1388646540.0,1.5007947257275873
1388649240.0,1.5696867079780645
1388651940.0,2.592022607246406
1388654640.0,2.7133555717125546
1388657340.0,2.69812416892853
1388660040.0,2.6866579559128354
1388662740.0,2.6401721498673965
1388665440.0,2.6884856680024427
1388668140.0,2.6101073741963887
1388670840.0,2.643837114620908
1388673540.0,2.604494806634193
1388676240.0,2.6675764117627523
1388678940.0,2.5872342790565312
1388681640.0,2.633570173413716
1388684340.0,2.6938917741156843
1388687040.0,2.697671239208489
1388689740.0,2.721528092485471
1388692440.0,2.2133688442892208
1388695140.0,1.2507459601085884
1388697840.0,1.2436448578101817
1388700540.0,1.1767014470310642
1388703240.0,1.3614644922981824
1388705940.0,2.56336632119411
1388708640.0,2.53195234430774
1388711340.0,2.5496863718798295
1388714040.0,2.5634717816578245
1388716740.0,2.6444798515187244
1388719440.0,2.6243542228533556
1388722140.0,2.6832114504108517
1388724840.0,2.620923274569236
1388727540.0,2.654329017293435
1388730240.0,1.7357665448849389
1388732940.0,1.4223626412335193
1388735640.0,1.4863314807740835
1388738340.0,1.4341538170301646
1388741040.0,1.3897055487254875
1388743740.0,1.4629066580261565
1388746440.0,1.4817073092063424
1388749140.0,2.3419852484051376
1388751840.0,2.6242048876482045
1388754540.0,2.623931352783302
1388757240.0,2.666234609013202
1388759940.0,2.6601161828473323
1388762640.0,2.6975829636260187
1388765340.0,2.694274340179902
1388768040.0,2.7625600632121063
1388770740.0,2.77165487511553
1388773440.0,2.783244396428472
1388776140.0,2.8388818258721358
1388778840.0,2.8275917098092123
1388781540.0,2.7533462955855725
1388784240.0,2.73536743932857
1388786940.0,1.9726220293885035
1388789640.0,1.2714742357550222
1388792340.0,1.2431908080246217
1388795040.0,1.1748427411869216
1388797740.0,1.209505434236405
1388800440.0,2.477614854478361
1388803140.0,2.5779484175730545
1388805840.0,2.6164530753652
1388808540.0,2.6005737617945783
1388811240.0,2.548058205872451
1388813940.0,2.6105975733588593
1388816640.0,2.5475442204330534
1388819340.0,2.4978348094062994
1388822040.0,1.8442810349707202
1388824740.0,1.5974893787739006
1388827440.0,1.5119754400707848
1388830140.0,1.507058282601804
1388832840.0,1.4803456715753782
1388835540.0,1.3964068475858653
1388838240.0,1.4524244576606975
1388840940.0,1.3735605600957683
1388843640.0,1.4374555628360781
1388846340.0,1.395160111982932
1388849040.0,1.435464747454887
1388851740.0,1.4854987969566764
1388854440.0,1.416104341787161
1388857140.0,1.3537691791132147
1388859840.0,1.3489950347693025
1388862540.0,1.3676117588850047
1388865240.0,1.3582336545611042
1388867940.0,1.3828691942811702
1388870640.0,1.3084092400536065
1388873340.0,1.2579690126385117
1388876040.0,1.317261984419531
1388878740.0,1.279681988956213
1388881440.0,1.3107653840951912
1388884140.0,1.3304725547988028
1388886840.0,2.8111061993381554
1388889540.0,1.7796728590871567
1388892240.0,1.7911904313924651
1388894940.0,1.8086392912745168
1388897640.0,1.910326026449411
1388900340.0,1.916867073833771
1388903040.0,1.8781302944121876
1388905740.0,1.9420120884113317
1388908440.0,1.948699324134111
1388911140.0,1.8803300651599102
1388913840.0,1.8480108621419618
1388916540.0,1.855603501835276
1388919240.0,1.8038549839882307
1388921940.0,1.7049507709535874
1388924640.0,1.8253018153614562
1388927340.0,1.8063728490035942
1388930040.0,1.8213782879823839
1388932740.0,1.7489649296888388
1388935440.0,1.7968960855022829
1388938140.0,1.7908703490742823
1388940840.0,1.7487640183604185
1388943540.0,1.861863565596252
1388946240.0,1.8878694806130056
1388948940.0,1.8891190842116998
1388951640.0,1.8293121394995637
1388954340.0,1.8218121136569039
1388957040.0,1.8553287294377014
1388959740.0,1.8414522470029624
1388962440.0,1.8672918097417437
1388965140.0,1.8182067215132633
1388967840.0,1.7928586707616319
1388970540.0,1.7587069902308485
1388973240.0,1.7320474888685453
1388975940.0,3.4836148639109297
1388978640.0,1.9132973326505294
1388981340.0,1.8474233416016546
1388984040.0,1.814713644289327
1388986740.0,1.8036336861889595
1388989440.0,1.8356401832182314
1388992140.0,1.903002307805309
1388994840.0,1.9803702458011117
1388997540.0,1.9633696637397406
1389000240.0,1.9941593782472182
1389002940.0,2.0112714739752278
1389005640.0,1.9980093085243311
1389008340.0,1.9543600738751934
1389011040.0,1.900695604425323
1389013740.0,1.8535487194243956
1389016440.0,1.8470636667094027
1389019140.0,1.872047271981387
1389021840.0,1.9861614295924142
1389024540.0,1.9910006822086075
1389027240.0,1.9819482174990526
1389029940.0,2.007844208624249
1389032640.0,1.969808731503349
1389035340.0,1.99386123024658
1389038040.0,2.0036119397601624
1389040740.0,1.975973748512672
1389043440.0,1.9943571086918723
1389046140.0,1.888268346142297
1389048840.0,1.9197536393208452
1389051540.0,1.9650172130585588
1389054240.0,1.919053066889262
1389056940.0,1.8563509255403687
1389059640.0,1.9270967371165852
1389062340.0,1.890797377462718
1389065040.0,1.7726973810716231
1389067740.0,1.882820383118144
1389070440.0,1.870923591539622
1389073140.0,1.9339604568140771
1389075840.0,1.9105688954024345
1389078540.0,1.9503417336668463
1389081240.0,2.0471504078797693
1389083940.0,2.0125260345968172
1389086640.0,2.0182081716329776
1389089340.0,1.952442350693218
1389092040.0,2.0259170778427347
1389094740.0,1.9697552724617822
1389097440.0,1.9433535843400023
1389100140.0,1.2987816811601078
1389102840.0,0.8357327408830884
1389105540.0,0.8366835423533416
1389108240.0,0.8633773775266036
1389110940.0,0.8599455984967221
1389113640.0,0.8980345137321706
1389116340.0,0.8858826055200666
1389119040.0,0.8749478276833429
1389121740.0,0.9136885057108657
1389124440.0,0.8266460853267859
1389127140.0,0.8609403458989959
1389129840.0,0.8146037616390345
1389132540.0,0.7478212946223266
1389135240.0,0.8736090700911063
1389137940.0,0.8403423154856
1389140640.0,0.7655832064332344
1389143340.0,0.8239794827437095
1389146040.0,0.7739801701657711
1389148740.0,0.7588419121096877
1389151440.0,0.7754159121370776
1389154140.0,1.9741986040720008
1389156840.0,1.6124720971677675
1389159540.0,1.1876001006598926
1389162240.0,1.1501005592041906
1389164940.0,1.1875214145473478
1389167640.0,1.2659122080124234
1389170340.0,1.2602150326675883
1389173040.0,1.2708387328617619
1389175740.0,1.2961274597480497
1389178440.0,1.2776446491311049
1389181140.0,1.3044396238782952
1389183840.0,1.357730589332391
1389186540.0,1.3968138736751712
1389189240.0,1.354555318042685
1389191940.0,1.3585634284413572
1389194640.0,1.371109976089997
1389197340.0,1.3321898055274346
1389200040.0,1.3855216459128883
1389202740.0,1.399983191949957
1389205440.0,1.4055504697117271
1389208140.0,1.4239236050366344
1389210840.0,1.373556210191282
1389213540.0,1.423098868920988
1389216240.0,1.3697766231326796
1389218940.0,1.4225106144660344
1389221640.0,1.449315338129054
1389224340.0,1.433585792417034
1389227040.0,1.4262274413960654
1389229740.0,1.4817980603881438
1389232440.0,1.438402331437942
1389235140.0,1.443959186774407
1389237840.0,1.4870486720997746
1389240540.0,0.22924330245865576
1389243240.0,-0.3332628203941681
1389245940.0,-0.420072278752059
1389248640.0,1.0723536780536733
1389251340.0,1.3713899384503065
1389254040.0,1.5175656036425949
1389256740.0,1.4584366379003768
1389259440.0,1.457672862602351
1389262140.0,1.4827865363273531
1389264840.0,1.3951113944505664
1389267540.0,1.427252452852315
1389270240.0,1.4664768208733676
1389272940.0,1.349860962813409
1389275640.0,1.2056336736015396
1389278340.0,1.3608458556334426
1389281040.0,0.48608113287019705
1389283740.0,0.243864739624712
1389286440.0,0.20818604927376327
1389289140.0,0.17626970624621663
1389291840.0,0.22606373823140302
1389294540.0,0.2553271941515618
1389297240.0,0.25067937325587764
1389299940.0,0.18844192240402435
1389302640.0,0.20841785386534184
1389305340.0,0.2535561579869068
1389308040.0,0.22814684280126585
1389310740.0,0.24823803574253134
1389313440.0,1.7298464678989376
1389316140.0,1.8571516078242212
1389318840.0,1.952937366152355
1389321540.0,1.9611703148204356
1389324240.0,1.9471178402632745
1389326940.0,1.948742422020473
1389329640.0,1.8840040443685666
1389332340.0,0.6245824395824116
1389335040.0,0.53551273066455
1389337740.0,0.5655832920428452
1389340440.0,0.5903585560976126
1389343140.0,0.5460421231366013
1389345840.0,1.3142288242150357
1389348540.0,1.6936273823479269
1389351240.0,1.6865726191352906
1389353940.0,1.70570975082029
1389356640.0,1.706426567797621
1389359340.0,1.693169749345543
1389362040.0,1.727590520598369
1389364740.0,1.7534723407259207
1389367440.0,1.7311312919871398
1389370140.0,1.7563208495960225
1389372840.0,1.7187063537292033
1389375540.0,1.7054926459685475
1389378240.0,1.7469963165142985
1389380940.0,1.7886979009990114
1389383640.0,1.80654982899091
1389386340.0,1.7694852429516459
1389389040.0,1.7618244584228364
1389391740.0,1.716179373216221
1389394440.0,1.7585961770362815
1389397140.0,2.9875839175987267
1389399840.0,3.143766406173029
1389402540.0,3.226375492306545
1389405240.0,3.2460687979381646
1389407940.0,3.300225575154059
1389410640.0,3.3065151158107824
1389413340.0,3.3047069759795704
1389416040.0,2.319750813901692
1389418740.0,1.4594447489312188
1389421440.0,1.4549030267865533
1389424140.0,1.3658464949629092
1389426840.0,1.3868385754445853
1389429540.0,1.3244818051878156
1389432240.0,1.3409907999746906
1389434940.0,1.2894319676814803
1389437640.0,1.8292882014768566
1389440340.0,2.2982331508410425
1389443040.0,2.631600214540981
1389445740.0,2.449525850908003
1389448440.0,2.4333753171433727
1389451140.0,2.4696513053547733
1389453840.0,2.2265883123417893
1389456540.0,1.3051683496628925
1389459240.0,1.283589646032965
1389461940.0,1.26825575299398
1389464640.0,1.3666936142397503
1389467340.0,1.3359412298869984
1389470040.0,1.4400298009069274
1389472740.0,1.4188028596822164
1389475440.0,1.4182245577593449
1389478140.0,1.3971971941392667
1389480840.0,1.427845679002985
1389483540.0,1.38373781510154
1389486240.0,2.5365643093704193
1389488940.0,2.5930927676057536
1389491640.0,2.6960933798862357
1389494340.0,2.6486008519578377
1389497040.0,2.7035429454717246
1389499740.0,2.6880079627014766
1389502440.0,2.6409266894008283
1389505140.0,1.8782610822714219
1389507840.0,1.313582774426095
1389510540.0,1.1966895452934523
1389513240.0,1.2923963910849352
1389515940.0,1.2585541605803314
1389518640.0,1.1937657057436581
1389521340.0,1.2135801244303934
1389524040.0,1.1928771413319055
1389526740.0,1.191002541479861
1389529440.0,1.2189965823828857
1389532140.0,2.3584033873725048
1389534840.0,2.5718262152230977
1389537540.0,2.7045612944814934
1389540240.0,2.571171516789832
1389542940.0,2.5876500600626855
1389545640.0,2.606878413748575
1389548340.0,2.5403967180062637
1389551040.0,2.564986468175505
1389553740.0,2.5373492793223136
1389556440.0,2.5390302500034636
1389559140.0,2.5620084872227267
1389561840.0,2.5721716148338487
1389564540.0,2.597123725696065
1389567240.0,2.577601306004226
1389569940.0,2.4720124400076884
1389572640.0,2.5413674334034226
1389575340.0,2.687983478936644
1389578040.0,3.8198175652847226
1389580740.0,3.8251342062167737
1389583440.0,3.886442006990478
1389586140.0,3.867556432485003
1389588840.0,3.886161510246268
1389591540.0,2.76673210754268
1389594240.0,2.129833928110486
1389596940.0,2.0854278868815754
1389599640.0,2.045981318830968
1389602340.0,2.0104656499780162
1389605040.0,1.9385877163261966
1389607740.0,1.9303878228105873
1389610440.0,1.8374869547911317
1389613140.0,1.8455573703720916
1389615840.0,1.8851122326554446
1389618540.0,1.8565261946753822
1389621240.0,1.861138377712848
1389623940.0,1.9478440409665154
1389626640.0,1.8178758982932663
1389629340.0,1.9221321266297196
1389632040.0,3.0473901786183433
1389634740.0,3.252924475702798
1389637440.0,3.3085325627505995
1389640140.0,3.275750953285012
1389642840.0,3.2404268847648154
1389645540.0,3.2989637089369808
1389648240.0,3.236397264304628
1389650940.0,3.3023029580814978
1389653640.0,3.3171096281361656
1389656340.0,3.2341082471437517
1389659040.0,3.262498694769647
1389661740.0,3.3066294492965653
1389664440.0,3.3242338914026277
1389667140.0,3.302196634102529
1389669840.0,3.345808617202181
1389672540.0,3.3846096800854752
1389675240.0,4.47306258370935
1389677940.0,4.5288918612916405
1389680640.0,2.881502106203641
1389683340.0,2.7827406851194496
1389686040.0,2.6946965781654058
1389688740.0,2.6878661460045237
1389691440.0,2.639213083528716
1389694140.0,2.570025394678055
1389696840.0,2.5184998209184073
1389699540.0,2.4872577009703605
1389702240.0,2.622983598631663
1389704940.0,2.4308209840505697
1389707640.0,2.5291865788732935
1389710340.0,2.600947746721488
1389713040.0,2.5823287116781444
1389715740.0,2.659169863026648
1389718440.0,2.6156105932515743
1389721140.0,2.5867610280804456
1389723840.0,2.62517117729044
1389726540.0,2.6447164158678333
1389729240.0,2.6337708159698536
1389731940.0,2.5761623876618387
1389734640.0,2.494099860375684
1389737340.0,2.5158109480468056
1389740040.0,2.7692226109583657
1389742740.0,3.93333729949768
1389745440.0,4.0005792860362135
1389748140.0,4.06601402232468
1389750840.0,4.060881892214923
1389753540.0,4.119681814086164
1389756240.0,4.0682230718137475
1389758940.0,4.109623454983989
1389761640.0,4.182239493510224
1389764340.0,2.5131765416828102
1389767040.0,2.4038866986642233
1389769740.0,2.403572575689509
1389772440.0,2.408657854649789
1389775140.0,2.353222641196737
1389777840.0,2.288595468724509
1389780540.0,2.2528340663637323
1389783240.0,2.213749895120884
1389785940.0,2.188845725084491
1389788640.0,2.2573717628795293
1389791340.0,2.261196422226874
1389794040.0,2.2019759963992556
1389796740.0,2.159019063974199
1389799440.0,2.2172751183467767
1389802140.0,2.239432347494187
1389804840.0,2.1860697824835142
1389807540.0,2.1724541517707507
1389810240.0,2.2242021211932297
1389812940.0,2.154255088831121
1389815640.0,2.206280326961007
1389818340.0,2.1572262275290086
1389821040.0,2.12847321821323
1389823740.0,3.6953584852415133
1389826440.0,3.9651750278966915
1389829140.0,4.007967804824887
1389831840.0,4.0539318656141745
1389834540.0,3.9903849708538814
1389837240.0,2.598524078315279
1389839940.0,2.4639913609019573
1389842640.0,2.470210127835344
1389845340.0,2.4895382374450037
1389848040.0,2.437994424485794
1389850740.0,2.4051578803269535
1389853440.0,2.473100522134132
1389856140.0,3.4393785578673715
1389858840.0,3.5663164480749288
1389861540.0,3.614723225729165
1389864240.0,3.540153481273478
1389866940.0,3.4599457244445944
1389869640.0,2.5720204949645904
1389872340.0,2.384505487774277
1389875040.0,2.249289431877912
1389877740.0,2.25938589621785
1389880440.0,2.2913506145059728
1389883140.0,2.3015667974173084
1389885840.0,2.325369937037692
1389888540.0,2.3532440930886196
1389891240.0,2.395322572609871
1389893940.0,2.4002990173523813
1389896640.0,2.3923859001429264
1389899340.0,2.371796835470491
1389902040.0,2.381917687378575
1389904740.0,2.3714803637927275
1389907440.0,2.374608858821375
1389910140.0,3.180558066870333
1389912840.0,3.806924695814132
1389915540.0,3.8174249002730107
1389918240.0,3.773014708917856
1389920940.0,3.782140689113419
1389923640.0,3.7891509400805035
1389926340.0,3.816140853653337
1389929040.0,3.8228055146720976
1389931740.0,3.7940117133409785
1389934440.0,3.800647295156864
1389937140.0,3.73428704621557
1389939840.0,3.7641949320612866
1389942540.0,3.794903557697637
1389945240.0,3.1251742958570503
1389947940.0,3.1833464785834167
1389950640.0,3.1865929910987347
1389953340.0,3.0950167225132077
1389956040.0,3.165707434150022
1389958740.0,3.1696563268950513
1389961440.0,3.2022998823363764
1389964140.0,3.182350656690744
1389966840.0,3.1459697373522317
1389969540.0,3.1915417788642912
1389972240.0,3.1844089789138934
1389974940.0,3.1593216678191993
1389977640.0,3.2267079127685747
1389980340.0,3.2104683522978235
1389983040.0,3.2260314894750763
1389985740.0,3.287585811187114
1389988440.0,3.249216371363559
1389991140.0,3.227272561799566
1389993840.0,3.1776147886107537
1389996540.0,1.947920677143145
1389999240.0,2.9124247177214215
1390001940.0,3.1602370174095995
1390004640.0,3.084533222728851
1390007340.0,3.1651771166305025
1390010040.0,3.1629817203348694
1390012740.0,3.126152312474346
1390015440.0,3.2030934592817744
1390018140.0,3.142534352339055
1390020840.0,3.110924893667516
1390023540.0,3.1362372163395094
1390026240.0,3.1214035236083646
1390028940.0,3.239495328375881
1390031640.0,3.313684375375715
1390034340.0,3.8210438042968917
1390037040.0,3.0549609817472856
1390039740.0,3.106609228614559
1390042440.0,3.050697078916926
1390045140.0,3.0556373871549454
1390047840.0,3.0263480532848916
1390050540.0,3.0777714132862
1390053240.0,3.0691882433980595
1390055940.0,3.0943636837552617
1390058640.0,3.0552169356941477
1390061340.0,3.0845868685667597
1390064040.0,3.096507124483537
1390066740.0,3.0530300589518333
1390069440.0,3.1778564149808517
1390072140.0,3.1096244451161965
1390074840.0,3.1014484432499785
1390077540.0,3.084330895342191
1390080240.0,3.023149052485053
1390082940.0,3.096414924276985
1390085640.0,3.1138611327995704
1390088340.0,4.206670609819298
1390091040.0,3.776338894695982
1390093740.0,3.0716554778803697
1390096440.0,3.0401212963427042
1390099140.0,3.0508332119234183
1390101840.0,3.0793683364547064
1390104540.0,3.054209962699815
1390107240.0,3.0175632799977166
1390109940.0,3.0286911158148087
1390112640.0,2.9877320495206163
1390115340.0,3.0157500540037745
1390118040.0,3.0296017251825447
1390120740.0,3.0227847706670445
1390123440.0,3.037713771861661
1390126140.0,3.865382737376592
1390128840.0,4.170646039318342
1390131540.0,4.123293075873107
1390134240.0,4.18518807887159
1390136940.0,4.175413436385156
1390139640.0,4.068633490991147
1390142340.0,4.123766612191616
1390145040.0,4.061649752980145
1390147740.0,4.140057712556427
1390150440.0,4.1754560614583625
1390153140.0,4.196072208041699
1390155840.0,4.205807214198217
1390158540.0,4.16504383986512
1390161240.0,4.160457371122504
1390163940.0,4.170665405166233
1390166640.0,4.134787534001305
1390169340.0,4.216314094480026
1390172040.0,4.224647349304291
1390174740.0,4.182580655346214
1390177440.0,4.242785038986767
1390180140.0,4.303126514695407
1390182840.0,3.933235939168412
1390185540.0,3.77189497601006
1390188240.0,3.727503038398595
1390190940.0,3.7740060199813
1390193640.0,3.7385162324110297
1390196340.0,3.7184258200010163
1390199040.0,3.683444362822513
1390201740.0,3.7764318923636324
1390204440.0,3.738216478713298
1390207140.0,3.698523726609835
1390209840.0,3.6589401181839776
1390212540.0,3.6343557247705007
1390215240.0,3.5885045363244217
1390217940.0,3.6465066365456096
1390220640.0,3.5612900403103254
1390223340.0,3.6343329216232405
1390226040.0,3.7124472810326665
1390228740.0,3.789553680277038
1390231440.0,3.8392594218404383
1390234140.0,3.781972519799581
1390236840.0,3.759185611350972
1390239540.0,3.703183881730922
1390242240.0,3.7777946518475005
1390244940.0,3.7498854949107
1390247640.0,3.7329106683508826
1390250340.0,3.7934869420626
1390253040.0,3.780536408439332
1390255740.0,3.730219004562798
1390258440.0,3.71496104178766
1390261140.0,3.7177442965849536
1390263840.0,3.6306893987892295
1390266540.0,3.614623537220382
1390269240.0,2.0307463879343572
1390271940.0,1.9035195981506376
1390274640.0,3.3890289930898803
1390277340.0,3.6965347890748035
1390280040.0,3.6730276001540005
1390282740.0,3.615836361208494
1390285440.0,3.628282986305294
1390288140.0,3.6185339821290086
1390290840.0,3.5356005171586276
1390293540.0,3.4864358105263022
1390296240.0,3.3749125351826024
1390298940.0,2.7802710912653197
1390301640.0,2.255802660146628
1390304340.0,2.32575786969295
1390307040.0,2.3137262144383612
1390309740.0,2.3417833937706405
1390312440.0,2.502383712173014
1390315140.0,2.552463478203549
1390317840.0,2.6186420962542343
1390320540.0,2.6464019273687995
1390323240.0,2.757699321048335
1390325940.0,2.7591876873220826
1390328640.0,2.8917497107432837
1390331340.0,2.9127475745660263
1390334040.0,2.795454936270346
1390336740.0,2.818642691629634
1390339440.0,2.721062251926014
1390342140.0,2.7362136359360534
1390344840.0,2.752638825290319
1390347540.0,2.7230969456190905
1390350240.0,2.7319154019700136
1390352940.0,2.7139127950513853
1390355640.0,2.6590194269992367
1390358340.0,1.3474479302949476
1390361040.0,1.1946987550601875
1390363740.0,1.2388293473019303
1390366440.0,1.15754612293955
1390369140.0,1.2229555018603833
1390371840.0,1.0764897114590326
1390374540.0,1.1034826296588562
1390377240.0,2.763734307816776
1390379940.0,2.941338107114859
1390382640.0,2.9496867484457994
1390385340.0,2.8530250038081704
1390388040.0,2.8120251467503863
1390390740.0,2.85286107287169
1390393440.0,3.0248248544562557
1390396140.0,3.042159192870315
1390398840.0,3.0043235724421606
1390401540.0,2.949446161361891
1390404240.0,2.9702761599706378
1390406940.0,2.929686189137726
1390409640.0,2.9972227954700656
1390412340.0,3.03821344331476
1390415040.0,3.01677668882769
1390417740.0,3.0908381091756496
1390420440.0,2.992913186330213
1390423140.0,2.9518216816073277
1390425840.0,2.8900712651930576
1390428540.0,3.0020833878604094
1390431240.0,3.0282139418793577
1390433940.0,3.005076002264502
1390436640.0,3.0589036112467056
1390439340.0,3.0127695128762753
1390442040.0,3.038105746959161
1390444740.0,2.123075187095594
1390447440.0,1.212810529697208
1390450140.0,2.649197368462069
1390452840.0,2.8671951153013424
1390455540.0,2.926194513310577
1390458240.0,2.8822017365151282
1390460940.0,2.866545464551052
1390463640.0,2.9014009123753794
1390466340.0,2.7662619503404358
1390469040.0,2.7518922969915707
1390471740.0,2.6132857045855076
1390474440.0,2.077953434063488
1390477140.0,1.5533991107917018
1390479840.0,1.5866397794416685
1390482540.0,1.6617823733715227
1390485240.0,2.65692895349531
1390487940.0,2.688716336459663
1390490640.0,2.7177201049222504
1390493340.0,2.7190221615323367
1390496040.0,2.6834892138452915
1390498740.0,2.7532350692108025
1390501440.0,2.713093584900321
1390504140.0,2.7778071201747707
1390506840.0,2.760339543543523
1390509540.0,2.7359227912849633
1390512240.0,2.7404684042409713
1390514940.0,2.798799225189441
1390517640.0,2.7585819484896774
1390520340.0,2.831063139012201
1390523040.0,2.8068573705098174
1390525740.0,2.7600141348317493
1390528440.0,2.7482757514252967
1390531140.0,2.77233697754815
1390533840.0,1.7105289938940587
1390536540.0,1.3681184108596085
1390539240.0,1.2614282015718459
1390541940.0,1.318205708857704
1390544640.0,2.6249432424318115
1390547340.0,2.7355642161805918
1390550040.0,2.8127396500140662
1390552740.0,2.682875604173887
1390555440.0,2.62084697994095
1390558140.0,2.558004882888497
1390560840.0,2.544817616148407
1390563540.0,2.530753695787098
1390566240.0,1.4824267608811397
1390568940.0,1.196991454328554
1390571640.0,1.3070623280070208
1390574340.0,1.3042650943726244
1390577040.0,1.466875858863773
1390579740.0,1.5435791463648343
1390582440.0,1.4866168566645115
1390585140.0,1.648176438848509
1390587840.0,1.715478619481928
1390590540.0,1.6938792960913247
1390593240.0,1.6978476954278108
1390595940.0,1.3980440060036585
1390598640.0,1.5231891465280114
1390601340.0,1.6409866635037247
1390604040.0,1.6190911167860236
1390606740.0,1.6212947695478306
1390609440.0,1.621620483117681
1390612140.0,1.5561899781074544
1390614840.0,1.4831660691467619
1390617540.0,1.4419280279700502
1390620240.0,1.3459702849838209
1390622940.0,1.4187491222427866
1390625640.0,2.4888761205808123
1390628340.0,3.043932906870566
1390631040.0,3.0971021149646845
1390633740.0,1.6627603085390206
1390636440.0,1.642589875550584
1390639140.0,1.596660172719396
1390641840.0,1.5769159179476446
1390644540.0,1.5650507993915994
1390647240.0,1.478619212017236
1390649940.0,1.5195843856513989
1390652640.0,1.75745092697872
1390655340.0,1.4129941309287233
1390658040.0,1.5444274437075478
1390660740.0,1.501357642053108
1390663440.0,1.5588928459711155
1390666140.0,1.5539529940553507
1390668840.0,1.466894009400221
1390671540.0,1.2631042944365731
1390674240.0,1.3995333570491653
1390676940.0,1.4147428357985063
1390679640.0,1.3675653077004313
1390682340.0,1.454805809918014
1390685040.0,1.475682122922933
1390687740.0,1.623012802399785
1390690440.0,1.6408429359761385
1390693140.0,1.6437299555872187
1390695840.0,1.6135996052220207
1390698540.0,1.6437088822170267
1390701240.0,1.6641934885695377
1390703940.0,1.5821806131153267
1390706640.0,1.5592656411572534
1390709340.0,1.5707973510906754
1390712040.0,2.839776391560406
1390714740.0,1.9294362443116029
1390717440.0,1.5579890502773992
1390720140.0,1.522228606674787
1390722840.0,1.5393160366711527
1390725540.0,1.4788597869304567
1390728240.0,1.395724067601293
1390730940.0,1.3702502531059508
1390733640.0,1.3552972727222254
1390736340.0,1.391970005602218
1390739040.0,1.3772276422153027
1390741740.0,1.343118843177649
1390744440.0,0.8190541297209961
1390747140.0,0.2512434192136652
1390749840.0,0.1269755826427854
1390752540.0,0.08755451259389702
1390755240.0,0.11667143738799268
1390757940.0,0.192899405785397
1390760640.0,0.21454604037779745
1390763340.0,0.36434286803347504
1390766040.0,0.15739682689843448
1390768740.0,0.06948812814658822
1390771440.0,0.12096017936625003
1390774140.0,0.14462490090772917
1390776840.0,0.24272462094182856
1390779540.0,1.2003522086641851
1390782240.0,1.8731502154660689
1390784940.0,1.9150532979099921
1390787640.0,1.951941865523736
1390790340.0,1.9856152351451328
1390793040.0,2.0028263563368682
1390795740.0,1.9713120189279607
1390798440.0,1.847638341897209
1390801140.0,1.9026970095097795
1390803840.0,1.8324803257434041
1390806540.0,1.833525526329936
1390809240.0,1.64791592460233
1390811940.0,0.40559647438863067
1390814640.0,0.359274783211049
1390817340.0,0.2975031433874733
1390820040.0,0.32960262615591773
1390822740.0,0.30662747135869495
1390825440.0,0.31880105061554787
1390828140.0,0.32485596892752255
1390830840.0,0.30313985391291
1390833540.0,0.3008773687897701
1390836240.0,0.2315134368363374
1390838940.0,0.2503948585821263
1390841640.0,0.23942837211535561
1390844340.0,0.21398335193077855
1390847040.0,0.22061330658232237
1390849740.0,0.2535711424058036
1390852440.0,0.23299857076051467
1390855140.0,0.1841032432566294
1390857840.0,0.24908225244206506
1390860540.0,0.3084230313366447
1390863240.0,0.9172853690293437
1390865940.0,2.0767133295747158
1390868640.0,2.0938289322568835
1390871340.0,2.1287100926085145
1390874040.0,2.1252579891375944
1390876740.0,2.076303517113331
1390879440.0,0.5126187916338836
1390882140.0,0.46116632959655135
1390884840.0,0.3446903294391177
1390887540.0,0.4355755515277906
1390890240.0,0.43364332585366583
1390892940.0,0.35834122166363613
1390895640.0,0.43946064633263404
1390898340.0,0.4096158038548765
1390901040.0,0.3025282724171916
1390903740.0,0.2549997785950495
1390906440.0,0.2644152349556066
1390909140.0,0.30851486577137166
1390911840.0,0.3665806884147287
1390914540.0,-0.4111303654792664
1390917240.0,-0.827367039749447
1390919940.0,-0.8344228164944525
1390922640.0,-0.8933625586927292
1390925340.0,-0.8351873075898766
1390928040.0,-0.8562781128853771
1390930740.0,-0.8591328686088673
1390933440.0,-0.7715359134043069
1390936140.0,-0.8630603141616575
1390938840.0,-0.870170915857841
1390941540.0,-0.8903565704965786
1390944240.0,-0.8283474170284535
1390946940.0,-0.1162444130175686
1390949640.0,0.9737095574005821
1390952340.0,0.9547756521445194
1390955040.0,1.0089102939693362
1390957740.0,0.9799123472097904
1390960440.0,1.0185407599023506
1390963140.0,1.004013739304071
1390965840.0,0.09464506404782469
1390968540.0,-0.3402936297465544
1390971240.0,-0.43279868779302433
1390973940.0,-0.3735891717598747
1390976640.0,-0.32342233053884684
1390979340.0,-0.3402627597724859
1390982040.0,-0.31302126343996406
1390984740.0,-0.3913989284188233
1390987440.0,-0.35907272315103
1390990140.0,-0.3386808088141606
1390992840.0,-0.3865535181569726
1390995540.0,-0.23825425182678828
1390998240.0,-0.6066497788455081
1391000940.0,-0.3461120856323987
1391003640.0,-0.23654973027902315
1391006340.0,0.8896897945852515
1391009040.0,1.0082247543404605
1391011740.0,0.8181267777404742
1391014440.0,-0.21396248714682997
1391017140.0,-0.15406447538623524
1391019840.0,-0.1380659383177658
1391022540.0,-0.14066521155439204
1391025240.0,-0.1623751598856984
1391027940.0,-0.15006355672807103
1391030640.0,-0.08119363295571702
1391033340.0,-0.12723102260372343
1391036040.0,-0.1436799644853295
1391038740.0,-0.074505744976193
1391041440.0,0.0447692410970717
1391044140.0,0.7202915659853488
1391046840.0,1.0211310131654159
1391049540.0,0.9614725766247716
1391052240.0,1.0026342535456934
1391054940.0,1.0470118705311506
1391057640.0,0.649816551591357
1391060340.0,-0.21988369819928266
1391063040.0,-0.22378354116466426
1391065740.0,-0.1551564731438475
1391068440.0,-0.18410703269205442
1391071140.0,-0.21932062772680183
1391073840.0,-0.25010605339753056
1391076540.0,-0.23971704562757168
1391079240.0,-0.32684431347468035
1391081940.0,-0.3251551946477207
1391084640.0,-0.5216733583007453
1391087340.0,-0.39000570630588527
1391090040.0,-0.35658330898689883
1391092740.0,-0.3963526699682234
1391095440.0,-0.3522365829955447
1391098140.0,-0.33167334923598446
1391100840.0,-0.30695362708746643
1391103540.0,-0.3414171891471369
1391106240.0,-0.36863774490711876
1391108940.0,-0.35665220647427986
1391111640.0,-0.3669716299289689
1391114340.0,-0.3411075370419212
1391117040.0,0.776585037868017
1391119740.0,1.349875962636645
1391122440.0,1.4749573263053435
1391125140.0,1.5506680494477223
1391127840.0,1.420603563252996
1391130540.0,1.484541301866443
1391133240.0,1.5151564148015382
1391135940.0,1.4939808815967126
1391138640.0,1.5590692014763476
1391141340.0,1.5719743228296466
1391144040.0,0.026433102877660986
1391146740.0,-0.27342615897532596
1391149440.0,-0.27271067661718007
1391152140.0,-0.26810554818177934
1391154840.0,-0.24781379439150442
1391157540.0,0.9016120422541007
1391160240.0,0.9204840493208621
1391162940.0,0.9227238718665376
1391165640.0,0.9434734510504654
1391168340.0,0.9150210534969574
1391171040.0,0.8807419635774636
1391173740.0,0.9105649544453058
1391176440.0,0.8793049941943991
1391179140.0,0.8759446476722701
1391181840.0,0.8441097043497052
1391184540.0,0.8599138696615114
1391187240.0,0.8857808806899925
1391189940.0,0.9366415543525477
1391192640.0,0.9604053824969014
1391195340.0,0.8804474782899661
1391198040.0,0.9275058399919089
1391200740.0,0.9716314006095672
1391203440.0,-0.3423179232685243
1391206140.0,-0.3122071117272185
1391208840.0,0.8344737281130961
1391211540.0,0.846441414906451
1391214240.0,0.8317430842612339
1391216940.0,0.8893821556793
1391219640.0,0.8609231313111536
1391222340.0,0.859072083877777
1391225040.0,0.9102350129160754
1391227740.0,0.89013007797206
1391230440.0,0.8073725707239987
1391233140.0,0.8281841877576994
1391235840.0,0.2136567662514608
1391238540.0,-0.2042451319156271
1391241240.0,-0.23142329848428744
1391243940.0,-0.3678420358668859
1391246640.0,-0.3839327114714024
1391249340.0,-0.3586435776076087
1391252040.0,0.7025250803424683
1391254740.0,0.9268987949087659
1391257440.0,1.0289787630010778
1391260140.0,1.0669058697049536
1391262840.0,1.0252770056845293
1391265540.0,0.9082024599927649
1391268240.0,0.9141308494599798
1391270940.0,0.8968070605995422
1391273640.0,0.9488188603622802
1391276340.0,1.0084214814515349
1391279040.0,1.013596054923255
1391281740.0,0.9523729450926339
1391284440.0,0.9700079177206362
1391287140.0,0.9136608780501092
1391289840.0,0.9777824362071215
1391292540.0,1.018343538770182
1391295240.0,-0.32497270067892714
1391297940.0,-0.3983605522770972
1391300640.0,0.10728254139723958
1391303340.0,0.875862487824179
1391306040.0,0.9045914255930256
1391308740.0,0.8858638067367224
1391311440.0,0.9568689793393901
1391314140.0,0.8509961378423441
1391316840.0,0.9193551445003436
1391319540.0,0.8216255541723854
1391322240.0,0.8125842860508783
1391324940.0,0.7765470044973313
1391327640.0,0.38425225895929316
1391330340.0,-0.3014375092977275
1391333040.0,-0.3788396084249257
1391335740.0,-0.41826893937434306
1391338440.0,-0.3812541877541662
1391341140.0,-0.3409278169283425
1391343840.0,-0.3508212333804295
1391346540.0,-0.3469337972297808
1391349240.0,-0.396270469043543
1391351940.0,-0.3616918426818643
1391354640.0,-0.35986934778486557
1391357340.0,-0.39258494085459006
1391360040.0,-0.30847222861797263
1391362740.0,-0.3463388847911233
1391365440.0,-0.2892036114665757
1391368140.0,-0.36652851059864133
1391370840.0,-0.38923605334235845
1391373540.0,-0.41134561922063995
1391376240.0,-0.33344302375161305
1391378940.0,-0.29361457697297055
1391381640.0,-0.32116552582704117
1391384340.0,-0.9712957380050966
1391387040.0,-0.4422613437820928
1391389740.0,0.025679553037321057
1391392440.0,0.06738018724439598
1391395140.0,0.08634182636853893
1391397840.0,0.2308070773633517
1391400540.0,0.17209939823635523
1391403240.0,0.23952516202416518
1391405940.0,0.16732631503964512
1391408640.0,0.168932968599961
1391411340.0,0.1754575744206477
1391414040.0,0.13736372757006166
1391416740.0,0.1295251957615733
1391419440.0,0.9866866815652315
1391422140.0,0.9460796667203226
1391424840.0,0.16111923762639435
1391427540.0,0.1739686022025353
1391430240.0,0.12416983488304822
1391432940.0,0.216447497846616
1391435640.0,0.19643538479357403
1391438340.0,0.03625298637103924
1391441040.0,0.05624208580940149
1391443740.0,0.04329830192961026
1391446440.0,0.12693380272264676
1391449140.0,0.12143600754393447
1391451840.0,0.21560425297786878
1391454540.0,0.20838223037708303
1391457240.0,0.19061555730894497
1391459940.0,0.24334369484648732
1391462640.0,0.26349773204600524
1391465340.0,0.23948906525879465
1391468040.0,0.31296358508012645
1391470740.0,0.3190717994128818
1391473440.0,0.26401519626966774
1391476140.0,0.23126375805208
1391478840.0,1.3683752080746103
1391481540.0,1.6834460959064472
1391484240.0,1.7578543714034822
1391486940.0,1.7166897215636254
1391489640.0,1.7812578794022897
1391492340.0,1.7046586364188556
1391495040.0,1.6802289222035256
1391497740.0,0.5009341424419631
1391500440.0,0.06515004558343662
1391503140.0,0.009555995737059675
1391505840.0,-0.023060336579931118
1391508540.0,-0.050359903254104665
1391511240.0,-0.02820907296410269
1391513940.0,-0.009345285027734462
1391516640.0,-0.03069968319863392
1391519340.0,-0.0138422091399093
1391522040.0,-0.11128541557349081
1391524740.0,-0.010893475892032711
1391527440.0,-0.10977519348557507
1391530140.0,-0.08754252406833984
1391532840.0,-0.03417241498414114
1391535540.0,0.03548207758615263
1391538240.0,-0.030570991365152622
1391540940.0,-0.06591978832221912
1391543640.0,-0.08884047951460161
1391546340.0,-0.08268661447459635
1391549040.0,-0.026925670088246534
1391551740.0,-0.043115340212978026
1391554440.0,-0.04995329236368207
1391557140.0,-0.036165180127852636
1391559840.0,-0.05070279189237681
1391562540.0,-0.7864734297889413
1391565240.0,-1.5991106556878663
1391567940.0,-1.128588312922318
1391570640.0,0.12137421135105342
1391573340.0,0.127670091080347
1391576040.0,0.226158686792985
1391578740.0,0.22693192336180346
1391581440.0,0.1835234164189501
1391584140.0,0.25557621367931915
1391586840.0,0.2268317018763355
1391589540.0,0.1411249522535627
1391592240.0,0.07558433562809341
1391594940.0,-0.39461790481635717
1391597640.0,-0.9895199189240884
1391600340.0,-0.9916943374746552
1391603040.0,-1.045063991757047
1391605740.0,-1.0311544320981056
1391608440.0,-0.9869993538284803
1391611140.0,-0.9731814390638078
1391613840.0,-0.9714890124543558
1391616540.0,-0.9897340629850078
1391619240.0,-1.0114722019629312
1391621940.0,-0.899409630035052
1391624640.0,-0.9523016261613861
1391627340.0,-1.0007993458299893
1391630040.0,-1.013505830246686
1391632740.0,-1.0225263298993923
1391635440.0,-0.9273655941177594
1391638140.0,-0.8973577108771451
1391640840.0,-0.9071141861730325
1391643540.0,-0.8363759169930631
1391646240.0,0.6907237963864077
1391648940.0,0.8294286242492603
1391651640.0,0.7387991779036724
1391654340.0,0.7280456463940936
1391657040.0,-0.4837711074969775
1391659740.0,-0.7073683113712264
1391662440.0,-0.7194325828657497
1391665140.0,-0.664784240435722
1391667840.0,-0.7104674418652621
1391670540.0,-0.6431412902516058
1391673240.0,-0.5877296407925883
1391675940.0,0.17506244115452319
1391678640.0,0.39025077859446355
1391681340.0,0.36643313186391424
1391684040.0,0.4536424239428243
1391686740.0,0.5589158438741606
1391689440.0,0.49285207236908946
1391692140.0,0.3704746344312184
1391694840.0,0.3742738022522758
1391697540.0,0.2615909199913631
1391700240.0,0.18407920084632678
1391702940.0,0.20312451767392758
1391705640.0,0.23015843662057023
1391708340.0,0.2676143965501865
1391711040.0,0.41678749852411556
1391713740.0,0.36883879732852165
1391716440.0,0.4497064060802245
1391719140.0,0.4972641347218314
1391721840.0,0.5265625046190507
1391724540.0,1.5818461969503232
1391727240.0,1.9550855776825529
1391729940.0,1.935017688975222
1391732640.0,1.8717536637018952
1391735340.0,1.9139857537516605
1391738040.0,1.898443261132627
1391740740.0,1.9139000124341692
1391743440.0,1.977229679108632
1391746140.0,1.8837291165098122
1391748840.0,0.3651291112637409
1391751540.0,-0.03493102218038757
1391754240.0,-0.13339282738229485
1391756940.0,-0.109043384782467
1391759640.0,-0.16524440104882387
1391762340.0,-0.15104233531684486
1391765040.0,0.7918063697725302
1391767740.0,0.9842641933266236
1391770440.0,1.0115038879964118
1391773140.0,1.001500731438739
1391775840.0,1.1162287784858904
1391778540.0,1.0661855285960655
1391781240.0,1.0307796829717972
1391783940.0,1.0415084781168389
1391786640.0,0.9992797441801144
1391789340.0,1.0738428448109971
1391792040.0,0.9796236194461017
1391794740.0,1.0027635805919886
1391797440.0,1.0384544183137336
1391800140.0,0.9995365317554956
1391802840.0,0.9750167450245044
1391805540.0,1.08402874029656
1391808240.0,1.1286959078750556
1391810940.0,2.145000121685996
1391813640.0,2.471777294304786
1391816340.0,2.46110671209658
1391819040.0,2.456106973462397
1391821740.0,2.4846555783504414
1391824440.0,2.4224423314061028
1391827140.0,2.4262132241838685
1391829840.0,2.4526527667370033
1391832540.0,2.3787823337084433
1391835240.0,0.6956778885074755
1391837940.0,0.5736578246032877
1391840640.0,0.547507117369662
1391843340.0,0.619264700540441
1391846040.0,0.5782424439518081
1391848740.0,0.51655453390606
1391851440.0,0.45997794859448504
1391854140.0,0.5539470283036394
1391856840.0,1.6844655673798457
1391859540.0,1.757807722915004
1391862240.0,1.70295252226299
1391864940.0,1.655181219076951
1391867640.0,0.6509512433441955
1391870340.0,0.45045494541278686
1391873040.0,0.4613994370086516
1391875740.0,0.4131947015455921
1391878440.0,0.4306858281416339
1391881140.0,0.5269236569865257
1391883840.0,0.4913554478646347
1391886540.0,0.5285494129625476
1391889240.0,0.5003335456655691
1391891940.0,0.5217471094873645
1391894640.0,0.604018618289274
1391897340.0,0.6331064250122722
1391900040.0,1.6267042274904497
1391902740.0,1.8353029676907795
1391905440.0,1.8588048233002041
1391908140.0,1.8238616872251896
1391910840.0,1.8470625153771039
1391913540.0,1.7951566318715209
1391916240.0,1.7697960326987072
1391918940.0,1.7160274344270192
1391921640.0,0.8271840699634936
1391924340.0,0.3356548699500195
1391927040.0,0.2514469518586111
1391929740.0,0.251733619261131
1391932440.0,0.1819646457341264
1391935140.0,0.12863456062649448
1391937840.0,0.17192168254842954
1391940540.0,0.1392136109766966
1391943240.0,0.27275753509422884
1391945940.0,0.32492942141544745
1391948640.0,1.354107759756232
1391951340.0,1.4460083399404766
1391954040.0,1.426764477158656
1391956740.0,1.4786515546113037
1391959440.0,1.405629589132161
1391962140.0,1.416084762532364
1391964840.0,1.4328909249016988
1391967540.0,1.5003459761314275
1391970240.0,1.5387096445296606
1391972940.0,1.4723604753666564
1391975640.0,1.4835604181034796
1391978340.0,1.543521426704217
1391981040.0,1.5786081686267153
1391983740.0,1.6255747130312557
1391986440.0,1.6835147909083048
1391989140.0,1.677846874304464
1391991840.0,2.475262132992782
1391994540.0,2.8745991419487495
1391997240.0,2.937471776534096
1391999940.0,2.9456461809297707
1392002640.0,2.9442919852000387
1392005340.0,2.902760461937987
1392008040.0,2.8971581232208905
1392010740.0,1.4522704427747612
1392013440.0,1.0569515947144623
1392016140.0,0.9834252513124966
1392018840.0,0.9339944929886315
1392021540.0,0.8421125224272146
1392024240.0,0.8410020931706867
1392026940.0,0.7873158788647174
1392029640.0,0.8401838468723781
1392032340.0,0.8702280487862595
1392035040.0,0.9039518700134863
1392037740.0,0.8035821798380312
1392040440.0,0.7602793861485111
1392043140.0,0.7624424140270776
1392045840.0,0.6670346136920671
1392048540.0,0.7099707904572483
1392051240.0,0.6978469443871518
1392053940.0,0.7645273323693118
1392056640.0,0.8406754475795424
1392059340.0,0.8243812112455657
1392062040.0,0.8648335562740499
1392064740.0,0.9282854215318252
1392067440.0,0.8679512063108064
1392070140.0,0.9825027311235317
1392072840.0,1.058903901927863
1392075540.0,0.9380745987772343
1392078240.0,2.573333635318477
1392080940.0,2.7024199890116165
1392083640.0,2.6868871939778955
1392086340.0,2.820782003518957
1392089040.0,2.7585570709101717
1392091740.0,2.703676962516454
1392094440.0,2.7132482962899758
1392097140.0,2.0782091223426846
1392099840.0,0.9689703161359944
1392102540.0,0.9241251498374936
1392105240.0,0.8783718760475381
1392107940.0,0.80449018654258
1392110640.0,0.7980432064692877
1392113340.0,0.7747837741679859
1392116040.0,0.8272391430771222
1392118740.0,0.8498610414115433
1392121440.0,0.709783872127673
1392124140.0,0.6734243064231578
1392126840.0,0.706331186350269
1392129540.0,0.6787499448580547
1392132240.0,0.739722902576375
1392134940.0,0.7391295019401127
1392137640.0,0.7886337191081338
1392140340.0,0.7929771469843558
1392143040.0,0.7968874656934304
1392145740.0,2.0323201309047363
1392148440.0,2.3401247680787947
1392151140.0,2.3497961255329756
1392153840.0,2.3401384984634888
1392156540.0,2.4544293601837808
1392159240.0,2.4629892762401937
1392161940.0,2.342055240500372
1392164640.0,2.390531604587295
1392167340.0,2.391305068543943
1392170040.0,2.391207631495547
1392172740.0,2.585604692647223
1392175440.0,2.587508994084544
1392178140.0,2.5657062791815406
1392180840.0,2.614040529028557
1392183540.0,1.5020676233670542
1392186240.0,0.8273335913648907
1392188940.0,0.8455022295015624
1392191640.0,0.7226878240286396
1392194340.0,0.6122412723686352
1392197040.0,0.5791345470690317
1392199740.0,0.5069310586674192
1392202440.0,0.5781494838120125
1392205140.0,0.5131623927567261
1392207840.0,0.6472833101124706
1392210540.0,0.6218326123177462
1392213240.0,0.6674530841285105
1392215940.0,0.6076979830854725
1392218640.0,0.5805986090670672
1392221340.0,0.5834275405995868
1392224040.0,0.6083719201101303
1392226740.0,0.6178934316939149
1392229440.0,0.5192788755027209
1392232140.0,0.5032706892789065
1392234840.0,0.4570567591965755
1392237540.0,0.5380176267617571
1392240240.0,2.284523640200291
1392242940.0,2.4438216041969554
1392245640.0,2.503011988911794
1392248340.0,2.4846931529258995
1392251040.0,2.495732306349396
1392253740.0,2.465285993356929
1392256440.0,2.4459261455321553
1392259140.0,2.5018392061651866
1392261840.0,0.9920786108920652
1392264540.0,0.9460005051037683
1392267240.0,0.8558050112081901
1392269940.0,0.9051760652090479
1392272640.0,0.9535001141366592
1392275340.0,1.0012545435379252
1392278040.0,0.9701319433431195
1392280740.0,0.8914661507244546
1392283440.0,0.8954425230605807
1392286140.0,0.8965433460872418
1392288840.0,0.9532271711351541
1392291540.0,0.9712598341615717
1392294240.0,1.0356044395067556
1392296940.0,0.9390168046203371
1392299640.0,0.8864317492463556
1392302340.0,0.8657923406845498
1392305040.0,0.7689894570157207
1392307740.0,0.7582633915925499
1392310440.0,0.7343800965113587
1392313140.0,0.808873155667527
1392315840.0,0.7786856220341747
1392318540.0,0.7758396189969403
1392321240.0,0.6697632161827869
1392323940.0,0.81491425851965
1392326640.0,2.6313128343844028
1392329340.0,2.80216240943264
1392332040.0,2.92684063721822
1392334740.0,2.8335648244880645
1392337440.0,1.3052912799199703
1392340140.0,1.0874986387368608
1392342840.0,1.0262482203359582
1392345540.0,1.136870010873281
1392348240.0,1.076262837111301
1392350940.0,1.0941037324810168
1392353640.0,0.9435761857572516
1392356340.0,0.9982572497094111
1392359040.0,1.9747305766238128
1392361740.0,2.228032053074628
1392364440.0,2.295894209022947
1392367140.0,2.2291160497910028
1392369840.0,2.2158732700218593
1392372540.0,2.2076188266030954
1392375240.0,2.2106593290945398
1392377940.0,2.2760180165167867
1392380640.0,2.1438344853840476
1392383340.0,1.6119861118008316
1392386040.0,0.8619255096451752
1392388740.0,0.8520350775989414
1392391440.0,0.80925425296698
1392394140.0,0.9045880198846135
1392396840.0,0.8646234948026859
1392399540.0,0.9307637366555923
1392402240.0,0.9381061878484616
1392404940.0,0.9426651148187943
1392407640.0,0.9752673269256888
1392410340.0,1.4964059696611685
1392413040.0,2.403352488462872
1392415740.0,2.549661380838188
1392418440.0,2.593498652904316
1392421140.0,2.466102660294098
1392423840.0,2.4736786036733633
1392426540.0,2.445457021739287
1392429240.0,2.3800529132104202
1392431940.0,2.4757776610754263
1392434640.0,2.461849626263472
1392437340.0,2.4273876164223793
1392440040.0,2.4146019948844923
1392442740.0,2.401304989555399
1392445440.0,2.4563023879255184
1392448140.0,3.4110994228550453
1392450840.0,2.1533134199435153
1392453540.0,2.0056967101839973
1392456240.0,1.9727577668776917
1392458940.0,2.00294083271865
1392461640.0,2.05151425663081
1392464340.0,2.061378772059811
1392467040.0,2.054022201458963
1392469740.0,1.9502137678756526
1392472440.0,1.9651724140088618
1392475140.0,1.879176587586926
1392477840.0,1.874966020184388
1392480540.0,1.8985355850804808
1392483240.0,1.9659960733304729
1392485940.0,1.9160921114755638
1392488640.0,1.9381390524256403
1392491340.0,1.9710057135714578
1392494040.0,2.047169742210599
1392496740.0,2.1242744411205763
1392499440.0,2.673801789410561
1392502140.0,2.3995492896621613
1392504840.0,2.12398772000455
1392507540.0,2.0672268965758462
1392510240.0,2.0671891412806076
1392512940.0,1.9568038901456362
1392515640.0,1.8627564172028883
1392518340.0,1.9639764897261784
1392521040.0,1.966675765758282
1392523740.0,1.9411693460292554
1392526440.0,1.9213690385596465
1392529140.0,1.9999465216098997
1392531840.0,2.0200579520596875
1392534540.0,2.0245993409556036
1392537240.0,2.098308734482771
1392539940.0,1.9879993741516842
1392542640.0,1.859013384688808
1392545340.0,1.9262717007703714
1392548040.0,1.9900080114301204
1392550740.0,1.9963177773916527
1392553440.0,1.8687571383105706
1392556140.0,1.94976836781143
1392558840.0,1.9268825800826903
1392561540.0,1.903218514131538
1392564240.0,1.9236875279095784
1392566940.0,1.876435017915071
1392569640.0,1.9030740848641585
1392572340.0,1.9278506474895494
1392575040.0,1.8451830382113599
1392577740.0,1.9110756133126756
1392580440.0,1.8970555295648523
1392583140.0,1.999437130895501
1392585840.0,1.9987697715145032
1392588540.0,2.0893732791260504
1392591240.0,3.1811372623689635
1392593940.0,2.0813634009674615
1392596640.0,2.0397098905125404
1392599340.0,1.9679784604304587
1392602040.0,1.9414974777171778
1392604740.0,1.9897499790056372
1392607440.0,1.9354027189389171
1392610140.0,1.8464631906222735
1392612840.0,1.9011481061747872
1392615540.0,1.8914387814587599
1392618240.0,1.946516218632894
1392620940.0,1.9323899277979422
1392623640.0,1.8710387980450491
1392626340.0,1.8971517818540633
1392629040.0,1.9287020632705207
1392631740.0,2.7012826524465368
1392634440.0,3.110510500943974
1392637140.0,2.2218093326807207
1392639840.0,1.8646414529039248
1392642540.0,1.8892437845783547
1392645240.0,1.7909278411970604
1392647940.0,1.772123696674953
1392650640.0,1.7758215069817425
1392653340.0,1.8066077385179824
1392656040.0,1.7388854574116408
1392658740.0,1.8516283905643718
1392661440.0,1.7902865879319734
1392664140.0,1.8295022582070146
1392666840.0,1.802074126523621
1392669540.0,1.9183611933164002
1392672240.0,1.9862905861629656
1392674940.0,2.0332634145927955
1392677640.0,2.042124436263009
1392680340.0,2.1199985870247815
1392683040.0,3.2280142757375074
1392685740.0,3.1879671291453633
1392688440.0,1.9866088097939496
1392691140.0,1.9392457546493915
1392693840.0,1.881419366385387
1392696540.0,1.9058979446274975
1392699240.0,1.850159609991124
1392701940.0,1.8154887021002537
1392704640.0,1.874994744281878
1392707340.0,1.8724151339911828
1392710040.0,1.804581842288826
1392712740.0,1.7619063987270351
1392715440.0,1.7495364782248544
1392718140.0,1.7589765912776443
1392720840.0,1.847563520283245
1392723540.0,1.9223506701233646
1392726240.0,1.9277409936893264
1392728940.0,1.9868667887212155
1392731640.0,1.8973659226343784
1392734340.0,1.9133309912897971
1392737040.0,1.8748647369858986
1392739740.0,1.8255005371921698
1392742440.0,1.9281681675695381
1392745140.0,1.9430654153560454
1392747840.0,1.9107270067843274
1392750540.0,1.9766778689549938
1392753240.0,1.9443226785134016
1392755940.0,1.9563643171007925
1392758640.0,2.0737845543400226
1392761340.0,2.098375387483486
1392764040.0,2.0791339583824424
1392766740.0,2.0474439068244124
1392769440.0,3.5698867125517495
1392772140.0,3.6423178765715534
1392774840.0,2.1810242519711096
1392777540.0,1.9512030017267534
1392780240.0,1.91767212415931
1392782940.0,1.852141694887223
1392785640.0,1.745154910873623
1392788340.0,1.7161807953532389
1392791040.0,1.7846052389821239
1392793740.0,1.7573618940567144
1392796440.0,1.7413847631577255
1392799140.0,1.7302726306196519
1392801840.0,1.7285866504768705
1392804540.0,1.8359845235129342
1392807240.0,2.8571597068192887
1392809940.0,3.0505743409242996
1392812640.0,2.9177466696005467
1392815340.0,2.858450354488582
1392818040.0,2.842127769496244
1392820740.0,2.922623370247038
1392823440.0,2.9117081432033274
1392826140.0,2.9406156938052845
1392828840.0,3.063602321076928
1392831540.0,2.9637359562580627
1392834240.0,2.985506373671967
1392836940.0,3.0131718125792872
1392839640.0,3.0462065638440663
1392842340.0,3.1417885011579187
1392845040.0,3.154490188467662
1392847740.0,3.17164848538647
1392850440.0,3.1691276581981924
1392853140.0,3.1524073873568454
1392855840.0,3.1263272096889523
1392858540.0,3.1887846633067625
1392861240.0,4.3541155785325145
1392863940.0,2.7036327082806224
1392866640.0,2.5539116464773315
1392869340.0,2.5371912040553184
1392872040.0,2.531145087676407
1392874740.0,2.498085385639115
1392877440.0,2.4863983125617324
1392880140.0,2.459542284037127
1392882840.0,2.3643313523658662
1392885540.0,2.3534073751945357
1392888240.0,2.260855640772945
1392890940.0,2.335283932287382
1392893640.0,2.2583417099936582
1392896340.0,2.3624451557749353
1392899040.0,2.2221497573900137
1392901740.0,2.25135887716516
1392904440.0,2.3258972970107834
1392907140.0,2.2542252120855437
1392909840.0,2.223048456782692
1392912540.0,2.2270211328345226
1392915240.0,2.2862122561838305
1392917940.0,2.252564096578851
1392920640.0,2.2186479581812364
1392923340.0,2.2344480472481223
1392926040.0,2.2726482014112435
1392928740.0,2.3306187986070768
1392931440.0,2.332295831609599
1392934140.0,2.3935922492924533
1392936840.0,2.348252075598225
1392939540.0,2.342009725541061
1392942240.0,2.3382955873885294
1392944940.0,2.3738623499427263
1392947640.0,2.344958733592307
1392950340.0,2.381242252051834
1392953040.0,1.2503330107766146
1392955740.0,2.238776846134499
1392958440.0,2.228025670082218
1392961140.0,2.2138986184951364
1392963840.0,2.1951926467696694
1392966540.0,2.156019261646918
1392969240.0,2.074812293583193
1392971940.0,2.045813725934181
1392974640.0,2.0084868394129103
1392977340.0,2.061250064223998
1392980040.0,2.0561959366272617
1392982740.0,2.0342752973999723
1392985440.0,1.9211283920551523
1392988140.0,1.9320164466963092
1392990840.0,1.9306904694273044
1392993540.0,1.9160388723135497
1392996240.0,1.9773608014196498
1392998940.0,1.9463158640467668
1393001640.0,2.0233148770265075
1393004340.0,2.051335907196858
1393007040.0,1.9820372442298435
1393009740.0,1.9809044642288427
1393012440.0,2.073970704327337
1393015140.0,2.0142768511413465
1393017840.0,2.102699882932768
1393020540.0,2.198290360123565
1393023240.0,2.058130070259267
1393025940.0,2.0913400072137733
1393028640.0,3.7329132410541774
1393031340.0,3.7566904685370446
1393034040.0,3.906944014592966
1393036740.0,3.8872325023203302
1393039440.0,3.8752935125617682
1393042140.0,2.7163435243832055
1393044840.0,2.035071411858155
1393047540.0,2.007581022251827
1393050240.0,2.0072742074362395
1393052940.0,1.9814786940804083
1393055640.0,1.9039920982637568
1393058340.0,1.7994595299877574
1393061040.0,1.7822249727400958
1393063740.0,1.7444571520746308
1393066440.0,1.7802616840812675
1393069140.0,1.815267823546094
1393071840.0,2.8169788617144604
1393074540.0,2.9177634710055145
1393077240.0,2.919953301527471
1393079940.0,2.9777299436198064
1393082640.0,2.9349830107822754
1393085340.0,2.9655424794460714
1393088040.0,3.0065373004328535
1393090740.0,2.95541193879842
1393093440.0,2.932442883018041
1393096140.0,3.0160758172552846
1393098840.0,3.019490385641461
1393101540.0,2.9895023680202257
1393104240.0,3.041186774713765
1393106940.0,3.1226264547541973
1393109640.0,3.0863054261519096
1393112340.0,3.056710899755956
1393115040.0,3.040065176911696
1393117740.0,2.9796338092573365
1393120440.0,3.1015652900746318
1393123140.0,3.14693162714957
1393125840.0,3.0892783739594165
1393128540.0,3.1191500358889357
1393131240.0,3.0300514126966505
1393133940.0,3.048457418812461
1393136640.0,1.5419084577396802
1393139340.0,1.2302368232153071
1393142040.0,1.0881901342623905
1393144740.0,1.0569746256452959
1393147440.0,1.0425817399162725
1393150140.0,1.0425172150419257
1393152840.0,1.064833342989516
1393155540.0,1.1322766107122675
1393158240.0,0.8776528589405075
1393160940.0,1.4523987128591216
1393163640.0,2.8077526651989615
1393166340.0,2.6442097127189186
1393169040.0,2.680509977255724
1393171740.0,2.7178088206652546
1393174440.0,2.838621128277964
1393177140.0,2.8221431807559156
1393179840.0,2.7445541633933317
1393182540.0,2.786119284806148
1393185240.0,2.8854272961166316
1393187940.0,2.9610111895434557
1393190640.0,3.009817485101962
1393193340.0,2.989128831984033
1393196040.0,2.946703461075913
1393198740.0,2.879988228834577
1393201440.0,1.372657177016265
1393204140.0,1.2117913732625425
1393206840.0,1.3056640926354817
1393209540.0,2.3801925424118053
1393212240.0,2.4802292287203613
1393214940.0,2.421505186560182
1393217640.0,2.4026723867026476
1393220340.0,2.45746840559309
1393223040.0,2.4534260712071614
1393225740.0,2.4620784052813747
1393228440.0,2.430667214979337
1393231140.0,2.3653029083540105
1393233840.0,1.5883893366914208
1393236540.0,1.1887126600583429
1393239240.0,1.265832054053874
1393241940.0,1.305854599573479
1393244640.0,1.1891870631513939
1393247340.0,1.1498113528892304
1393250040.0,1.1438650065405227
1393252740.0,1.1107321431002788
1393255440.0,1.17365419736052
1393258140.0,1.087133179674538
1393260840.0,1.1858245462404398
1393263540.0,1.0904577366878243
1393266240.0,1.0437841673256116
1393268940.0,1.0713791458908304
1393271640.0,2.5212150230872794
1393274340.0,2.720803094924804
1393277040.0,2.757661455700486
1393279740.0,2.8261772216148415
1393282440.0,2.8407877482010804
1393285140.0,1.6289344355764683
1393287840.0,1.4136739762401476
1393290540.0,1.3008293538331372
1393293240.0,1.3420487704769357
1393295940.0,1.3103019364013448
1393298640.0,1.3434674519845657
1393301340.0,1.249646601185134
1393304040.0,1.1141854160781008
1393306740.0,1.160885716192638
1393309440.0,1.1419524444353328
1393312140.0,1.2101140982644552
1393314840.0,1.16550186637744
1393317540.0,1.1654157467853565
1393320240.0,1.1176031930231147
1393322940.0,1.1817905990982354
1393325640.0,0.7323527055003183
1393328340.0,0.2643420896955604
1393331040.0,-0.005748457066715673
1393333740.0,0.02785822764644763
1393336440.0,0.02755667806763995
1393339140.0,-0.012479439323158203
1393341840.0,0.005642449546030548
1393344540.0,-0.01705845042886267
1393347240.0,-0.002673051241288249
1393349940.0,-0.058930710884112614
1393352640.0,-0.04516174224113456
1393355340.0,-0.034414202631808166
1393358040.0,1.438286169393848
1393360740.0,1.6940848559589199
1393363440.0,1.738009467052109
1393366140.0,1.8095161503201211
1393368840.0,1.8408576001219785
1393371540.0,1.8562882152633051
1393374240.0,0.6269630251223361
1393376940.0,0.5058505732836807
1393379640.0,0.446722113603812
1393382340.0,0.49912154347748583
1393385040.0,0.44771041782775
1393387740.0,0.4211067012070089
1393390440.0,0.41125833373507703
1393393140.0,0.38753336557346074
1393395840.0,0.4521852340325836
1393398540.0,0.5158914233719543
1393401240.0,0.4053477141922599
1393403940.0,0.38348894977963255
1393406640.0,0.464581634788658
1393409340.0,0.5766214228183344
1393412040.0,0.5067964405488397
1393414740.0,0.6582732984750237
1393417440.0,0.47064454587780347
1393420140.0,-0.6997430617524287
1393422840.0,-0.8920044714369624
1393425540.0,-0.9970358549489333
1393428240.0,-0.945303981219638
1393430940.0,-0.945563665756822
1393433640.0,-0.9125305776651658
1393436340.0,-0.9272867471193535
1393439040.0,-0.9636763922181331
1393441740.0,-0.9305229390669183
1393444440.0,0.697638497338346
1393447140.0,0.9693270116233634
1393449840.0,1.039541185325504
1393452540.0,1.1679260007301195
1393455240.0,1.1121574738569393
1393457940.0,1.1796149685345085
1393460640.0,1.1012882245083233
1393463340.0,0.9020792083236415
1393466040.0,-0.15870782361520241
1393468740.0,-0.23310970091989702
1393471440.0,-0.26399271563877846
1393474140.0,-0.2043963072460997
1393476840.0,-0.26723415069830025
1393479540.0,-0.29622057802828294
1393482240.0,-0.27581708576462916
1393484940.0,-0.27954863114723594
1393487640.0,-0.28141834033880286
1393490340.0,-0.3701461985627361
1393493040.0,-0.2797534788430198
1393495740.0,-0.20150154480057836
1393498440.0,-0.14834993613391134
1393501140.0,-0.13347663435797585
1393503840.0,-0.2238522945089585
1393506540.0,-0.21937958845921912
1393509240.0,-0.17847200420362697
1393511940.0,-0.29314317114477717
1393514640.0,-0.2537694687840144
1393517340.0,-0.26674625161092536
1393520040.0,-1.4041134656092709
1393522740.0,-1.6185118689162437
1393525440.0,-1.6573452311831716
1393528140.0,-1.6822876980189676
1393530840.0,-1.5670648482382603
1393533540.0,0.19209295217865474
1393536240.0,0.35940542089497285
1393538940.0,0.4170836792676482
1393541640.0,0.39243254040593456
1393544340.0,0.4417575202728017
1393547040.0,0.3919630443312485
1393549740.0,0.3143475130526667
1393552440.0,0.3165989409986878
1393555140.0,0.38082281209926805
1393557840.0,0.3295031524680212
1393560540.0,0.3344064589444997
1393563240.0,-0.853184441030578
1393565940.0,-0.8822637389795318
1393568640.0,-0.9356585449290264
1393571340.0,-0.9510457863805755
1393574040.0,-0.9655645807282554
1393576740.0,-0.9495294095456188
1393579440.0,-0.9546879119524192
1393582140.0,-0.8253787251984477
1393584840.0,-0.7655927708947843
1393587540.0,-0.7681502563328308
1393590240.0,-0.7833397533668744
1393592940.0,-0.702956797368472
1393595640.0,-0.7940733770499264
1393598340.0,-0.9107817321374796
1393601040.0,-0.8911880859006374
1393603740.0,-0.9364451559030726
1393606440.0,-0.9121138973253551
1393609140.0,-0.9243042466122233
1393611840.0,-0.8666131212850701
1393614540.0,-0.9514107462488823
1393617240.0,-0.8890842727030304
1393619940.0,0.7856413307064258
1393622640.0,1.1242695896110604
1393625340.0,1.1727612469303494
1393628040.0,0.8933613687264597
1393630740.0,-0.2488260659204684
1393633440.0,-0.32534848685685347
1393636140.0,-0.40310205709715774
1393638840.0,-0.41410369631796584
1393641540.0,-0.35649896225845623
1393644240.0,-0.3677385814860372
1393646940.0,-0.4446523601540662
1393649640.0,-0.5249123894647028
1393652340.0,-0.529110571288129
1393655040.0,-0.5051056871594142
1393657740.0,-0.506695908817278
1393660440.0,-0.5391616640533243
1393663140.0,-0.5400624403392271
1393665840.0,-0.45903201580239283
1393668540.0,-0.3548247382450995
1393671240.0,-0.3245399803508917
1393673940.0,-0.19741841441896213
1393676640.0,-0.36232459666507566
1393679340.0,-0.40931764792367176
1393682040.0,-0.4046153188182302
1393684740.0,-0.3870395982357877
1393687440.0,-0.4271446710982332
1393690140.0,-0.4194485264439436
1393692840.0,-0.30775883847024943
1393695540.0,-0.3994141701864464
1393698240.0,-0.36712022884091766
1393700940.0,-0.2762676853547532
1393703640.0,-0.34471777667477
1393706340.0,-0.2670139407514398
1393709040.0,0.6763524941851529
1393711740.0,0.04874618538303821
1393714440.0,-0.14313536821850903
1393717140.0,-0.184376283825884
1393719840.0,-0.3382390978201215
1393722540.0,-0.2862726293679998
1393725240.0,-0.19776781539707144
1393727940.0,-0.21987157626733733
1393730640.0,-0.1594720236369085
1393733340.0,-0.33332069243249407
1393736040.0,-0.24405114674374317
1393738740.0,-0.241312489807342
1393741440.0,-0.28284765045793847
1393744140.0,-1.2871037585163094
1393746840.0,-1.4146215861074438
1393749540.0,-1.4606810575082818
1393752240.0,-0.15539155187639153
1393754940.0,0.0006454533490227732
1393757640.0,0.1014470443771529
1393760340.0,0.09317273501761747
1393763040.0,0.09948002350841989
1393765740.0,0.1277148220360118
1393768440.0,0.0884699089834271
1393771140.0,0.05427381083825367
1393773840.0,0.06951180492040976
1393776540.0,0.099420622537707
1393779240.0,0.10117708547659277
1393781940.0,0.012950374359547823
1393784640.0,0.04061952743739994
1393787340.0,0.05648111676867984
1393790040.0,0.13920684744323353
1393792740.0,0.10294191987821932
1393795440.0,0.14954991966828857
1393798140.0,0.32702237839947657
1393800840.0,0.09263445663032144
1393803540.0,0.046043140088272594
1393806240.0,0.0787356655196163
1393808940.0,0.015367909266501556
1393811640.0,0.10762392630425666
1393814340.0,0.05042673123153918
1393817040.0,0.06353568144612609
1393819740.0,-0.0089813023704437
1393822440.0,0.03343618705548579
1393825140.0,-0.013684357981617268
1393827840.0,0.01002324447256342
1393830540.0,-0.21742043925576127
1393833240.0,-1.0103035408573646
1393835940.0,-1.1759917311416075
1393838640.0,-1.0903317983380134
1393841340.0,-0.20877625847998615
1393844040.0,0.24777053143554895
1393846740.0,0.281605718180856
1393849440.0,0.2336106523281387
1393852140.0,0.23787379521962748
1393854840.0,0.26135159201390934
1393857540.0,0.20218179743233122
1393860240.0,0.21446178620107048
1393862940.0,0.2661018573156184
1393865640.0,0.21760910043468584
1393868340.0,0.19899417262229235
1393871040.0,0.2456863704712191
1393873740.0,0.1415819060115382
1393876440.0,0.23761112226787873
1393879140.0,0.25231603916540735
1393881840.0,0.3098825864288983
1393884540.0,0.26651802660728663
1393887240.0,-0.8359315981314239
1393889940.0,-1.0903835365129453
1393892640.0,-1.0608735395330768
1393895340.0,0.1465118421883176
1393898040.0,0.2508226856836586
1393900740.0,0.325668200781422
1393903440.0,0.22597368175644306
1393906140.0,0.23314617471942256
1393908840.0,0.23871336095101015
1393911540.0,0.22581383423363377
1393914240.0,0.23727112865589106
1393916940.0,0.15778914046848058
1393919640.0,-0.00645951457653382
1393922340.0,-0.6047178080578419
1393925040.0,-0.9769245320227924
1393927740.0,-1.0348252001472247
1393930440.0,-0.9744378461402903
1393933140.0,-0.8977770694330047
1393935840.0,-0.9560171987110948
1393938540.0,-0.9930313362498282
1393941240.0,-0.9520877527608036
1393943940.0,-0.960245373868986
1393946640.0,-0.9700402462269722
1393949340.0,-0.9217398904852985
1393952040.0,-0.9026924502713314
1393954740.0,-0.9079251259675516
1393957440.0,-0.9412910364837899
1393960140.0,-0.9163583169266758
1393962840.0,-0.9435053409069951
1393965540.0,-0.9206726735341135
1393968240.0,-0.8246093481599814
1393970940.0,-0.8832092885060092
1393973640.0,-0.9076029741916045
1393976340.0,-0.4035883582673705
1393979040.0,-0.6200921631044025
1393981740.0,-0.49289519356824485
1393984440.0,-0.5494986643772677
1393987140.0,-0.5340935115069101
1393989840.0,-0.4812819489428648
1393992540.0,-0.5640874401695442
1393995240.0,-0.6056719954623873
1393997940.0,-0.4914531408212497
1394000640.0,-0.49066538411636884
1394003340.0,-0.5328040018595175
1394006040.0,-0.4946345984685081
1394008740.0,0.44030870359995333
1394011440.0,0.46917573705218274
1394014140.0,-0.34933263581018537
1394016840.0,-0.5687159335179217
1394019540.0,-0.5085054488545211
1394022240.0,-0.5861026329717447
1394024940.0,-0.6503917669811017
1394027640.0,-0.6991603666206743
1394030340.0,-0.7269909260953114
1394033040.0,-0.6748792305946836
1394035740.0,-0.6554831073473224
1394038440.0,-0.6218503197131326
1394041140.0,-0.6680442768477519
1394043840.0,-0.6122653019829158
1394046540.0,-0.5792156987532167
1394049240.0,-0.5367932176712884
1394051940.0,-0.5006164163324343
1394054640.0,-0.373959895387145
1394057340.0,0.774365107481799
1394060040.0,0.8148552529503377
1394062740.0,0.8274967166586862
1394065440.0,0.705927460423311
1394068140.0,0.627049799314193
1394070840.0,-0.47974968551199026
1394073540.0,-0.6383479401362138
1394076240.0,-0.6213361723362709
1394078940.0,-0.7073422619110943
1394081640.0,-0.7293049131933458
1394084340.0,-0.7253026551100561
1394087040.0,-0.6721628565506421
1394089740.0,-0.7614123549378746
1394092440.0,-0.7830234908945499
1394095140.0,0.08293912875927845
1394097840.0,0.4341709070962452
1394100540.0,0.49804405363966
1394103240.0,0.5169050653250906
1394105940.0,0.5539403453349792
1394108640.0,0.5863334646052749
1394111340.0,0.532270151934938
1394114040.0,0.4144901665910652
1394116740.0,0.3921466872017163
1394119440.0,0.39510481367847206
1394122140.0,0.4472591060245463
1394124840.0,0.4146200467046697
1394127540.0,0.4209913521311819
1394130240.0,0.40586250681872116
1394132940.0,0.457563657679259
1394135640.0,0.5077001688839005
1394138340.0,0.6991841572875614
1394141040.0,1.7972084393609862
1394143740.0,1.8733545873901676
1394146440.0,1.833909803523568
1394149140.0,1.8860515617440683
1394151840.0,1.7976003575384993
1394154540.0,1.805887308836759
1394157240.0,1.811332256057085
1394159940.0,1.7364777614336617
1394162640.0,0.18594701782484435
1394165340.0,-0.08085517472733272
1394168040.0,-0.1582712272715412
1394170740.0,-0.1700074573875554
1394173440.0,-0.13755001348152973
1394176140.0,-0.16853052730749596
1394178840.0,-0.2030813169603789
1394181540.0,-0.15519786938585867
1394184240.0,0.890669750840118
1394186940.0,1.057658748979577
1394189640.0,1.0774473690599393
1394192340.0,1.0399352178259278
1394195040.0,1.095140502110155
1394197740.0,1.0592873409972299
1394200440.0,0.8245842039818854
1394203140.0,0.808615057673876
1394205840.0,0.7668556620762956
1394208540.0,0.7528656649456025
1394211240.0,0.6146036922482949
1394213940.0,0.5690518248279659
1394216640.0,0.47675230484742315
1394219340.0,0.4975361719106104
1394222040.0,0.6568599801098003
1394224740.0,0.7467598082632207
1394227440.0,1.8838480419148027
1394230140.0,2.067626599504763
1394232840.0,2.0516883681033846
1394235540.0,2.0804433537625187
1394238240.0,1.9685713581419577
1394240940.0,2.0371239336236044
1394243640.0,2.0938701929561603
1394246340.0,2.0954068190225144
1394249040.0,2.0629460897743
1394251740.0,1.9278561560659568
1394254440.0,1.9221627934703065
1394257140.0,1.9196241182742142
1394259840.0,2.036611693422117
1394262540.0,1.930006955600561
1394265240.0,0.19876130608548692
1394267940.0,-0.046859701219318595
1394270640.0,-0.042089828884513736
1394273340.0,0.11417808914558236
1394276040.0,1.3025824323540292
1394278740.0,1.4017826127075637
1394281440.0,1.243183372063072
1394284140.0,1.2443887232351472
1394286840.0,1.2352831405793836
1394289540.0,1.3211291441610342
1394292240.0,1.3284509234620714
1394294940.0,1.3851797315458043
1394297640.0,1.321541855193857
1394300340.0,1.2717592711744032
1394303040.0,1.3493281412349347
1394305740.0,1.2846714670557162
1394308440.0,1.4059474163547634
1394311140.0,1.4311645914362998
1394313840.0,1.5451566422771066
1394316540.0,1.6299910591744151
1394319240.0,2.6189099708228696
1394321940.0,2.700587120345915
1394324640.0,2.644654027149329
1394327340.0,2.713988687795222
1394330040.0,2.671030622888452
1394332740.0,2.6644436393989395
1394335440.0,2.6119971340374946
1394338140.0,1.1454633862688297
1394340840.0,0.8401111284316016
1394343540.0,0.8387108675492527
1394346240.0,0.8585672427707323
1394348940.0,0.823007098545304
1394351640.0,0.7159648803416871
1394354340.0,0.8062653210629946
1394357040.0,0.7694594798016965
1394359740.0,0.8904805194935648
1394362440.0,0.941412410694511
1394365140.0,0.8790618423262231
1394367840.0,0.7710681736256788
1394370540.0,0.6915044145710567
1394373240.0,-0.3355940562870501
1394375940.0,-0.3358747919780285
1394378640.0,-0.2237029335753391
1394381340.0,0.9020046685524221
1394384040.0,0.9153865423870684
1394386740.0,0.8826358128654306
1394389440.0,0.934346470219225
1394392140.0,0.8851286308695876
1394394840.0,0.8997801266056058
1394397540.0,0.9247753494300355
1394400240.0,1.0550186611525305
1394402940.0,0.992737827600422
1394405640.0,1.0276758014835536
1394408340.0,0.9359074304405226
1394411040.0,0.9543219005657875
1394413740.0,1.0184299707442506
1394416440.0,1.0344906904953177
1394419140.0,1.0810486420729717
1394421840.0,1.0821536030830998
1394424540.0,1.0469213501819468
1394427240.0,1.0241073851422584
1394429940.0,0.9750230694827451
1394432640.0,-0.32208762255339707
1394435340.0,-0.5104099679762157
1394438040.0,-0.6369536479151634
1394440740.0,-0.5846445343127584
1394443440.0,-0.579950194615833
1394446140.0,-0.5384076097005277
1394448840.0,-0.5119424854195245
1394451540.0,-0.5084900828173318
1394454240.0,-0.18415286327706326
1394456940.0,-0.2504850132105503
1394459640.0,-0.45591881968147163
1394462340.0,-0.4505437199040898
1394465040.0,1.076569124322134
1394467740.0,1.123214836876059
1394470440.0,1.1953756306542118
1394473140.0,1.0119532137142073
1394475840.0,0.9844346951560965
1394478540.0,1.0002077627522112
1394481240.0,1.0243791835555953
1394483940.0,1.3304865153647256
1394486640.0,1.2728540014033456
1394489340.0,1.150304280351122
1394492040.0,1.2482182247832725
1394494740.0,1.2640571023520124
1394497440.0,2.1515272188313475
1394500140.0,2.4025147174473886
1394502840.0,2.586590356875604
1394505540.0,2.5681897110681575
1394508240.0,2.654096842575484
1394510940.0,2.5563700639992817
1394513640.0,1.424044978358154
1394516340.0,0.8964503435291817
1394519040.0,0.8524194405832191
1394521740.0,0.7921401377475377
1394524440.0,0.7367158706326222
1394527140.0,0.7089347510903394
1394529840.0,0.6889525169643207
1394532540.0,0.7235644791944651
1394535240.0,0.7511138408997908
1394537940.0,0.8223024530595922
1394540640.0,0.8409309871288997
1394543340.0,0.8279938373723894
1394546040.0,0.7591262589792791
1394548740.0,0.7445957156256782
1394551440.0,0.7037113610738857
1394554140.0,0.6362837206018526
1394556840.0,0.6552904643698412
1394559540.0,0.8899772211393611
1394562240.0,0.7628385053967008
1394564940.0,2.061332468690921
1394567640.0,2.359962916169877
1394570340.0,2.3731843448683776
1394573040.0,2.3842394963130573
1394575740.0,2.3081381829637735
1394578440.0,2.374544638825853
1394581140.0,2.3742090362085264
1394583840.0,2.3721174033481134
1394586540.0,2.308468859905929
1394589240.0,2.347884266924723
1394591940.0,2.4173044699542743
1394594640.0,2.3869929450472114
1394597340.0,2.280321243274784
1394600040.0,0.9632208121799977
1394602740.0,0.6596387228779008
1394605440.0,0.5856773629188865
1394608140.0,0.538505895944752
1394610840.0,0.5267094671058317
1394613540.0,0.44805603729355425
1394616240.0,0.5499952984621927
1394618940.0,0.5929025880544714
1394621640.0,0.6300106237413843
1394624340.0,0.6948036902886088
1394627040.0,0.5829090765389537
1394629740.0,0.5325379136946253
1394632440.0,0.4912764611648299
1394635140.0,0.4751032447031207
1394637840.0,0.5684707236038662
1394640540.0,0.6315517713716758
1394643240.0,0.5171465833754496
1394645940.0,0.5330592722399388
1394648640.0,0.5187804076215343
1394651340.0,1.547603212743354
1394654040.0,2.286757163553716
1394656740.0,2.4206210803559998
1394659440.0,2.4599102585158903
1394662140.0,2.483000973100161
1394664840.0,2.447421451926516
1394667540.0,1.4438543614973582
1394670240.0,0.7271993528063945
1394672940.0,0.7665865081241918
1394675640.0,0.7377260970972088
1394678340.0,0.736887863296829
1394681040.0,0.6687498783251158
1394683740.0,0.7161331627780214
1394686440.0,0.7683549623351951
1394689140.0,0.7896007953315234
1394691840.0,0.8929516688579611
1394694540.0,0.8608780320906817
1394697240.0,0.872288023842259
1394699940.0,0.7728815575236467
1394702640.0,0.7770821490894946
1394705340.0,0.8703485331228649
1394708040.0,0.8598906695106621
1394710740.0,0.8761653525297106
1394713440.0,0.6287953406872475
1394716140.0,0.6011000266304904
1394718840.0,0.5766173646707671
1394721540.0,0.681740160080949
1394724240.0,0.3485457526361415
1394726940.0,0.753397290497162
1394729640.0,0.6929096482456316
1394732340.0,0.7118774179215848
1394735040.0,0.7734810143031723
1394737740.0,2.3533374133693883
1394740440.0,2.6505506765941504
1394743140.0,2.800233871703938
1394745840.0,2.811098884073317
1394748540.0,2.8128852473799952
1394751240.0,2.244327868486664
1394753940.0,1.028694309323953
1394756640.0,0.883845233014938
1394759340.0,0.9106759230571697
1394762040.0,0.890396731373869
1394764740.0,0.9366673651529709
1394767440.0,0.9368248764769191
1394770140.0,0.9570529616336785
1394772840.0,0.9253903750207542
1394775540.0,0.9355624700816065
1394778240.0,1.0261730152006976
1394780940.0,2.228474499948902
1394783640.0,2.231425347863194
1394786340.0,2.279061796637677
1394789040.0,2.315780914922982
1394791740.0,2.4618431201795374
1394794440.0,2.4506358233445553
1394797140.0,2.4707403871370275
1394799840.0,2.2712291133264557
1394802540.0,2.3271739500349327
1394805240.0,2.2375829776642036
1394807940.0,2.25777447027167
1394810640.0,2.3165181382931337
1394813340.0,2.2821472313005984
1394816040.0,2.3072881478807403
1394818740.0,2.3321556707302875
1394821440.0,2.2973149516397484
1394824140.0,2.3785273173922974
1394826840.0,3.5913273889301536
1394829540.0,3.7381967539059815
1394832240.0,3.688993224110618
1394834940.0,3.0356703661117876
1394837640.0,1.9546674597584683
1394840340.0,1.8653063465092146
1394843040.0,1.8095061881194852
1394845740.0,1.8322458991199824
1394848440.0,1.8149746927327897
1394851140.0,1.7986423672350043
1394853840.0,1.8548222556240148
1394856540.0,1.794791983196319
1394859240.0,1.8181728792377498
1394861940.0,1.7966192717119611
1394864640.0,1.7896021940617857
1394867340.0,1.8093378660710187
1394870040.0,1.7922719707503916
1394872740.0,1.9073682526704374
1394875440.0,2.824893911042409
1394878140.0,3.201169041940318
1394880840.0,3.2391083410464034
1394883540.0,3.1986754806097792
1394886240.0,3.4137067012328544
1394888940.0,3.150047862156214
1394891640.0,3.0189515275702092
1394894340.0,1.8561255260550524
1394897040.0,1.8055987302553262
1394899740.0,1.8339902805739712
1394902440.0,1.806378285270796
1394905140.0,1.7329568977701229
1394907840.0,1.736630490059781
1394910540.0,1.736722066933737
1394913240.0,1.758834741298358
1394915940.0,1.9444078588703064
1394918640.0,2.8408779130247694
1394921340.0,3.0504085790868203
1394924040.0,2.9791128301931167
1394926740.0,2.8911703132538946
1394929440.0,2.744429947940546
1394932140.0,2.0320881468886114
1394934840.0,1.7309230311840906
1394937540.0,1.8419798082421721
1394940240.0,1.7513170054252782
1394942940.0,1.64619785345036
1394945640.0,1.7111509124526947
1394948340.0,1.7072416775440615
1394951040.0,1.7345187620525735
1394953740.0,1.664557819802269
1394956440.0,1.630895386400482
1394959140.0,1.6597693287212678
1394961840.0,1.6777077244654492
1394964540.0,1.7743462911337815
1394967240.0,1.8701383410685821
1394969940.0,1.8937207503798845
1394972640.0,2.044048947055444
1394975340.0,1.8935646817409975
1394978040.0,1.8302265217295712
1394980740.0,1.9021485493147452
1394983440.0,1.8775749487218718
1394986140.0,1.8777075326057684
1394988840.0,1.8413840425711214
1394991540.0,1.8685177633265084
1394994240.0,1.8574324846233026
1394996940.0,1.9167928128371727
1394999640.0,1.8935645230926639
1395002340.0,2.4254742431990053
1395005040.0,2.566694396574576
1395007740.0,2.0250956307465913
1395010440.0,1.93188060127153
1395013140.0,1.8500293143513886
1395015840.0,1.9142066677915182
1395018540.0,1.9216366584621483
1395021240.0,1.8861586315402405
1395023940.0,1.9303434407246982
1395026640.0,1.9092271382945114
1395029340.0,1.8438464557356156
1395032040.0,1.8686967779315182
1395034740.0,1.8938307908894103
1395037440.0,1.849982159812896
1395040140.0,1.8132219014414659
1395042840.0,2.699521317637675
1395045540.0,1.8657651258993155
1395048240.0,1.8896678141386474
1395050940.0,1.9162838659240151
1395053640.0,1.9923016890362533
1395056340.0,1.9893620954765083
1395059040.0,1.938932311122585
1395061740.0,1.9284864074022607
1395064440.0,1.9532260008375602
1395067140.0,2.0327761259273416
1395069840.0,1.8821010800414228
1395072540.0,1.883967381128059
1395075240.0,1.8904130175521345
1395077940.0,1.9204231406952772
1395080640.0,1.8823231715606994
1395083340.0,1.985334766226515
1395086040.0,1.9819411272213756
1395088740.0,2.006731862450522
1395091440.0,3.151572929003578
1395094140.0,3.1561827494907106
1395096840.0,2.039848730670201
1395099540.0,1.9274580188801451
1395102240.0,1.9166698158176132
1395104940.0,1.8926696369059641
1395107640.0,1.9075260894291546
1395110340.0,1.8733741535564263
1395113040.0,1.8609496726436419
1395115740.0,1.8437559396544998
1395118440.0,1.8121999808735723
1395121140.0,1.8176533632733936
1395123840.0,1.8187176936943956
1395126540.0,1.7895922019666841
1395129240.0,1.7665954301651823
1395131940.0,1.8142312073397306
1395134640.0,2.9171045441988213
1395137340.0,3.1271857911457914
1395140040.0,2.1757408674390035
1395142740.0,2.0158924940844827
1395145440.0,1.8999468198248906
1395148140.0,1.9166371788572292
1395150840.0,1.9813731097364666
1395153540.0,2.0885241422176932
1395156240.0,1.9889385439303169
1395158940.0,1.950777410811554
1395161640.0,1.8974565971080892
1395164340.0,1.8539718954541513
1395167040.0,1.7949169635728595
1395169740.0,1.847184486667686
1395172440.0,1.794517426930554
1395175140.0,1.8274548015336336
1395177840.0,1.8328689571337122
1395180540.0,2.6017014651883414
1395183240.0,3.1036702730457932
1395185940.0,3.12130235242023
1395188640.0,2.614673175788141
1395191340.0,1.8758480326168296
1395194040.0,1.8515207435601155
1395196740.0,1.8266587705790016
1395199440.0,1.7704269492213598
1395202140.0,1.7670227701107137
1395204840.0,1.7273670851270708
1395207540.0,1.7758299937266884
1395210240.0,1.7316318302751483
1395212940.0,1.6982590182369108
1395215640.0,1.657444747342936
1395218340.0,1.6298972761002233
1395221040.0,1.7003564766915815
1395223740.0,1.817950011780681
1395226440.0,1.8248015561372313
1395229140.0,2.3018973960058133
1395231840.0,3.0410443762384034
1395234540.0,3.114277632576261
1395237240.0,3.1836308598602727
1395239940.0,3.1323207429699664
1395242640.0,3.0943864423007312
1395245340.0,3.0599177876047747
1395248040.0,3.0092869880023727
1395250740.0,3.09832692141174
1395253440.0,3.0219090886675986
1395256140.0,3.096833274634889
1395258840.0,3.0809938345309433
1395261540.0,3.1579153558434996
1395264240.0,3.1254614339988507
1395266940.0,3.1198244282472842
1395269640.0,3.094650168707858
1395272340.0,3.0499124442382026
1395275040.0,1.8570933470643354
1395277740.0,1.335463965296185
1395280440.0,1.336478381076347
1395283140.0,1.2399073787633483
1395285840.0,1.1478172878682926
1395288540.0,1.1208042970857264
1395291240.0,1.1246651516263455
1395293940.0,1.1691511592452457
1395296640.0,1.104233225640769
1395299340.0,1.0314269368826672
1395302040.0,1.0258645443175283
1395304740.0,0.961372271301741
1395307440.0,0.08509669606081616
1395310140.0,1.1760033037082849
1395312840.0,1.6735771757826114
1395315540.0,1.781968799485412
1395318240.0,1.7568018907749092
1395320940.0,1.6280404803997612
1395323640.0,1.681665780565254
1395326340.0,1.7416291548431104
1395329040.0,1.7960579353094204
1395331740.0,1.7207057811694995
1395334440.0,1.7188880565882414
1395337140.0,1.7468987989618654
1395339840.0,1.648434615638962
1395342540.0,1.68784770424611
1395345240.0,1.6889159986794766
1395347940.0,1.7652129167955763
1395350640.0,1.7466683742981672
1395353340.0,1.784935587702705
1395356040.0,1.670464751070142
1395358740.0,2.7970606083273992
1395361440.0,3.0019603947263818
1395364140.0,3.012095358399563
1395366840.0,1.8707085329423307
1395369540.0,1.5327198090502634
1395372240.0,1.5081047023413703
1395374940.0,1.4633031290025542
1395377640.0,1.4136159422671426
1395380340.0,1.504457075757955
1395383040.0,1.5238498798643718
1395385740.0,1.4583799099669363
1395388440.0,1.5007435179159074
1395391140.0,1.5127025650777455
1395393840.0,1.4771095608387554
1395396540.0,1.491844936978282
1395399240.0,1.564617872943984
1395401940.0,2.1254603345079204
1395404640.0,2.695102084513792
1395407340.0,2.6385108243139825
1395410040.0,2.735992976664704
1395412740.0,2.7637232006206887
1395415440.0,2.7811053586578964
1395418140.0,2.7952666459140687
1395420840.0,2.7618726993509313
1395423540.0,2.744445931494056
1395426240.0,2.7666029794139035
1395428940.0,2.8048711691138237
1395431640.0,2.7864581377651803
1395434340.0,2.8659385282504672
1395437040.0,2.8183187536646983
1395439740.0,2.8461740014279258
1395442440.0,2.7842288997172773
1395445140.0,2.7058766686443505
1395447840.0,2.73285545444611
1395450540.0,2.7837097446082453
1395453240.0,2.7328075128398837
1395455940.0,2.2705621627272876
1395458640.0,0.9700854718461756
1395461340.0,0.9375074848484815
1395464040.0,0.8468553666369871
1395466740.0,0.859356702227899
1395469440.0,0.8763188840297289
1395472140.0,0.8339897222055583
1395474840.0,0.7702217495847776
1395477540.0,0.7474353454678635
1395480240.0,0.761333673626666
1395482940.0,0.713413299064257
1395485640.0,0.7924689724276277
1395488340.0,0.7067914556535584
1395491040.0,2.2599298782563437
1395493740.0,2.4530111596861275
1395496440.0,2.4112269345652635
1395499140.0,2.4412932927107818
1395501840.0,2.4449524403495957
1395504540.0,2.4434846526910974
1395507240.0,2.522646978137118
1395509940.0,2.494046018508641
1395512640.0,2.5516991740636286
1395515340.0,2.616706781891196
1395518040.0,2.5903530897913924
1395520740.0,2.6588587714173855
1395523440.0,2.659711977898155
1395526140.0,2.6925700710762612
1395528840.0,2.6660981840852855
1395531540.0,2.587743083837779
1395534240.0,1.0359851950503867
1395536940.0,1.2264413536319694
1395539640.0,2.1845062805450652
1395542340.0,2.236436125313162
1395545040.0,2.1149953057706057
1395547740.0,2.1355351302492522
1395550440.0,2.167018864512329
1395553140.0,2.141161850264041
1395555840.0,2.1602547841642377
1395558540.0,2.147774483078706
1395561240.0,2.020878524509385
1395563940.0,1.2137703913442124
1395566640.0,1.0469672444943399
1395569340.0,1.0545970075687023
1395572040.0,1.0197471551896342
1395574740.0,1.0109536637769452
1395577440.0,1.0098677007003403
1395580140.0,1.1424302468604424
1395582840.0,1.0937776060428632
1395585540.0,1.1118915718740823
1395588240.0,1.1454431758452301
1395590940.0,1.09098709042172
1395593640.0,1.0891929094516968
1395596340.0,1.1194087019149492
1395599040.0,1.0249227615648806
1395601740.0,2.527416676976145
1395604440.0,2.5816911014647985
1395607140.0,2.604581966871308
1395609840.0,2.643121379734737
1395612540.0,1.5891541724588478
1395615240.0,1.2410416347342448
1395617940.0,1.1642433653737498
1395620640.0,1.2449031404415223
1395623340.0,1.1489674811081727
1395626040.0,1.2034638591470639
1395628740.0,1.1521132477068363
1395631440.0,1.1961345453220815
1395634140.0,1.1453982813294488
1395636840.0,1.1388923506427773
1395639540.0,1.2101827594055976
1395642240.0,1.2496125263884323
1395644940.0,1.2271254324298297
1395647640.0,1.200882120416793
1395650340.0,1.188974364982755
1395653040.0,0.260837656791125
1395655740.0,0.06980478969092019
1395658440.0,0.05593981383043456
1395661140.0,0.07675313754839408
1395663840.0,-0.01784699673726209
1395666540.0,-0.019293465634802942
1395669240.0,0.07078432759260522
1395671940.0,0.13920686031963214
1395674640.0,0.056661298054109466
1395677340.0,0.006154143660523914
1395680040.0,0.043471858818634246
1395682740.0,1.5447969902699015
1395685440.0,1.6938332643618992
1395688140.0,1.7801899758989066
1395690840.0,1.7793841656984455
1395693540.0,1.8006772073077855
1395696240.0,1.6999393773008364
1395698940.0,0.7524236469381549
1395701640.0,0.47910925777887314
1395704340.0,0.3169081151718842
1395707040.0,0.4059275125612203
1395709740.0,0.3859360226903732
1395712440.0,0.3664650844677908
1395715140.0,0.41606988361593267
1395717840.0,0.44324414979928406
1395720540.0,0.3959120449365514
1395723240.0,0.3634143748806764
1395725940.0,0.44854581810938043
1395728640.0,0.49163872446160894
1395731340.0,0.43195851967482213
1395734040.0,0.4808050400752677
1395736740.0,0.4225057487502113
1395739440.0,0.45605552569787733
1395742140.0,0.32711317089444947
1395744840.0,-0.7722656801281005
1395747540.0,-0.8849002682360947
1395750240.0,-0.8977905694906667
1395752940.0,-0.947974372205465
1395755640.0,-0.8813780082905396
1395758340.0,-0.8915531973360658
1395761040.0,-0.9123729657999888
1395763740.0,-0.8516858240066085
1395766440.0,-0.8269504529904452
1395769140.0,0.6564816017248631
1395771840.0,0.946358328051133
1395774540.0,1.0080943582201485
1395777240.0,0.992079340694886
1395779940.0,1.0223034386215204
1395782640.0,1.0356664859269245
1395785340.0,1.0121622669876729
1395788040.0,-0.009245494747233352
1395790740.0,-0.19628949383024974
1395793440.0,-0.21185552397895435
1395796140.0,-0.19190061969896988
1395798840.0,-0.18394677356997136
1395801540.0,-0.14585475418709848
1395804240.0,-0.17143028503221558
1395806940.0,-0.19271934235621302
1395809640.0,-0.1780073650356826
1395812340.0,-0.19425040361829815
1395815040.0,-0.14869166163543923
1395817740.0,-0.15037927332036816
1395820440.0,-0.05684525390279305
1395823140.0,-0.06072788025954878
1395825840.0,-0.06078251413907765
1395828540.0,-0.07703236213376385
1395831240.0,-0.04519323978581724
1395833940.0,-0.079809751159587
1395836640.0,-1.1385821756439327
1395839340.0,-1.312120747390452
1395842040.0,-1.377047108896079
1395844740.0,-1.3897739856386124
1395847440.0,-1.3856204789354365
1395850140.0,-1.4222523048267703
1395852840.0,-1.373056671072618
1395855540.0,0.20477996231892348
1395858240.0,0.4062485853567068
1395860940.0,0.4867803139898115
1395863640.0,0.49951825072213296
1395866340.0,0.4869401005604459
1395869040.0,0.5379975636663517
1395871740.0,0.4873601252047024
1395874440.0,0.4289959567953474
1395877140.0,0.4788642610008651
1395879840.0,-0.30413204939293337
1395882540.0,-0.6688515396635921
1395885240.0,-0.6285548419843394
1395887940.0,-0.6546229003573671
1395890640.0,-0.6780957114302737
1395893340.0,-0.66802934937175
1395896040.0,-0.6398781799545645
1395898740.0,-0.5863441534839353
1395901440.0,-0.6257577865623603
1395904140.0,-0.6368899200355713
1395906840.0,-0.6272722730885789
1395909540.0,-0.5995923028199286
1395912240.0,-0.552720658619478
1395914940.0,-0.5289904302636614
1395917640.0,-0.5225077432303351
1395920340.0,-0.5267485083874703
1395923040.0,-0.582408611415417
1395925740.0,-0.5898613887911779
1395928440.0,-0.5592258415478568
1395931140.0,-0.5276103733758646
1395933840.0,-0.5046229212549633
1395936540.0,-0.5656994023536868
1395939240.0,-0.560886342882327
1395941940.0,-0.5471755235967066
1395944640.0,1.101544977467654
1395947340.0,1.2568123548078347
1395950040.0,1.2383522133168867
1395952740.0,1.2720610782755557
1395955440.0,1.3301170147718153
1395958140.0,1.32895818836721
1395960840.0,1.2489909105693187
1395963540.0,1.3013033664601608
1395966240.0,-0.3011717580043296
1395968940.0,-0.4415355421087952
1395971640.0,-0.4427160869850013
1395974340.0,-0.479721843549612
1395977040.0,-0.4907326183062537
1395979740.0,-0.5096543778544742
1395982440.0,-0.44351059022449135
1395985140.0,-0.3917083270461603
1395987840.0,-0.3999049153294436
1395990540.0,-0.38611919102504544
1395993240.0,-0.40635519056377234
1395995940.0,-0.4031860762561337
1395998640.0,-0.38253073660263226
1396001340.0,-0.3584109341526869
1396004040.0,-0.3791542085202195
1396006740.0,-0.4344252920895997
1396009440.0,-0.4525504314841555
1396012140.0,-0.4350228371230287
1396014840.0,-0.4601377359072103
1396017540.0,-0.4639595411284745
1396020240.0,-0.4368162373655764
1396022940.0,-0.41429383336952696
1396025640.0,-0.38867752385027643
1396028340.0,-0.39754394781590463
1396031040.0,-0.3623163475464821
1396033740.0,0.08906115354386657
1396036440.0,-0.08056593260482714
1396039140.0,-0.06373132231232148
1396041840.0,-0.0616559821517626
1396044540.0,-0.08771435061964894
1396047240.0,-0.16463616775234868
1396049940.0,-0.15882460552700195
1396052640.0,-0.13851018240478652
1396055340.0,-0.1255897025777699
1396058040.0,-0.11099504331946264
1396060740.0,-0.09769664923027221
1396063440.0,-0.09237201101257142
1396066140.0,-0.1759850084723098
1396068840.0,-0.05487605344188751
1396071540.0,0.936996864572393
1396074240.0,1.055555629574883
1396076940.0,1.0333030920637611
1396079640.0,1.0805630143706253
1396082340.0,1.2235578846031103
1396085040.0,1.2915656525339045
1396087740.0,1.3454137742430134
1396090440.0,1.3152628851829604
1396093140.0,1.3628092114030324
1396095840.0,1.137344255855055
1396098540.0,1.1817366448171356
1396101240.0,1.166867701520573
1396103940.0,1.1720828910191585
1396106640.0,1.188476683783506
1396109340.0,1.211383461698233
1396112040.0,1.2440882407137792
1396114740.0,1.1836439458437553
1396117440.0,1.3224472183007947
1396120140.0,1.2977302382179232
1396122840.0,2.5915678927212866
1396125540.0,2.685788677675532
1396128240.0,1.008826819896683
1396130940.0,0.8285096406650609
1396133640.0,0.7404605507841211
1396136340.0,0.7719781191458424
1396139040.0,0.7297780115496266
1396141740.0,0.7581771776924597
1396144440.0,0.7686492739655932
1396147140.0,0.7013635300951364
1396149840.0,0.7240155652175986
1396152540.0,0.7154194947234487
1396155240.0,0.8039648239331996
1396157940.0,0.7842954043676968
1396160640.0,0.7546631096956844
1396163340.0,0.677327141323758
1396166040.0,0.6839080851449353
1396168740.0,0.7184527694309963
1396171440.0,0.7804098683659504
1396174140.0,0.7123233013425647
1396176840.0,0.6943682084392435
1396179540.0,0.7262624930683046
1396182240.0,0.727306944293673
1396184940.0,0.7480306637946796
1396187640.0,0.7341571819463297
1396190340.0,0.7295269479471926
1396193040.0,0.7402522875749469
1396195740.0,0.7503241134393761
1396198440.0,0.7784893932141586
1396201140.0,0.7293268190201729
1396203840.0,0.8142118446642144
1396206540.0,0.8271207586471974
1396209240.0,2.1400047663537407
1396211940.0,2.608959902209847
1396214640.0,0.8665638563475113
1396217340.0,0.7687733723050769
1396220040.0,0.6799997714192045
1396222740.0,0.7766255697288784
1396225440.0,0.7423083808440083
1396228140.0,0.7774283470484988
1396230840.0,0.7702393281277864
1396233540.0,0.6988143844116621
1396236240.0,0.70659954254279
1396238940.0,0.7286524467527897
1396241640.0,0.8002453388767208
1396244340.0,0.7733386496183812
1396247040.0,-0.2178856452556488
1396249740.0,-0.4265880713119259
1396252440.0,-0.4175758724374532
1396255140.0,-0.4056551477594894
1396257840.0,-0.363575698762304
1396260540.0,-0.44587165092417536
1396263240.0,-0.3720994898571348
1396265940.0,-0.4513936166939061
1396268640.0,-0.4514022225512804
1396271340.0,-0.4011428014190983
1396274040.0,-0.39018407971326496
1396276740.0,-0.39494884437374367
1396279440.0,-0.3930213945086507
1396282140.0,-0.4511094112635874
1396284840.0,-0.43660236298637756
1396287540.0,-0.4940563222441483
1396290240.0,-0.4405205810317625
1396292940.0,-0.49658146059289265
1396295640.0,-0.44678081942566905
1396298340.0,0.7740851936711124
1396301040.0,0.017629043177237236
1396303740.0,-0.10147900127191178
1396306440.0,-0.15119612546732242
1396309140.0,-0.07511947411182973
1396311840.0,-0.14019667529146318
1396314540.0,-0.1114605825534909
1396317240.0,-0.05578253004614453
1396319940.0,-0.0742296480526079
1396322640.0,-0.11602900392671245
1396325340.0,-0.09722677183407313
1396328040.0,-0.11999580440084401
1396330740.0,-0.07864616057003104
1396333440.0,-0.10088617309935444
1396336140.0,-0.9815204376757833
1396338840.0,-0.13228672218014026
1396341540.0,0.09543590572394578
1396344240.0,0.11793818036989023
1396346940.0,0.17707068107148416
1396349640.0,0.19346342586919718
1396352340.0,0.22455124060621756
1396355040.0,0.11168287226576012
1396357740.0,0.16991004532644638
1396360440.0,0.23776911638503861
1396363140.0,0.18453897305136024
1396365840.0,0.22004130485947826
1396368540.0,0.2044620658380154
1396371240.0,0.2139762197744517
1396373940.0,0.2445232584794894
1396376640.0,0.3049294775298108
1396379340.0,0.19417943137216298
1396382040.0,0.25760330399396025
1396384740.0,1.3910383432063895
1396387440.0,0.9414143993213315
1396390140.0,0.1289165837540054
1396392840.0,0.05620309297313497
1396395540.0,-0.005118913161368255
1396398240.0,0.06619198702821905
1396400940.0,0.06054079717495142
1396403640.0,0.16883498463050728
1396406340.0,0.031361064204531885
1396409040.0,0.014039779972506494
1396411740.0,-0.02320669156540589
1396414440.0,0.007487544343177888
1396417140.0,-0.0091904817293198
1396419840.0,0.03766396042959741
1396422540.0,0.025340690024847845
1396425240.0,-0.04567734035236981
1396427940.0,0.13571589825960473
1396430640.0,0.17248941164820053
1396433340.0,0.22246678061037528
1396436040.0,0.1451563180966673
1396438740.0,0.14371510689119305
1396441440.0,0.27258082340222245
1396444140.0,0.20867535893574995
1396446840.0,0.16946339798704457
1396449540.0,0.11748735990107662
1396452240.0,0.14883493357626776
1396454940.0,0.21567313519403797
1396457640.0,0.22124485113209857
1396460340.0,0.19926916386560833
1396463040.0,0.2769335370134627
1396465740.0,0.20486141601617192
1396468440.0,0.2928179159223987
1396471140.0,1.2989224385466969
1396473840.0,1.4491784187363237
1396476540.0,1.4264903197441186
1396479240.0,0.12450931351025929
1396481940.0,-0.04852585854462177
1396484640.0,-0.026623828689025686
1396487340.0,-0.04960443377319734
1396490040.0,-0.021820533182790314
1396492740.0,-0.11190304613870694
1396495440.0,-0.05098662634696893
1396498140.0,-0.026834270441781882
1396500840.0,-0.03660377461682174
1396503540.0,-0.024124313194477054
1396506240.0,-0.002678993628308035
1396508940.0,-0.049358202903874826
1396511640.0,0.061920036182470994
1396514340.0,0.04515065096416038
1396517040.0,1.0941310318012256
1396519740.0,0.34144727135350195
1396522440.0,-0.027945966134836908
1396525140.0,-0.06329197295366384
1396527840.0,-0.020235274632000255
1396530540.0,-0.03779697447612307
1396533240.0,0.022073759104557666
1396535940.0,0.06268560128762601
1396538640.0,0.028557652133656575
1396541340.0,0.028878193890534476
1396544040.0,0.15028278065335599
1396546740.0,0.018109201403092356
1396549440.0,0.03020324754209014
1396552140.0,0.05366611794374876
1396554840.0,0.1494026803272277
1396557540.0,0.16619570233416425
1396560240.0,0.23234711956837373
1396562940.0,0.2887992823340255
1420464960.0,-0.5956811567164095
1420467660.0,-0.6746852378337849
1420470360.0,-0.7596564779823893
1420473060.0,-0.8051269127798832
1420475760.0,-0.8439916103297378
1420478460.0,-0.9047058096117553
1420481160.0,-0.9453035778017238
1420483860.0,-0.9736748548332912
1420486560.0,-0.9695339176686275
1420489260.0,-1.0317744783995977
1420491960.0,-1.8535089356788603
1420494660.0,-2.513448565063527
1420497360.0,-1.55622361136858
1420500060.0,-1.0828124832505637
1420502760.0,-1.092804263014898
1420505460.0,-1.073780428196244
1420508160.0,-1.0592337257913869
1420510860.0,-1.0992820305335727
1420513560.0,-1.1018173974470642
1420516260.0,-1.0622444593776095
1420518960.0,-1.1483929676988396
1420521660.0,-1.0916519028056086
1420524360.0,-1.0738239466695632
1420527060.0,-0.9886297654057898
1420529760.0,-1.7980620705776573
1420532460.0,-1.2155655556825877
1420535160.0,-1.144965725646614
1420537860.0,-1.1248442869760424
1420540560.0,-1.1212208228635063
1420543260.0,-1.0792700036068368
1420545960.0,-1.043801824273828
1420548660.0,-1.0927922078907386
1420551360.0,-1.0015713814838705
1420554060.0,-1.0828828145083662
1420556760.0,-1.0903532913719687
1420559460.0,-1.055531468164645
1420562160.0,-1.1105583796351652
1420564860.0,-1.0891392257977373
1420567560.0,-1.1224365687393174
1420570260.0,-1.1233831053502854
1420572960.0,-1.1320153032234543
1420575660.0,-1.127355144329158
1420578360.0,-1.1333743807547876
1420581060.0,-1.1059573385098815
1420583760.0,-1.842332652638504
1420586460.0,-2.4693021713099483
1420589160.0,-2.5371246186739995
1420591860.0,-2.4120365222146347
1420594560.0,-1.1940461148671488
1420597260.0,-1.1029116846809757
1420599960.0,-1.0995809500031442
1420602660.0,-1.104635490747114
1420605360.0,-1.1639711873958731
1420608060.0,-1.1565301003562922
1420610760.0,-1.108692915416384
1420613460.0,-1.0977482765401305
1420616160.0,-1.0466400275983574
1420618860.0,-1.0426035372334468
1420621560.0,-1.1866005600890048
1420624260.0,-2.0860466147331067
1420626960.0,-2.123057253603065
1420629660.0,-2.1065479829542255
1420632360.0,-2.098125903745313
1420635060.0,-2.1486237081705326
1420637760.0,-2.094068101268192
1420640460.0,-2.1071448582835046
1420643160.0,-2.193146240604108
1420645860.0,-2.1542094419489217
1420648560.0,-2.2068465927590637
1420651260.0,-2.2251353599143044
1420653960.0,-2.2388729122679365
1420656660.0,-2.274762989157864
1420659360.0,-2.2326885153903504
1420662060.0,-2.250067027822297
1420664760.0,-2.182419052180933
1420667460.0,-2.190947740473405
1420670160.0,-2.1403937164748186
1420672860.0,-2.199932825825954
1420675560.0,-0.7549140394326059
1420678260.0,-0.40815432473556257
1420680960.0,-0.3972826164171579
1420683660.0,-0.37678148103248077
1420686360.0,-0.3534745550918501
1420689060.0,-0.4458975259806266
1420691760.0,-0.3984494056738299
1420694460.0,-0.4103522354590723
1420697160.0,-0.4380900633851752
1420699860.0,-0.357042389343178
1420702560.0,-1.584217737509448
1420705260.0,-1.3233606368110031
1420707960.0,-0.9936867603334463
1420710660.0,-0.8952666093069865
1420713360.0,-0.8922028737854362
1420716060.0,-0.874203819344757
1420718760.0,-0.9356163928994192
1420721460.0,-0.9105778361755483
1420724160.0,-0.8476368995507642
1420726860.0,-0.8798353505741261
1420729560.0,-0.897770431482968
1420732260.0,-0.8589739256348139
1420734960.0,-0.925537044568955
1420737660.0,-0.9187829846158593
1420740360.0,-0.9230232702191188
1420743060.0,-0.8963328269712747
1420745760.0,-0.8695488248825427
1420748460.0,-0.9119490528753431
1420751160.0,-0.8973450465666701
1420753860.0,-0.8511664714107496
1420756560.0,-0.8818106166229995
1420759260.0,-2.207476694805962
1420761960.0,-2.3659422012626123
1420764660.0,-1.0801622379496507
1420767360.0,-0.9600979802225993
1420770060.0,-0.9870732026730025
1420772760.0,-0.9980137107125415
1420775460.0,-0.9968693850627801
1420778160.0,-0.9449245211362154
1420780860.0,-0.9715140414505754
1420783560.0,-0.937740566069067
1420786260.0,-0.9046499808783892
1420788960.0,-0.9500246578019187
1420791660.0,-0.8878663953038313
1420794360.0,-0.8912063540461759
1420797060.0,-0.8291578218767199
1420799760.0,-0.07695477077476198
1420802460.0,-0.8643521541565065
1420805160.0,-0.994409956848358
1420807860.0,-0.9519434168498151
1420810560.0,-0.8840113617502539
1420813260.0,-0.9505201717014984
1420815960.0,-0.9864620494121255
1420818660.0,-0.9607040028492406
1420821360.0,-1.025693403421542
1420824060.0,-0.9588684997615928
1420826760.0,-0.9869750098855548
1420829460.0,-1.0370326375802392
1420832160.0,-1.0205305998854897
1420834860.0,-1.0557262519062078
1420837560.0,-1.0409436604365965
1420840260.0,-0.9689245750304849
1420842960.0,-0.9988541259214685
1420845660.0,-1.0098120790971734
1420848360.0,-1.0637638289888969
1420851060.0,-1.0546612172572054
1420853760.0,-1.0108483721112975
1420856460.0,-1.0325794902083771
1420859160.0,-1.2863954194785947
1420861860.0,-2.3538391792500306
1420864560.0,-2.404335046924132
1420867260.0,-2.3682170445526936
1420869960.0,-2.3242092882375687
1420872660.0,-2.2474649160479316
1420875360.0,-1.3868685671056369
1420878060.0,-0.6997547716962913
1420880760.0,-0.7002299228838069
1420883460.0,-0.5952116327933368
1420886160.0,-0.49100008386926675
1420888860.0,-0.4540555437174021
1420891560.0,-0.6399040155263833
1420894260.0,-0.48799472458534865
1420896960.0,-0.5458923422770567
1420899660.0,-0.5146045587986805
1420902360.0,-0.5472717544560624
1420905060.0,-0.5864627265132754
1420907760.0,-0.5353067722208493
1420910460.0,-0.5577675304035097
1420913160.0,-0.5611848233153864
1420915860.0,-0.6747328745772165
1420918560.0,-0.658137228216674
1420921260.0,-0.6318502218028357
1420923960.0,-0.6226048874095227
1420926660.0,-0.5198948479946921
1420929360.0,-0.487777412644391
1420932060.0,-0.5429519838761507
1420934760.0,-0.5363210167549255
1420937460.0,-0.5655720401135795
1420940160.0,-0.13869083044693298
1420942860.0,0.9738199731669965
1420945560.0,-0.6268228911698657
1420948260.0,-0.8042601957244528
1420950960.0,-0.8773932101192372
1420953660.0,-0.8405185358457175
1420956360.0,-0.8696031500849699
1420959060.0,-0.8390909736792764
1420961760.0,-0.8614463652757536
1420964460.0,-0.8262462993507143
1420967160.0,-0.8363778422493056
1420969860.0,-0.8642073080547448
1420972560.0,-0.7315189065808454
1420975260.0,-0.06913230735415254
1420977960.0,0.3244488372063188
1420980660.0,0.49598349681133413
1420983360.0,0.5165282931718025
1420986060.0,0.4652657346492788
1420988760.0,0.4491220792223771
1420991460.0,0.426155944694699
1420994160.0,0.3745909238737113
1420996860.0,0.42381597699647955
1420999560.0,0.4469449543973383
1421002260.0,0.3800135281869643
1421004960.0,0.3629007466233247
1421007660.0,0.4162602338983561
1421010360.0,0.4040396240650921
1421013060.0,0.44303047267118245
1421015760.0,0.4842992967305122
1421018460.0,0.4321828975839139
1421021160.0,0.48638055356116183
1421023860.0,0.44154979140643036
1421026560.0,0.4425486193923689
1421029260.0,0.4645686016148147
1421031960.0,-1.0947319670662523
1421034660.0,-1.4072866309514893
1421037360.0,-1.4351001502632244
1421040060.0,-1.5167340707926655
1421042760.0,-1.499846010361523
1421045460.0,-1.526989571087995
1421048160.0,-0.16949256365029441
1421050860.0,-0.03710990196395869
1421053560.0,0.02048251505027565
1421056260.0,0.06513415508175058
1421058960.0,0.06411011385080201
1421061660.0,0.06039260184201112
1421064360.0,-0.03963053875855849
1421067060.0,0.04592895635198602
1421069760.0,0.06779988813218552
1421072460.0,0.08284174922692955
1421075160.0,0.1262084226370348
1421077860.0,0.1399814555473995
1421080560.0,0.1275494720693473
1421083260.0,0.12420241196633697
1421085960.0,0.055780669756416046
1421088660.0,0.045282596772437955
1421091360.0,0.04737914960901435
1421094060.0,0.09369280708449423
1421096760.0,0.15205937030276573
1421099460.0,0.13752718141853393
1421102160.0,0.1521499394363559
1421104860.0,0.0675407816482334
1421107560.0,0.12610029357364283
1421110260.0,0.13297982149890686
1421112960.0,0.06052579050856366
1421115660.0,0.07026952602450365
1421118360.0,-0.7294437966437499
1421121060.0,-1.6961225053894395
1421123760.0,-0.36035339544537237
1421126460.0,-0.17344699568820943
1421129160.0,-0.13824926571544438
1421131860.0,-0.0990977067399399
1421134560.0,-0.09444687223685833
1421137260.0,-0.15038469043616942
1421139960.0,-0.15807747635597025
1421142660.0,-0.06276207339647044
1421145360.0,-0.14142856209207366
1421148060.0,-0.20825248386671547
1421150760.0,-0.17688563729615225
1421153460.0,-0.11114304443594847
1421156160.0,-0.10735577907792049
1421158860.0,-0.16420117658020672
1421161560.0,-0.12045316144525486
1421164260.0,-0.0863975801312904
1421166960.0,-0.13116876599167426
1421169660.0,-0.18457179862929252
1421172360.0,-0.13768210036170103
1421175060.0,-0.10943470863333005
1421177760.0,-0.1273025107852277
1421180460.0,-0.19998735946080615
1421183160.0,-0.07916495947409885
1421185860.0,-0.052547412216995326
1421188560.0,-0.0691344234206781
1421191260.0,-0.12992967831644364
1421193960.0,-0.12229500794069281
1421196660.0,-0.10462351865237451
1421199360.0,-0.18628300248883534
1421202060.0,-0.13541864984097174
1421204760.0,-0.15664602965802032
1421207460.0,-1.5251628559543633
1421210160.0,-1.9712716737681717
1421212860.0,-1.9918236413738555
1421215560.0,-0.41637321491651846
1421218260.0,-0.24353581817746317
1421220960.0,-0.21440689031129523
1421223660.0,-0.23271166679830912
1421226360.0,-0.26917407463793097
1421229060.0,-0.3073622620304377
1421231760.0,-0.3207491808810232
1421234460.0,-0.2927505859202597
1421237160.0,-0.3131014510433374
1421239860.0,-0.2241918667894538
1421242560.0,-0.20459997632326576
1421245260.0,-0.2840561616955597
1421247960.0,-0.24223453075063617
1421250660.0,-0.2876255119714983
1421253360.0,-0.30778387435742616
1421256060.0,-0.27682743618737504
1421258760.0,-0.28519451916395155
1421261460.0,-0.32585911628899566
1421264160.0,-0.3428897298673519
1421266860.0,-0.34886922803895004
1421269560.0,-0.30730509850280896
1421272260.0,-0.32341830693872
1421274960.0,-0.30501499644554997
1421277660.0,-0.32069335807329935
1421280360.0,-0.29922269628286813
1421283060.0,-0.3062973817511079
1421285760.0,-0.2983108018910343
1421288460.0,-0.2704959528408608
1421291160.0,-0.2882570001752356
1421293860.0,-0.31324915502955264
1421296560.0,-2.026933172088434
1421299260.0,-2.0950809050553403
1421301960.0,-0.3772920107219875
1421304660.0,-0.31870818254975575
1421307360.0,-0.25203918495572
1421310060.0,-0.2831196625148209
1421312760.0,-0.40948832169175375
1421315460.0,-0.3333051446504669
1421318160.0,-0.31668954104441127
1421320860.0,-0.39265176787330347
1421323560.0,-0.2867745239973942
1421326260.0,-0.3191001713494188
1421328960.0,-0.37259370965790595
1421331660.0,-0.3903843908958038
1421334360.0,-1.3831381841951043
1421337060.0,-1.650067956833766
1421339760.0,-1.6757868065711818
1421342460.0,-1.7384647294562114
1421345160.0,-1.72632736464044
1421347860.0,-1.7252911620366262
1421350560.0,-1.8114231891738086
1421353260.0,-1.7302739839005312
1421355960.0,-1.7408475812058555
1421358660.0,-1.7295000426855154
1421361360.0,-1.701770303756632
1421364060.0,-1.7198269573846119
1421366760.0,-1.7663924853033564
1421369460.0,-1.6804206797014558
1421372160.0,-1.7324819337676445
1421374860.0,-1.7372267806700847
1421377560.0,-1.7065497760444828
1421380260.0,-1.7230337307825039
1421382960.0,-1.643195802150558
1421385660.0,-0.08453348346580469
1421388360.0,0.04549781925237539
1421391060.0,-0.8361749539494667
1421393760.0,-1.2989019570859455
1421396460.0,-1.389849356292018
1421399160.0,-1.4717238428338533
1421401860.0,-1.4269476334180808
1421404560.0,-1.4708966204298122
1421407260.0,-1.4033449821128556
1421409960.0,-1.4788214755516265
1421412660.0,-1.5030813104646654
1421415360.0,-1.5041762226150013
1421418060.0,-1.4234137457603993
1421420760.0,-1.461831903448683
1421423460.0,-1.3956524363929361
1421426160.0,-1.3584776952718016
1421428860.0,-1.4535800246908366
1421431560.0,-1.4590960889923963
1421434260.0,-1.4290454669563815
1421436960.0,-1.5253606310860732
1421439660.0,-1.4279301707547347
1421442360.0,-1.4409091466935706
1421445060.0,-1.406390462857587
1421447760.0,-1.4500098760533433
1421450460.0,-1.478170830579188
1421453160.0,-1.4669338809372903
1421455860.0,-1.3791481699446422
1421458560.0,-1.413578391138003
1421461260.0,-0.3122180694604708
1421463960.0,0.07238184418133642
1421466660.0,0.02649531361191748
1421469360.0,0.06030047645617742
1421472060.0,-0.04532832753397997
1421474760.0,-1.547260176946338
1421477460.0,-1.6039190117928683
1421480160.0,-1.6243397822958627
1421482860.0,-1.7023025232055602
1421485560.0,-1.766885029125774
1421488260.0,-1.7162029255582638
1421490960.0,-1.6775356822188314
1421493660.0,-1.5493821271980437
1421496360.0,-1.5897052104036788
1421499060.0,-1.484300780673891
1421501760.0,-2.0584108937907217
1421504460.0,-2.663785039817469
1421507160.0,-2.713994066845544
1421509860.0,-2.770245640248106
1421512560.0,-2.794713996334167
1421515260.0,-2.8248822612378603
1421517960.0,-2.8379950993676175
1421520660.0,-2.8207205058736804
1421523360.0,-2.797633503118618
1421526060.0,-2.767478451950751
1421528760.0,-2.7656829849831297
1421531460.0,-2.7524502020170303
1421534160.0,-2.6801793211246263
1421536860.0,-1.1515360140085704
1421539560.0,-1.0248857827428992
1421542260.0,-1.0213761808618074
1421544960.0,-1.0163243426290478
1421547660.0,-1.040430148928067
1421550360.0,-1.0500872536195516
1421553060.0,-1.0634649653329689
1421555760.0,-1.1353804669204806
1421558460.0,-1.0701560821751173
1421561160.0,-1.1186196231708436
1421563860.0,-2.4462356119012156
1421566560.0,-2.4754129513777343
1421569260.0,-2.5445565938778145
1421571960.0,-2.522068286275328
1421574660.0,-2.467098766319509
1421577360.0,-2.3777840895197073
1421580060.0,-1.2449469908283959
1421582760.0,-1.167314078732204
1421585460.0,-1.1411457599422192
1421588160.0,-1.151628058099618
1421590860.0,-1.2028206215153432
1421593560.0,-1.1860460061068352
1421596260.0,-1.241192641472935
1421598960.0,-1.2664786860393633
1421601660.0,-1.273705918867563
1421604360.0,-1.3470189751476482
1421607060.0,-1.3576868945918363
1421609760.0,-1.3878200513812544
1421612460.0,-1.323070853600825
1421615160.0,-1.305177175997187
1421617860.0,-1.2515789144141536
1421620560.0,-1.2249120908256828
1421623260.0,-1.1296787174824772
1421625960.0,-0.008040634174903971
1421628660.0,0.09282265486353936
1421631360.0,0.13214582976553402
1421634060.0,0.12470499681529645
1421636760.0,0.1705221307348097
1421639460.0,0.11639302196704193
1421642160.0,0.09182713426935152
1421644860.0,-1.4110567633251208
1421647560.0,-1.6537942627876419
1421650260.0,-1.6591896554699588
1421652960.0,-1.7167479850046448
1421655660.0,-1.788634085013257
1421658360.0,-1.82957715544444
1421661060.0,-1.827475658185847
1421663760.0,-1.8157239887682977
1421666460.0,-1.7456604521095187
1421669160.0,-1.9004463554094286
1421671860.0,-1.8191978950984549
1421674560.0,-1.8441143762765364
1421677260.0,-1.781836388536476
1421679960.0,-1.6663608387501085
1421682660.0,-1.7555558325280458
1421685360.0,-2.601235923353215
1421688060.0,-2.980455095064656
1421690760.0,-3.0021033058247895
1421693460.0,-2.995906690353479
1421696160.0,-3.0493725946761856
1421698860.0,-3.0149890708528346
1421701560.0,-2.9845567295247406
1421704260.0,-2.857069921395066
1421706960.0,-1.3535024783540734
1421709660.0,-1.3298148476742426
1421712360.0,-1.2688541475913553
1421715060.0,-1.2496961810605853
1421717760.0,-1.2875003991881613
1421720460.0,-1.3041602932478895
1421723160.0,-1.2613116762412346
1421725860.0,-1.2852451705272756
1421728560.0,-1.295567666367333
1421731260.0,-1.7900424713020584
1421733960.0,-2.4606915585018214
1421736660.0,-2.6035072214130537
1421739360.0,-2.6043629738192067
1421742060.0,-2.475946869417669
1421744760.0,-1.5558699901792465
1421747460.0,-1.4490181485053881
1421750160.0,-1.439785581828687
1421752860.0,-1.3497532913439727
1421755560.0,-1.3355879292491863
1421758260.0,-1.281005433167138
1421760960.0,-1.2794367715249564
1421763660.0,-1.322058461461836
1421766360.0,-1.2470116622745309
1421769060.0,-1.2755449851382537
1421771760.0,-1.2481954774329438
1421774460.0,-1.2584159048362835
1421777160.0,-1.2566175758258282
1421779860.0,-1.230129094337201
1421782560.0,-1.2471910418996117
1421785260.0,-1.2544153111999776
1421787960.0,-1.222335553064113
1421790660.0,-1.2789024708571333
1421793360.0,-0.1614013825877123
1421796060.0,0.038076278864537016
1421798760.0,0.10872942082397685
1421801460.0,0.1559244910077382
1421804160.0,0.11701957340824265
1421806860.0,0.1375437501859551
1421809560.0,0.17756416508308348
1421812260.0,0.1500936507776487
1421814960.0,-1.178492500576624
1421817660.0,-1.5896982858632214
1421820360.0,-1.6003862490019287
1421823060.0,-1.7053113332234489
1421825760.0,-1.6552355078018195
1421828460.0,-1.6097244607520338
1421831160.0,-1.7102711704915805
1421833860.0,-1.6094294503867559
1421836560.0,-0.5188363948822143
1421839260.0,-0.4552509258383566
1421841960.0,-0.3695438351638245
1421844660.0,-0.4084045273587549
1421847360.0,-0.38419067541332197
1421850060.0,-0.37086586617078865
1421852760.0,-0.3607881037648326
1421855460.0,-0.29561713289314184
1421858160.0,-0.3614861808314913
1421860860.0,-0.33328946548027716
1421863560.0,-0.468879026827949
1421866260.0,-0.4296140036354359
1421868960.0,-0.47938964630975534
1421871660.0,-0.45579831390233494
1421874360.0,-1.6128647667242149
1421877060.0,-1.861909301707101
1421879760.0,-1.9081560965518065
1421882460.0,-1.8806566694286175
1421885160.0,-0.7884954294848399
1421887860.0,-0.6716966969772216
1421890560.0,-0.6234066935148803
1421893260.0,-0.6252960269745813
1421895960.0,-0.6399884531314797
1421898660.0,-0.7020365513625393
1421901360.0,-0.6397105555978442
1421904060.0,-0.6759966916990265
1421906760.0,-1.1336371270991208
1421909460.0,-1.7485058402792788
1421912160.0,-1.773749826534754
1421914860.0,-1.845895294880279
1421917560.0,-1.9722910928770148
1421920260.0,-1.9129431232807974
1421922960.0,-1.7969169333524633
1421925660.0,-1.8205605974698642
1421928360.0,-1.5877256309043446
1421931060.0,-1.6838986969210055
1421933760.0,-1.7193202406092496
1421936460.0,-1.7165161979514778
1421939160.0,-1.7632623821325524
1421941860.0,-1.775212675484795
1421944560.0,-1.7192242429485987
1421947260.0,-1.7234236442619704
1421949960.0,-1.7612115785090054
1421952660.0,-1.7891930694474922
1421955360.0,-1.7760985323780574
1421958060.0,-1.7522887337114526
1421960760.0,-1.7029470541588125
1421963460.0,-1.6921106264043715
1421966160.0,-1.754422071258432
1421968860.0,-2.9073054191159713
1421971560.0,-2.201317699608637
1421974260.0,-1.4832879488923254
1421976960.0,-1.373350157054574
1421979660.0,-1.4054149773682525
1421982360.0,-1.4163491135454933
1421985060.0,-1.378781628129957
1421987760.0,-1.4000586041777296
1421990460.0,-1.379951077919884
1421993160.0,-1.3660612919675827
1421995860.0,-1.3930016200131945
1421998560.0,-1.5135445944138155
1422001260.0,-1.5705444720660466
1422003960.0,-1.837086792090588
1422006660.0,-2.5133449311545633
1422009360.0,-2.5548736770870732
1422012060.0,-2.5315696464723487
1422014760.0,-2.4543608044620555
1422017460.0,-2.401717733764997
1422020160.0,-2.4125766598078826
1422022860.0,-2.362588939250827
1422025560.0,-2.4075860039599775
1422028260.0,-2.3827117939094364
1422030960.0,-2.41690483609608
1422033660.0,-2.4490826518717768
1422036360.0,-2.41077471187657
1422039060.0,-2.449693741516512
1422041760.0,-2.444132140658894
1422044460.0,-2.4156648155286007
1422047160.0,-2.4397855410422835
1422049860.0,-2.4753851955920823
1422052560.0,-2.4847104139473117
1422055260.0,-2.492652971809207
1422057960.0,-2.4988782625712247
1422060660.0,-2.5458448100906708
1422063360.0,-0.747406116356558
1422066060.0,-0.5982893174743253
1422068760.0,-0.5255183451479866
1422071460.0,-0.48256819377610327
1422074160.0,-0.4583894391186618
1422076860.0,-0.4421362993098228
1422079560.0,-1.9978599365580294
1422082260.0,-2.1564064559200347
1422084960.0,-2.1766318402954425
1422087660.0,-2.226620708284827
1422090360.0,-2.216394873067088
1422093060.0,-2.2672219027419374
1422095760.0,-2.26115947774025
1422098460.0,-2.251837449583604
1422101160.0,-2.0703365772419033
1422103860.0,-2.0374784278070024
1422106560.0,-2.0617939379939685
1422109260.0,-2.0956479896276505
1422111960.0,-2.0792569229971036
1422114660.0,-2.0323578406552087
1422117360.0,-2.1161649345471005
1422120060.0,-2.1158617412166905
1422122760.0,-2.1529854194963036
1422125460.0,-2.1785848461516935
1422128160.0,-2.189354912698036
1422130860.0,-2.0495669401688588
1422133560.0,-2.1257987750067855
1422136260.0,-2.115342007694437
1422138960.0,-2.2045518822353642
1422141660.0,-2.196003161008946
1422144360.0,-2.211448014270104
1422147060.0,-2.2704227836638893
1422149760.0,-3.7305466799914484
1422152460.0,-3.0215767106288354
1422155160.0,-1.9034324534572988
1422157860.0,-1.870507878404112
1422160560.0,-1.8344750412524036
1422163260.0,-1.837850466326472
1422165960.0,-1.8301786358152299
1422168660.0,-1.8087264791378175
1422171360.0,-1.841854110576321
1422174060.0,-1.9346398945260148
1422176760.0,-2.0245188807056707
1422179460.0,-2.062294355067479
1422182160.0,-3.0008758109570977
1422184860.0,-3.1035131857763645
1422187560.0,-2.986388578770061
1422190260.0,-2.95140279897646
1422192960.0,-2.9752233573855165
1422195660.0,-2.9627817612350213
1422198360.0,-3.022484543369103
1422201060.0,-2.988958217937636
1422203760.0,-2.9908165614884865
1422206460.0,-2.9492685398365097
1422209160.0,-3.0839626665032824
1422211860.0,-3.0833722613357395
1422214560.0,-3.111287119070255
1422217260.0,-3.0179538039246268
1422219960.0,-3.039980156420313
1422222660.0,-3.0205064559826837
1422225360.0,-3.051288914109648
1422228060.0,-3.083325026626028
1422230760.0,-3.0621654819353807
1422233460.0,-3.0314378420563344
1422236160.0,-3.0573317195794516
1422238860.0,-3.06241110171311
1422241560.0,-2.0479686759301785
1422244260.0,-1.2169385408307107
1422246960.0,-1.192024071528806
1422249660.0,-2.513327052257978
1422252360.0,-2.6195824538392003
1422255060.0,-2.5948253424567156
1422257760.0,-2.6416957651009625
1422260460.0,-2.7384429477069716
1422263160.0,-2.6923809488018264
1422265860.0,-2.6340561463227345
1422268560.0,-2.61946943858095
1422271260.0,-2.591706041091811
1422273960.0,-2.387594055742454
1422276660.0,-2.4280542945693924
1422279360.0,-2.4590306685495875
1422282060.0,-2.4326691904048516
1422284760.0,-2.535343955391909
1422287460.0,-2.495062529700192
1422290160.0,-2.4669475219018295
1422292860.0,-2.4399035028063736
1422295560.0,-2.4868169925633197
1422298260.0,-2.6009019451432778
1422300960.0,-2.573241031142402
1422303660.0,-2.5610764729337347
1422306360.0,-2.6279132502270386
1422309060.0,-2.599296392212011
1422311760.0,-2.5443288815405367
1422314460.0,-2.5523780759421584
1422317160.0,-2.505147289996387
1422319860.0,-2.527010567430807
1422322560.0,-2.5445164605012565
1422325260.0,-2.472428132882442
1422327960.0,-2.471726752089694
1422330660.0,-1.0900273411543822
1422333360.0,-2.2789757936453725
1422336060.0,-2.476144474786338
1422338760.0,-2.431204496043165
1422341460.0,-2.4633218885766155
1422344160.0,-2.4674268143141376
1422346860.0,-2.5159431464622912
1422349560.0,-2.5324489161143333
1422352260.0,-2.511675406210429
1422354960.0,-2.436982809993765
1422357660.0,-2.5681669670548786
1422360360.0,-2.3269723868201027
1422363060.0,-2.415570044788012
1422365760.0,-2.3860965330397903
1422368460.0,-2.5516568514410096
1422371160.0,-2.528512140829889
1422373860.0,-2.497238015865946
1422376560.0,-2.4944417617323893
1422379260.0,-2.4572645913104907
1422381960.0,-2.3999497241765084
1422384660.0,-2.5223119589791168
1422387360.0,-2.4816444485387024
1422390060.0,-2.4708359007061063
1422392760.0,-2.547659926811207
1422395460.0,-2.481782112753308
1422398160.0,-2.4931833118485542
1422400860.0,-1.7622582627549264
1422403560.0,-0.8077886942162991
1422406260.0,-0.7082312362318817
1422408960.0,-0.7401437139246241
1422411660.0,-0.6710812856262578
1422414360.0,-0.7030719589627097
1422417060.0,-0.686175246459868
1422419760.0,-0.8501831634444557
1422422460.0,-2.443655460833895
1422425160.0,-2.5356786538823144
1422427860.0,-2.507403040099973
1422430560.0,-2.55739223826248
1422433260.0,-2.3537209124932588
1422435960.0,-1.5396550201811579
1422438660.0,-1.4748039435246483
1422441360.0,-1.3428685652120294
1422444060.0,-1.4994448427086695
1422446760.0,-1.329206137106837
1422449460.0,-1.4810770013853585
1422452160.0,-2.0799587953699756
1422454860.0,-2.613690588312352
1422457560.0,-2.7021748284540195
1422460260.0,-2.667882242986366
1422462960.0,-2.695177841184716
1422465660.0,-2.663763338584829
1422468360.0,-2.6996728641332766
1422471060.0,-2.731739343647803
1422473760.0,-2.739258725074535
1422476460.0,-2.711046238761128
1422479160.0,-2.686438556029998
1422481860.0,-2.6051443091899955
1422484560.0,-2.6016554643737777
1422487260.0,-1.2980168218604717
1422489960.0,-1.2310705334213594
1422492660.0,-1.181299296785994
1422495360.0,-1.1950618807616706
1422498060.0,-1.1887269807817233
1422500760.0,-1.1540259758183424
1422503460.0,-1.2644726857153614
1422506160.0,-1.1757016897394124
1422508860.0,-2.467854680823393
1422511560.0,-2.607210029045632
1422514260.0,-2.605995179837464
1422516960.0,-2.6731753394618636
1422519660.0,-2.6766077002023394
1422522360.0,-2.6802944449004826
1422525060.0,-2.4943558105947545
1422527760.0,-1.469800675089516
1422530460.0,-1.4802909761512524
1422533160.0,-1.2771565881843685
1422535860.0,-1.342920928713852
1422538560.0,-1.3802637673102254
1422541260.0,-1.39043489626971
1422543960.0,-1.4638224933034394
1422546660.0,-1.5057666868788147
1422549360.0,-1.5165001923261912
1422552060.0,-1.5472486370326806
1422554760.0,-1.5449520013441997
1422557460.0,-1.5595070996530467
1422560160.0,-1.483500866463828
1422562860.0,-1.4785302936356288
1422565560.0,-1.5071979780511242
1422568260.0,-1.4534629679467912
1422570960.0,-1.3258661671378036
1422573660.0,-0.1250777503018412
1422576360.0,-0.10513225935665105
1422579060.0,-0.03902529708580005
1422581760.0,-0.05697586520324194
1422584460.0,-0.04748237083157392
1422587160.0,0.017715037278264845
1422589860.0,-0.04671181279894654
1422592560.0,-0.07108426523666367
1422595260.0,-1.6776103621421043
1422597960.0,-1.812031779884478
1422600660.0,-1.8748603136211273
1422603360.0,-1.9032427925130264
1422606060.0,-1.9372401569147542
1422608760.0,-1.919794028851527
1422611460.0,-1.9073817764070782
1422614160.0,-1.884336585887354
1422616860.0,-1.5614865381880918
1422619560.0,-0.6070119085323995
1422622260.0,-0.6238124916655465
1422624960.0,-0.6412980389619065
1422627660.0,-1.5421241353368487
1422630360.0,-1.7913654496446725
1422633060.0,-1.8321505548963728
1422635760.0,-1.8705377108360608
1422638460.0,-1.8779435331381933
1422641160.0,-1.8875392113307612
1422643860.0,-1.958995957958848
1422646560.0,-1.9066759158199034
1422649260.0,-1.8838216420448362
1422651960.0,-1.9070886794062858
1422654660.0,-1.843727757318618
1422657360.0,-1.857825995289602
1422660060.0,-1.7931086106090675
1422662760.0,-0.8704896646663656
1422665460.0,-0.5665530834935453
1422668160.0,-0.5537356090829348
1422670860.0,-0.5479663833006612
1422673560.0,-0.5073108402633011
1422676260.0,-0.551854227954891
1422678960.0,-0.5755591027527771
1422681660.0,-0.5768216934391148
1422684360.0,-1.9351874087402052
1422687060.0,-1.9543441255687526
1422689760.0,-1.9636024219537376
1422692460.0,-1.9765946225766697
1422695160.0,-1.9795002267837845
1422697860.0,-2.0232155734966
1422700560.0,-1.9707322654135737
1422703260.0,-1.9888814220560107
1422705960.0,-1.937373888250363
1422708660.0,-1.960174281311538
1422711360.0,-1.9613616237808742
1422714060.0,-0.9026115009683053
1422716760.0,-0.6691027886625989
1422719460.0,-0.6299856002143542
1422722160.0,-0.7061881230454219
1422724860.0,-0.6478076234555488
1422727560.0,-0.7089745953201714
1422730260.0,-0.7559276366356471
1422732960.0,-0.756874903822677
1422735660.0,-0.721659677858554
1422738360.0,-0.7521628637639424
1422741060.0,-0.6572907227454721
1422743760.0,-0.6809911070196222
1422746460.0,-0.7148105762918817
1422749160.0,-0.6472483074272759
1422751860.0,-0.5872770453829617
1422754560.0,-0.5895362771322539
1422757260.0,0.1838900305557445
1422759960.0,0.6011401022334439
1422762660.0,0.6304110976592483
1422765360.0,0.6679690077870646
1422768060.0,0.36265447474102075
1422770760.0,-1.1043512351785694
1422773460.0,-1.172132534082607
1422776160.0,-1.2069001107267354
1422778860.0,-1.2826024732312362
1422781560.0,-1.2468670387993939
1422784260.0,-1.3333783567695718
1422786960.0,-1.2968545485391019
1422789660.0,-1.3147567676019776
1422792360.0,-1.2073189458034221
1422795060.0,-1.2550368051676628
1422797760.0,-1.2689956201018049
1422800460.0,-1.3493146377115295
1422803160.0,-1.3405920729029503
1422805860.0,-1.364845938522592
1422808560.0,-1.330315029659232
1422811260.0,-1.396502938179708
1422813960.0,-1.4171239489492677
1422816660.0,-1.4189421101687003
1422819360.0,-1.4507897219469896
1422822060.0,-1.4192740349251949
1422824760.0,-1.413433985593315
1422827460.0,-1.3876417636701035
1422830160.0,-1.3754232591636537
1422832860.0,-1.440103576339311
1422835560.0,-1.4299704939444382
1422838260.0,-1.311199566504115
1422840960.0,0.23542476005656
1422843660.0,0.4273616248875669
1422846360.0,0.4512571989046137
1422849060.0,0.4927214159569644
1422851760.0,0.49779790802068646
1422854460.0,0.505919611714603
1422857160.0,-0.9589631895799471
1422859860.0,-1.307465945120157
1422862560.0,-1.3604175400897702
1422865260.0,-1.4533159108332256
1422867960.0,-1.4474035291457312
1422870660.0,-1.4530262821876363
1422873360.0,-1.4443046319996142
1422876060.0,-1.4402437429939141
1422878760.0,-1.4998884094456457
1422881460.0,-1.4888247594923882
1422884160.0,-1.4654190963881888
1422886860.0,-1.5088562392687663
1422889560.0,-1.4944720431226415
1422892260.0,-1.459979953736763
1422894960.0,-1.4449528419515332
1422897660.0,-1.4455569871884677
1422900360.0,-1.5111183451529655
1422903060.0,-1.4959148280378258
1422905760.0,-1.5435782585918219
1422908460.0,-1.4687709589649671
1422911160.0,0.07233884263052914
1422913860.0,0.12317378381914068
1422916560.0,0.17725465360632597
1422919260.0,0.1093614599330408
1422921960.0,0.08238038397763603
1422924660.0,0.1650949771689625
1422927360.0,0.10614108580909942
1422930060.0,-0.7715888457580604
1422932760.0,-1.323412359912993
1422935460.0,-1.3767298899678053
1422938160.0,-1.3597895824894408
1422940860.0,-1.2777285681343074
1422943560.0,-1.2890453761864933
1422946260.0,-1.264618663307317
1422948960.0,-0.33069720523508295
1422951660.0,-0.10180821663885808
1422954360.0,-0.11050129780477391
1422957060.0,-0.0942964782435638
1422959760.0,-0.0814709204889823
1422962460.0,-0.1515462069367004
1422965160.0,-0.08588487063582306
1422967860.0,-0.1585490286948925
1422970560.0,-0.07298112026757053
1422973260.0,-0.1300477439582437
1422975960.0,-0.09222945792816972
1422978660.0,-0.10296069693708887
1422981360.0,-0.1639435337264672
1422984060.0,-0.17184177215864338
1422986760.0,-0.19219871810696532
1422989460.0,-0.18016833522477782
1422992160.0,-0.15444719193334322
1422994860.0,-0.1095721411032855
1422997560.0,-0.07096646527844541
1423000260.0,0.5776771223380592
1423002960.0,1.258414044284109
1423005660.0,1.2401354428131413
1423008360.0,-0.3711005225887334
1423011060.0,-0.39336576531354694
1423013760.0,-0.47178131124411493
1423016460.0,-0.4159016459539657
1423019160.0,-0.4434528436534606
1423021860.0,-0.4487208184939391
1423024560.0,-0.4125598592651727
1423027260.0,-0.3951888190013051
1423029960.0,-0.38796123606493893
1423032660.0,-0.4320037829365333
1423035360.0,-0.4149881060067173
1423038060.0,-0.28255461541795057
1423040760.0,0.654492856692741
1423043460.0,0.6314455134178161
1423046160.0,-0.37461463091204905
1423048860.0,-0.5760787389569373
1423051560.0,-0.42938361438842776
1423054260.0,-0.5038057299200887
1423056960.0,-0.4346263070664236
1423059660.0,-0.4787974432293254
1423062360.0,-0.4520307246398261
1423065060.0,-0.47199709863923545
1423067760.0,-0.5047178463331647
1423070460.0,-0.5217186584699789
1423073160.0,-0.5695202706078817
1423075860.0,-0.5443284859179016
1423078560.0,-0.4336846953563054
1423081260.0,-0.4863561381478121
1423083960.0,-0.49189678524243163
1423086660.0,-0.47834320729242563
1423089360.0,-0.48512246756655486
1423092060.0,-0.4770763549103094
1423094760.0,-0.4904998333410049
1423097460.0,-0.4441054466228138
1423100160.0,-0.4961014961726278
1423102860.0,-0.3981716423576245
1423105560.0,-0.45057809568459106
1423108260.0,-0.44395662744454967
1423110960.0,-0.3925287747488255
1423113660.0,-0.4103361417325573
1423116360.0,-0.35555754714624754
1423119060.0,-0.3757145176587642
1423121760.0,-0.3983388456633179
1423124460.0,-0.39211597119236785
1423127160.0,-0.38115436433270133
1423129860.0,-0.3252408022283362
1423132560.0,-0.3595038143523084
1423135260.0,-0.38070824366889155
1423137960.0,-0.3160818823899376
1423140660.0,-0.34817879914993455
1423143360.0,-0.36322951329782427
1423146060.0,-0.40308161326044
1423148760.0,-0.5081028370688614
1423151460.0,-0.4134664154225334
1423154160.0,-0.4006454636196395
1423156860.0,-0.46473820425239865
1423159560.0,-0.5410626692940923
1423162260.0,-0.49822603813487376
1423164960.0,-0.4027524535804332
1423167660.0,-0.4123098829604146
1423170360.0,-0.38454307546652444
1423173060.0,-0.3582913634230067
1423175760.0,-0.004996728799369521
1423178460.0,-0.10176151695617364
1423181160.0,-0.33851049101383524
1423183860.0,-0.39233758489643833
1423186560.0,-0.48309808892196315
1423189260.0,-0.36977907869442106
1423191960.0,-0.34996928198233945
1423194660.0,-0.3676968862788499
1423197360.0,-0.3931428357602158
1423200060.0,-0.38695255202964063
1423202760.0,-0.4010205836967202
1423205460.0,-0.37511800365820136
1423208160.0,-0.2932298398078501
1423210860.0,0.5054721777186728
1423213560.0,0.675690474729663
1423216260.0,-0.28968258668351154
1423218960.0,-0.3583828080136868
1423221660.0,-0.36397904240243406
1423224360.0,-0.42847043253595984
1423227060.0,-0.39270715268929735
1423229760.0,-0.40433930521925276
1423232460.0,-0.45932013574110897
1423235160.0,-0.4234601753559559
1423237860.0,-0.41698640750371396
1423240560.0,-0.37718440065151526
1423243260.0,-0.4199295783492403
1423245960.0,-0.48724015175423574
1423248660.0,-0.41665568961593635
1423251360.0,-0.3836862244965573
1423254060.0,-0.4510031981918132
1423256760.0,-0.39528489196186456
1423259460.0,-0.3697350945851099
1423262160.0,-0.39169284260481163
1423264860.0,0.602287068738292
1423267560.0,0.2659052292806905
1423270260.0,-0.38333094767892817
1423272960.0,-0.4096630358806692
1423275660.0,-0.34395979917036357
1423278360.0,-0.36996764916631264
1423281060.0,-0.3579485640619282
1423283760.0,-0.36551423776813863
1423286460.0,-0.34238840486415256
1423289160.0,-0.36642346732429587
1423291860.0,-0.32825912894497833
1423294560.0,-0.40172708341486896
1423297260.0,-0.4071843875065042
1423299960.0,-0.3078026343841316
1423302660.0,0.08588108096961378
1423305360.0,0.798313009911169
1423308060.0,0.8376198205175456
1423310760.0,0.817177186017318
1423313460.0,0.7692453565682627
1423316160.0,0.742788191905106
1423318860.0,0.7253218385537252
1423321560.0,0.7695234223367606
1423324260.0,0.7632796753340472
1423326960.0,0.8018081201531118
1423329660.0,0.8212107919326286
1423332360.0,0.7451325104378839
1423335060.0,0.8016938439792511
1423337760.0,0.803384351239572
1423340460.0,0.8150646983190768
1423343160.0,0.8512076146977279
1423345860.0,0.836029652551133
1423348560.0,0.8311003199818288
1423351260.0,0.8597301415293259
1423353960.0,0.8888741185553499
1423356660.0,0.8745343975681976
1423359360.0,-0.8487381651265764
1423362060.0,-0.9651476097574232
1423364760.0,-0.9766954017143803
1423367460.0,-0.9838328584053215
1423370160.0,-0.9468484374428385
1423372860.0,-1.0244054920348162
1423375560.0,-0.9665724083612872
1423378260.0,-0.9907868432720193
1423380960.0,-1.032096699976421
1423383660.0,0.047185502393631396
1423386360.0,0.5351093306312578
1423389060.0,0.6941513138794448
1423391760.0,0.5799759851181534
1423394460.0,0.6019861839916416
1423397160.0,0.5405070957304474
1423399860.0,0.6015922913995837
1423402560.0,0.5668250272422029
1423405260.0,0.4746774147187125
1423407960.0,0.5584906118350546
1423410660.0,0.6045473304102416
1423413360.0,0.6362788242818169
1423416060.0,0.6324340519246334
1423418760.0,0.6259760561075609
1423421460.0,0.6568547748693732
1423424160.0,0.6572153587978278
1423426860.0,0.7144385177475101
1423429560.0,0.7455351222512263
1423432260.0,0.7506023266348052
1423434960.0,0.7308162197082879
1423437660.0,0.7191023441848756
1423440360.0,1.9192529714039779
1423443060.0,2.191807364170643
1423445760.0,2.218025571156204
1423448460.0,0.5035609448354421
1423451160.0,0.3999131277537913
1423453860.0,0.36378525844537535
1423456560.0,0.24656732968549022
1423459260.0,0.24198269432275765
1423461960.0,0.23037992628024995
1423464660.0,0.1911648905068546
1423467360.0,0.142947299314244
1423470060.0,0.1337105915478105
1423472760.0,0.14699935520587815
1423475460.0,0.19498604003774744
1423478160.0,1.0369375343378806
1423480860.0,1.348188416474045
1423483560.0,1.3188140720923798
1423486260.0,1.326664244833637
1423488960.0,1.2851384059316047
1423491660.0,1.2199000537682991
1423494360.0,1.2836896698578926
1423497060.0,1.2670034345577506
1423499760.0,1.3092897583742342
1423502460.0,1.2884388393951554
1423505160.0,1.2959474676479203
1423507860.0,1.3478548913591908
1423510560.0,1.3891293529863447
1423513260.0,1.3656585701039603
1423515960.0,1.427905079346715
1423518660.0,1.4801935922499752
1423521360.0,1.4322254028455745
1423524060.0,1.4198676022292034
1423526760.0,1.4411900547845562
1423529460.0,1.447857538320136
1423532160.0,1.4244760485878487
1423534860.0,1.531373041662107
1423537560.0,0.4877902488764789
1423540260.0,-0.2517156134702532
1423542960.0,0.7950258307423042
1423545660.0,0.9074164564780745
1423548360.0,0.88111505903629
1423551060.0,0.8642089485304609
1423553760.0,0.7801791468515376
1423556460.0,0.7496250080062055
1423559160.0,0.7605724286754594
1423561860.0,0.7580777592447703
1423564560.0,0.753978553200966
1423567260.0,0.7601128370801007
1423569960.0,0.8121569468914345
1423572660.0,0.8269944170749568
1423575360.0,0.7472991631959189
1423578060.0,0.6734815568086105
1423580760.0,0.7403944368460884
1423583460.0,0.7019386418623981
1423586160.0,0.7254432991057911
1423588860.0,0.7571648624052614
1423591560.0,0.7327252882170683
1423594260.0,0.7415974573025323
1423596960.0,0.7357927071446397
1423599660.0,0.8498766731819956
1423602360.0,0.9036434034856597
1423605060.0,0.891916548810002
1423607760.0,0.9069845648248247
1423610460.0,0.8456776512512647
1423613160.0,0.8617326680258088
1423615860.0,0.8414651670117337
1423618560.0,0.8549162394589302
1423621260.0,0.8946783443286108
1423623960.0,-0.2760039062678743
1423626660.0,-0.93273299956968
1423629360.0,0.4534162461679898
1423632060.0,0.6215942430623045
1423634760.0,0.6457137793370293
1423637460.0,0.6577038881234785
1423640160.0,0.5908166815419236
1423642860.0,0.5343781051016663
1423645560.0,0.4735063221114615
1423648260.0,0.5081401844802258
1423650960.0,0.557451873949276
1423653660.0,0.508746652029231
1423656360.0,0.46938425869359435
1423659060.0,0.5018813894183154
1423661760.0,0.4504874621352428
1423664460.0,0.3859732508400384
1423667160.0,0.429027054104381
1423669860.0,0.4049150279713558
1423672560.0,0.5067154585185563
1423675260.0,0.4784324200275023
1423677960.0,0.45656057272685757
1423680660.0,0.4912526800981709
1423683360.0,0.5469802581390582
1423686060.0,0.5042983868165152
1423688760.0,0.5598317059037754
1423691460.0,0.5158666587529979
1423694160.0,0.527362971636478
1423696860.0,0.5985531293165991
1423699560.0,0.5921515912295376
1423702260.0,0.5255289445849485
1423704960.0,0.5926972030317756
1423707660.0,0.6024356919967886
1423710360.0,0.5670933445745732
1423713060.0,0.22909033613001384
1423715760.0,0.4390982356429731
1423718460.0,0.41068288650740215
1423721160.0,0.42484277209956645
1423723860.0,0.4652790345884341
1423726560.0,0.3357778092797048
1423729260.0,0.41055469479812245
1423731960.0,0.30306668661711456
1423734660.0,0.25885941522494704
1423737360.0,0.2952793210972686
1423740060.0,0.23866566933673994
1423742760.0,0.28922193416389064
1423745460.0,0.24394933901589866
1423748160.0,0.16462487728335873
1423750860.0,0.17650459515692773
1423753560.0,0.21165989325686496
1423756260.0,0.2512152645405763
1423758960.0,0.24649976418646702
1423761660.0,0.27334550425740645
1423764360.0,0.26527238213446935
1423767060.0,0.253000813546123
1423769760.0,0.35735284090731056
1423772460.0,0.3266357089238454
1423775160.0,0.32911967243268236
1423777860.0,0.3386678961566645
1423780560.0,0.18211424625292238
1423783260.0,0.2757008648943611
1423785960.0,0.2820241849463514
1423788660.0,0.25989476099221065
1423791360.0,0.38450479064385945
1423794060.0,0.37015166287926604
1423796760.0,0.40009667169391605
1423799460.0,1.9359178394603873
1423802160.0,0.3541754144883953
1423804860.0,0.25221482206967494
1423807560.0,0.2017577621963369
1423810260.0,0.28158575557932863
1423812960.0,0.21724121025454224
1423815660.0,0.2571236790386706
1423818360.0,0.22015023403304212
1423821060.0,0.18611947731324108
1423823760.0,0.1862707060782327
1423826460.0,0.1253163936605688
1423829160.0,0.10831944170388397
1423831860.0,0.03746310031124267
1423834560.0,-0.07754589505509557
1423837260.0,-1.1054492259747803
1423839960.0,-1.1218807958202888
1423842660.0,-1.1070927585142272
1423845360.0,-1.1075437060906097
1423848060.0,-1.1394206255559425
1423850760.0,-1.1215825315926509
1423853460.0,-1.1444707108293528
1423856160.0,-1.0734296287062648
1423858860.0,-1.0613591430119413
1423861560.0,-1.0657157501622123
1423864260.0,0.5181232806467619
1423866960.0,0.430053368029121
1423869660.0,0.44708309639810295
1423872360.0,0.4962675589450214
1423875060.0,0.42309996542320505
1423877760.0,0.4319967894886645
1423880460.0,0.4245969913753811
1423883160.0,0.45251016283123136
1423885860.0,0.5295197544608072
1423888560.0,0.5074227583385209
1423891260.0,0.5377580081588462
1423893960.0,0.48866715645539216
1423896660.0,-0.10163005009837889
1423899360.0,-1.0232160797363008
1423902060.0,-1.1049038370636595
1423904760.0,-1.1561783277880977
1423907460.0,-1.1252754162660494
1423910160.0,-1.1395122537075508
1423912860.0,-1.122441418531423
1423915560.0,-1.103259399441697
1423918260.0,-1.0535556616872555
1423920960.0,-0.8860213890326349
1423923660.0,0.1631905635797466
1423926360.0,0.2852992215074437
1423929060.0,0.25581968674316613
1423931760.0,0.31234448561195904
1423934460.0,0.2683012202965074
1423937160.0,0.272142593921501
1423939860.0,0.30192801535429226
1423942560.0,0.35069402958760065
1423945260.0,0.3465672863573559
1423947960.0,0.3190642708336213
1423950660.0,0.3995505609501606
1423953360.0,0.34928309483655084
1423956060.0,0.32193459481351283
1423958760.0,0.3829983899656213
1423961460.0,0.2920782828227857
1423964160.0,-1.1639976558963667
1423966860.0,-1.24085896984883
1423969560.0,-1.2526843141900486
1423972260.0,-1.2245607663834903
1423974960.0,-1.2549741797209322
1423977660.0,-1.2728404346309503
1423980360.0,-1.344543705209901
1423983060.0,-1.2887941784986765
1423985760.0,-1.3250210769850241
1423988460.0,-1.3424603165723283
1423991160.0,-1.3425167883673907
1423993860.0,-1.3407673763381354
1423996560.0,-1.4458924359388448
1423999260.0,-2.30394921022031
1424001960.0,-2.446745199972895
1424004660.0,-2.4310930861365136
1424007360.0,-2.531372000595127
1424010060.0,-2.5389005385956125
1424012760.0,-2.4900971458641266
1424015460.0,-1.1629392804408667
1424018160.0,-0.8758536662034544
1424020860.0,-0.8867822793908999
1424023560.0,-0.8818368274407362
1424026260.0,-0.7542636331359063
1424028960.0,-0.7541049926919641
1424031660.0,-0.764685600008363
1424034360.0,-0.7682977153922934
1424037060.0,-0.7607776238467636
1424039760.0,-0.8242521810114454
1424042460.0,-0.7743272479603434
1424045160.0,-0.7198363011542597
1424047860.0,-0.8415644785303016
1424050560.0,-1.9532052413656515
1424053260.0,-2.029071719542628
1424055960.0,-2.061915690310741
1424058660.0,-1.9926702752130154
1424061360.0,-2.0707498594613867
1424064060.0,-1.995212139823991
1424066760.0,-2.044109173194215
1424069460.0,-1.9828919647430894
1424072160.0,-2.0430487360986263
1424074860.0,-2.077674641224064
1424077560.0,-2.050404982572445
1424080260.0,-2.0245509268180513
1424082960.0,-2.084682917275245
1424085660.0,-2.043545916365076
1424088360.0,-2.1278491376774014
1424091060.0,-2.0197205788610972
1424093760.0,-3.2242032320870067
1424096460.0,-3.379744794039709
1424099160.0,-3.3925983487057465
1424101860.0,-3.368236876157937
1424104560.0,-3.344365471235733
1424107260.0,-3.337267184749294
1424109960.0,-1.633542857520922
1424112660.0,-1.4613559077531022
1424115360.0,-1.4621438661608863
1424118060.0,-1.4206561153943653
1424120760.0,-1.3880677549236111
1424123460.0,-1.4475105559204167
1424126160.0,-1.456171299494315
1424128860.0,-1.4250401078350023
1424131560.0,-1.4197318955243077
1424134260.0,-1.5189125228216653
1424136960.0,-1.4357061474162833
1424139660.0,-1.420934519189359
1424142360.0,-2.5944136634005304
1424145060.0,-2.73967228556495
1424147760.0,-2.7845818679925287
1424150460.0,-2.7503806711401353
1424153160.0,-2.79897620599354
1424155860.0,-2.7604629119326205
1424158560.0,-2.797112945853655
1424161260.0,-2.7161239625314124
1424163960.0,-1.3031917691852186
1424166660.0,-1.2246019911158328
1424169360.0,-1.201942593591525
1424172060.0,-1.207775519505617
1424174760.0,-1.1893892929104481
1424177460.0,-1.1606314154288384
1424180160.0,-1.2872041956621274
1424182860.0,-1.2223578239263588
1424185560.0,-1.1786394861219947
1424188260.0,-1.2105006802999014
1424190960.0,-1.1540366064846808
1424193660.0,-1.2229232121447922
1424196360.0,-1.2139466154682736
1424199060.0,-1.1475991990954526
1424201760.0,-1.1509930497213077
1424204460.0,-1.1390121024921882
1424207160.0,-0.1394718381411053
1424209860.0,0.22120424778654524
1424212560.0,0.247902758264388
1424215260.0,0.30139787817267916
1424217960.0,0.26572362915806025
1424220660.0,0.22750236506260535
1424223360.0,0.3370185390550091
1424226060.0,-0.22708172099987678
1424228760.0,-1.5015714311907686
1424231460.0,-1.506120637619631
1424234160.0,-1.5011892574933086
1424236860.0,-1.5488707713275858
1424239560.0,-1.5703923829882456
1424242260.0,-1.6628162072947816
1424244960.0,-1.6661567133467656
1424247660.0,-1.646753672356624
1424250360.0,-1.6526666127895737
1424253060.0,-1.5764708425207345
1424255760.0,-1.5525489242642152
1424258460.0,-1.58146024433114
1424261160.0,-1.6272509536375992
1424263860.0,-1.6874475100299264
1424266560.0,-1.6695351699644334
1424269260.0,-1.6145893049268238
1424271960.0,-1.5771101869979702
1424274660.0,-1.5624422063496581
1424277360.0,-1.4691046205282987
1424280060.0,-1.5602628777663767
1424282760.0,-1.543394850159416
1424285460.0,-1.5407423315701863
1424288160.0,-1.5982329666188662
1424290860.0,-2.9278871604313963
1424293560.0,-3.0135550523342545
1424296260.0,-1.4148276775433715
1424298960.0,-1.2885969989627597
1424301660.0,-1.2829342534067791
1424304360.0,-1.3056186257653053
1424307060.0,-1.3852989070500712
1424309760.0,-1.1334832883558192
1424312460.0,-1.119999124104993
1424315160.0,-1.1468555095136708
1424317860.0,-1.176434821869691
1424320560.0,-1.2251258755653112
1424323260.0,-1.3196138675941143
1424325960.0,-2.3474908631920925
1424328660.0,-2.411955959407578
1424331360.0,-2.5251003629313686
1424334060.0,-2.4639414334250773
1424336760.0,-1.277251373230456
1424339460.0,-1.0715293632230214
1424342160.0,-1.0216783894119317
1424344860.0,-1.0057179404226417
1424347560.0,-1.059527968896873
1424350260.0,-0.9953317572090441
1424352960.0,-1.0338582682138053
1424355660.0,-1.0045897491622782
1424358360.0,-0.9967521671254076
1424361060.0,-1.0064165967925192
1424363760.0,-0.9942092538186103
1424366460.0,-1.0311888027076748
1424369160.0,-1.0062847152486825
1424371860.0,-0.927436173112028
1424374560.0,-0.9635965162197522
1424377260.0,-0.9242931224247286
1424379960.0,-0.8609365793788015
1424382660.0,-0.0009823346592838789
1424385360.0,-0.5380423440016102
1424388060.0,-1.0407475307154073
1424390760.0,-1.0513670879981873
1424393460.0,-1.1391720797250287
1424396160.0,-1.0376367255620949
1424398860.0,-1.0065668456706476
1424401560.0,-1.0363515512153754
1424404260.0,-1.0584834593847177
1424406960.0,-1.017029934099071
1424409660.0,-1.0690394002652965
1424412360.0,-1.0894543012381064
1424415060.0,-1.1337007825015348
1424417760.0,-1.3484817519929493
1424420460.0,-2.219231652086876
1424423160.0,-2.290969067211904
1424425860.0,-2.3674847468785174
1424428560.0,-2.1254172752883846
1424431260.0,-0.9408194843010165
1424433960.0,-0.8403794888681091
1424436660.0,-0.8379928714461471
1424439360.0,-0.8948086501928856
1424442060.0,-0.842219395657537
1424444760.0,-0.8770266986130082
1424447460.0,-0.870098173628719
1424450160.0,-0.8777663243174629
1424452860.0,-0.8935744538618451
1424455560.0,-0.844818397576887
1424458260.0,-0.9038402100193821
1424460960.0,-0.8693095783791591
1424463660.0,-0.8491031999424763
1424466360.0,-0.7778709721557107
1424469060.0,-0.7548517579403438
1424471760.0,-0.7774005853968902
1424474460.0,-0.7889974279732428
1424477160.0,0.04057529674832949
1424479860.0,0.26708957726225435
1424482560.0,-0.8090620949494678
1424485260.0,-0.8772447854660754
1424487960.0,-0.9220752742454579
1424490660.0,-0.9712865930982844
1424493360.0,-0.9124307397627831
1424496060.0,-0.8984720713540355
1424498760.0,-0.9149177444857628
1424501460.0,-0.9590423474920726
1424504160.0,-1.0053602928618375
1424506860.0,-1.094701285429835
1424509560.0,-1.0788707004734874
1424512260.0,-1.140198735337549
1424514960.0,-1.104011617091146
1424517660.0,-1.115690886758955
1424520360.0,-1.0259205559524958
1424523060.0,-1.0806383487420703
1424525760.0,-1.1122023227379145
1424528460.0,-1.0896377704399356
1424531160.0,-1.105307298161165
1424533860.0,-1.0503615016804702
1424536560.0,-0.9737084504889708
1424539260.0,-1.007962263279694
1424541960.0,-0.9643336797306006
1424544660.0,-0.9646086258480864
1424547360.0,-0.9978620287304238
1424550060.0,-0.9602660874588196
1424552760.0,-1.0135554523783412
1424555460.0,-0.9943602614584961
1424558160.0,-1.0261418002052096
1424560860.0,-1.0298544547500796
1424563560.0,-1.0164774514418013
1424566260.0,-1.0823806935118228
1424568960.0,-0.9440674681977157
1424571660.0,-0.9578654704636165
1424574360.0,-0.9885870795550318
1424577060.0,-0.8872839629315195
1424579760.0,-0.9636566071102948
1424582460.0,-0.8809486437407372
1424585160.0,-0.8385156890892063
1424587860.0,-0.883592014644023
1424590560.0,-1.0255844761855997
1424593260.0,-1.6879144215852193
1424595960.0,-2.0639454401511443
1424598660.0,-2.0795752725134093
1424601360.0,-2.099087323339461
1424604060.0,-2.109640747811227
1424606760.0,-2.087121003888001
1424609460.0,-2.050121056061812
1424612160.0,-2.125311031106662
1424614860.0,-2.1023350376699455
1424617560.0,-2.0844790477310084
1424620260.0,-2.010913917175685
1424622960.0,-1.9951074201985648
1424625660.0,-2.02257457677365
1424628360.0,-1.9873151910503566
1424631060.0,-1.9586075177532507
1424633760.0,-2.0360382132522545
1424636460.0,-1.992461120788846
1424639160.0,-2.01061976435102
1424641860.0,-2.0742955249105535
1424644560.0,-2.110573461048716
1424647260.0,-2.17884427199283
1424649960.0,-2.2015742817700357
1424652660.0,-3.5115296303472974
1424655360.0,-2.559017309349997
1424658060.0,-1.7664896328676036
1424660760.0,-1.7455180370828884
1424663460.0,-1.6459433476410936
1424666160.0,-1.713088278633677
1424668860.0,-1.7067896507745672
1424671560.0,-1.6013200324973695
1424674260.0,-1.6307095050491967
1424676960.0,-1.583700588148929
1424679660.0,-1.6954598753701475
1424682360.0,-1.706846369602033
1424685060.0,-1.667149256282812
1424687760.0,-2.455064774642267
1424690460.0,-2.6120409133519047
1424693160.0,-2.759835408229094
1424695860.0,-2.8302027576909836
1424698560.0,-2.8811608962836317
1424701260.0,-2.8029823141094994
1424703960.0,-2.736078406666252
1424706660.0,-2.745385209382107
1424709360.0,-2.7649819261259267
1424712060.0,-2.7944134608997047
1424714760.0,-2.8127132694043553
1424717460.0,-2.723189456636419
1424720160.0,-2.772087698970438
1424722860.0,-2.756399826961001
1424725560.0,-2.7192182668101736
1424728260.0,-2.7824098713788317
1424730960.0,-2.7824375782072366
1424733660.0,-2.7442096059953656
1424736360.0,-2.812179337745306
1424739060.0,-1.2899278492649273
1424741760.0,-1.0354022446582007
1424744460.0,-0.9917679729336442
1424747160.0,-1.0291964083568246
1424749860.0,-1.0362992828805773
1424752560.0,-1.041559046009013
1424755260.0,-1.0530775240439425
1424757960.0,-0.975727434411624
1424760660.0,-1.0209743599261856
1424763360.0,-1.9195147891505258
1424766060.0,-2.602111764760309
1424768760.0,-2.4677650951411465
1424771460.0,-1.625610223405431
1424774160.0,-1.6374728151069462
1424776860.0,-1.570285270400916
1424779560.0,-1.5555320918390976
1424782260.0,-1.6499578673631277
1424784960.0,-1.6493497343964805
1424787660.0,-1.6066990384503583
1424790360.0,-1.5244558272171957
1424793060.0,-1.5209976794289446
1424795760.0,-1.52257723020017
1424798460.0,-1.5020529005233811
1424801160.0,-1.516478229191705
1424803860.0,-1.4214731930286462
1424806560.0,-1.4651181328421785
1424809260.0,-1.5253265552151447
1424811960.0,-1.4023528805177534
1424814660.0,-1.5095452205704305
1424817360.0,-1.516049892460046
1424820060.0,-1.411782711274384
1424822760.0,-0.35874850553068427
1424825460.0,-0.23139652973503644
1424828160.0,-0.5895326708648554
1424830860.0,-1.7365317080653426
1424833560.0,-1.764975110680723
1424836260.0,-1.7676843075134911
1424838960.0,-1.7482654305528627
1424841660.0,-1.7717551655537136
1424844360.0,-1.7059046248882623
1424847060.0,-1.7042791129906618
1424849760.0,-1.7824957775810617
1424852460.0,-1.8050011936343253
1424855160.0,-1.7838465940062633
1424857860.0,-1.7407476644516464
1424860560.0,-0.9987661727728323
1424863260.0,-1.403222800475021
1424865960.0,-1.7264933063763692
1424868660.0,-1.9370688370769358
1424871360.0,-2.003688622383379
1424874060.0,-1.9207417679250511
1424876760.0,-1.8904547871560453
1424879460.0,-1.8929202400887561
1424882160.0,-1.8538927030029981
1424884860.0,-1.9021033874481645
1424887560.0,-1.8680950968421826
1424890260.0,-1.8599684222614314
1424892960.0,-1.829547644676552
1424895660.0,-1.8996001503089133
1424898360.0,-1.7902889470774426
1424901060.0,-1.8073599950916446
1424903760.0,-1.7631611170078259
1424906460.0,-1.0192665656700228
1424909160.0,-0.7059698062744815
1424911860.0,-0.6546247588372012
1424914560.0,-0.5730296423201935
1424917260.0,-0.5724127827604661
1424919960.0,-0.5492888054247942
1424922660.0,-0.5700244050242986
1424925360.0,-0.5953910145437362
1424928060.0,-0.6171555474467709
1424930760.0,-0.5752444103840162
1424933460.0,-0.5976272087536358
1424936160.0,-1.9458071963657062
1424938860.0,-2.164041983739253
1424941560.0,-2.208862417710975
1424944260.0,-2.218996343917638
1424946960.0,-2.0745859104379747
1424949660.0,-1.4383171295490342
1424952360.0,-0.9445857791043863
1424955060.0,-0.9923382197800947
1424957760.0,-1.046460617620994
1424960460.0,-1.0277685865027024
1424963160.0,-1.0622957826763013
1424965860.0,-1.0976985739875431
1424968560.0,-1.1145550435066411
1424971260.0,-1.125669511718968
1424973960.0,-1.0471349782845891
1424976660.0,-1.0451085796183293
1424979360.0,-1.024473583530039
1424982060.0,-1.0081082065914302
1424984760.0,-0.9848164004657178
1424987460.0,-0.9873407600896371
1424990160.0,-0.9993346960397389
1424992860.0,-0.9250908773951778
1424995560.0,-1.0291436470108124
1424998260.0,-0.8690324055365295
1425000960.0,-0.7569729875169742
1425003660.0,-0.11421288825181364
1425006360.0,0.1777631539892468
1425009060.0,0.128616005602737
1425011760.0,-1.2418628267467966
1425014460.0,-1.563144657393707
1425017160.0,-1.5375250374107168
1425019860.0,-1.6485917890532278
1425022560.0,-1.5829054356804022
1425025260.0,-1.6321833584484011
1425027960.0,-1.6191700768878832
1425030660.0,-1.6223731948786053
1425033360.0,-1.6082382318687678
1425036060.0,-1.6415065303758638
1425038760.0,-1.6110770277258553
1425041460.0,-1.6903335638252202
1425044160.0,-1.6947961502684166
1425046860.0,-1.7031606539094355
1425049560.0,-1.721310529479581
1425052260.0,-1.7241425139500848
1425054960.0,-1.774200608190597
1425057660.0,-1.7482613659967114
1425060360.0,-1.7094003383992913
1425063060.0,-1.766331275523612
1425065760.0,-1.7551640975471514
1425068460.0,-1.6622147729925132
1425071160.0,-1.692549942999392
1425073860.0,-0.36332499854040634
1425076560.0,-0.017806057418795262
1425079260.0,0.04448227164311902
1425081960.0,0.011326362946419977
1425084660.0,0.06813942321923605
1425087360.0,0.1076491143973044
1425090060.0,0.11969583227460134
1425092760.0,0.1445156053907226
1425095460.0,0.10157556684202973
1425098160.0,0.12151374475843113
1425100860.0,0.0815966589987056
1425103560.0,-1.4490473594145215
1425106260.0,-1.6981415463007465
1425108960.0,-1.7091025585638704
1425111660.0,-1.7566580333697743
1425114360.0,-1.7619129697064295
1425117060.0,-1.7388305563912354
1425119760.0,-1.783216295619411
1425122460.0,-1.8176692860284334
1425125160.0,-1.8218313286226362
1425127860.0,-0.6341979901200716
1425130560.0,-0.4776281270163736
1425133260.0,-0.40750461337358956
1425135960.0,-0.4644553377200964
1425138660.0,-0.3749724159694665
1425141360.0,-0.45749329612556267
1425144060.0,-0.40890426871203545
1425146760.0,-0.3552223708072688
1425149460.0,-0.36521691389424404
1425152160.0,-0.34400010831751615
1425154860.0,-0.30852163528459187
1425157560.0,-0.32417003972608427
1425160260.0,-0.28500213840874267
1425162960.0,-0.2954294590366544
1425165660.0,-0.06251225243516956
1425168360.0,0.8188184400769956
1425171060.0,0.901019822222338
1425173760.0,0.905047623285725
1425176460.0,0.8747951582002997
1425179160.0,0.9794538825826749
1425181860.0,0.9804396378473825
1425184560.0,0.9683389773192062
1425187260.0,0.9079777225522889
1425189960.0,-0.8054557342172757
1425192660.0,-0.9083705649247236
1425195360.0,-0.9835423486621266
1425198060.0,-0.9517783188626368
1425200760.0,-0.9510303829813438
1425203460.0,-1.0536979874943881
1425206160.0,-1.0701322676669633
1425208860.0,-1.041257541149946
1425211560.0,-1.0672530044200812
1425214260.0,-1.0942453678717925
1425216960.0,-1.0722463870154115
1425219660.0,-1.0512069602096972
1425222360.0,-1.0773793379034942
1425225060.0,-0.9980008294218692
1425227760.0,-1.0674927123591829
1425230460.0,-1.0209052889467785
1425233160.0,-1.033840527306154
1425235860.0,-0.9666098942919916
1425238560.0,-0.9641599054641574
1425241260.0,-0.9872234154877901
1425243960.0,-0.9760812545354156
1425246660.0,-1.042340932881757
1425249360.0,-1.0296188838329385
1425252060.0,0.22603347872683344
1425254760.0,0.6913401721926107
1425257460.0,0.6837654153206358
1425260160.0,0.8036784287165233
1425262860.0,1.0984201277998977
1425265560.0,0.9870855070507787
1425268260.0,0.9098261246281822
1425270960.0,0.8856214329882164
1425273660.0,-0.7204324835410603
1425276360.0,-0.7658237986594258
1425279060.0,-0.9283104561890241
1425281760.0,-0.9194338282533181
1425284460.0,-0.8990695428441313
1425287160.0,-0.9437950023344115
1425289860.0,-0.9627375440601327
1425292560.0,-1.0037459513069962
1425295260.0,-0.9621869742113631
1425297960.0,-0.8304114399697937
1425300660.0,-0.9529540605595912
1425303360.0,-0.9612421410926686
1425306060.0,-0.9648974924422191
1425308760.0,-0.9898459918148319
1425311460.0,-1.0363512795787528
1425314160.0,-1.0626937716772318
1425316860.0,-1.0223702051869168
1425319560.0,-0.9738971990784648
1425322260.0,0.5385732715702716
1425324960.0,0.6864571148834102
1425327660.0,0.6987903047280497
1425330360.0,0.730839263770747
1425333060.0,0.6949409830027662
1425335760.0,0.7314912584845956
1425338460.0,0.7833444174549982
1425341160.0,0.6506358021782148
1425343860.0,0.6643581237110538
1425346560.0,0.7208114827858481
1425349260.0,-0.3613468676397247
1425351960.0,-0.4667927565619152
1425354660.0,0.3955589216999442
1425357360.0,0.39944130723023363
1425360060.0,0.42457238454238677
1425362760.0,0.44603692878223455
1425365460.0,0.40390472137710276
1425368160.0,0.32687811241231657
1425370860.0,0.37020248137991985
1425373560.0,0.33340093689531614
1425376260.0,0.3234883061277287
1425378960.0,0.25091312098487606
1425381660.0,0.13075261743239253
1425384360.0,0.188960730478982
1425387060.0,0.12658326403453657
1425389760.0,0.11383730111117529
1425392460.0,0.14795195308425946
1425395160.0,0.13940188377944196
1425397860.0,0.18569488822095082
1425400560.0,0.22355738504018063
1425403260.0,0.29342151933047944
1425405960.0,0.26664268862668905
1425408660.0,0.3093038621594246
1425411360.0,0.37324573329829036
1425414060.0,1.6736386720547785
1425416760.0,1.7707313829425857
1425419460.0,1.7506292127945926
1425422160.0,1.6605899647917113
1425424860.0,0.17673164165415756
1425427560.0,-0.03615491576471186
1425430260.0,0.018529837508879154
1425432960.0,0.03574866858008363
1425435660.0,0.018243146773897934
1425438360.0,0.03929071088259661
1425441060.0,0.07183199899350257
1425443760.0,0.09389449721368237
1425446460.0,0.06590718779932558
1425449160.0,0.14205663623619103
1425451860.0,0.1233055558074625
1425454560.0,0.06330449803084548
1425457260.0,0.1551963955327551
1425459960.0,0.14905916435105837
1425462660.0,0.14017631834548183
1425465360.0,0.09716131247387239
1425468060.0,-0.9883388303013021
1425470760.0,-1.1188109113618907
1425473460.0,-1.1496213719539128
1425476160.0,-1.1974311335890775
1425478860.0,-1.2117154068805576
1425481560.0,-1.2357310788460723
1425484260.0,-1.1642742741499887
1425486960.0,-1.2300433317834631
1425489660.0,-1.199443669664788
1425492360.0,-1.1742745545139996
1425495060.0,-1.1067898790135473
1425497760.0,-1.0789296687744354
1425500460.0,-1.0960607597019703
1425503160.0,0.5569593886486359
1425505860.0,0.6654173878405345
1425508560.0,0.6821116958944913
1425511260.0,0.612856526845178
1425513960.0,-0.5333946786581123
1425516660.0,-0.6424548333614553
1425519360.0,-0.648668201458861
1425522060.0,-0.6443864435909745
1425524760.0,-0.6604584660726118
1425527460.0,-0.7301758965605245
1425530160.0,-0.6738694770966163
1425532860.0,-0.667005801210621
1425535560.0,-0.6043876495239715
1425538260.0,-0.30348107590361906
1425540960.0,0.5873342117148468
1425543660.0,0.660555922276842
1425546360.0,0.805931023580456
1425549060.0,0.7814151185364722
1425551760.0,0.676678640806756
1425554460.0,0.6706483574507729
1425557160.0,0.7694301726850199
1425559860.0,0.7339154929407528
1425562560.0,0.7349351922787264
1425565260.0,0.6646722620607761
1425567960.0,0.6281885855881342
1425570660.0,0.6362568726473796
1425573360.0,0.6006770329020128
1425576060.0,0.6061744504651188
1425578760.0,0.6934860006657004
1425581460.0,0.6714480104943732
1425584160.0,0.7357668580471
1425586860.0,0.7218461390321522
1425589560.0,1.7570882130577274
1425592260.0,1.9385765679826932
1425594960.0,0.42148087771886367
1425597660.0,0.412453277907332
1425600360.0,0.25777195891231486
1425603060.0,0.2617803002924006
1425605760.0,0.2827700329628442
1425608460.0,0.31445055514808473
1425611160.0,0.26871929621705704
1425613860.0,0.27118284934192616
1425616560.0,0.27353082190569467
1425619260.0,0.3169276097419811
1425621960.0,0.30448440402312826
1425624660.0,0.43460010105729907
1425627360.0,0.445559109596843
1425630060.0,1.2300262885055417
1425632760.0,0.5831204699426848
1425635460.0,0.4792361484126104
1425638160.0,0.3872716229302
1425640860.0,0.22668463467874744
1425643560.0,0.23184670478980252
1425646260.0,0.22941226641756884
1425648960.0,0.26109527642040575
1425651660.0,0.2624441536136146
1425654360.0,0.2206576405862961
1425657060.0,0.19341232533139419
1425659760.0,0.22947451322005463
1425662460.0,0.2105528718267351
1425665160.0,0.278489014548029
1425667860.0,0.2913608162238006
1425670560.0,0.3077173340473678
1425673260.0,0.3237176878814694
1425675960.0,0.2606009029816505
1425678660.0,0.5022791615351139
1425681360.0,0.4866533121491443
1425684060.0,0.28593598415102406
1425686760.0,0.2201460656831955
1425689460.0,0.19600300603502774
1425692160.0,0.2797357281881432
1425694860.0,0.24706808088706111
1425697560.0,0.18513621333482888
1425700260.0,0.2053044570847078
1425702960.0,0.19718314335329978
1425705660.0,0.233631604119239
1425708360.0,0.20388728094206954
1425711060.0,0.2513180085722979
1425713760.0,0.22925577879436787
1425716460.0,0.2017967800908309
1425719160.0,0.34062605180446326
1425721860.0,0.6669804965263779
1425724560.0,0.3525355747643175
1425727260.0,0.3083056269182407
1425729960.0,0.25254578460828725
1425732660.0,0.23183808534110995
1425735360.0,0.23519095483794672
1425738060.0,0.21246759024734274
1425740760.0,0.14506801551345916
1425743460.0,0.145965408251584
1425746160.0,0.18811311587489854
1425748860.0,0.11906524058940704
1425751560.0,0.19182468005834608
1425754260.0,0.211323652564829
1425756960.0,0.18309668459812656
1425759660.0,0.24033978759229058
1425762360.0,0.15372261810142618
1425765060.0,0.2097450451681766
1425767760.0,0.290445802103136
1425770460.0,0.35683288601381946
1425773160.0,0.24319132292379209
1425775860.0,0.2178998823570737
1425778560.0,0.2579746599861892
1425781260.0,0.308059293064332
1425783960.0,0.33329726739390253
1425786660.0,0.3526816979925229
1425789360.0,0.30621194290728226
1425792060.0,0.35104843730647417
1425794760.0,0.2955626405338876
1425797460.0,0.24446601700384463
1425800160.0,0.19807440096133178
1425802860.0,0.20647301694322095
1425805560.0,0.18734828366444845
1425808260.0,0.22519510832330525
1425810960.0,0.21978944077989127
1425813660.0,0.3382344827995212
1425816360.0,0.1535767145646787
1425819060.0,0.17570578616471266
1425821760.0,0.24471380922960861
1425824460.0,0.2342429389941003
1425827160.0,0.2317202192050445
1425829860.0,0.22995643280290778
1425832560.0,0.22569726941560475
1425835260.0,0.20172862577089745
1425837960.0,0.20970498947855276
1425840660.0,0.2319106816854628
1425843360.0,0.1467540171167343
1425846060.0,0.16274345632547238
1425848760.0,0.1502436209583493
1425851460.0,0.17848833965160793
1425854160.0,1.333419943016679
1425856860.0,1.9762970032807061
1425859560.0,0.8832827060475665
1425862260.0,0.29365325420110366
1425864960.0,0.19917511195552606
1425867660.0,0.2660166750035273
1425870360.0,0.2801553437038251
1425873060.0,0.22032805072177553
1425875760.0,0.18553192952128938
1425878460.0,0.21387442461502815
1425881160.0,0.20538011188830296
1425883860.0,0.21635133846183408
1425886560.0,0.19991516950045707
1425889260.0,0.23307827722686625
1425891960.0,0.25213168143261555
1425894660.0,1.3235580285387414
1425897360.0,1.346202801353229
1425900060.0,1.408383786580373
1425902760.0,1.4040913211482007
1425905460.0,1.322987255758676
1425908160.0,1.3645359493000342
1425910860.0,1.3142950794451735
1425913560.0,1.3620648345680593
1425916260.0,1.2904933024063894
1425918960.0,1.3614266422885635
1425921660.0,1.3732613076077769
1425924360.0,1.3189411203234158
1425927060.0,1.3793978749728808
1425929760.0,1.330122355550202
1425932460.0,1.3862757060823014
1425935160.0,1.3516720358706493
1425937860.0,1.4006646082945053
1425940560.0,1.488240174498003
1425943260.0,2.599142958228981
1425945960.0,2.7407941801279208
1425948660.0,2.813331047481938
1425951360.0,1.0515661320930576
1425954060.0,0.9626630950820072
1425956760.0,0.7976619448803035
1425959460.0,0.7567285497723901
1425962160.0,0.7206149334135148
1425964860.0,0.7708756691203007
1425967560.0,0.7833896401031097
1425970260.0,0.8108646017667525
1425972960.0,0.7400442185846714
1425975660.0,0.7136517518303549
1425978360.0,0.7169832251475441
1425981060.0,0.681162878644102
1425983760.0,0.6620472032297471
1425986460.0,0.7078230067363052
1425989160.0,0.7416144469966639
1425991860.0,0.6495341428069423
1425994560.0,0.7004934765993767
1425997260.0,0.733145403290905
1425999960.0,0.9578948891741561
1426002660.0,1.7074614718430894
1426005360.0,1.850527793046183
1426008060.0,1.9019451383464911
1426010760.0,1.8876153985294195
1426013460.0,1.9007367673146973
1426016160.0,1.9111574089866394
1426018860.0,1.8863430197449134
1426021560.0,1.867977390091994
1426024260.0,1.9322705996223704
1426026960.0,1.9535636385328417
1426029660.0,1.9109170559787572
1426032360.0,1.953314725746452
1426035060.0,1.9847622673798924
1426037760.0,1.9595282858634278
1426040460.0,1.1852953248614995
1426043160.0,0.07158904913256947
1426045860.0,0.013420043519886349
1426048560.0,-0.05485400355200909
1426051260.0,-0.07313012962060839
1426053960.0,-0.02030385399689294
1426056660.0,-0.06527337059901583
1426059360.0,-0.12583815060321513
1426062060.0,-0.1332716960396283
1426064760.0,-0.11187040258090519
1426067460.0,-0.1672112123575289
1426070160.0,1.3580856411930426
1426072860.0,1.4519817323075017
1426075560.0,1.5065471905385266
1426078260.0,1.4076181770479366
1426080960.0,1.4011069395050413
1426083660.0,1.4210826599643838
1426086360.0,1.4456706020285992
1426089060.0,1.4079911071771676
1426091760.0,1.417773431024841
1426094460.0,1.4147303303863055
1426097160.0,1.4916639895600383
1426099860.0,1.4660965188026012
1426102560.0,1.5218656387492047
1426105260.0,1.485802011149815
1426107960.0,1.525013947785908
1426110660.0,1.539153298723079
1426113360.0,1.5470247676452118
1426116060.0,1.566069115104142
1426118760.0,2.765590255734196
1426121460.0,2.8901735360163343
1426124160.0,2.9112232320160274
1426126860.0,2.9509221860811294
1426129560.0,1.90428122258038
1426132260.0,1.0805835351275732
1426134960.0,0.9899002812736057
1426137660.0,0.9316863258044918
1426140360.0,0.9459912558415908
1426143060.0,0.9646887382132832
1426145760.0,0.9695330469156147
1426148460.0,0.9012983195904667
1426151160.0,0.8607313305859066
1426153860.0,0.7813076268111558
1426156560.0,0.7723019866320442
1426159260.0,0.7528911602585708
1426161960.0,0.7554620217449042
1426164660.0,0.7715827438910878
1426167360.0,0.7459678572669759
1426170060.0,0.6909948401710153
1426172760.0,0.6849623841361563
1426175460.0,0.6370738832063125
1426178160.0,0.6354706786472093
1426180860.0,0.5636530944697711
1426183560.0,0.6535257694499137
1426186260.0,0.7201694690918998
1426188960.0,0.7197429876267734
1426191660.0,0.7226167029595558
1426194360.0,0.8265650172257324
1426197060.0,0.8527060286276651
1426199760.0,1.097235897814187
1426202460.0,2.466441639098946
1426205160.0,2.5112595742969006
1426207860.0,2.602061763733275
1426210560.0,2.6012501330425266
1426213260.0,2.582958655384914
1426215960.0,2.578726805458132
1426218660.0,1.1937125190142979
1426221360.0,0.7833421671605834
1426224060.0,0.7683693127665947
1426226760.0,0.6873992589789282
1426229460.0,0.7037812886285337
1426232160.0,0.6739011881916213
1426234860.0,0.5953919530982148
1426237560.0,0.5908317391279638
1426240260.0,0.5441460121595014
1426242960.0,0.5089880731339349
1426245660.0,0.6754405756383335
1426248360.0,0.5207301232036912
1426251060.0,0.5501395886450382
1426253865.0,0.5568156803343527
1426256565.0,0.5707081316091376
1426259265.0,0.5475641490769476
1426261965.0,0.487095104843263
1426264665.0,0.5468599533703014
1426267365.0,0.5588281261920542
1426270065.0,0.47038436600166733
1426272765.0,0.5610450112100125
1426275465.0,0.5731551351449298
1426278165.0,0.581656170014071
1426280865.0,2.177473188442036
1426283565.0,2.330854071503495
1426286265.0,2.379748692123485
1426288965.0,1.5861226649133755
1426291665.0,0.7019455930259255
1426294365.0,0.6571721560141555
1426297065.0,0.6539639846437808
1426299765.0,0.6800877946668038
1426302465.0,0.6179546953045474
1426305165.0,0.6152097217530468
1426307865.0,0.5408074342412306
1426310565.0,0.6285301483275703
1426313265.0,0.617070317549576
1426315965.0,0.5519834133535255
1426318665.0,0.5657446369812078
1426321365.0,0.2506446138375509
1426324065.0,-0.5433192362146997
1426326765.0,-0.6107427248879276
1426329465.0,-0.6341978682704621
1426332165.0,-0.5574264329554808
1426334865.0,-0.6454517760084855
1426337565.0,-0.6050576212241481
1426340265.0,-0.5484831228726534
1426342965.0,-0.5798227602234647
1426345665.0,-0.5870813609232641
1426348365.0,-0.6193775549430143
1426351065.0,-0.5692832711536084
1426353765.0,-0.5909004001586027
1426356465.0,-0.5411274079396549
1426359165.0,0.2767894380537541
1426361865.0,1.0862374905154866
1426364565.0,1.1870249103531592
1426367265.0,1.1759144616045205
1426369965.0,1.1511752207391055
1426372665.0,1.1746608000944434
1426375365.0,-0.2020979824827691
1426378065.0,-0.2650149203311116
1426380765.0,-0.23684167642932152
1426383465.0,-0.2810890372310837
1426386165.0,-0.2682770945905304
1426388865.0,-0.2705574606086998
1426391565.0,-0.2081321362011863
1426394265.0,-0.30044462969630104
1426396965.0,-0.22626687579980853
1426399665.0,-0.25068215480092704
1426402365.0,-0.2903487565696423
1426405065.0,-0.2704623381718534
1426407765.0,-0.313078764455895
1426410465.0,-0.2849871549901195
1426413165.0,-0.47366891593293303
1426415865.0,-1.4609865363919994
1426418565.0,-1.4927296660649745
1426421265.0,-1.6284950564291876
1426423965.0,-1.6777542076187046
1426426665.0,-1.672457652559956
1426429365.0,-1.6034163796301186
1426432065.0,-1.567631245612347
1426434765.0,-1.6226685466259028
1426437465.0,-1.5990920927179104
1426440165.0,-1.623961494622165
1426442865.0,-1.5771521259693486
1426445565.0,-0.2350889192307477
1426448265.0,0.20325289198666496
1426450965.0,0.3580028577227381
1426453665.0,0.4246717827361408
1426456365.0,0.43611906494277264
1426459065.0,0.3723247519415054
1426461765.0,-0.8242620024064422
1426464465.0,-0.9179842842831931
1426467165.0,-0.8785291140036406
1426469865.0,-0.9294056622068183
1426472565.0,-0.8686965797263042
1426475265.0,-0.9695283522566456
1426477965.0,-0.9570053722778198
1426480665.0,-0.9661910303821628
1426483365.0,-0.9119036046185443
1426486065.0,-0.9456817314376735
1426488765.0,-0.9114181200050098
1426491465.0,-0.9850864254460703
1426494165.0,-0.8861472817894196
1426496865.0,-0.9612761361441358
1426499565.0,-0.9787828867997632
1426502265.0,-0.971649062355084
1426504965.0,-1.3297079366888624
1426507665.0,-2.147176136738608
1426510365.0,-2.219073994895666
1426513065.0,-2.285093083556717
1426515765.0,-2.2806501450282326
1426518465.0,-2.2893988663407185
1426521165.0,-2.2851833688741863
1426523865.0,-2.279284811307889
1426526565.0,-2.2341052868108022
1426529265.0,-2.244095025168349
1426531965.0,-0.44834110794931803
1426534665.0,-0.3940748148583566
1426537365.0,-0.3078517496062432
1426540065.0,-0.19486434781526896
1426542765.0,-0.22554631368990385
1426545465.0,-0.17225491823830907
1426548165.0,-0.29151998162609516
1426550865.0,-1.2270814567820025
1426553565.0,-1.5465699547660847
1426556265.0,-1.560232933649445
1426558965.0,-1.5307550291774419
1426561665.0,-1.6093732395449933
1426564365.0,-1.5785160278632588
1426567065.0,-1.5504428105915053
1426569765.0,-1.5115583717613958
1426572465.0,-1.4627504206260369
1426575165.0,-1.5050516874853201
1426577865.0,-1.560908641294759
1426580565.0,-1.5844751644032726
1426583265.0,-1.5618327550585605
1426585965.0,-1.5660546841591554
1426588665.0,-1.5507880408543429
1426591365.0,-1.5210384874454803
1426594065.0,-1.5307845226580525
1426596765.0,-1.5354073906848384
1426599465.0,-1.5116127575623182
1426602165.0,-2.5717888633366215
1426604865.0,-2.9047928497059843
1426607565.0,-2.950025729801496
1426610265.0,-2.9572266068470867
1426612965.0,-2.9612662751802077
1426615665.0,-2.9237818955613193
1426618365.0,-1.1313791868452086
1426621065.0,-1.0127641641655032
1426623765.0,-0.9816901499566484
1426626465.0,-0.8599357963204284
1426629165.0,-0.8719959472975916
1426631865.0,-0.8815125912347526
1426634565.0,-0.8661166503293884
1426637265.0,-0.9525129889249229
1426639965.0,-0.884167932907701
1426642665.0,-0.8860797631759283
1426645365.0,-1.6460612580954148
1426648065.0,-2.042138538067775
1426650765.0,-2.1001741656559716
1426653465.0,-2.1375619630155143
1426656165.0,-2.131599607865269
1426658865.0,-2.1081638700446206
1426661565.0,-2.1082074364297796
1426664265.0,-2.1375973860918975
1426666965.0,-2.1372651756306595
1426669665.0,-2.116934245623895
1426672365.0,-2.1147917071359075
1426675065.0,-2.1090646742897547
1426677765.0,-2.070940674595306
1426680465.0,-2.143006910303086
1426683165.0,-2.077306420649677
1426685865.0,-2.0644874079010833
1426688565.0,-2.0417588476124138
1426691265.0,-2.1187293132281866
1426693965.0,-2.074992400515498
1426696665.0,-2.1161391207832025
1426699365.0,-2.089134204515176
1426702065.0,-2.045157227176446
1426704765.0,-2.0148571805808615
1426707465.0,-0.1597914506868392
1426710165.0,-0.09531298902919616
1426712865.0,-0.06645785016229411
1426715565.0,-0.030088701832994502
1426718265.0,-0.02279633449290941
1426720965.0,-0.07499694092052778
1426723665.0,-0.07779437330873407
1426726365.0,-0.11788374110568611
1426729065.0,-1.586429584389748
1426731765.0,-1.6782343328693514
1426734465.0,-1.604925159634206
1426737165.0,-1.5727401771325162
1426739865.0,-1.4988752481488063
1448686485.0,-6.244712853838166
1448689185.0,-6.32723866458295
1448691885.0,-6.305582466311677
1448694585.0,-6.321609285100095
1448697285.0,-6.361991521995549
1448699985.0,-6.350144911097573
1448702685.0,-6.529583073183346
1448705385.0,-6.520313876766522
1448708085.0,-6.557507507878029
1448710785.0,-6.520518900044067
1448713485.0,-6.626440521048153
1448716185.0,-6.649414951083315
1448718885.0,-6.653322263916152
1448721585.0,-6.609395464116773
1448724285.0,-6.488061735911629
1448726985.0,-6.5326493644823245
1448729685.0,-6.475644435310784
1448732385.0,-6.440314181746714
1448735085.0,-6.5831617771258095
1448737785.0,-6.618687830163168
1448740485.0,-6.698450947348675
1448743185.0,-7.758773691757398
1448745885.0,-7.995103994807863
1448748585.0,-7.988840108611669
1448751285.0,-6.463392780757317
1448753985.0,-6.4372122467623
1448756685.0,-6.4374147921945735
1448759385.0,-6.436881208963484
1448762085.0,-6.4339342495142375
1448764785.0,-6.335809712759101
1448767485.0,-6.396147702789705
1448770185.0,-6.417424340809333
1448772885.0,-6.453715920416698
1448775585.0,-6.423846623910066
1448778285.0,-6.225056515107383
1448780985.0,-5.423275349412336
1448783685.0,-5.2064632758942935
1448786385.0,-5.568926445327463
1448789085.0,-6.403516324829582
1448791785.0,-6.487599651827395
1448794485.0,-6.418769376008015
1448797185.0,-6.3912712844718556
1448799885.0,-6.581808517966493
1448802585.0,-6.587617311377784
1448805285.0,-6.557737722985934
1448807985.0,-6.4556863672755185
1448810685.0,-6.440652725150585
1448813385.0,-6.45312757725506
1448816085.0,-6.399643951938174
1448818785.0,-6.298372081252637
1448821485.0,-6.370346276890359
1448824185.0,-6.4413494753340785
1448826885.0,-6.536713720500245
1448829585.0,-6.5369556358595275
1448832285.0,-6.556875286401862
1448834985.0,-6.697494750991723
1448837685.0,-7.696238358408323
1448840385.0,-7.954285449624223
1448843085.0,-7.954091644331527
1448845785.0,-7.947735644318158
1448848485.0,-7.97200091253444
1448851185.0,-7.862991640975849
1448853885.0,-6.41866478842951
1448856585.0,-6.317204950657725
1448859285.0,-6.32972937223127
1448861985.0,-6.329613591668647
1448864685.0,-6.244293995848835
1448867385.0,-6.205428001495562
1448870085.0,-6.111981830321525
1448872785.0,-6.015037574383285
1448875485.0,-5.980871759880699
1448878185.0,-5.968401009529742
1448880885.0,-5.929668503739606
1448883585.0,-5.890687551369609
1448886285.0,-6.170897925117572
1448888985.0,-6.151882801188492
1448891685.0,-6.154696497809198
1448894385.0,-6.0985515318869545
1448897085.0,-6.051119398467819
1448899785.0,-6.078861893250888
1448902485.0,-6.03485431067358
1448905185.0,-6.049584222067466
1448907885.0,-6.076089934689264
1448910585.0,-6.036679933304924
1448913285.0,-6.095806704689409
1448915985.0,-6.088446024020698
1448918685.0,-6.116693770137999
1448921385.0,-6.090687059161809
1448924085.0,-6.083354684299906
1448926785.0,-7.753004236397089
1448929485.0,-7.856126507355185
1448932185.0,-7.880089235947764
1448934885.0,-7.930239761803193
1448937585.0,-6.385223878838076
1448940285.0,-6.153373466307983
1448942985.0,-6.080299940563464
1448945685.0,-6.135056806090887
1448948385.0,-6.296821517585954
1448951085.0,-6.098092824549553
1448953785.0,-6.067372715979786
1448956485.0,-5.98590237589741
1448959185.0,-5.873078988283112
1448961885.0,-5.8744536877934195
1448964585.0,-5.786341481000306
1448967285.0,-5.764468195890515
1448969985.0,-5.794629043784482
1448972685.0,-6.137889026750116
1448975385.0,-6.105615618928567
1448978085.0,-6.084373780735945
1448980785.0,-6.001778770153692
1448983485.0,-6.029584312897327
1448986185.0,-5.98898206714739
1448988885.0,-5.963090986328268
1448991585.0,-6.010900770441026
1448994285.0,-6.014313503116284
1448996985.0,-6.024051372547802
1448999685.0,-6.026994348581894
1449002385.0,-6.014129622809634
1449005085.0,-6.0708806303954646
1449007785.0,-6.02303567022858
1449010485.0,-6.026105535689766
1449013185.0,-6.076782630605209
1449015885.0,-6.05658366375792
1449018585.0,-6.106488794801692
1449021285.0,-6.143225406114311
1449023985.0,-6.187152559672086
1449026685.0,-6.136754684218033
1449029385.0,-6.157947250748094
1449032085.0,-6.23324317746264
1449034785.0,-4.872527825985031
1449037485.0,-4.5374121723529015
1449040185.0,-4.5257395860118095
1449042885.0,-5.912581297107636
1449045585.0,-6.0538743466544815
1449048285.0,-6.01821116010322
1449050985.0,-6.007836123940876
1449053685.0,-6.055461613606241
1449056385.0,-6.002443103383797
1449059085.0,-6.15014968835527
1449061785.0,-6.137561120133313
1449064485.0,-6.142727782096557
1449067185.0,-6.065948331666931
1449069885.0,-6.0693465574912295
1449072585.0,-6.023965659217197
1449075285.0,-5.973591004919115
1449077985.0,-5.95646070389509
1449080685.0,-6.033655012195254
1449083385.0,-6.042044290528793
1449086085.0,-6.1324851720458184
1449088785.0,-6.110205106071049
1449091485.0,-6.158894660317344
1449094185.0,-6.1070601036598475
1449096885.0,-6.099267569379123
1449099585.0,-6.074908564134461
1449102285.0,-6.121454361911532
1449104985.0,-6.134789053757714
1449107685.0,-6.148254109082188
1449110385.0,-6.31128827969809
1449113085.0,-7.217974059651823
1449115785.0,-6.732316218786792
1449118485.0,-6.147034151440749
1449121185.0,-6.073878630862652
1449123885.0,-5.993194906616139
1449126585.0,-6.0078250330033995
1449129285.0,-5.874509272479287
1449131985.0,-5.821371751962545
1449134685.0,-5.865533022564989
1449137385.0,-5.811351687044663
1449140085.0,-5.762204279848447
1449142785.0,-5.685587548568321
1449145485.0,-5.783129347863394
1449148185.0,-5.656061616353895
1449150885.0,-5.691789857065999
1449153585.0,-5.607809012153638
1449156285.0,-5.605030526416584
1449158985.0,-5.592792921332887
1449161685.0,-5.512785578323815
1449164385.0,-5.500468983849856
1449167085.0,-5.578180592378146
1449169785.0,-5.642281227323338
1449172485.0,-5.6938979345510745
1449175185.0,-5.7181831411885184
1449177885.0,-5.67946640649609
1449180585.0,-5.6603075732038235
1449183285.0,-5.666440034626248
1449185985.0,-5.646472766299439
1449188685.0,-5.6738057804577124
1449191385.0,-5.638162009787635
1449194085.0,-5.669419101405083
1449196785.0,-5.728106798119626
1449199485.0,-5.669754376234323
1449202185.0,-5.656902926593347
1449204885.0,-7.356123539354741
1449207585.0,-5.910552280180468
1449210285.0,-5.851376710016041
1449212985.0,-5.795829391015616
1449215685.0,-5.7435177580117625
1449218385.0,-5.729979110866623
1449221085.0,-5.750422289383948
1449223785.0,-5.703519146448542
1449226485.0,-5.7106521232953185
1449229185.0,-5.650645476349808
1449231885.0,-5.6419517600978395
1449234585.0,-5.593551299480339
1449237285.0,-4.880316236966081
1449239985.0,-4.471304978860758
1449242685.0,-4.4529400381892685
1449245385.0,-4.410396172786108
1449248085.0,-4.442894589974713
1449250785.0,-4.380433977768888
1449253485.0,-4.439512552600803
1449256185.0,-4.41008313706709
1449258885.0,-4.4600622919938075
1449261585.0,-4.465025346781346
1449264285.0,-4.459667212131706
1449266985.0,-4.401284801241189
1449269685.0,-4.401426278878915
1449272385.0,-4.411677337616794
1449275085.0,-4.3735355605844575
1449277785.0,-4.366403380743748
1449280485.0,-4.414611819145335
1449283185.0,-4.387645898292789
1449285885.0,-4.403293225441956
1449288585.0,-4.908818214617469
1449291285.0,-6.342836705828347
1449293985.0,-6.39188416290412
1449296685.0,-5.068764212701723
1449299385.0,-4.867516338009068
1449302085.0,-4.804612693287083
1449304785.0,-4.829509504734773
1449307485.0,-4.757759269053196
1449310185.0,-4.801489023406134
1449312885.0,-4.772244799330309
1449315585.0,-4.834821395405129
1449318285.0,-4.907622616773409
1449320985.0,-4.8834093258626865
1449323685.0,-4.826335014791084
1449326385.0,-4.82639448538697
1449329085.0,-4.766690216016457
1449331785.0,-4.713749947753939
1449334485.0,-4.709806673788478
1449337185.0,-4.7058207718411325
1449339885.0,-4.7127331398116326
1449342585.0,-4.697756489259433
1449345285.0,-4.763831501161434
1449347985.0,-4.733273467051987
1449350685.0,-4.774394277899546
1449353385.0,-4.772624201703536
1449356085.0,-4.747661866599117
1449358785.0,-4.786702775356133
1449361485.0,-4.7707799708950915
1449364185.0,-4.8364842350934225
1449366885.0,-4.883539138469899
1449369585.0,-4.842661197448763
1449372285.0,-4.863567060231674
1449374985.0,-4.91723563667432
1449377685.0,-6.674374413537635
1449380385.0,-5.550573827574908
1449383085.0,-4.9825884363592365
1449385785.0,-4.932399876412234
1449388485.0,-4.864942081664253
1449391185.0,-4.871865385830375
1449393885.0,-4.830835557639034
1449396585.0,-4.855305899382898
1449399285.0,-4.873595452876543
1449401985.0,-4.82760112598865
1449404685.0,-4.995886367254059
1449407385.0,-4.900921120788155
1449410085.0,-4.815566362228452
1449412785.0,-4.104010571430365
1449415485.0,-3.6584367126728807
1449418185.0,-3.638438324295862
1449420885.0,-3.6578612620600097
1449423585.0,-3.634644854871567
1449426285.0,-3.7335812622712865
1449428985.0,-3.68976514867353
1449431685.0,-3.7439464357250642
1449434385.0,-3.757962144848193
1449437085.0,-3.77129318455124
1449439785.0,-3.7411589682664044
1449442485.0,-3.664220706440233
1449445185.0,-3.723295485323632
1449447885.0,-3.6632567093018906
1449450585.0,-3.7385200281457003
1449453285.0,-3.72446084652384
1449455985.0,-3.715172625207174
1449458685.0,-3.693204807840658
1449461385.0,-3.8030881937116874
1449464085.0,-3.9541598567775225
1449466785.0,-5.597567505349502
1449469485.0,-4.386721993833646
1449472185.0,-4.241436144654585
1449474885.0,-4.2353055876123165
1449477585.0,-4.177524221384061
1449480285.0,-4.195830549737224
1449482985.0,-4.122516206053888
1449485685.0,-4.134477721466766
1449488385.0,-4.151821249242204
1449491085.0,-4.283349599826892
1449493785.0,-4.2921532103157745
1449496485.0,-4.361019102064972
1449499185.0,-4.230764829691793
1449501885.0,-4.2316226049539125
1449504585.0,-4.170406742914736
1449507285.0,-4.206058362536908
1449509985.0,-4.158959681732796
1449512685.0,-4.263717406812987
1449515385.0,-4.235582053019414
1449518085.0,-4.265878629474997
1449520785.0,-4.322193765560684
1449523485.0,-4.284013796729624
1449526185.0,-4.230303631984327
1449528885.0,-4.171673454511847
1449531585.0,-4.2260467885759
1449534285.0,-4.191116404477725
1449536985.0,-4.249787587431257
1449539685.0,-4.320019210123803
1449542385.0,-4.358911932563558
1449545085.0,-4.352704834848055
1449547785.0,-4.38994811035306
1449550485.0,-4.462255294555945
1449553185.0,-3.9743411307874794
1449555885.0,-4.3768141756313526
1449558585.0,-4.369470337382808
1449561285.0,-4.318457999498378
1449563985.0,-4.288333917852441
1449566685.0,-4.3128814442532075
1449569385.0,-4.299218218043421
1449572085.0,-4.156103522005651
1449574785.0,-4.253055960716608
1449577485.0,-4.413728364045966
1449580185.0,-4.416642958615853
1449582885.0,-4.461025121621191
1449585585.0,-4.420079223854486
1449588285.0,-4.4370869367080275
1449590985.0,-4.385529283025363
1449593685.0,-4.280583755824637
1449596385.0,-4.334675304581879
1449599085.0,-4.35140650731725
1449601785.0,-4.3340652171793295
1449604485.0,-4.3787661314058255
1449607185.0,-4.324480829679771
1449609885.0,-4.288086304135703
1449612585.0,-4.294622527439117
1449615285.0,-4.2544457530509305
1449617985.0,-4.292157835026984
1449620685.0,-4.253416758461128
1449623385.0,-4.331993291215383
1449626085.0,-4.37718075295021
1449628785.0,-4.398819555210196
1449631485.0,-4.3977211189248635
1449634185.0,-4.440375410189546
1449636885.0,-4.540046744430612
1449639585.0,-4.492441886326276
1449642285.0,-4.19848786764382
1449644985.0,-4.4272632165127845
1449647685.0,-4.365541676171034
1449650385.0,-4.372916090201699
1449653085.0,-4.293008522824039
1449655785.0,-4.287758810588429
1449658485.0,-4.258052398587097
1449661185.0,-4.2829418235085654
1449663885.0,-4.457495578949363
1449666585.0,-4.454066546437133
1449669285.0,-4.469604617865002
1449671985.0,-4.406522610617543
1449674685.0,-4.453406742937233
1449677385.0,-4.428185061677993
1449680085.0,-4.322610658725637
1449682785.0,-4.410961389999187
1449685485.0,-4.500787411259751
1449688185.0,-4.519056948645186
1449690885.0,-4.498308511574692
1449693585.0,-4.456933871803784
1449696285.0,-4.405256216812859
1449698985.0,-3.0095729680511454
1449701685.0,-2.9369135336463046
1449704385.0,-2.923281144583143
1449707085.0,-2.928774976931379
1449709785.0,-2.9405717599848344
1449712485.0,-2.939070191577514
1449715185.0,-2.9806881833214334
1449717885.0,-2.9973365182976295
1449720585.0,-3.0441810704586487
1449723285.0,-3.1322165853992487
1449725985.0,-3.0525069900192534
1449728685.0,-3.0028377680521317
1449731385.0,-4.641576656651296
1449734085.0,-3.7827091066690173
1449736785.0,-3.5909260143399138
1449739485.0,-3.6576301625028975
1449742185.0,-3.664761198456887
1449744885.0,-3.6817203663102873
1449747585.0,-3.6041355311782013
1449750285.0,-3.7020178496279357
1449752985.0,-3.7580352516604307
1449755685.0,-3.705356150104052
1449758385.0,-3.7104603499410302
1449761085.0,-3.780640591943552
1449763785.0,-3.7313682813364437
1449766485.0,-3.690970893667185
1449769185.0,-3.767451323765357
1449771885.0,-3.7794418401843473
1449774585.0,-3.8768337849109855
1449777285.0,-3.8639183168213833
1449779985.0,-3.892673041096913
1449782685.0,-3.8762936551925122
1449785385.0,-3.8064224732261778
1449788085.0,-3.7910446061423215
1449790785.0,-3.8324578977622252
1449793485.0,-3.7925957853403816
1449796185.0,-3.8361849616877066
1449798885.0,-3.7855165890535147
1449801585.0,-3.8129821281613943
1449804285.0,-3.7923686966104526
1449806985.0,-3.8000010891612703
1449809685.0,-3.879847213210553
1449812385.0,-3.8284919827059127
1449815085.0,-3.769773533968049
1449817785.0,-2.8588847049021524
1449820485.0,-3.8375242851680866
1449823185.0,-3.921792524109577
1449825885.0,-3.9415778048569905
1449828585.0,-3.930254404779106
1449831285.0,-3.851471351697569
1449833985.0,-3.8535042171330076
1449836685.0,-3.948178630715148
1449839385.0,-3.9297571569933325
1449842085.0,-3.975278337951181
1449844785.0,-3.925653983351282
1449847485.0,-3.978472090960338
1449850185.0,-3.9182524809673964
1449852885.0,-3.8964331083945183
1449855585.0,-3.910104089300802
1449858285.0,-3.9176124237411045
1449860985.0,-4.0020356826108525
1449863685.0,-4.013419918801247
1449866385.0,-4.004142173694959
1449869085.0,-3.9719387112833147
1449871785.0,-2.540417038421026
1449874485.0,-2.419374146545806
1449877185.0,-2.458889984199061
1449879885.0,-2.4684172571678573
1449882585.0,-2.4964168475881365
1449885285.0,-2.4880498807972913
1449887985.0,-2.512083878704516
1449890685.0,-2.49411071018892
1449893385.0,-2.5821960264136123
1449896085.0,-2.6838158969324013
1449898785.0,-2.563506715502456
1449901485.0,-2.5222546630602665
1449904185.0,-2.5202201460965625
1449906885.0,-4.121945890358774
1449909585.0,-3.289643577440131
1449912285.0,-3.123885000317955
1449914985.0,-3.175536993566368
1449917685.0,-3.096600397735699
1449920385.0,-3.086128742083474
1449923085.0,-3.1614764521972916
1449925785.0,-3.17106280809827
1449928485.0,-3.1142629737952916
1449931185.0,-3.149158982449819
1449933885.0,-3.166958123267193
1449936585.0,-3.139263037976093
1449939285.0,-3.1182423357736297
1449941985.0,-3.1241085898831784
1449944685.0,-3.148363840166553
1449947385.0,-3.2035620162826035
1449950085.0,-3.1837066195864736
1449952785.0,-3.2358800624751893
1449955485.0,-3.228818379467782
1449958185.0,-3.215090854321204
1449960885.0,-3.2144397050607267
1449963585.0,-3.14018424671508
1449966285.0,-1.9748459855002238
1449968985.0,-1.9259183418988641
1449971685.0,-1.9886088097013044
1449974385.0,-1.883799967814923
1449977085.0,-1.9313107327428725
1449979785.0,-1.933924134641984
1449982485.0,-2.0248076948981293
1449985185.0,-1.9604444236211975
1449987885.0,-1.912019263697573
1449990585.0,-1.9575724910058625
1449993285.0,-3.4911255869854187
1449995985.0,-3.6136993160659756
1449998685.0,-3.591759017255697
1450001385.0,-3.5729878019782007
1450004085.0,-3.4692236156708987
1450006785.0,-3.522526391845531
1450009485.0,-3.569436448801696
1450012185.0,-3.570267944359273
1450014885.0,-3.5258549833348525
1450017585.0,-3.491311246237018
1450020285.0,-3.512219490465327
1450022985.0,-3.4854768398034537
1450025685.0,-3.451769571396426
1450028385.0,-3.567784731988297
1450031085.0,-3.590144961757119
1450033785.0,-3.5983167344755884
1450036485.0,-3.625400110148064
1450039185.0,-3.6813730108462437
1450041885.0,-3.659300767789631
1450044585.0,-3.690143128472698
1450047285.0,-4.895126403812611
1450049985.0,-5.07659796803469
1450052685.0,-5.136322986837882
1450055385.0,-5.153626560885158
1450058085.0,-3.9492449247824766
1450060785.0,-3.402910376473301
1450063485.0,-3.3478745698290595
1450066185.0,-3.365526123996915
1450068885.0,-3.3482658981118902
1450071585.0,-3.2949376366688625
1450074285.0,-3.260925174745296
1450076985.0,-3.1395597289420607
1450079685.0,-3.1477657506957257
1450082385.0,-3.2375935006672876
1450085085.0,-3.186647020771204
1450087785.0,-3.2044552909852655
1450090485.0,-3.0867022915034568
1450093185.0,-3.132049163143847
1450095885.0,-3.2340483321167426
1450098585.0,-3.259021807740112
1450101285.0,-3.1839031831177635
1450103985.0,-3.113804816014124
1450106685.0,-3.1322623993262937
1450109385.0,-3.0322442017011895
1450112085.0,-3.0106402700744184
1450114785.0,-3.0468491346513247
1450117485.0,-3.109911698351084
1450120185.0,-3.143068150661577
1450122885.0,-3.1382356903500863
1450125585.0,-3.1592862052150963
1450128285.0,-3.1472706335262615
1450130985.0,-3.137400273022365
1450133685.0,-3.120713342901979
1450136385.0,-3.157891299407595
1450139085.0,-3.232492822319614
1450141785.0,-4.630565590455035
1450144485.0,-3.5789147680544033
1450147185.0,-3.2350136013144493
1450149885.0,-3.1418903342965905
1450152585.0,-3.193891230376039
1450155285.0,-3.206456199132788
1450157985.0,-3.210864062190012
1450160685.0,-3.1034420737467485
1450163385.0,-3.095447589276148
1450166085.0,-3.051983412100242
1450168785.0,-3.1471747094699367
1450171485.0,-3.0558698661020003
1450174185.0,-3.131225063853094
1450176885.0,-3.0650219748789596
1450179585.0,-3.009049087678818
1450182285.0,-3.0362734570829275
1450184985.0,-3.0992347259435746
1450187685.0,-3.0374139454227134
1450190385.0,-2.9526861378956824
1450193085.0,-2.9520078957798432
1450195785.0,-2.89804301983753
1450198485.0,-2.850760707925815
1450201185.0,-2.9088707427079044
1450203885.0,-2.8809341601015603
1450206585.0,-2.9464460234117382
1450209285.0,-2.9379260648317995
1450211985.0,-2.9923457333882197
1450214685.0,-2.897783195858324
1450217385.0,-2.956701991245268
1450220085.0,-4.5714083163474015
1450222785.0,-4.728641188925025
1450225485.0,-4.767730537597288
1450228185.0,-4.839378423964149
1450230885.0,-4.88255588214156
1450233585.0,-4.891267587141073
1450236285.0,-3.2019504626054527
1450238985.0,-3.1084308327652934
1450241685.0,-3.104686321358656
1450244385.0,-3.0752309541551313
1450247085.0,-3.119208873609182
1450249785.0,-3.9877121025333224
1450252485.0,-3.991813312797291
1450255185.0,-3.9884809423184606
1450257885.0,-4.057455463624251
1450260585.0,-3.939116966620105
1450263285.0,-3.9490786212610374
1450265985.0,-3.8932893724056328
1450268685.0,-3.9982923854232695
1450271385.0,-3.9000674024528053
1450274085.0,-3.968635939719263
1450276785.0,-3.8611235276312925
1450279485.0,-3.842169098114425
1450282185.0,-3.779455202937527
1450284885.0,-3.7681821156207036
1450287585.0,-3.799853301905017
1450290285.0,-3.8184187808969057
1450292985.0,-3.834963064871147
1450295685.0,-3.8016321552593695
1450298385.0,-3.88817775421208
1450301085.0,-3.8820212371899743
1450303785.0,-3.839527226362236
1450306485.0,-3.9277747180240112
1450309185.0,-3.9315689300070744
1450311885.0,-5.375381156624911
1450314585.0,-5.486795345719031
1450317285.0,-5.507731509671629
1450319985.0,-5.518718935853968
1450322685.0,-3.9197649685109184
1450325385.0,-3.6852776612273317
1450328085.0,-3.6946531507909697
1450330785.0,-3.581187560440128
1450333485.0,-3.5777988090179065
1450336185.0,-3.560893880336664
1450338885.0,-3.6199831743979303
1450341585.0,-3.74191517822959
1450344285.0,-4.585744110420848
1450346985.0,-4.654293520892395
1450349685.0,-4.580794140188573
1450352385.0,-4.631450869226228
1450355085.0,-4.628641280801702
1450357785.0,-4.599244360269211
1450360485.0,-4.576420701081929
1450363185.0,-4.483898602145246
1450365885.0,-4.456502395001479
1450368585.0,-4.433473562996056
1450371285.0,-4.394157767141309
1450373985.0,-4.465533815526868
1450376685.0,-4.480045626014288
1450379385.0,-4.479564842472996
1450382085.0,-4.557632157476775
1450384785.0,-4.572468186758272
1450387485.0,-4.560595609279261
1450390185.0,-4.484398747218876
1450392885.0,-4.5134841534241446
1450395585.0,-4.485833431757101
1450398285.0,-4.534271323021983
1450400985.0,-4.5648677915324924
1450403685.0,-4.5958393509628195
1450406385.0,-4.5571276025102065
1450409085.0,-4.278045339708342
1450411785.0,-2.8592932314772384
1450414485.0,-3.042623719271262
1450417185.0,-4.330365244229455
1450419885.0,-4.351811426017406
1450422585.0,-4.359507375049816
1450425285.0,-4.2802987795667775
1450427985.0,-4.312865909474738
1450430685.0,-4.272628540487744
1450433385.0,-4.313330291580257
1450436085.0,-4.227170616003605
1450438785.0,-4.212978348243013
1450441485.0,-4.239025940363746
1450444185.0,-4.2976837678864115
1450446885.0,-4.190920394701948
1450449585.0,-4.191603554248815
1450452285.0,-4.166585060653659
1450454985.0,-4.130803649762555
1450457685.0,-4.051629138365399
1450460385.0,-4.1562459150421205
1450463085.0,-4.136784710333814
1450465785.0,-4.13554435329138
1450468485.0,-4.227405720509239
1450471185.0,-4.202210456240266
1450473885.0,-4.132367861852316
1450476585.0,-4.134493021703463
1450479285.0,-4.167007575384503
1450481985.0,-4.110062268479339
1450484685.0,-4.172552076754215
1450487385.0,-4.241525717766024
1450490085.0,-4.282557920557764
1450492785.0,-4.252715365744365
1450495485.0,-4.244372380669233
1450498185.0,-2.690478433798148
1450500885.0,-4.080211443865039
1450503585.0,-4.1183387163662815
1450506285.0,-4.121770943320712
1450508985.0,-4.094083606306896
1450511685.0,-4.101301242040705
1450514385.0,-4.098371822081248
1450517085.0,-4.081026360490199
1450519785.0,-4.029053033164672
1450522485.0,-4.084244686591404
1450525185.0,-4.122728196220521
1450527885.0,-4.164118110058126
1450530585.0,-4.146836623594254
1450533285.0,-4.061173055894955
1450535985.0,-4.084874217787359
1450538685.0,-4.064807127128063
1450541385.0,-4.012560133848012
1450544085.0,-4.044164344737339
1450546785.0,-4.05106373128686
1450549485.0,-4.08445796327652
1450552185.0,-4.089426529009444
1450554885.0,-4.030793463996588
1450557585.0,-4.034674628451711
1450560285.0,-4.052241862852583
1450562985.0,-4.064005669537039
1450565685.0,-4.072184109145013
1450568385.0,-4.076149243576992
1450571085.0,-4.113168305610657
1450573785.0,-4.179618950105578
1450576485.0,-4.21125977556369
1450579185.0,-4.152795541993044
1450581885.0,-4.211994313107965
1450584585.0,-4.205075135351535
1450587285.0,-2.5504647885924214
1450589985.0,-4.018812206294683
1450592685.0,-4.1202822198704325
1450595385.0,-4.04767592137307
1450598085.0,-4.088930076118942
1450600785.0,-4.03268774763842
1450603485.0,-4.006981526459498
1450606185.0,-4.047872802697526
1450608885.0,-4.025509026859737
1450611585.0,-4.1172489210786125
1450614285.0,-4.101205598464446
1450616985.0,-4.532351524143337
1450619685.0,-5.064625841169516
1450622385.0,-5.081103145748102
1450625085.0,-4.393294602670807
1450627785.0,-3.8662922492242444
1450630485.0,-3.936760002270944
1450633185.0,-3.9378699127155414
1450635885.0,-3.9842875856449496
1450638585.0,-3.9320116121369324
1450641285.0,-3.9154694775155576
1450643985.0,-3.92408487727576
1450646685.0,-3.8948103123256317
1450649385.0,-3.975116815254978
1450652085.0,-3.962998247403135
1450654785.0,-3.919437932521447
1450657485.0,-3.998345049843806
1450660185.0,-3.9605896304305475
1450662885.0,-3.969346078802488
1450665585.0,-3.9927393731809957
1450668285.0,-3.9974680364508686
1450670985.0,-4.04530859689055
1450673685.0,-3.988639514730096
1450676385.0,-3.966113609434842
1450679085.0,-4.798328705807933
1450681785.0,-4.4933863699185395
1450684485.0,-3.9389768340626574
1450687185.0,-3.9428969392192528
1450689885.0,-3.9095299656156612
1450692585.0,-3.9450488583397885
1450695285.0,-3.8605140824766977
1450697985.0,-3.8239598164595066
1450700685.0,-3.8415299618086465
1450703385.0,-3.869250749616043
1450706085.0,-3.9288876324173145
1450708785.0,-3.9993006866973246
1450711485.0,-3.9889493597034402
1450714185.0,-3.9166303849987116
1450716885.0,-3.964555760948997
1450719585.0,-3.983974580306807
1450722285.0,-3.9968198067547007
1450724985.0,-3.993120658968934
1450727685.0,-3.99622710404725
1450730385.0,-3.9740121865772267
1450733085.0,-3.892005442817151
1450735785.0,-3.9203992777168253
1450738485.0,-3.942688043734563
1450741185.0,-3.9187469275095737
1450743885.0,-3.9476257409680784
1450746585.0,-3.8556244266084434
1450749285.0,-3.9436347697082113
1450751985.0,-3.9538530881338545
1450754685.0,-3.9911073215124304
1450757385.0,-4.098234109214417
1450760085.0,-4.02563822117412
1450762785.0,-3.9681644789192205
1450765485.0,-4.104555743354382
1450768185.0,-4.010583500333581
1450770885.0,-4.036320117091293
1450773585.0,-4.032422407997302
1450776285.0,-3.9705500922351007
1450778985.0,-3.897731546079484
1450781685.0,-3.8970845067085804
1450784385.0,-3.9020189878065423
1450787085.0,-3.940554168434943
1450789785.0,-3.9866889962891605
1450792485.0,-3.9780520198243607
1450795185.0,-4.056917173072293
1450797885.0,-4.10932357924753
1450800585.0,-5.165220781065926
1450803285.0,-5.223762060808326
1450805985.0,-5.241705634911426
1450808685.0,-5.240481237449359
1450811385.0,-5.237359672923532
1450814085.0,-5.2484724779916405
1450816800.0,-5.185246468329666
1450819500.0,-5.131236981285724
1450822200.0,-5.133032926808596
1450824900.0,-5.2024648951729375
1450827600.0,-5.212596363229892
1450830300.0,-5.233429690512338
1450833000.0,-5.233337462399021
1450835700.0,-5.298947698308069
1450838400.0,-5.27648653601409
1450841100.0,-5.345310628373738
1450843800.0,-5.433391731781484
1450846500.0,-5.170640042770998
1450849200.0,-3.5541636043526807
1450851900.0,-4.500761039642214
1450854600.0,-4.877504455804228
1450857300.0,-4.85911553239049
1450860000.0,-4.794631575054495
1450862700.0,-4.783216537429496
1450865400.0,-4.676067201804329
1450868100.0,-4.62515910824618
1450870800.0,-4.50372581651547
1450873500.0,-4.697754693322594
1450876200.0,-4.783513325552519
1450878900.0,-4.713068580075316
1450881600.0,-4.7756035456335155
1450884300.0,-4.720329077035217
1450887000.0,-4.652030142811753
1450889700.0,-3.8493322576909463
1450892400.0,-3.617589694207851
1450895100.0,-3.613915522383138
1450897800.0,-3.5809169613243625
1450900500.0,-3.63798578973217
1450903200.0,-3.5816383614739777
1450905900.0,-3.53739829735909
1450908600.0,-3.5592050681009653
1450911300.0,-3.5935367173466375
1450914000.0,-3.602154508940828
1450916700.0,-3.6096707275720235
1450919400.0,-3.5829641353601858
1450922100.0,-3.531569173469279
1450924800.0,-3.567110132366679
1450927500.0,-3.603722228881196
1450930200.0,-3.636990109025163
1450932900.0,-3.5805849962624734
1450935600.0,-3.5753774981506012
1450938300.0,-5.088107965338168
1450941000.0,-5.27303869430088
1450943700.0,-4.037169130177773
1450946400.0,-3.967940828418051
1450949100.0,-3.9008641061604123
1450951800.0,-3.9461775755440556
1450954500.0,-3.9114161602718696
1450957200.0,-3.973831595699778
1450959900.0,-3.9406740364547943
1450962600.0,-3.982746709531881
1450965300.0,-3.949664081671642
1450968000.0,-3.93657807804712
1450970700.0,-3.9244633187954037
1450973400.0,-3.8663660885393654
1450976100.0,-3.9421930695716867
1450978800.0,-4.02052189500364
1450981500.0,-4.0880975110438555
1450984200.0,-5.338996364751836
1450986900.0,-5.430904453211184
1450989600.0,-5.440675202528354
1450992300.0,-5.4083029466066534
1450995000.0,-5.404786245132215
1450997700.0,-5.412662051296024
1451000400.0,-5.422265210123072
1451003100.0,-5.401392752440358
1451005800.0,-5.446349850843376
1451008500.0,-5.429575666471294
1451011200.0,-4.00548891631945
1451013900.0,-3.861799461500226
1451016600.0,-3.825984371867918
1451019300.0,-3.865185353672672
1451022000.0,-3.7928891101022657
1451024700.0,-3.704682931893643
1451027400.0,-4.784721441103528
1451030100.0,-5.081077020177759
1451032800.0,-5.091033344963449
1451035500.0,-5.093673039111422
1451038200.0,-4.978976386915889
1451040900.0,-5.0278190984478215
1451043600.0,-5.049698303501003
1451046300.0,-5.028483804998274
1451049000.0,-5.036107076125376
1451051700.0,-4.9796482915824924
1451054400.0,-5.034518178215308
1451057100.0,-4.9813776371330505
1451059800.0,-5.016283781225951
1451062500.0,-5.046119544334147
1451065200.0,-5.101577883914899
1451067900.0,-5.055471812577167
1451070600.0,-5.058671834874559
1451073300.0,-5.03961323200744
1451076000.0,-5.029106117457246
1451078700.0,-5.034931508732029
1451081400.0,-4.987929953655453
1451084100.0,-4.995840564326926
1451086800.0,-5.020979054204361
1451089500.0,-4.9920860647415
1451092200.0,-5.093296857092554
1451094900.0,-5.076421881278947
1451097600.0,-4.993705268825863
1451100300.0,-3.5117298144320443
1451103000.0,-3.3288369088621153
1451105700.0,-3.3481616336986804
1451108400.0,-3.2390966030365007
1451111100.0,-3.2543902016510913
1451113800.0,-4.8328571280069355
1451116500.0,-5.04473069478189
1451119200.0,-5.036066735296686
1451121900.0,-5.055276150677315
1451124600.0,-5.0156892884483
1451127300.0,-4.964483594734759
1451130000.0,-4.955594245025537
1451132700.0,-5.069224778287406
1451135400.0,-5.052090236061019
1451138100.0,-5.02428714765162
1451140800.0,-5.054520376600095
1451143500.0,-4.99665881254964
1451146200.0,-4.964453467893861
1451148900.0,-4.9723475392773935
1451151600.0,-4.970659364129091
1451154300.0,-4.974872771957763
1451157000.0,-4.955361649443034
1451159700.0,-5.072767133250295
1451162400.0,-6.260196093755013
1451165100.0,-6.3980347089540714
1451167800.0,-6.461821589796017
1451170500.0,-5.097173316795818
1451173200.0,-4.841841313349136
1451175900.0,-4.798364483438036
1451178600.0,-4.859195115522311
1451181300.0,-4.837720739847981
1451184000.0,-4.867045680142695
1451186700.0,-4.8547432145184075
1451189400.0,-4.8997502506047965
1451192100.0,-4.846755245601088
1451194800.0,-4.724788442297097
1451197500.0,-4.711524684752703
1451200200.0,-4.577740584199489
1451202900.0,-4.645402872615733
1451205600.0,-4.78377045316239
1451208300.0,-4.746755495815108
1451211000.0,-4.828126670663636
1451213700.0,-4.829675749062801
1451216400.0,-4.870830447414477
1451219100.0,-4.903128730966955
1451221800.0,-4.920989665757986
1451224500.0,-4.842990926181045
1451227200.0,-4.838483564081741
1451229900.0,-4.800337292089949
1451232600.0,-4.761851314094798
1451235300.0,-4.830600659642101
1451238000.0,-4.798513828389957
1451240700.0,-4.847788435421535
1451243400.0,-4.762521528412378
1451246100.0,-4.828329291021049
1451248800.0,-4.810342836426997
1451251500.0,-4.792607943414367
1451254200.0,-4.807626127427454
1451256900.0,-5.068875935997937
1451259600.0,-6.23075141339902
1451262300.0,-6.2779760580875745
1451265000.0,-5.407259624980924
1451267700.0,-4.821360977246002
1451270400.0,-4.772973639711864
1451273100.0,-4.769986711132674
1451275800.0,-4.835600164300132
1451278500.0,-4.811196445729422
1451281200.0,-4.725811299312738
1451283900.0,-4.647880382890918
1451286600.0,-4.601356697314827
1451289300.0,-4.552236460339174
1451292000.0,-4.598042815320213
1451294700.0,-4.684626274543177
1451297400.0,-4.610750305350933
1451300100.0,-4.705659708994347
1451302800.0,-4.748421011008645
1451305500.0,-4.8692765667804565
1451308200.0,-4.8396896410935994
1451310900.0,-4.817692408686526
1451313600.0,-4.817296869527894
1451316300.0,-4.844266171630608
1451319000.0,-4.749669606345037
1451321700.0,-4.801376196809997
1451324400.0,-4.839976407972443
1451327100.0,-4.752876012355671
1451329800.0,-4.785426363000937
1451332500.0,-4.77943634899097
1451335200.0,-4.736087988276495
1451337900.0,-4.70138872250655
1451340600.0,-4.725635842247044
1451343300.0,-4.6788815749055175
1451346000.0,-4.753407644601253
1451348700.0,-4.826381164909748
1451351400.0,-4.084161790849436
1451354100.0,-4.665217673153762
1451356800.0,-4.698749570159919
1451359500.0,-4.680446144706963
1451362200.0,-4.779192140620069
1451364900.0,-4.780395508529921
1451367600.0,-4.6845974913549355
1451370300.0,-4.707097809323983
1451373000.0,-4.555473893733222
1451375700.0,-4.58630160393119
1451378400.0,-4.493373249249288
1451381100.0,-4.4233325121531095
1451383800.0,-3.447284940243094
1451386500.0,-3.3699017599193155
1451389200.0,-3.4042612098289737
1451391900.0,-3.5691560352671274
1451394600.0,-3.5020124094485823
1451397300.0,-3.558047218403459
1451400000.0,-3.568867830428104
1451402700.0,-3.574195260628869
1451405400.0,-3.4322021093990713
1451408100.0,-3.5043656977557305
1451410800.0,-3.494785040295284
1451413500.0,-3.469840640116928
1451416200.0,-3.5102455444046825
1451418900.0,-3.5121422974439156
1451421600.0,-3.3866702473503096
1451424300.0,-3.4282311473139373
1451427000.0,-3.425349606936635
1451429700.0,-3.3691167121121453
1451432400.0,-3.3805178549325774
1451435100.0,-3.4479078760662105
1451437800.0,-3.5185111467824584
1451440500.0,-3.4862352946218493
1451443200.0,-3.46078258485295
1451445900.0,-3.560995063188443
1451448600.0,-3.5140687648771802
1451451300.0,-3.78015265262448
1451454000.0,-3.7305236845270997
1451456700.0,-3.689796490625241
1451459400.0,-3.692592827026971
1451462100.0,-3.6238317874233132
1451464800.0,-3.6499313098331925
1451467500.0,-3.566095823952594
1451470200.0,-3.6053546335042768
1451472900.0,-3.609243080843669
1451475600.0,-3.682993654801237
1451478300.0,-3.8027718664967836
1451481000.0,-3.699441669652572
1451483700.0,-3.7970736177744016
1451486400.0,-3.776908283463996
1451489100.0,-3.722538011924911
1451491800.0,-3.699248232324635
1451494500.0,-3.70473992734793
1451497200.0,-3.7468804774532316
1451499900.0,-3.726056832662323
1451502600.0,-3.6210597374054316
1451505300.0,-3.6448482261693584
1451508000.0,-3.669486643114112
1451510700.0,-3.662072100632173
1451513400.0,-3.6951495908648155
1451516100.0,-3.661112976083814
1451518800.0,-3.718616834283722
1451521500.0,-3.7581798995659597
1451524200.0,-5.508338786746492
1451526900.0,-5.574094682413801
1451529600.0,-5.608556402140749
1451532300.0,-5.576792314921761
1451535000.0,-4.433385450953438
1451537700.0,-3.8178713413655316
1451540400.0,-3.773300795926531
1451543100.0,-3.671632782906755
1451545800.0,-3.6131072346661313
1451548500.0,-3.604248818641395
1451551200.0,-3.631816942352174
1451553900.0,-3.649564124735406
1451556600.0,-4.337946762546409
1451559300.0,-4.7836887454010935
1451562000.0,-4.776987311091148
1451564700.0,-4.807322313246857
1451567400.0,-4.7318272937608015
1451570100.0,-4.7268368300282475
1451572800.0,-4.714304532359591
1451575500.0,-4.668267960973282
1451578200.0,-4.701701411692056
1451580900.0,-4.746690971255532
1451583600.0,-4.849572998317598
1451586300.0,-4.745387624004962
1451589000.0,-4.741811023923475
1451591700.0,-4.761577290854859
1451594400.0,-4.680448560731151
1451597100.0,-4.707734845512533
1451599800.0,-4.743126603856609
1451602500.0,-4.742954895059057
1451605200.0,-4.769542594035357
1451607900.0,-4.730461065042334
1451610600.0,-4.792243712284488
1451613300.0,-4.825859246928587
1451616000.0,-4.82798958126989
1451618700.0,-5.226224952266222
1451621400.0,-6.339484282002871
1451624100.0,-4.935040482620622
1451626800.0,-4.531530202474414
1451629500.0,-4.490724751628193
1451632200.0,-4.4002228274574975
1451634900.0,-4.418559502803532
1451637600.0,-4.353176449542701
1451640300.0,-4.367794696966456
1451643000.0,-4.27290357431994
1451645700.0,-4.2655286932534295
1451648400.0,-4.197467258125357
1451651100.0,-4.312821734494094
1451653800.0,-4.3489864267026235
1451656500.0,-4.2767142817037325
1451659200.0,-4.256839316218532
1451661900.0,-4.151677319312995
1451664600.0,-4.179893287667198
1451667300.0,-4.17451222785121
1451670000.0,-4.218439769329592
1451672700.0,-4.179881335184945
1451675400.0,-4.190141899121528
1451678100.0,-4.213474753749892
1451680800.0,-4.1144767601736305
1451683500.0,-4.12527532046883
1451686200.0,-4.164458460717412
1451688900.0,-4.101829627249316
1451691600.0,-4.188062332057569
1451694300.0,-4.109053440552856
1451697000.0,-4.205458223060589
1451699700.0,-4.187143956031292
1451702400.0,-4.219009584539208
1451705100.0,-5.756218018728674
1451707800.0,-6.085823391481398
1451710500.0,-6.093055825426433
1451713200.0,-6.085380341059135
1451715900.0,-4.390879283840206
1451718600.0,-4.304864685303215
1451721300.0,-4.329699343290656
1451724000.0,-4.236693371103513
1451726700.0,-4.174113202977196
1451729400.0,-4.155853402598893
1451732100.0,-4.126660952035962
1451734800.0,-4.150764238633315
1451737500.0,-4.222795558698465
1451740200.0,-4.205455872107478
1451742900.0,-4.293690546089977
1451745600.0,-4.2530628767477765
1451748300.0,-4.220584781729144
1451751000.0,-4.195165448108895
1451753700.0,-4.170138542045748
1451756400.0,-4.186369580655963
1451759100.0,-4.210564795148542
1451761800.0,-4.18928193485408
1451764500.0,-4.163562482654839
1451767200.0,-4.114176477562978
1451769900.0,-4.094495824783081
1451772600.0,-4.135169881677399
1451775300.0,-4.129835784257153
1451778000.0,-4.167271302665824
1451780700.0,-4.173446946600478
1451783400.0,-4.2478969765006696
1451786100.0,-4.179459035666326
1451788800.0,-4.1584011177701825
1451791500.0,-4.20790386379943
1451794200.0,-5.895989481479575
1451796900.0,-4.330759198399846
1451799600.0,-4.249447225772997
1451802300.0,-4.257223755322968
1451805000.0,-4.233313312625825
1451807700.0,-4.252320857120424
1451810400.0,-4.307520494806511
1451813100.0,-4.279683974161827
1451815800.0,-4.2431804395557435
1451818500.0,-4.268952823244746
1451821200.0,-4.222537117326453
1451823900.0,-4.043193222127599
1451826600.0,-3.226900892852086
1451829300.0,-3.2246803858682256
1451832000.0,-3.191485081470489
1451834700.0,-3.200801046482951
1451837400.0,-3.2534645685051657
1451840100.0,-3.244502925322564
1451842800.0,-3.2325830034464786
1451845500.0,-3.1858952319732623
1451848200.0,-3.2204549279173875
1451850900.0,-3.1986174550976614
1451853600.0,-3.1978577994406976
1451856300.0,-3.0816091929119693
1451859000.0,-3.1149577468644907
1451861700.0,-3.1423011051113576
1451864400.0,-3.1271135533893357
1451867100.0,-3.1470632465970425
1451869800.0,-3.1384474738661936
1451872500.0,-3.1611438852762603
1451875200.0,-3.1728458141959095
1451877900.0,-3.2029042713533897
1451880600.0,-4.4802032874083295
1451883300.0,-4.9623131959125715
1451886000.0,-3.6546779520931523
1451888700.0,-3.5596317892737943
1451891400.0,-3.548294028668323
1451894100.0,-3.559038054302789
1451896800.0,-3.539806368822184
1451899500.0,-3.5712615605187636
1451902200.0,-3.5446884011956286
1451904900.0,-3.564511139300407
1451907600.0,-3.6004622079100557
1451910300.0,-3.647673748498306
1451913000.0,-3.648114495903343
1451915700.0,-3.6541770068931214
1451918400.0,-3.644443219068421
1451921100.0,-3.608782054467696
1451923800.0,-3.6479136151476155
1451926500.0,-3.698460241986851
1451929200.0,-3.663168364981516
1451931900.0,-3.661153271206331
1451934600.0,-3.662235644040436
1451937300.0,-3.665170249209581
1451940000.0,-3.6439755720089124
1451942700.0,-3.579841879622961
1451945400.0,-3.6174204909765137
1451948100.0,-3.6329765285888413
1451950800.0,-3.6166452759930223
1451953500.0,-3.6717857102016183
1451956200.0,-3.66954996017094
1451958900.0,-3.624044931129589
1451961600.0,-3.684262241748428
1451964300.0,-3.6104955615564336
1451967000.0,-3.7357795362453317
1451969700.0,-5.417856711245008
1451972400.0,-3.864388850236253
1451975100.0,-3.6635305069425783
1451977800.0,-3.7103312901193704
1451980500.0,-3.688982211216455
1451983200.0,-3.6920032894650774
1451985900.0,-3.6343171272850157
1451988600.0,-3.6592297186198834
1451991300.0,-3.625857804811716
1451994000.0,-3.6377587839702983
1451996700.0,-3.8241758289456698
1451999400.0,-3.788998841064938
1452002100.0,-3.8402541632296447
1452004800.0,-3.860715513840148
1452007500.0,-3.848835380956814
1452010200.0,-3.8824918806960227
1452012900.0,-3.8762726259173803
1452015600.0,-3.8225533414726556
1452018300.0,-3.734631276786615
1452021000.0,-3.721285748124018
1452023700.0,-3.6929414457714813
1452026400.0,-3.6087275138164614
1452029100.0,-3.576402375231453
1452031800.0,-3.5732073133375764
1452034500.0,-3.5595313502921897
1452037200.0,-3.5979720061766898
1452039900.0,-3.6680931881816434
1452042600.0,-3.700507352061379
1452045300.0,-3.683837034480973
1452048000.0,-3.697449448777803
1452050700.0,-3.715926779136055
1452053400.0,-3.779557852852946
1452056100.0,-3.734264704044108
1452058800.0,-5.331553856946954
1452061500.0,-5.584755872460761
1452064200.0,-3.798901098279771
1452066900.0,-3.6382263539725557
1452069600.0,-3.6766067755123686
1452072300.0,-3.6465483287489633
1452075000.0,-3.616788350043066
1452077700.0,-3.5975943223091633
1452080400.0,-3.649096943559215
1452083100.0,-3.7322874326194437
1452085800.0,-3.8006958014485974
1452088500.0,-3.8427756871683982
1452091200.0,-3.9302322875298046
1452093900.0,-3.8999648671116063
1452096600.0,-3.9310379796933432
1452099300.0,-3.9711206978238067
1452102000.0,-3.9892193028039458
1452104700.0,-3.9672324144516153
1452107400.0,-3.9682194196301452
1452110100.0,-3.8953401634921647
1452112800.0,-3.860941327751476
1452115500.0,-3.843821243355194
1452118200.0,-3.878483486613362
1452120900.0,-3.8291221574651217
1452123600.0,-3.8078612605456783
1452126300.0,-3.854251172629347
1452129000.0,-3.8176119054611775
1452131700.0,-3.8597386538487797
1452134400.0,-3.8561707660767013
1452137100.0,-3.855719642573149
1452139800.0,-3.8566443034972338
1452142500.0,-3.8132007421891387
1452145200.0,-3.752812996090597
1452147900.0,-2.071326930545524
1452150600.0,-3.570622956508572
1452153300.0,-3.8541877792750086
1452156000.0,-3.826414425377493
1452158700.0,-3.8554919723945034
1452161400.0,-3.886158760209156
1452164100.0,-3.876715603007767
1452166800.0,-3.8237677852322918
1452169500.0,-3.9593946512868
1452172200.0,-3.9739342541481335
1452174900.0,-4.043878007349036
1452177600.0,-3.9790197152693167
1452180300.0,-4.004647026519933
1452183000.0,-4.029936926783392
1452185700.0,-4.021091014580691
1452188400.0,-4.000899852046473
1452191100.0,-3.9837611337046326
1452193800.0,-4.020033462669176
1452196500.0,-3.9965885446865457
1452199200.0,-3.9148585944009255
1452201900.0,-2.5101565259199106
1452204600.0,-2.429681250875092
1452207300.0,-2.443339313103138
1452210000.0,-2.41439838719657
1452212700.0,-2.454012206656955
1452215400.0,-2.429057343104944
1452218100.0,-2.425970517922792
1452220800.0,-2.4212603269527335
1452223500.0,-2.5112776776788905
1452226200.0,-2.488085420523248
1452228900.0,-2.476430461801101
1452231600.0,-2.393604660482481
1452234300.0,-3.9132162002147197
1452237000.0,-4.140152154356741
1452239700.0,-3.310528661774896
1452242400.0,-3.0532637262189155
1452245100.0,-2.9697181381725386
1452247800.0,-3.03587910072838
1452250500.0,-2.980401916138078
1452253200.0,-2.958759510728612
1452255900.0,-3.1499069752943285
1452258600.0,-3.1615410275992417
1452261300.0,-3.199396728793431
1452264000.0,-3.286563200400593
1452266700.0,-3.20449566642543
1452269400.0,-3.253394853759062
1452272100.0,-3.3084947925525796
1452274800.0,-3.207662333837078
1452277500.0,-3.1935945898176783
1452280200.0,-3.2364156392285395
1452282900.0,-3.2134920909845732
1452285600.0,-3.1464394135908833
1452288300.0,-3.2020980682507343
1452291000.0,-3.1187324396943836
1452293700.0,-1.9936590504842115
1452296400.0,-1.8611667300724548
1452299100.0,-1.790900519842637
1452301800.0,-1.7781061106435345
1452304500.0,-1.7486019803118324
1452307200.0,-1.7661540061229744
1452309900.0,-1.8114333176659443
1452312600.0,-1.8130276721917653
1452315300.0,-1.7515811184911172
1452318000.0,-1.7846453524760477
1452320700.0,-2.8495717461674985
1452323400.0,-3.511945994653388
1452326100.0,-3.5203365434108775
1452328800.0,-3.6060823038617684
1452331500.0,-3.5462801142504645
1452334200.0,-3.525463867344712
1452336900.0,-3.4210873946096285
1452339600.0,-2.547726808145285
1452342300.0,-2.4151707134543585
1452345000.0,-2.3883305838104434
1452347700.0,-2.3996407505848083
1452350400.0,-2.4619325400512366
1452353100.0,-2.386745351469756
1452355800.0,-2.4678397554928893
1452358500.0,-2.4814605119375983
1452361200.0,-2.5034678465722777
1452363900.0,-2.5226383629764655
1452366600.0,-2.539716955749725
1452369300.0,-2.4917404138595316
1452372000.0,-2.5188156364138763
1452374700.0,-2.52164909526806
1452377400.0,-2.4530528692289977
1452380100.0,-2.4627943892991766
1452382800.0,-2.4984367168437984
1452385500.0,-2.5454797448371664
1452388200.0,-2.4624873765475854
1452390900.0,-2.465303547922872
1452393600.0,-2.4339706823721485
1452396300.0,-2.3925931578031623
1452399000.0,-2.4450391133985363
1452401700.0,-2.4449678019653334
1452404400.0,-2.4675300325966987
1452407100.0,-4.237008893158674
1452409800.0,-4.169546429667378
1452412500.0,-2.7340918328740145
1452415200.0,-2.6010134236078386
1452417900.0,-2.5777642882122507
1452420600.0,-2.557023374647656
1452423300.0,-2.536057654794206
1452426000.0,-2.5189879604837415
1452428700.0,-2.6381748463676047
1452431400.0,-2.7083171808542943
1452434100.0,-2.722634281721298
1452436800.0,-2.6812185596452025
1452439500.0,-2.6602843562306475
1452442200.0,-2.6590991495114054
1452444900.0,-2.6700757841915674
1452447600.0,-2.6941233902792305
1452450300.0,-2.5931333809385535
1452453000.0,-2.6014266737364267
1452455700.0,-2.5709212785652653
1452458400.0,-2.5725908107350506
1452461100.0,-3.6574083722255466
1452463800.0,-3.986190139184515
1452466500.0,-2.645833789827094
1452469200.0,-2.5768944600490613
1452471900.0,-2.6546061239062055
1452474600.0,-2.636879258248655
1452477300.0,-2.6743507458770637
1452480000.0,-2.6333302584326646
1452482700.0,-2.6821238508058514
1452485400.0,-2.6788628645330164
1452488100.0,-2.6800803918537213
1452490800.0,-2.6295431273546797
1452493500.0,-2.6325453958894514
1452496200.0,-2.614966069191496
1452498900.0,-3.561817465555322
1452501600.0,-2.9691486973532903
1452504300.0,-2.5944279047196517
1452507000.0,-2.627592595658996
1452509700.0,-2.526013264125936
1452512400.0,-2.5630667061259373
1452515100.0,-2.619298948254823
1452517800.0,-2.648342513487421
1452520500.0,-2.622621943763164
1452523200.0,-2.647997248607197
1452525900.0,-2.653788813691307
1452528600.0,-2.640455813895528
1452531300.0,-2.732648885636962
1452534000.0,-2.7304895677853835
1452536700.0,-2.675254642671632
1452539400.0,-2.7360481648939015
1452542100.0,-2.664535918436485
1452544800.0,-2.6802771117162933
1452547500.0,-2.6647250075131694
1452550200.0,-2.580906257845811
1452552900.0,-2.5980063930736037
1452555600.0,-1.977065125402362
1452558300.0,-1.234509656795126
1452561000.0,-1.2415210929860336
1452563700.0,-1.2199290619673775
1452566400.0,-1.2420634157275572
1452569100.0,-1.3159064564418372
1452571800.0,-2.4646993599491793
1452574500.0,-2.828712984793242
1452577200.0,-2.8690279369663756
1452579900.0,-2.9170872890247495
1452582600.0,-2.9415840700898173
1452585300.0,-2.862068362984246
1452588000.0,-2.975881573354201
1452590700.0,-2.867864380792753
1452593400.0,-2.8533682946099646
1452596100.0,-2.7505855953193077
1452598800.0,-2.778301335770692
1452601500.0,-2.8787263313196263
1452604200.0,-2.8515031909751656
1452606900.0,-2.8702466157572815
1452609600.0,-2.843310013218087
1452612300.0,-2.917508826712208
1452615000.0,-2.9411843115759098
1452617700.0,-2.9695073456902037
1452620400.0,-2.9475252564953394
1452623100.0,-2.9162913824916927
1452625800.0,-2.9213805192126188
1452628500.0,-2.8186258709432366
1452631200.0,-2.8145497036040013
1452633900.0,-2.8980454425168887
1452636600.0,-2.798552408750595
1452639300.0,-4.378670284858742
1452642000.0,-4.4215654511770595
1452644700.0,-3.0892654732643905
1452647400.0,-2.6291839899806178
1452650100.0,-2.6268660923632012
1452652800.0,-2.627933712622422
1452655500.0,-2.5968215481197205
1452658200.0,-2.62051263236026
1452660900.0,-2.590093205109781
1452663600.0,-2.600571851202943
1452666300.0,-2.7259784499871103
1452669000.0,-3.517884940455758
1452671700.0,-3.664260734121541
1452674400.0,-3.5998044342069306
1452677100.0,-3.5282697092203534
1452679800.0,-3.0342009715205336
1452682500.0,-2.4132951105390816
1452685200.0,-2.378391599955762
1452687900.0,-2.2915635689477085
1452690600.0,-2.3541239334149395
1452693300.0,-2.3698135522002985
1452696000.0,-2.434291480949696
1452698700.0,-2.402612014678141
1452701400.0,-2.3981707416538143
1452704100.0,-2.4380101211604597
1452706800.0,-2.465896248816506
1452709500.0,-2.412256947280582
1452712200.0,-2.3922705545676877
1452714900.0,-2.31572035962148
1452717600.0,-2.2664806045684145
1452720300.0,-2.3161298923036497
1452723000.0,-2.268814438249308
1452725700.0,-2.294108927617742
1452728400.0,-2.281480863853858
1452731100.0,-2.3541055717740846
1452733800.0,-2.3519415698666535
1452736500.0,-2.3162054200732314
1452739200.0,-1.0936298656615122
1452741900.0,-2.453758386357066
1452744600.0,-2.529401764686213
1452747300.0,-2.5422384230832336
1452750000.0,-2.548725159902972
1452752700.0,-2.518609679412151
1452755400.0,-2.481239093376331
1452758100.0,-2.571656775095562
1452760800.0,-2.585797514282575
1452763500.0,-2.552461254668856
1452766200.0,-2.5650345313407286
1452768900.0,-2.5264505459616373
1452771600.0,-2.5214202807478046
1452774300.0,-2.540876488645438
1452777000.0,-2.571946485872104
1452779700.0,-2.604508801721039
1452782400.0,-2.674123301138451
1452785100.0,-2.6744741381161248
1452787800.0,-2.611650079538407
1452790500.0,-2.593117211219436
1452793200.0,-2.5800442689856595
1452795900.0,-2.55503159027063
1452798600.0,-2.595837140962658
1452801300.0,-2.5203798332574365
1452804000.0,-2.51943993991776
1452806700.0,-2.5673954941237014
1452809400.0,-2.5726582127496727
1452812100.0,-2.574144188922048
1452814800.0,-2.59298073122406
1452817500.0,-2.605300594035441
1452820200.0,-2.6257519185686533
1452822900.0,-2.6285557118074223
1452825600.0,-4.087424525019941
1452828300.0,-2.728167457303016
1452831000.0,-2.6225065730974393
1452833700.0,-2.5247541208546807
1452836400.0,-2.441303337216283
1452839100.0,-2.4397043773127223
1452841800.0,-2.461392934070176
1452844500.0,-2.457662184737842
1452847200.0,-2.5868637519157005
1452849900.0,-2.567068918425292
1452852600.0,-2.660256178865069
1452855300.0,-2.6532962173229464
1452858000.0,-2.9095669920023397
1452860700.0,-3.674925554316559
1452863400.0,-3.7352799252148827
1452866100.0,-3.7128005213832864
1452868800.0,-3.686655710812204
1452871500.0,-3.723174156440166
1452874200.0,-3.757437404380738
1452876900.0,-3.7548499973594573
1452879600.0,-3.752296665973887
1452882300.0,-3.79346137853787
1452885000.0,-3.75939895172408
1452887700.0,-3.737256148983704
1452890400.0,-3.70116133076246
1452893100.0,-3.7561491461830485
1452895800.0,-3.742843155279843
1452898500.0,-3.737324131973054
1452901200.0,-3.7890039355462477
1452903900.0,-3.8139938541576157
1452906600.0,-3.7266977455434755
1452909300.0,-3.79365296204827
1452912000.0,-3.672758038753898
1452914700.0,-3.6202693014778617
1452917400.0,-2.0006555597540796
1452920100.0,-1.7901391421888206
1452922800.0,-3.1653501645875792
1452925500.0,-3.354182586823015
1452928200.0,-3.3466689816004305
1452930900.0,-3.3423241992648514
1452933600.0,-3.283049492496218
1452936300.0,-3.3140655894538327
1452939000.0,-3.2887819329862396
1452941700.0,-3.203792310688101
1452944400.0,-3.2890306241756377
1452947100.0,-3.316380337700565
1452949800.0,-3.363968919715518
1452952500.0,-3.3413570127259504
1452955200.0,-3.2992164794136727
1452957900.0,-3.3079968583390666
1452960600.0,-3.342863799728292
1452963300.0,-3.3724374848167713
1452966000.0,-3.4043912032564663
1452968700.0,-3.3727316204782767
1452971400.0,-3.3475811642075257
1452974100.0,-3.273327245943534
1452976800.0,-3.2654271254776006
1452979500.0,-3.2437758775409407
1452982200.0,-3.2043035230166765
1452984900.0,-3.209743796513493
1452987600.0,-3.2916067040667656
1452990300.0,-3.333864639503588
1452993000.0,-3.3436292986859826
1452995700.0,-3.3534438850775246
1452998400.0,-3.223749536802643
1453001100.0,-3.348144781170703
1453003800.0,-2.7734579349607316
1453006500.0,-3.1882954589877386
1453009200.0,-3.1833434041789133
1453011900.0,-3.1630339652074895
1453014600.0,-3.1155012473305703
1453017300.0,-3.1685159899192854
1453020000.0,-3.1840498014048535
1453022700.0,-3.102561638886499
1453025400.0,-3.1240167357431403
1453028100.0,-3.130288390765884
1453030800.0,-3.212609954147041
1453033500.0,-3.2989448081111163
1453036200.0,-3.319580133697798
1453038900.0,-3.3527834893445743
1453041600.0,-3.313321446971372
1453044300.0,-3.330419215743632
1453047000.0,-3.311355123727452
1453049700.0,-3.2980832293105777
1453052400.0,-3.3372809700027233
1453055100.0,-3.3325126323543657
1453057800.0,-3.2387991949233594
1453060500.0,-3.2414945989895614
1453063200.0,-3.2161198871266095
1453065900.0,-3.245763801690458
1453068600.0,-3.2168283142735277
1453071300.0,-3.2274001799442544
1453074000.0,-3.26612154792511
1453076700.0,-3.29212767709771
1453079400.0,-3.3353807706271823
1453082100.0,-3.261827910526023
1453084800.0,-3.19724686333106
1453087500.0,-3.2685436357853064
1453090200.0,-3.2508666683444574
1453092900.0,-2.9141192412398027
1453095600.0,-3.1387158755511564
1453098300.0,-3.1361156081619583
1453101000.0,-3.169763504386651
1453103700.0,-3.1212219528863727
1453106400.0,-3.2128692675163677
1453109100.0,-3.1859900402590995
1453111800.0,-3.2186263868745755
1453114500.0,-3.1559082064323434
1453117200.0,-3.2797602388943403
1453119900.0,-3.3035745978918385
1453122600.0,-3.3437447885003166
1453125300.0,-4.104157930667185
1453128000.0,-4.455753544057046
1453130700.0,-4.458883191302448
1453133400.0,-4.482297148351961
1453136100.0,-4.422076385889397
1453138800.0,-4.466003430235645
1453141500.0,-4.491047203517212
1453144200.0,-4.471847988212744
1453146900.0,-4.37154978721594
1453149600.0,-4.398688749161238
1453152300.0,-4.413973665843201
1453155000.0,-4.423276770362975
1453157700.0,-4.385097033325081
1453160400.0,-4.288462512803704
1453163100.0,-2.8342050397083085
1453165800.0,-2.739400857273523
1453168500.0,-2.7323856498016994
1453171200.0,-2.8070930294010736
1453173900.0,-2.7630804337112522
1453176600.0,-2.7717875110390366
1453179300.0,-2.6975141116459156
1453182000.0,-2.7014263607032944
1453184700.0,-3.9281503531208273
1453187400.0,-4.093072333651065
1453190100.0,-4.14171778357084
1453192800.0,-4.0848610759856285
1453195500.0,-3.3301084832384618
1453198200.0,-2.9623812283529674
1453200900.0,-2.980810325439677
1453203600.0,-2.984021771383368
1453206300.0,-3.029268739614821
1453209000.0,-3.055375658144726
1453211700.0,-3.1447610768036327
1453214400.0,-3.0773010295077086
1453217100.0,-3.0921363185234156
1453219800.0,-3.1884960933961963
1453222500.0,-3.114536498495511
1453225200.0,-3.1777885681964335
1453227900.0,-3.2518166164875595
1453230600.0,-3.190541788034608
1453233300.0,-3.132981814158626
1453236000.0,-3.157282483441975
1453238700.0,-3.057342025706731
1453241400.0,-3.1256868738515777
1453244100.0,-3.09372770655483
1453246800.0,-2.113734719014815
1453249500.0,-1.703584466317409
1453252200.0,-1.6402588251804673
1453254900.0,-1.5886394061876672
1453257600.0,-1.6035240431939428
1453260300.0,-1.6340360913188192
1453263000.0,-1.6125259014048652
1453265700.0,-1.6148417332653935
1453268400.0,-2.84819344296082
1453271100.0,-3.381957738595645
1453273800.0,-3.3782413216363807
1453276500.0,-3.4777863311991837
1453279200.0,-3.468496830270226
1453281900.0,-3.475557512677966
1453284600.0,-3.4522052803504266
1453287300.0,-3.4638724424455063
1453290000.0,-2.498983935507482
1453292700.0,-2.3139037910676734
1453295400.0,-2.2873077319996753
1453298100.0,-2.443784645927906
1453300800.0,-3.1071206606041812
1453303500.0,-3.508993909833407
1453306200.0,-3.5431233342561086
1453308900.0,-3.5039862820778467
1453311600.0,-3.5139792713301574
1453314300.0,-3.522618978052151
1453317000.0,-3.4607388334930533
1453319700.0,-3.5045738815670404
1453322400.0,-3.4622208815036686
1453325100.0,-3.361390121556923
1453327800.0,-3.3658799323966946
1453330500.0,-3.4718133470179566
1453333200.0,-3.472709358497241
1453335900.0,-3.2888568423646234
1453338600.0,-2.2089929834307895
1453341300.0,-2.18431927164022
1453344000.0,-2.1640829798818118
1453346700.0,-2.177505325842162
1453349400.0,-2.1651840650043255
1453352100.0,-2.1929118832358654
1453354800.0,-2.18288336690847
1453357500.0,-3.386658940272156
1453360200.0,-3.5336174376781457
1453362900.0,-3.471139220642243
1453365600.0,-3.5429172374267353
1453368300.0,-3.5280871142871604
1453371000.0,-3.589443277775871
1453373700.0,-3.5856184300872656
1453376400.0,-3.5898147296821605
1453379100.0,-3.6865853364992063
1453381800.0,-3.6423197888117613
1453384500.0,-3.56955702778032
1453387200.0,-2.5545461647965624
1453389900.0,-2.3706238789641816
1453392600.0,-2.433913332687581
1453395300.0,-2.3910484102921146
1453398000.0,-2.3967912513154204
1453400700.0,-2.3937645258622524
1453403400.0,-2.4040363807755227
1453406100.0,-2.352426783568376
1453408800.0,-2.348244302629894
1453411500.0,-2.344120447992111
1453414200.0,-2.3086084235791304
1453416900.0,-2.35959344767889
1453419600.0,-2.3836683354763863
1453422300.0,-2.4084099204256404
1453425000.0,-2.396509231372505
1453427700.0,-2.337684604882469
1453430400.0,-2.27277678851587
1453433100.0,-2.3205136397340027
1453435800.0,-2.302278091260007
1453438500.0,-2.2851126557634416
1453441200.0,-3.7010688931810023
1453443900.0,-3.9958763356934526
1453446600.0,-4.0631020682747305
1453449300.0,-4.065291320990326
1453452000.0,-4.090950032597789
1453454700.0,-4.164926418654659
1453457400.0,-4.1329345004890286
1453460100.0,-4.219772558549863
1453462800.0,-4.2345394058344255
1453465500.0,-4.185171503018722
1453468200.0,-4.225668399367379
1453470900.0,-4.2342770320574346
1453473600.0,-4.246848221730971
1453476300.0,-4.2653773361454626
1453479000.0,-4.32896974855845
1453481700.0,-4.331810206206882
1453484400.0,-4.357098553804576
1453487100.0,-4.357018546341521
1453489800.0,-4.3294040549850195
1453492500.0,-4.36078525839514
1453495200.0,-4.358275153882175
1453497900.0,-3.7782373030639747
1453500600.0,-2.4873418600995763
1453503300.0,-2.404910814663225
1453506000.0,-2.313293443500015
1453508700.0,-2.3590849723694873
1453511400.0,-2.3154801504412887
1453514100.0,-2.297908789772208
1453516800.0,-2.2612350252857993
1453519500.0,-2.3008994320919385
1453522200.0,-2.217009067553448
1453524900.0,-2.19810162589107
1453527600.0,-2.2469106679934043
1453530300.0,-3.9914031778957337
1453533000.0,-4.035987863510172
1453535700.0,-4.090101224513262
1453538400.0,-4.022297519314037
1453541100.0,-4.06795609826608
1453543800.0,-4.068736776801046
1453546500.0,-4.1018100770631065
1453549200.0,-4.165336958131348
1453551900.0,-4.156078133593411
1453554600.0,-4.159005694087199
1453557300.0,-4.156022117849119
1453560000.0,-4.192877827538894
1453562700.0,-4.196864072490172
1453565400.0,-4.209824770830778
1453568100.0,-4.262634594466562
1453570800.0,-4.255922500422599
1453573500.0,-4.22556485539414
1453576200.0,-4.13121287803412
1453578900.0,-4.186853132271324
1453581600.0,-4.245638057683095
1453584300.0,-4.1865265469020585
1453587000.0,-5.549156386455024
1453589700.0,-3.977143195191786
1453592400.0,-3.7888920791483827
1453595100.0,-3.7304580226068254
1453597800.0,-3.8244300000097553
1453600500.0,-3.7585519604828903
1453603200.0,-3.737274638405154
1453605900.0,-3.733060663369372
1453608600.0,-3.7000983511074423
1453611300.0,-3.6395980165785033
1453614000.0,-3.6541478629467576
1453616700.0,-3.6313146633075917
1453619400.0,-3.6813091919764247
1453622100.0,-4.571557341859489
1453624800.0,-4.75723502412734
1453627500.0,-4.709095752273726
1453630200.0,-4.690286873529601
1453632900.0,-4.687268527059217
1453635600.0,-4.7008681016286005
1453638300.0,-4.748148938551395
1453641000.0,-4.697592672369865
1453643700.0,-4.775713494189262
1453646400.0,-4.762936790726059
1453649100.0,-4.737019441486211
1453651800.0,-4.785939040788747
1453654500.0,-4.765316616614058
1453657200.0,-4.764187379351654
1453659900.0,-4.784213444709081
1453662600.0,-4.705473621973113
1453665300.0,-4.667405770823507
1453668000.0,-4.748763456140779
1453670700.0,-4.760963358591795
1453673400.0,-4.690335717850957
1453676100.0,-3.4410716623438304
1453678800.0,-2.924565788574199
1453681500.0,-2.910561619133432
1453684200.0,-2.898741219247654
1453686900.0,-2.871156893854703
1453689600.0,-2.885373451709853
1453692300.0,-2.9056897953783505
1453695000.0,-2.9224179180453405
1453697700.0,-2.9160806550394227
1453700400.0,-2.8249473548683284
1453703100.0,-2.7428359012916417
1453705800.0,-3.553746520623349
1453708500.0,-3.427286697573578
1453711200.0,-3.3638542512744323
1453713900.0,-3.4043815075260397
1453716600.0,-3.366441453466905
1453719300.0,-3.4006247759838857
1453722000.0,-3.429832124091263
1453724700.0,-3.6722967727413334
1453727400.0,-3.650946332902606
1453730100.0,-3.6121157740481067
1453732800.0,-3.5154193925362733
1453735500.0,-3.4317244467426917
1453738200.0,-3.378346100824274
1453740900.0,-3.248381786993747
1453743600.0,-3.20201487538651
1453746300.0,-3.383467623031663
1453749000.0,-3.2987828234764436
1453751700.0,-3.2595234174725363
1453754400.0,-3.319144083930695
1453757100.0,-3.3232259456973736
1453759800.0,-4.637783712245465
1453762500.0,-3.498239357499614
1453765200.0,-3.4326361593284105
1453767900.0,-3.46052847554418
1453770600.0,-3.563961465406294
1453773300.0,-3.4550933222215576
1453776000.0,-3.489244952516515
1453778700.0,-3.5055129498381348
1453781400.0,-3.4512054066420887
1453784100.0,-3.394788480610174
1453786800.0,-3.36479143776873
1453789500.0,-3.343385799379746
1453792200.0,-3.187326312007542
1453794900.0,-2.728610950018094
1453797600.0,-3.208127992265787
1453800300.0,-3.341576174508333
1453803000.0,-3.2665595357508153
1453805700.0,-3.3022431968811645
1453808400.0,-3.420974595488218
1453811100.0,-3.4724989081332183
1453813800.0,-3.481219509999221
1453816500.0,-3.4749686482679465
1453819200.0,-3.5016514141429695
1453821900.0,-3.4973187928553386
1453824600.0,-3.4761339253154517
1453827300.0,-3.4697569575428417
1453830000.0,-3.4885542781017307
1453832700.0,-3.4476922301496415
1453835400.0,-3.3710690822150866
1453838100.0,-3.359537371034122
1453840800.0,-3.4167984590348794
1453843500.0,-3.3692326612031707
1453846200.0,-3.3614868611102224
1453848900.0,-3.44435353980748
1453851600.0,-3.5669973691695134
1453854300.0,-4.698553370794372
1453857000.0,-4.840706410263152
1453859700.0,-3.3691769036553865
1453862400.0,-3.3752011287510015
1453865100.0,-3.334565390850969
1453867800.0,-3.313493852664749
1453870500.0,-3.333926241082338
1453873200.0,-3.343668271894842
1453875900.0,-3.3558492208776443
1453878600.0,-3.2968691177980816
1453881300.0,-3.2706106943837483
1453884000.0,-3.2330790764158905
1453886700.0,-3.251810058016673
1453889400.0,-3.2067055898922376
1453892100.0,-3.280510266727731
1453894800.0,-3.307286190520415
1453897500.0,-3.324313663652134
1453900200.0,-3.293297062799809
1453902900.0,-3.284494661406171
1453905600.0,-3.331961142632167
1453908300.0,-3.356862145045511
1453911000.0,-3.3681074103864717
1453913700.0,-3.4429235297830303
1453916400.0,-3.3717932858027666
1453919100.0,-3.3454446262691135
1453921800.0,-3.281327323575738
1453924500.0,-3.2564261820658658
1453927200.0,-3.278909970911087
1453929900.0,-3.2664423207379514
1453932600.0,-3.2291207463582907
1453935300.0,-3.308546287146271
1453938000.0,-3.277717994418566
1453940700.0,-2.152187075606548
1453943400.0,-1.5361256079596046
1453946100.0,-2.70039092905634
1453948800.0,-3.2792557715252144
1453951500.0,-3.2906853800178055
1453954200.0,-3.3010157541521323
1453956900.0,-3.236247060248928
1453959600.0,-3.2709225833366418
1453962300.0,-3.2634318448687907
1453965000.0,-3.2986311553426617
1453967700.0,-3.3629565560380854
1453970400.0,-3.1869517484679193
1453973100.0,-2.500193853947536
1453975800.0,-2.0446839533866523
1453978500.0,-2.0818876026991404
1453981200.0,-2.0834132743028704
1453983900.0,-2.14290222267843
1453986600.0,-2.16321665810986
1453989300.0,-2.151350699928713
1453992000.0,-2.211592562476511
1453994700.0,-2.156179305645736
1453997400.0,-2.1898937766641495
1454000100.0,-2.2084398338440963
1454002800.0,-2.197153115779116
1454005500.0,-2.1085192519216207
1454008200.0,-2.105757676839062
1454010900.0,-2.0679343704867676
1454013600.0,-2.0791747026564167
1454016300.0,-2.0104757885762012
1454019000.0,-2.0017351782744583
1454021700.0,-2.053283726466617
1454024400.0,-2.0682880556154544
1454027100.0,-2.0994172432583866
1454029800.0,-2.072499850297021
1454032500.0,-2.2709044879298403
1454035200.0,-2.518103317541204
1454037900.0,-2.5271949767272304
1454040600.0,-2.5635393847581156
1454043300.0,-2.466740857153411
1454046000.0,-2.4406165346043167
1454048700.0,-2.552526348293526
1454051400.0,-2.4760959504254743
1454054100.0,-2.5769933801861953
1454056800.0,-2.538263369660342
1454059500.0,-2.592051892263555
1454062200.0,-2.5130439877257515
1454064900.0,-2.5897105457288774
1454067600.0,-2.595316854483741
1454070300.0,-2.5532537802171476
1454073000.0,-2.4970140912500938
1454075700.0,-2.5158194339928457
1454078400.0,-2.552176975579215
1454081100.0,-2.5392591491560665
1454083800.0,-2.5309689710935004
1454086500.0,-2.6219025596469976
1454089200.0,-2.6596563460018388
1454091900.0,-2.675628598797914
1454094600.0,-2.627643845844233
1454097300.0,-2.647726348770618
1454100000.0,-2.7336142682513582
1454102700.0,-2.711941962798562
1454105400.0,-2.6379830159753794
1454108100.0,-2.6988775920913213
1454110800.0,-2.7054439326541058
1454113500.0,-2.674085059307714
1454116200.0,-2.666966373081948
1454118900.0,-1.06495820859152
1454121600.0,-0.8091132592876988
1454124300.0,-2.459686179425944
1454127000.0,-2.5035607790836707
1454129700.0,-2.549111017404215
1454132400.0,-2.4844399147044385
1454135100.0,-2.5765289898918127
1454137800.0,-2.597005546798414
1454140500.0,-2.755562182112101
1454143200.0,-2.7835526768876093
1454145900.0,-2.6630198980133173
1454148600.0,-2.710436563859446
1454151300.0,-2.7057266405733174
1454154000.0,-2.522687783336181
1454156700.0,-1.435499046137238
1454159400.0,-1.5146861290845095
1454162100.0,-1.4118006151132931
1454164800.0,-1.423486895301778
1454167500.0,-1.508271467375323
1454170200.0,-1.4494620954569655
1454172900.0,-1.5023014664741368
1454175600.0,-1.5400210354726482
1454178300.0,-1.4468797964162263
1454181000.0,-1.4098911271691463
1454183700.0,-1.4070854557726307
1454186400.0,-1.3331276158803576
1454189100.0,-1.3926216410150118
1454191800.0,-1.3618745601390856
1454194500.0,-1.3912696037015166
1454197200.0,-1.3613353998661069
1454199900.0,-1.308702202851407
1454202600.0,-1.3672967248789405
1454205300.0,-1.3314245967882243
1454208000.0,-1.3713357500755023
1454210700.0,-2.9979125656011263
1454213400.0,-3.2098179605616224
1454216100.0,-3.201246229629618
1454218800.0,-3.213086699298543
1454221500.0,-3.195346786359721
1454224200.0,-3.274570120714344
1454226900.0,-3.364257835902464
1454229600.0,-1.8956775855495493
1454232300.0,-1.6978590421873605
1454235000.0,-1.7315873945331077
1454237700.0,-1.7156733934825183
1454240400.0,-1.74531533227929
1454243100.0,-1.6584039927318486
1454245800.0,-1.732306671184972
1454248500.0,-1.6862552034828582
1454251200.0,-1.7381966571302314
1454253900.0,-1.7236501768476273
1454256600.0,-1.7045911178738606
1454259300.0,-1.7736921589734607
1454262000.0,-1.7858033193857636
1454264700.0,-1.705761836039585
1454267400.0,-1.758955418240987
1454270100.0,-1.7322118711646795
1454272800.0,-1.6491583705877133
1454275500.0,-1.667573161524274
1454278200.0,-1.707672777436244
1454280900.0,-1.7485383718974958
1454283600.0,-1.7084394802616316
1454286300.0,-1.7123348402571423
1454289000.0,-1.6726132150160424
1454291700.0,-0.18045644934767324
1454294400.0,-0.1396351444202537
1454297100.0,-0.48581594788527127
1454299800.0,-1.87564542613012
1454302500.0,-1.9021035187749078
1454305200.0,-1.869896833162528
1454307900.0,-1.935417413310006
1454310600.0,-1.8847534157721384
1454313300.0,-2.025485653534389
1454316000.0,-2.0261989203899873
1454318700.0,-2.0855718797783425
1454321400.0,-2.1215717532730025
1454324100.0,-2.122979949158747
1454326800.0,-2.12891696134659
1454329500.0,-1.1799201936978534
1454332200.0,-0.9301912423557042
1454334900.0,-0.9380152357963993
1454337600.0,-0.9414467759679042
1454340300.0,-0.9969823870953292
1454343000.0,-1.0045139089996837
1454345700.0,-1.0459742415489472
1454348400.0,-1.0467171858067559
1454351100.0,-1.0252555550861189
1454353800.0,-0.9995268457817588
1454356500.0,-0.9693889643646116
1454359200.0,-0.9667408478148332
1454361900.0,-0.9533604999036243
1454364600.0,-0.9281802211311287
1454367300.0,-0.9271427031436019
1454370000.0,-0.9905848078749955
1454372700.0,-1.0034485392444594
1454375400.0,-0.9543252260152713
1454378100.0,-0.8951548352721943
1454380800.0,-0.9479913456258373
1454383500.0,-0.9596649243048887
1454386200.0,-2.566437626776775
1454388900.0,-2.7740660796992813
1454391600.0,-2.7931167716293146
1454394300.0,-2.820552276956846
1454397000.0,-2.8001549857846726
1454399700.0,-2.88286293142491
1454402400.0,-2.9240684049140953
1454405100.0,-2.8889244203051305
1454407800.0,-1.7622046282435235
1454410500.0,-1.3754530762445256
1454413200.0,-1.3254008309859842
1454415900.0,-1.3584319901493132
1454418600.0,-1.377516372175478
1454421300.0,-1.3682652250293472
1454424000.0,-1.370991631970469
1454426700.0,-1.478051987898482
1454429400.0,-1.420548451005459
1454432100.0,-1.4422800897350498
1454434800.0,-1.4866114859497088
1454437500.0,-1.4220088584611972
1454440200.0,-1.4369627760898425
1454442900.0,-1.4594309787473776
1454445600.0,-1.3940240796649164
1454448300.0,-1.3749508944086983
1454451000.0,-1.318992369262162
1454453700.0,-1.2557273259197927
1454456400.0,-1.289579368551017
1454459100.0,-1.3445393766423877
1454461800.0,-1.3036829690037735
1454464500.0,-1.228743230212217
1454467200.0,-1.2796994208538308
1454469900.0,-1.1587294603482405
1454472600.0,-0.7494657029566838
1454475300.0,-1.494010758573836
1454478000.0,-1.633331295840037
1454480700.0,-1.609247995579949
1454483400.0,-1.6988337090871823
1454486100.0,-1.663754530302981
1454488800.0,-1.7158010015936611
1454491500.0,-1.7600748996348443
1454494200.0,-1.683925111331746
1454496900.0,-1.7532119318292416
1454499600.0,-1.7700428851975971
1454502300.0,-1.811781411098906
1454505000.0,-1.851821942316036
1454507700.0,-1.8790085255299118
1454510400.0,-1.91183823771334
1454513100.0,-2.64113542068867
1454515800.0,-3.1050673381314766
1454518500.0,-3.129671111676913
1454521200.0,-3.1389548476705613
1454523900.0,-3.081075738322994
1454526600.0,-3.118798565490607
1454529300.0,-3.1187257477681953
1454532000.0,-3.0894716488639062
1454534700.0,-3.0868079119216816
1454537400.0,-3.0328709773417586
1454540100.0,-3.0499442578792184
1454542800.0,-3.053976871842252
1454545500.0,-3.1089639835650473
1454548200.0,-3.07050703544715
1454550900.0,-3.063307947557547
1454553600.0,-3.0282254860918556
1454556300.0,-3.0335419427155443
1454559000.0,-3.0193875086506523
1454561700.0,-1.4879540550874708
1454564400.0,-1.3131461588424713
1454567100.0,-1.3372686987783027
1454569800.0,-2.1632429984807118
1454572500.0,-2.7630265439867685
1454575200.0,-2.8147809848277063
1454577900.0,-2.859001721574799
1454580600.0,-2.8280144338131663
1454583300.0,-2.888141072686807
1454586000.0,-2.9398577332717934
1454588700.0,-2.9192963905678084
1454591400.0,-2.968111639946784
1454594100.0,-2.9083337436338184
1454596800.0,-2.805926802305976
1454599500.0,-2.8707711891468364
1454602200.0,-2.9166416185028083
1454604900.0,-2.9262162178642654
1454607600.0,-2.9300801209538463
1454610300.0,-2.923517111469465
1454613000.0,-2.8297947215010026
1454615700.0,-2.854654583811339
1454618400.0,-1.6143924205587723
1454621100.0,-1.3537882574585183
1454623800.0,-1.3152401718056126
1454626500.0,-1.2657901106235272
1454629200.0,-1.2947995229922071
1454631900.0,-1.3655575867551306
1454634600.0,-1.3514346282850624
1454637300.0,-1.3080395907916795
1454640000.0,-1.2958839509644235
1454642700.0,-1.3278483754122021
1454645400.0,-1.2716198395432912
1454648100.0,-1.3050958210681074
1454650800.0,-1.2943267342708964
1454653500.0,-2.8846160990877934
1454656200.0,-3.1035908266021295
1454658900.0,-3.0994094371307597
1454661600.0,-3.1443780840944555
1454664300.0,-3.1225382730060574
1454667000.0,-3.1049844141536482
1454669700.0,-3.038126322033321
1454672400.0,-1.8261226400196051
1454675100.0,-1.8040835595413114
1454677800.0,-1.826876577768843
1454680500.0,-1.8333642888786983
1454683200.0,-1.7832711915952473
1454685900.0,-1.7928919939803905
1454688600.0,-1.7693770247194607
1454691300.0,-1.7630106365165545
1454694000.0,-1.7925929199247719
1454696700.0,-1.7912073519433136
1454699400.0,-1.764464016798314
1454702100.0,-1.7912730927031362
1454704800.0,-1.8196905631531308
1454707500.0,-1.7558750370707514
1454710200.0,-1.7735617580455028
1454712900.0,-1.7390488111075797
1454715600.0,-1.7658016506785827
1454718300.0,-1.7681957051374866
1454721000.0,-0.6614094352099187
1454723700.0,-0.3685115448010947
1454726400.0,-0.42375748851907247
1454729100.0,-0.35941553742668475
1454731800.0,-0.3381616228815574
1454734500.0,-0.4998988487714655
1454737200.0,-2.0861529821025613
1454739900.0,-2.0435987081289113
1454742600.0,-2.122439176362036
1454745300.0,-2.189868973883506
1454748000.0,-2.2655163142819106
1454750700.0,-2.3049532821893592
1454753400.0,-2.3862829265973744
1454756100.0,-2.4754333837571494
1454758800.0,-2.5099083027866413
1454761500.0,-2.2840018415407712
1454764200.0,-2.275315662691412
1454766900.0,-2.354230638591247
1454769600.0,-2.3327600989381096
1454772300.0,-2.3675967373507376
1454775000.0,-2.4996607037475087
1454777700.0,-3.3673601108968114
1454780400.0,-3.6021226266962287
1454783100.0,-3.5947624715300037
1454785800.0,-3.6005491324782213
1454788500.0,-3.5800018320267384
1454791200.0,-2.4784331819487306
1454793900.0,-1.9251452753647982
1454796600.0,-1.8812943160783675
1454799300.0,-1.8237268946162146
1454802000.0,-1.8004586050400064
1454804700.0,-1.9095149488795755
1454807400.0,-1.8224180277435948
1454810100.0,-1.870561127729502
1454812800.0,-1.8759994810054366
1454815500.0,-1.7695313114032274
1454818200.0,-1.856391527627892
1454820900.0,-1.8721191198754923
1454823600.0,-1.865764957944151
1454826300.0,-1.9016800797069493
1454829000.0,-1.9038399020344912
1454831700.0,-3.244894850288347
1454834400.0,-3.2913451892446233
1454837100.0,-2.191168062732146
1454839800.0,-1.993381066780671
1454842500.0,-2.0253793734494536
1454845200.0,-2.024276634259138
1454847900.0,-1.9454019539294904
1454850600.0,-1.9365892271506198
1454853300.0,-1.9806147115849342
1454856000.0,-1.9993446254562741
1454858700.0,-2.029511307889379
1454861400.0,-2.1129710788602267
1454864100.0,-2.0746153252855493
1454866800.0,-2.0289351400357702
1454869500.0,-2.026894779454409
1454872200.0,-1.9247865561611093
1454874900.0,-1.9660174877538452
1454877600.0,-1.888192502871476
1454880300.0,-1.8429180163610965
1454883000.0,-1.9081143716172164
1454885700.0,-0.7560539559713106
1454888400.0,-0.6380632521325538
1454891100.0,-0.6875424285323106
1454893800.0,-0.5444938752377766
1454896500.0,-0.6226224867965016
1454899200.0,-2.021377622313196
1454901900.0,-2.142174787303361
1454904600.0,-2.233332177113141
1454907300.0,-2.214752422138872
1454910000.0,-2.1919061402048214
1454912700.0,-2.235525350720451
1454915400.0,-2.2989041445612486
1454918100.0,-2.255179737195391
1454920800.0,-2.276154858533829
1454923500.0,-2.2990911418253006
1454926200.0,-2.3340006425987667
1454928900.0,-2.3179368080340623
1454931600.0,-2.263869968602421
1454934300.0,-2.18783420420138
1454937000.0,-2.1608074274291766
1454939700.0,-2.212760898050135
1454942400.0,-2.17862752135224
1454945100.0,-2.2078568181388505
1454947800.0,-2.231771402039527
1454950500.0,-2.2581546251362568
1454953200.0,-2.2679762690164296
1454955900.0,-2.3119705511915356
1454958600.0,-2.2903936043832402
1454961300.0,-2.332065844364024
1454964000.0,-2.3172911584307485
1454966700.0,-2.2529873030585463
1454969400.0,-0.7248394241388496
1454972100.0,-0.4892099839976254
1454974800.0,-0.4929251276984701
1454977500.0,-0.5512766283296742
1454980200.0,-0.41885743271785714
1454982900.0,-0.41401035783178486
1454985600.0,-0.43026522752558094
1454988300.0,-1.973699036028819
1454991000.0,-2.079414328679121
1454993700.0,-2.021063347948342
1454996400.0,-2.095578429591029
1454999100.0,-2.0258431036781417
1455001800.0,-2.160821758804758
1455004500.0,-2.1755090437206377
1455007200.0,-2.2025166546738717
1455009900.0,-1.7540276782175965
1455012600.0,-0.947204265447283
1455015300.0,-0.8980473181775324
1455018000.0,-0.9482211715953213
1455020700.0,-0.8320729443918822
1455023400.0,-0.8335394125917901
1455026100.0,-0.8656963339959702
1455028800.0,-0.8478256285636121
1455031500.0,-0.7920701844863061
1455034200.0,-0.9125522271764908
1455036900.0,-0.9605301562294812
1455039600.0,-0.9266689561510475
1455042300.0,-0.8539805481300391
1455045000.0,-0.8956559207512669
1455047700.0,-0.8375875017152907
1455050400.0,-0.9363171585829377
1455053100.0,-0.8160549729842046
1455055800.0,-0.8013846436562062
1455058500.0,-2.2234584567261777
1455061200.0,-1.3383011783049028
1455063900.0,-1.2604391539752555
1455066600.0,-1.1977615875978813
1455069300.0,-1.188551510632692
1455072000.0,-1.1771708500493787
1455074700.0,-1.1515867738273187
1455077400.0,-1.1205637058403113
1455080100.0,-1.099167575253773
1455082800.0,-1.1848352998162568
1455085500.0,-1.1722035033441784
1455088200.0,-1.3618611722478704
1455090900.0,-2.2708007150640697
1455093600.0,-2.3666373464996866
1455096300.0,-2.409660888979431
1455099000.0,-2.3279147252612518
1455101700.0,-2.329818202407239
1455104400.0,-2.3344617762518
1455107100.0,-2.2996667545839102
1455109800.0,-2.291987862910929
1455112500.0,-2.3279733316454667
1455115200.0,-2.3565425071747654
1455117900.0,-2.327509534405692
1455120600.0,-2.3995717003715527
1455123300.0,-2.3912544396064845
1455126000.0,-2.391494301499023
1455128700.0,-2.334016551543442
1455131400.0,-2.3901997072608197
1455134100.0,-2.330812960235079
1455136800.0,-2.392847476409912
1455139500.0,-2.37084875627167
1455142200.0,-2.3976344101671714
1455144900.0,-2.385350562468716
1455147600.0,-2.295650320386784
1455150300.0,-0.6239327413716751
1455153000.0,-1.3937171038355132
1455155700.0,-1.921801584768076
1455158400.0,-1.963851968552916
1455161100.0,-1.9348331398187213
1455163800.0,-1.873020025943248
1455166500.0,-1.861253401757068
1455169200.0,-1.8712591836647903
1455171900.0,-1.905699868711082
1455174600.0,-2.015562440991431
1455177300.0,-2.035883455976233
1455180000.0,-2.0608595550589826
1455182700.0,-2.1103735536179045
1455185400.0,-2.117178990738978
1455188100.0,-2.13218644877162
1455190800.0,-2.0489970135570843
1455193500.0,-1.9416274705060346
1455196200.0,-1.9279831351288692
1455198900.0,-1.9352602080661825
1455201600.0,-1.9216275160688951
1455204300.0,-1.864960124038248
1455207000.0,-1.933633044115652
1455209700.0,-1.9522723764644638
1455212400.0,-1.8729323420139394
1455215100.0,-1.9443117642706795
1455217800.0,-1.9413282799010574
1455220500.0,-1.9027800856945873
1455223200.0,-1.9628658724041657
1455225900.0,-1.9168543363728645
1455228600.0,-1.977934548196913
1455231300.0,-2.039156653859038
1455234000.0,-2.0036134386425033
1455236700.0,-2.0164135849655622
1455239400.0,-1.5103049741970267
1455242100.0,-1.8238870196383346
1455244800.0,-1.8364190215903022
1455247500.0,-1.8190611190880759
1455250200.0,-1.7523664113155633
1455252900.0,-1.693407323318553
1455255600.0,-1.777525117747615
1455258300.0,-1.6711646076090005
1455261000.0,-1.8563695697655191
1455263700.0,-1.8623066142262985
1455266400.0,-1.9868335027393584
1455269100.0,-2.099325764639673
1455271800.0,-2.9885407472797283
1455274500.0,-3.0849355935604024
1455277200.0,-3.0508627734382685
1455279900.0,-2.8714280470434232
1455282600.0,-2.9373741357019867
1455285300.0,-2.8695825041777994
1455288000.0,-2.931341419171389
1455290700.0,-2.8637641004605143
1455293400.0,-2.9661025517350197
1455296100.0,-2.9638919565001345
1455298800.0,-2.955263163965867
1455301500.0,-2.9484660932334634
1455304200.0,-2.9695333792822964
1455306900.0,-2.9341557292583786
1455309600.0,-2.9811346243063497
1455312300.0,-2.907306690445836
1455315000.0,-2.940010592639254
1455317700.0,-3.0263965725447974
1455320400.0,-3.027048789573513
1455323100.0,-3.0417979130444905
1455325800.0,-2.9302093140580325
1455328500.0,-2.958399018257296
1455331200.0,-1.3047199231072568
1455333900.0,-1.0212976948958499
1455336600.0,-1.0404087619310758
1455339300.0,-2.425258290278208
1455342000.0,-2.5578305448532035
1455344700.0,-2.51674046295949
1455347400.0,-2.5758518147331984
1455350100.0,-2.634787484379359
1455352800.0,-2.623575273174424
1455355500.0,-2.6663698790674175
1455358200.0,-2.64216266695837
1455360900.0,-2.6799222770563347
1455363600.0,-2.6637293282010432
1455366300.0,-2.622764904708049
1455369000.0,-2.621185317028022
1455371700.0,-2.5925601520224575
1455374400.0,-2.6177715092819085
1455377100.0,-2.573806110344151
1455379800.0,-2.6187483899896904
1455382500.0,-2.6345348549208722
1455385200.0,-2.5878091916582946
1455387900.0,-2.615426271284349
1455390600.0,-2.6579789936325824
1455393300.0,-2.632968787133791
1455396000.0,-2.6315405007405843
1455398700.0,-2.616547007925618
1455401400.0,-2.598971533455483
1455404100.0,-2.677567808031199
1455406800.0,-2.71137974850231
1455409500.0,-2.734304650190893
1455412200.0,-2.593785377791079
1455414900.0,-2.5910162746467904
1455417600.0,-2.4592136031498626
1455420300.0,-0.8207796410573565
1455423000.0,-1.8637995215212584
1455425700.0,-2.416002544766002
1455428400.0,-2.414416460560716
1455431100.0,-2.466225107245265
1455433800.0,-2.480065638151558
1455436500.0,-2.5137836498245747
1455439200.0,-2.526255936808866
1455441900.0,-2.582627803770322
1455444600.0,-2.647059954436486
1455447300.0,-2.6709696537506886
1455450000.0,-2.741665176003835
1455452700.0,-2.5674858930788673
1455455400.0,-2.562654974352398
1455458100.0,-2.597805320767634
1455460800.0,-2.577444820877247
1455463500.0,-2.5922885491045236
1455466200.0,-2.6369205543840053
1455468900.0,-2.6206638508974436
1455471600.0,-2.5468957593342623
1455474300.0,-2.587192384633852
1455477000.0,-2.599966377816088
1455479700.0,-2.5814431083313423
1455482400.0,-2.652717484343043
1455485100.0,-2.595066310760103
1455487800.0,-2.5924537472783413
1455490500.0,-2.5725091567233562
1455493200.0,-2.6399036812059933
1455495900.0,-2.636004790145904
1455498600.0,-1.1908314536256626
1455501300.0,-0.7784309586872382
1455504000.0,-0.6789272003609881
1455506700.0,-0.6614897037665628
1455509400.0,-0.6867510923322584
1455512100.0,-2.1077097141385366
1455514800.0,-2.5015079111542207
1455517500.0,-2.468915378956126
1455520200.0,-2.581648089742714
1455522900.0,-2.6128652812186317
1455525600.0,-2.6710236653589163
1455528300.0,-2.6090795670664875
1455531000.0,-2.6211385463939223
1455533700.0,-1.7526947849377166
1455536400.0,-1.616012463045081
1455539100.0,-1.4669966258833824
1455541800.0,-1.447131458026064
1455544500.0,-1.4483682679966137
1455547200.0,-1.5634345002245595
1455549900.0,-1.6310578932758517
1455552600.0,-1.7041582928102343
1455555300.0,-1.6757596816096623
1455558000.0,-1.6586133090260944
1455560700.0,-1.5880020248090148
1455563400.0,-1.6038852187993484
1455566100.0,-1.568449705789675
1455568800.0,-1.5370808610344113
1455571500.0,-1.5408913148558838
1455574200.0,-1.4785432056607988
1455576900.0,-1.5455183857327768
1455579600.0,-1.439966116485806
1455582300.0,-0.38782464603519884
1455585000.0,-0.18291593066993528
1455587700.0,-0.14243665637894765
1455590400.0,-0.1652724424036478
1455593100.0,-0.2064277952073894
1455595800.0,-0.1745483898270095
1455598500.0,-0.15559699648872538
1455601200.0,-0.21407868138811637
1455603900.0,-1.919080527695968
1455606600.0,-2.075503086013896
1455609300.0,-2.1181456648616575
1455612000.0,-2.163713420677368
1455614700.0,-2.2043654954050282
1455617400.0,-2.1744345398251426
1455620100.0,-2.111413473898665
1455622800.0,-1.2070498204667501
1455625500.0,-0.922910973997034
1455628200.0,-0.9522051445269994
1455630900.0,-0.916040693566913
1455633600.0,-0.9914475975491541
1455636300.0,-1.0044749329141496
1455639000.0,-1.0158965065455163
1455641700.0,-1.0492542798582463
1455644400.0,-1.0213915444093686
1455647100.0,-0.9635516501535903
1455649800.0,-1.0167194626105243
1455652500.0,-0.9979078584723879
1455655200.0,-0.9517957895890845
1455657900.0,-0.9855069449108669
1455660600.0,-1.0082701510764878
1455663300.0,-0.9733900875243648
1455666000.0,-0.932156275719251
1455668700.0,-0.04431403715699389
1455671400.0,0.3230725486847632
1455674100.0,0.3648216929643695
1455676800.0,0.32837905799732425
1455679500.0,0.3581876112730811
1455682200.0,0.3198887087722255
1455684900.0,-1.3505964905880887
1455687600.0,-1.4121455890457355
1455690300.0,-1.4631236889388788
1455693000.0,-1.5384281279057461
1455695700.0,-1.552108751462498
1455698400.0,-1.5796784135384883
1455701100.0,-1.6342061056823525
1455703800.0,-1.6856965911161979
1455706500.0,-1.6556625788975055
1455709200.0,-1.7076352706006617
1455711900.0,-1.8219673540365307
1455714600.0,-2.6423916316727514
1455717300.0,-2.694070197900544
1455720000.0,-2.6588588206353734
1455722700.0,-2.65334143815258
1455725400.0,-2.693015735466531
1455728100.0,-2.666503314809262
1455730800.0,-2.653437779256194
1455733500.0,-2.6652660225381624
1455736200.0,-2.6798682863434635
1455738900.0,-2.704901904859753
1455741600.0,-2.6785933188921263
1455744300.0,-2.7553187842599414
1455747000.0,-1.701866153429279
1455749700.0,-1.0028271128356891
1455752400.0,-1.0386423948497736
1455755100.0,-0.9433062207687612
1455757800.0,-0.9521987259961975
1455760500.0,-0.8955442245229506
1455763200.0,-0.8141587478507404
1455765900.0,-0.8732549284388256
1455768600.0,-0.8472559874907688
1455771300.0,-0.9493822337470306
1455774000.0,-2.2437800076863255
1455776700.0,-2.2613089446755055
1455779400.0,-2.338078674728365
1455782100.0,-2.3826617187933152
1455784800.0,-2.4297719014783468
1455787500.0,-2.386409012250823
1455790200.0,-2.489916375387736
1455792900.0,-2.5182261104257293
1455795600.0,-2.239356783509521
1455798300.0,-1.002207399040742
1455801000.0,-0.9719105485456794
1455803700.0,-0.9801960708549018
1455806400.0,-1.0047025380233094
1455809100.0,-1.029752640660945
1455811800.0,-1.0257228068758764
1455814500.0,-1.051788823598372
1455817200.0,-1.0605362184940077
1455819900.0,-1.0345422705640317
1455822600.0,-1.044489664409582
1455825300.0,-0.9942655784093972
1455828000.0,-0.9839544456872886
1455830700.0,-1.017911496157069
1455833400.0,-1.0101487330688315
1455836100.0,-0.8463846057101705
1455838800.0,0.09204382502053932
1455841500.0,0.2564203856451286
1455844200.0,0.2802208177947705
1455846900.0,0.3150205154328205
1455849600.0,0.3721689614873185
1455852300.0,0.31092657464142803
1455855000.0,0.35798257284005786
1455857700.0,0.37191972576789567
1455860400.0,-1.2554624905096716
1455863100.0,-1.5173316712985923
1455865800.0,-1.5289220891318678
1455868500.0,-1.5991948638526594
1455871200.0,-1.624365928217287
1455873900.0,-1.7065558862979628
1455876600.0,-1.7191145264008583
1455879300.0,-1.7767603940846186
1455882000.0,-1.7534285061635728
1455884700.0,-1.6112900453522627
1455887400.0,-1.602884698361322
1455890100.0,-1.5602985059362595
1455892800.0,-1.5550540701931368
1455895500.0,-1.6124053032685026
1455898200.0,-1.636277037958365
1455900900.0,-1.6595884381131611
1455903600.0,-1.677731928580755
1455906300.0,-1.7160042758180225
1455909000.0,-1.7514892611153812
1455911700.0,-1.7094464584962168
1455914400.0,-1.7460945571038167
1455917100.0,-1.7192854048103925
1455919800.0,-1.760035074645998
1455922500.0,-1.0658233434194244
1455925200.0,-0.16063903489583709
1455927900.0,-0.025081353576752008
1455930600.0,0.086019992760896
1455933300.0,0.15215992547069845
1455936000.0,0.1401541002848603
1455938700.0,0.22859388167745465
1455941400.0,0.29199349562020416
1455944100.0,0.25827231434436726
1455946800.0,0.33839320442803
1455949500.0,0.25201807660670283
1455952200.0,-1.5681666421782836
1455954900.0,-1.7780622221374074
1455957600.0,-1.764987391012454
1455960300.0,-1.866238285298266
1455963000.0,-1.8341890614187548
1455965700.0,-1.8838295635007967
1455968400.0,-1.8625039967240866
1455971100.0,-1.7283164696377469
1455973800.0,-1.7479072169197138
1455976500.0,-1.738002353179354
1455979200.0,-1.6263933312013137
1455981900.0,-1.715787103633403
1455984600.0,-1.779727327763652
1455987300.0,-1.760596408987169
1455990000.0,-1.763536919100119
1455992700.0,-1.7686335392118337
1455995400.0,-1.7530258475421192
1455998100.0,-1.830881699772533
1456000800.0,-1.8268772757390366
1456003500.0,-0.43501976821391963
1456006200.0,-0.11434709294678669
1456008900.0,-0.132946667406884
1456011600.0,-0.160410172239267
1456014300.0,-0.12084650908468575
1456017000.0,-0.08594135316343454
1456019700.0,-0.0304578052775355
1456022400.0,0.010868582370278546
1456025100.0,0.02780368837267133
1456027800.0,0.10014026047622338
1456030500.0,0.043583504763091696
1456033200.0,0.029337899286304037
1456035900.0,-1.6624401250509493
1456038600.0,-1.8069835252514679
1456041300.0,-1.7921062950668443
1456044000.0,-1.9640110931424317
1456046700.0,-1.8698499224202294
1456049400.0,-1.8722746970999822
1456052100.0,-1.9110592996447906
1456054800.0,-1.9583569063993025
1456057500.0,-1.7857828968031129
1456060200.0,-1.8069426403587272
1456062900.0,-1.7916055796358705
1456065600.0,-1.8045960465116764
1456068300.0,-1.8445078683776615
1456071000.0,-1.8862318209766897
1456073700.0,-1.8866959814006066
1456076400.0,-1.881915655995357
1456079100.0,-1.8915886475807326
1456081800.0,-1.8461876727622837
1456084500.0,-1.8978764209150256
1456087200.0,-1.4958638463972136
1456089900.0,-1.6067479688215656
1456092600.0,-1.5299537213947474
1456095300.0,-1.5125990067717225
1456098000.0,-1.5653694492589239
1456100700.0,-1.5365361470749122
1456103400.0,-1.4875102008583667
1456106100.0,-1.426592729192805
1456108800.0,-1.3554639883533355
1456111500.0,-1.321523498595667
1456114200.0,-1.326462315515272
1456116900.0,-1.2935340014595624
1456119600.0,-1.3165512104432082
1456122300.0,-1.3091646192682163
1456125000.0,-1.311896463326633
1456127700.0,-2.2285234162927168
1456130400.0,-2.5414213440384685
1456133100.0,-2.506662952964291
1456135800.0,-1.550378428830527
1456138500.0,-1.4082150195452812
1456141200.0,-1.4811267638943377
1456143900.0,-1.1992412312333158
1456146600.0,-1.2671879763714458
1456149300.0,-1.2442422887175155
1456152000.0,-1.2084884255580448
1456154700.0,-1.2836323572711024
1456157400.0,-1.2818605011826776
1456160100.0,-1.2307951364562086
1456162800.0,-1.3098614513631617
1456165500.0,-1.3195542867656513
1456168200.0,-1.2498242060038933
1456170900.0,-1.2798493417124917
1456173600.0,-1.2622673772422388
1456176300.0,-1.2960281042703343
1456179000.0,-1.316239821648793
1456181700.0,-2.4605357538006842
1456184400.0,-2.652563922277068
1456187100.0,-2.6560218058280896
1456189800.0,-2.611750830773218
1456192500.0,-2.6047649848393633
1456195200.0,-2.527790711587471
1456197900.0,-2.503640014789994
1456200600.0,-2.460553277739564
1456203300.0,-1.10740316059929
1456206000.0,-0.8239079232091058
1456208700.0,-0.9225424832746398
1456211400.0,-0.9082401556017885
1456214100.0,-1.0184650347023876
1456216800.0,-1.0258381996576986
1456219500.0,-1.0580417651729022
1456222200.0,-1.134669260047474
1456224900.0,-1.1966074474744346
1456227600.0,-2.043158569295599
1456230300.0,-2.116516071477406
1456233000.0,-2.1316597252613008
1456235700.0,-2.1365158096601533
1456238400.0,-2.150878606491972
1456241100.0,-2.1653395739019743
1456243800.0,-2.165770218074556
1456246500.0,-2.1840232885791693
1456249200.0,-2.1274860005205767
1456251900.0,-2.1477514166559786
1456254600.0,-2.1245464614456466
1456257300.0,-2.133578018963078
1456260000.0,-2.1001778224250813
1456262700.0,-0.6479298326700587
1456265400.0,-0.6545387950644681
1456268100.0,-0.6298069725053779
1456270800.0,-0.6870418224800687
1456273500.0,-0.5526528189208761
1456276200.0,-0.6126875915768437
1456278900.0,-0.5503538040694593
1456281600.0,-0.5695924765182667
1456284300.0,-0.5462709614415644
1456287000.0,-0.5218918195576521
1456289700.0,-0.5479256813470101
1456292400.0,-0.46303193071327087
1456295100.0,-0.41354205970117164
1456297800.0,0.3682869701497111
1456300500.0,-0.9780634694034802
1456303200.0,-1.1321267525809162
1456305900.0,-1.1087510642006464
1456308600.0,-1.1676247130393733
1456311300.0,-1.2081666654844128
1456314000.0,-1.2336402997403297
1456316700.0,-1.0650344941593062
1456319400.0,-1.0762815002639172
1456322100.0,-1.0470936783804063
1456324800.0,-1.02527353366213
1456327500.0,-1.0798950202874948
1456330200.0,-1.0968735112814443
1456332900.0,-1.0538509639546874
1456335600.0,-1.043560012227374
1456338300.0,-1.0991021510554333
1456341000.0,-1.0966426015958746
1456343700.0,-1.1678578745312223
1456346400.0,-1.1041134006237598
1456349100.0,-1.016998363947721
1456351800.0,0.19141349639079408
1456354500.0,-1.1658118253877774
1456357200.0,-1.2779086679494185
1456359900.0,-1.184691393719902
1456362600.0,-1.18741711858965
1456365300.0,-1.112963603545154
1456368000.0,-1.1007716073786753
1456370700.0,-1.0889958740735324
1456373400.0,-1.132967046338564
1456376100.0,-1.0923735239646817
1456378800.0,-1.0916232603288734
1456381500.0,-1.059914879506323
1456384200.0,-1.0908039886074903
1456386900.0,-1.0567809914257396
1456389600.0,-1.0812577318927765
1456392300.0,-1.2001565935575513
1456395000.0,-1.1557315480810075
1456397700.0,-1.2399454217374455
1456400400.0,-1.3384515826878953
1456403100.0,-1.0783135354231774
1456405800.0,-1.1213382003481058
1456408500.0,-1.0908760741283743
1456411200.0,-1.0893886789161797
1456413900.0,-1.1570507675631632
1456416600.0,-1.1274693327578973
1456419300.0,-1.0410883103611468
1456422000.0,-1.0521265387153562
1456424700.0,-1.0822313326291635
1456427400.0,-1.0175684459267131
1456430100.0,-1.1034910944639478
1456432800.0,-1.0127920309449223
1456435500.0,-1.0429023240237711
1456438200.0,-1.0927013779808021
1456440900.0,-1.0988110530167603
1456443600.0,-0.6044317710912992
1456446300.0,-1.1389453385179706
1456449000.0,-1.0630661384223572
1456451700.0,-1.075697698213503
1456454400.0,-1.0600740003976057
1456457100.0,-1.0347044999453487
1456459800.0,-1.01786574587436
1456462500.0,-1.0982818463218393
1456465200.0,-1.0241665632452168
1456467900.0,-1.042956014836875
1456470600.0,-1.072144024510635
1456473300.0,-1.1988855392975495
1456476000.0,-1.149210807391512
1456478700.0,-1.1842033038411728
1456481400.0,-1.1927538572096807
1456484100.0,-1.118295513267526
1456486800.0,-0.11282189050831448
1456489500.0,0.15974001037312746
1456492200.0,0.173899406677549
1456494900.0,0.13698053244496577
1456497600.0,0.11769593367279185
1456500300.0,0.09746557908584919
1456503000.0,0.14001277157734648
1456505700.0,0.13166691840638123
1456508400.0,0.20003992451023578
1456511100.0,0.14488712735885656
1456513800.0,0.15559578860808188
1456516500.0,0.12369771383333727
1456519200.0,0.13495119469308747
1456521900.0,0.18950367634460008
1456524600.0,0.07117204830734636
1456527300.0,0.10836099000283639
1456530000.0,0.07185346410693683
1456532700.0,-1.2401250096326635
1456535400.0,-1.6325836558760898
1456538100.0,-1.6844788491856093
1456540800.0,-1.6783936822732812
1456543500.0,-1.6816766170931885
1456546200.0,-1.6777700489829215
1456548900.0,-1.7483629193559125
1456551600.0,-1.7192142577097513
1456554300.0,-1.7483733692157841
1456557000.0,-1.7768662888550182
1456559700.0,-1.7966618411710442
1456562400.0,-0.44600004441366536
1456565100.0,-0.1916673525475403
1456567800.0,-0.6289908507224027
1456570500.0,-1.2464134908954918
1456573200.0,-1.3240306620413662
1456575900.0,-1.2769211463861438
1456578600.0,-1.2156102682843084
1456581300.0,-1.2547848103416186
1456584000.0,-1.2046562133817815
1456586700.0,-1.2354251811942731
1456589400.0,-1.2352139417468493
1456592100.0,-1.2022024561252067
1456594800.0,-1.143125633929344
1456597500.0,-1.195751827277121
1456600200.0,-1.205556631656009
1456602900.0,-1.2326323412744387
1456605600.0,-1.2329595665976
1456608300.0,-1.2222179063790861
1456611000.0,-1.2596196597672815
1456613700.0,-0.6072498862412203
1456616400.0,0.11263776428569372
1456619100.0,0.24853013421227388
1456621800.0,0.2909374415582988
1456624500.0,0.28062237945471225
1456627200.0,-0.9398704931775796
1456629900.0,-1.0824049118429855
1456632600.0,-1.1130492891427366
1456635300.0,-1.0943529916981731
1456638000.0,-1.1448300620108114
1456640700.0,-1.253400617804317
1456643400.0,-1.2908769009314653
1456646100.0,-1.3354234093189632
1456648800.0,-1.4156456280686598
1456651500.0,-1.420466859100486
1456654200.0,-1.2657640622939823
1456656900.0,-0.300924634032242
1456659600.0,-0.13532561234370633
1456662300.0,-0.028660465116047362
1456665000.0,-0.08178403478382279
1456667700.0,-0.06817692382867335
1456670400.0,-0.0584214209150673
1456673100.0,-0.029545912141657027
1456675800.0,-0.014789427607809102
1456678500.0,-0.04473499819863491
1456681200.0,-0.020307430043146724
1456683900.0,-0.06029504184243706
1456686600.0,-0.014890960210948379
1456689300.0,-0.051565257068318715
1456692000.0,-0.03753477143436612
1456694700.0,0.02849513964332573
1456697400.0,0.01714518233779927
1456700100.0,-0.03141565306299299
1456702800.0,0.020524977818013213
1456705500.0,0.030514963946245643
1456708200.0,0.15589356857697112
1456710900.0,0.9328827244208924
1456713600.0,1.371549456040782
1456716300.0,-0.22867303383418403
1456719000.0,-0.3803295232456776
1456721700.0,-0.45789100730195287
1456724400.0,-0.42398546344276156
1456727100.0,-0.4875889008187073
1456729800.0,-0.5229678519005461
1456732500.0,-0.5987411780123466
1456735200.0,-0.5714573021180627
1456737900.0,-0.5992359596510823
1456740600.0,-0.6475176210407199
1456743300.0,-0.6489802065412391
1456746000.0,-0.6448111991591077
1456748700.0,-0.5541574382119734
1456751400.0,-0.5639193639954101
1456754100.0,-0.6454771436319788
1456756800.0,-0.696573068397015
1456759500.0,-0.6602622563992782
1456762200.0,-0.6581883802920174
1456764900.0,-0.6369137178829192
1456767600.0,-0.6495596689353533
1456770300.0,-0.614778173844627
1456773000.0,-0.603137757017123
1456775700.0,-0.609345679287344
1456778400.0,-0.6293658458257596
1456781100.0,-0.5788753519645411
1456783800.0,-0.6164372848399466
1456786500.0,-0.6511968433573543
1456789200.0,-0.5796146603611874
1456791900.0,1.0747641407335777
1456794600.0,1.173849301391158
1456797300.0,1.3198287693432462
1456800000.0,1.2489096267657942
1456802700.0,1.1057843196161343
1456805400.0,-0.480787305365709
1456808100.0,-0.675499584026511
1456810800.0,-0.6631089751311947
1456813500.0,-0.6957145494193355
1456816200.0,-0.7545105061613526
1456818900.0,-0.8045565550737024
1456821600.0,-0.9001845563707889
1456824300.0,-0.8806021812354743
1456827000.0,-0.8907840616853377
1456829700.0,-0.8798622657163833
1456832400.0,-0.8510812132569185
1456835100.0,-0.26713350632172705
1456837800.0,0.5278578200362176
1456840500.0,0.5615834499063226
1456843200.0,0.4930468070874099
1456845900.0,0.43522504701007847
1456848600.0,0.4590771414405026
1456851300.0,0.42518226802422987
1456854000.0,0.48252277189465076
1456856700.0,0.469089029241502
1456859400.0,0.46953875711375304
1456862100.0,0.43608419792388986
1456864800.0,0.5109366500730061
1456867500.0,0.5263452549561976
1456870200.0,0.40414577424388654
1456872900.0,0.39559457472756776
1456875600.0,0.4719416289229912
1456878300.0,0.5593912634962521
1456881000.0,0.6493210697234986
1456883700.0,0.6476953697886643
1456886400.0,0.6225533619062844
1456889100.0,0.6519770502698634
1456891800.0,-0.9522453217658438
1456894500.0,-1.240421359277093
1456897200.0,-1.3104083934654227
1456899900.0,-1.412456100065441
1456902600.0,-1.48021944265588
1456905300.0,-1.5355730777216081
1456908000.0,-1.592947474357743
1456910700.0,-1.5746301929776507
1456913400.0,-1.6235733624724844
1456916100.0,-1.5778109251991452
1456918800.0,-1.6233827089862416
1456921500.0,-1.482740835786359
1456924200.0,-0.028782433054061585
1456926900.0,0.27369519387059427
1456929600.0,0.2442450080894787
1456932300.0,0.1484828045167319
1456935000.0,0.20305556286911042
1456937700.0,0.22266489790348487
1456940400.0,0.2180926892280013
1456943100.0,0.27181208902248954
1456945800.0,0.23365290063958355
1456948500.0,0.2287300192163002
1456951200.0,0.2862871542795915
1456953900.0,0.29257475797015786
1456956600.0,0.23177259110696014
1456959300.0,0.20053047868168505
1456962000.0,0.2329407783470856
1456964700.0,0.32403278327524276
1456967400.0,0.399941269882504
1456970100.0,0.458278834142277
1456972800.0,0.4079242740228324
1456975500.0,0.4804288838871571
1456978200.0,0.43984519130549415
1456980900.0,0.08824715759891433
1456983600.0,-1.3027451555294363
1456986300.0,-1.431157635373438
1456989000.0,-1.4564088683515877
1456991700.0,-1.604061110456854
1456994400.0,-1.5358434136621213
1456997100.0,-1.5329726465142812
1456999800.0,-1.605794439056524
1457002500.0,-1.6474390223328328
1457005200.0,-1.6297367043007966
1457007900.0,-1.5889508043187277
1457010600.0,-1.607387668485785
1457013300.0,-1.6525759029325116
1457016000.0,-1.703142716606834
1457018700.0,-1.753776432649829
1457021400.0,-1.7252340085982212
1457024100.0,-1.7416457879625398
1457026800.0,-1.764132706598673
1457029500.0,-1.6798010466785627
1457032200.0,-1.0756779482307195
1457034900.0,0.17264548642754107
1457037600.0,0.2654272883398221
1457040300.0,0.3707026697215383
1457043000.0,0.3975700091904173
1457045700.0,0.345663892213679
1457048400.0,0.2162756398783472
1457051100.0,-1.2160084003035365
1457053800.0,-1.28225081922929
1457056500.0,-1.2351167900028486
1457059200.0,-1.2278592180325063
1457061900.0,-1.2581917456158749
1457064600.0,-1.2026567034810398
1457067300.0,-1.2692892277109422
1457070000.0,-1.2517105381236604
1457072700.0,-1.2696302982129453
1457075400.0,-1.3056436124455786
1457078100.0,-1.3752096340830064
1457080800.0,-1.4080518093784917
1457083500.0,-2.189184533214984
1457086200.0,-2.5259831697756567
1457088900.0,-2.506834574751906
1457091600.0,-2.4532846424556283
1457094300.0,-2.4686059750429763
1457097000.0,-2.4916588250925713
1457099700.0,-2.5189525256664353
1457102400.0,-2.559278243175328
1457105100.0,-2.5782403639188374
1457107800.0,-2.517430975527077
1457110500.0,-2.5480023399146035
1457113200.0,-2.5320102388722034
1457115900.0,-2.4105013861458247
1457118600.0,-0.7136201596184719
1457121300.0,-0.5900679205988126
1457124000.0,-0.5768947183643718
1457126700.0,-0.5720232851675178
1457129400.0,-0.5025341633354969
1457132100.0,-0.5770554051932777
1457134800.0,-1.5417245269954947
1457137500.0,-1.870436078880715
1457140200.0,-1.8760844730144868
1457142900.0,-1.8956394737146525
1457145600.0,-1.8554764363271659
1457148300.0,-1.8484122782693646
1457151000.0,-1.870114206738947
1457153700.0,-1.812709660337248
1457156400.0,-1.8794304736570666
1457159100.0,-1.8684666645477819
1457161800.0,-1.9437242288086338
1457164500.0,-1.9281112973224879
1457167200.0,-1.9373557644198343
1457169900.0,-1.9328433829683433
1457172600.0,-1.9357428550565885
1457175300.0,-1.9203584890926493
1457178000.0,-2.89643541350938
1457180700.0,-3.0280019524296335
1457183400.0,-3.1817680682378864
1457186100.0,-3.1267140570108154
1457188800.0,-3.1632385674513444
1457191500.0,-3.1714722724040314
1457194200.0,-3.1978883190814713
1457196900.0,-3.1518371242803767
1457199600.0,-3.1564594375719537
1457202300.0,-3.084213148420588
1457205000.0,-1.672213068003856
1457207700.0,-1.2627077164133027
1457210400.0,-1.212946191451124
1457213100.0,-1.2590209222081512
1457215800.0,-1.2708813848360023
1457218500.0,-1.290045126235725
1457221200.0,-1.2043759315853038
1457223900.0,-1.3967353172896253
1457226600.0,-2.4052358804204346
1457229300.0,-2.42997490252543
1457232000.0,-2.4344343280679084
1457234700.0,-2.432079767099509
1457237400.0,-2.4255474731458264
1457240100.0,-2.3749951482150493
1457242800.0,-2.37616456467822
1457245500.0,-2.4294457442304918
1457248200.0,-2.423679467789185
1457250900.0,-2.4663048484432863
1457253600.0,-2.4409838752015958
1457256300.0,-2.486466286322269
1457259000.0,-2.4605495000185726
1457261700.0,-2.459091149863667
1457264400.0,-2.486931540190426
1457267100.0,-2.361206702374375
1457269800.0,-2.4174382160566097
1457272500.0,-2.481611383907307
1457275200.0,-3.55538637069003
1457277900.0,-3.7728533502997834
1457280600.0,-3.726186194094595
1457283300.0,-3.7705425185735066
1457286000.0,-3.745166144931403
1457288700.0,-3.7033253394941994
1457291400.0,-2.9839494177613517
1457294100.0,-1.8647875041293105
1457296800.0,-1.7832957051610663
1457299500.0,-1.7433607639167121
1457302200.0,-1.807191179545356
1457304900.0,-1.8276615644873857
1457307600.0,-1.7384396624768215
1457310300.0,-1.6911749689589328
1457313000.0,-1.6455410876055225
1457315700.0,-1.656301426488909
1457318400.0,-1.6991594653833317
1457321100.0,-1.69455115314355
1457323800.0,-1.6699697700910576
1457326500.0,-1.676017134229454
1457329200.0,-1.6518971398827773
1457331900.0,-1.710704805166415
1457334600.0,-1.7300450860606134
1457337300.0,-1.799719977473984
1457340000.0,-1.756880195565941
1457342700.0,-1.7254561249428946
1457345400.0,-1.7910621175585675
1457348100.0,-1.6798719845067467
1457350800.0,-1.6275987615020426
1457353500.0,-0.7134353679647347
1457356200.0,-0.09807485770852509
1457358900.0,-0.07791800447125752
1457361600.0,-0.08722080150585043
1457364300.0,-0.21283659022736856
1457367000.0,-0.029737414358464775
1457369700.0,-0.02693230248422651
1457372400.0,-0.024492185419660473
1457375100.0,-0.017632939781833556
1457377800.0,-0.04440140025729988
1457380500.0,-0.033443512843859935
1457383200.0,-0.040079260314826115
1457385900.0,-0.5439173224760339
1457388600.0,-1.8942080500849556
1457391300.0,-1.9341297263897559
1457394000.0,-0.8878793611726508
1457396700.0,-0.7237478581828611
1457399400.0,-0.7065898618567417
1457402100.0,-0.6920001612623423
1457404800.0,-0.7380183098788109
1457407500.0,-0.7078544707839569
1457410200.0,-0.8017145726380477
1457412900.0,-0.6988527293318612
1457415600.0,-0.677181480090951
1457418300.0,-0.750771389660656
1457421000.0,-0.8104822726391205
1457423700.0,-0.8700508987172668
1457426400.0,-0.8896395652603246
1457429100.0,-0.9350218392207807
1457431800.0,-0.9107207581957653
1457434500.0,-0.8734815681216332
1457437200.0,-0.8700755003402207
1457439900.0,-0.7511392739071425
1457442600.0,-0.8066925424680278
1457445300.0,-0.7740564006407737
1457448000.0,-0.7859101027098632
1457450700.0,-0.7661194915003477
1457453400.0,-0.7592385846330103
1457456100.0,-0.7036431022987415
1457458800.0,-0.7581708781540328
1457461500.0,-0.7539132718093811
1457464200.0,-0.7766438308090926
1457466900.0,-0.7805445137095148
1457469600.0,0.419570696509993
1457472300.0,0.894612579198224
1457475000.0,0.8852743129141913
1457477700.0,-0.7760019697047085
1457480400.0,-0.9250817631204598
1457483100.0,-0.9338812119052875
1457485800.0,-0.8776284265978518
1457488500.0,-0.8972628381778236
1457491200.0,-0.8779369921596469
1457493900.0,-0.8935406835335868
1457496600.0,-0.9340230548677653
1457499300.0,-0.9021830322301696
1457502000.0,-0.9201587050339413
1457504700.0,-0.940584094520915
1457507400.0,-0.9698940866809949
1457510100.0,-1.0305716945453867
1457512800.0,-1.0264870947661677
1457515500.0,-1.0552446966725881
1457518200.0,-1.0388643679082747
1457520900.0,-0.5095437721456051
1457523600.0,0.28946237207117065
1457526300.0,0.4678402569672926
1457529000.0,0.39788075593787653
1457531700.0,0.45663365532891476
1457534400.0,0.4642435404547882
1457537100.0,0.49004110535236123
1457539800.0,0.4886873982368911
1457542500.0,0.5335937166373128
1457545200.0,0.49062689328496845
1457547900.0,0.5256546567705982
1457550600.0,0.526976948846027
1457553300.0,0.5112534624831824
1457556000.0,0.5432900049660248
1457558700.0,0.564036573692249
1457561400.0,0.5870912880998844
1457564100.0,0.3222184810687736
1457566800.0,-0.13158374323143107
1457569500.0,-0.08450625463422057
1457572200.0,-0.07826480508254008
1457574900.0,-0.06781288536484453
1457577600.0,-0.03036377206490215
1457580300.0,-0.03331641716783906
1457583000.0,-0.016962796643042566
1457585700.0,0.015610999190528219
1457588400.0,-0.048124085822394136
1457591100.0,-0.15265678676729522
1457593800.0,-0.9539228848207983
1457596500.0,-1.2772671454246165
1457599200.0,-1.3186857718729925
1457601900.0,-1.2792638941427867
1457604600.0,-1.3141713729500282
1457607300.0,-1.3089872453030296
1457610000.0,-1.329231120471178
1457612700.0,-0.9827950367087794
1457615400.0,-0.9827488210959245
1457618100.0,-1.0803970179538567
1457620800.0,-1.2275316071637121
1457623500.0,-1.2579972073953627
1457626200.0,-1.3351808558201128
1457628900.0,-1.4396710563398756
1457631600.0,-1.535357948871507
1457634300.0,-1.3680289291316967
1457637000.0,-1.3828302292030514
1457639700.0,-1.4108966275702244
1457642400.0,-1.4042154577017527
1457645100.0,-1.3882745909814105
1457647800.0,-1.4228601148643634
1457650500.0,-1.0589425887909272
1457653200.0,-0.9710935893095609
1457655900.0,-0.8512740391199998
1457658600.0,-0.7177197681128575
1457661300.0,-0.7802492471300297
1457664000.0,-0.7581856218189387
1457666700.0,-0.7555739597089541
1457669400.0,-0.7969681027176705
1457672100.0,-0.7663286276542749
1457674800.0,-0.8323570743637845
1457677500.0,-0.827285008862134
1457680200.0,-0.975386731477272
1457682900.0,-1.5582877326793323
1457685600.0,-2.0157954329256427
1457688300.0,-2.091588258269695
1457691000.0,-2.0960751633487575
1457693700.0,-2.0575326210627907
1457696400.0,-1.92472197970568
1457699100.0,-0.6439247693890877
1457701800.0,-0.613804373565614
1457704500.0,-0.6396738516778271
1457707200.0,-0.5716154411824164
1457709900.0,-0.5463369137440282
1457712600.0,-0.5710148459230595
1457715300.0,-0.5479228693750429
1457718000.0,-0.5556335766988809
1457720700.0,-0.5434756826072658
1457723400.0,-0.4975962876674771
1457726100.0,-0.45329682926546866
1457728800.0,-0.3345847777209201
1457731500.0,-0.2939842031156559
1475967165.0,-1.5926732203580514
1475969865.0,-1.6523593268200614
1475972565.0,-1.730267742569879
1475975265.0,-1.7484202704775669
1475977965.0,-1.8207549621219243
1475980665.0,-1.8680936599056963
1475983365.0,-1.8371135425761338
1475986065.0,-1.8436659455471158
1475988765.0,-1.9049834128680345
1475991465.0,-1.8329610652235147
1475994165.0,-1.8850123545138615
1475996865.0,-0.83184451958968
1475999565.0,-0.32056063619478437
1476002265.0,-0.27201471812691125
1476004965.0,-0.27006167434865347
1476007665.0,-1.392322203618619
1476010365.0,-1.535139639750355
1476013065.0,-1.573232311350182
1476015765.0,-1.6678205420252539
1476018465.0,-1.6945488795942083
1476021165.0,-1.6843431902960049
1476023865.0,-1.6492990481140453
1476026565.0,-1.6577120040830664
1476029265.0,-1.66408831989051
1476031965.0,-1.5980104344715755
1476034665.0,-1.6694551325362283
1476037365.0,-1.61565011741871
1476040065.0,-1.656843977294983
1476042765.0,-1.6175923685003113
1476045465.0,-1.5782260609869923
1476048165.0,-1.6696390132167664
1476050865.0,-1.7643019355381568
1476053565.0,-2.065916686990022
1476056265.0,-2.965136935320288
1476058965.0,-3.023698056867403
1476061665.0,-2.971210003865366
1476064365.0,-3.0607589466165734
1476067065.0,-3.021107556874
1476069765.0,-2.981268219240235
1476072465.0,-2.9834696128247913
1476075165.0,-1.532300366368105
1476077865.0,-1.2806845018684783
1476080565.0,-1.2857906160148218
1476083265.0,-1.2782721953513771
1476085965.0,-1.2178240577316615
1476088665.0,-1.1687780764255251
1476091365.0,-1.0907355133004728
1476094065.0,-1.135446003064061
1476096765.0,-1.1876026560456125
1476099465.0,-1.2664464596670655
1476102165.0,-2.338839698556768
1476104865.0,-2.417601138340899
1476107565.0,-2.438759814076235
1476110265.0,-2.4079984539391432
1476112965.0,-2.3937697045824677
1476115665.0,-2.38504276915711
1476118365.0,-2.326037966684936
1476121065.0,-2.332586783729937
1476123765.0,-2.3230753513935554
1476126465.0,-2.305295448788655
1476129165.0,-2.278950866745845
1476131865.0,-2.236867658817573
1476134565.0,-2.3748046140647148
1476137265.0,-2.4212804149661054
1476139965.0,-2.377053334548407
1476142665.0,-2.4205496436021576
1476145365.0,-2.479237128128176
1476148065.0,-2.4367840506162395
1476150765.0,-2.5221019589542095
1476153465.0,-2.4866647502866215
1476156165.0,-2.3970301859587835
1476158865.0,-2.385141569282382
1476161565.0,-2.3272427145831216
1476164265.0,-0.5565392104866476
1476166965.0,-0.4473357104367892
1476169665.0,-0.4238143286923446
1476172365.0,-0.42369852993999757
1476175065.0,-0.32889992066805007
1476177765.0,-1.3239999140936334
1476180465.0,-1.9694020044365175
1476183165.0,-2.072029944494659
1476185865.0,-2.1012277332515623
1476188565.0,-2.167554691115214
1476191265.0,-2.1400219559005222
1476193965.0,-2.2006263622594133
1476196665.0,-2.1187817968957177
1476199365.0,-2.0954821352966633
1476202065.0,-2.0958087916313275
1476204765.0,-2.115258836733858
1476207465.0,-2.0744681799750424
1476210165.0,-2.052937106566816
1476212865.0,-2.0334895276072587
1476215565.0,-2.0164938451936507
1476218265.0,-2.015750770849394
1476220965.0,-2.091334675817734
1476223665.0,-2.093521187880498
1476226365.0,-2.1037273246608095
1476229065.0,-2.8539588693809606
1476231765.0,-3.4956660979661933
1476234465.0,-3.5887794257642156
1476237165.0,-3.605466402733441
1476239865.0,-3.5946413678189515
1476242565.0,-3.594214528415506
1476245265.0,-3.5805522364377964
1476247965.0,-3.630581131213063
1476250665.0,-1.8880740100209152
1476253365.0,-1.6927974776855592
1476256065.0,-1.6591126129227405
1476258765.0,-1.6246197899455979
1476261465.0,-1.5449567865180995
1476264165.0,-1.5204777532565572
1476266865.0,-1.5395394247454135
1476269565.0,-2.4048262362674393
1476272265.0,-2.6578807307896
1476274965.0,-2.725127341981846
1476277665.0,-2.6913348690067664
1476280365.0,-2.780774990719493
1476283065.0,-2.697138388685488
1476285765.0,-2.695232534123221
1476288465.0,-2.7153150949506255
1476291165.0,-2.7101705886535683
1476293865.0,-2.754591689616092
1476296565.0,-2.7064901284232974
1476299265.0,-2.6738797580903793
1476301965.0,-2.5906065781063035
1476304665.0,-2.675977937607513
1476307365.0,-2.733496318705704
1476310065.0,-2.6879913251535754
1476312765.0,-2.7115472515578745
1476315465.0,-2.7326870641008156
1476318165.0,-2.6483943320557444
1476320865.0,-2.678732004523795
1476323565.0,-2.744677989412395
1476326265.0,-2.6703675031932903
1476328965.0,-2.7421881105325383
1476331665.0,-2.6768953431072475
1476334365.0,-2.792521674179369
1476337065.0,-2.6986432364543873
1476339765.0,-1.1149207068560827
1476342465.0,-0.863979721932651
1476345165.0,-0.7704594911172364
1476347865.0,-0.7519890281823791
1476350565.0,-0.6868313181921053
1476353265.0,-0.7178325983325067
1476355965.0,-2.339071506264304
1476358665.0,-2.447278682948564
1476361365.0,-2.511183856021887
1476364065.0,-2.523073707929882
1476366765.0,-2.476703121505551
1476369465.0,-2.4562761608453343
1476372165.0,-2.4447485832832
1476374865.0,-2.481010050273369
1476377565.0,-2.4486685873144154
1476380265.0,-2.414793105379573
1476382965.0,-2.4395061559476687
1476385665.0,-2.400919719812748
1476388365.0,-2.395512579137062
1476391065.0,-2.403968821724675
1476393765.0,-2.4594419871710613
1476396465.0,-2.5141875530489983
1476399165.0,-2.4109414613020306
1476401865.0,-2.4549523178999095
1476404565.0,-2.4938823986919942
1476407265.0,-2.4600333467924145
1476409965.0,-2.535049614480471
1476412665.0,-2.49612260556043
1476415365.0,-2.5265838990137013
1476418065.0,-2.459530215141882
1476420765.0,-2.4920359163026546
1476423465.0,-2.472895469961884
1476426165.0,-2.022696577302071
1476428865.0,-0.6519178115167961
1476431565.0,-0.4822264167053447
1476434265.0,-0.47783188752677574
1476436965.0,-0.4180756516370252
1476439665.0,-0.43970388300598984
1476442365.0,-1.973174321712321
1476445065.0,-2.266560918440433
1476447765.0,-2.33048131675568
1476450465.0,-2.3398600895123707
1476453165.0,-2.3484119717368515
1476455865.0,-2.2809960471311967
1476458565.0,-2.2779722183709623
1476461265.0,-2.3232197435291084
1476463965.0,-2.3651121001051365
1476466665.0,-2.3073662498420333
1476469365.0,-2.33752002417134
1476472065.0,-2.294188521287225
1476474765.0,-2.321277599709191
1476477465.0,-2.3156706475434703
1476480165.0,-2.3187042286124324
1476482865.0,-2.3748940246312884
1476485565.0,-2.3453402742771914
1476488265.0,-2.296078386972283
1476490965.0,-2.3375162856891336
1476493665.0,-2.339011720545301
1476496365.0,-2.3443666745316705
1476499065.0,-2.3547641690200862
1476501765.0,-2.319409098022163
1476504465.0,-2.2817221265805188
1476507165.0,-2.2701710204579797
1476509865.0,-2.2946094559641494
1476512565.0,-2.3113505275947546
1476515265.0,-2.32635331721508
1476517965.0,-1.7383881945956432
1476520665.0,-2.052246082419998
1476523365.0,-2.1085660047015438
1476526065.0,-2.091507563647383
1476528765.0,-2.1028421555535033
1476531465.0,-2.1434161941213574
1476534165.0,-2.217498668924833
1476536865.0,-2.1930861625732803
1476539565.0,-2.1545538016369505
1476542265.0,-2.0677218868315492
1476544965.0,-2.1395166922227418
1476547665.0,-2.155515194979131
1476550365.0,-2.9783987020257996
1476553065.0,-3.215978044988674
1476555765.0,-3.2083006303290063
1476558465.0,-3.1486673915479457
1476561165.0,-3.1770630498798766
1476563865.0,-3.2021615607244485
1476566565.0,-3.2313563580375444
1476569265.0,-3.2173967077004875
1476571965.0,-3.277075058946508
1476574665.0,-3.2374333739175256
1476577365.0,-3.195014128238512
1476580065.0,-3.263483192054622
1476582765.0,-3.170394922026105
1476585465.0,-3.262080430647501
1476588165.0,-3.2111740353463176
1476590865.0,-3.245894229269993
1476593565.0,-3.2785945367870113
1476596265.0,-3.2304179032395552
1476598965.0,-3.218820059064086
1476601665.0,-3.215931087056248
1476604365.0,-1.4446789138811766
1476607065.0,-1.438672746062423
1476609765.0,-2.637647528622921
1476612465.0,-2.7159591060628543
1476615165.0,-2.667132829180048
1476617865.0,-2.6660068206129495
1476620565.0,-2.7905777741603686
1476623265.0,-2.698922712392317
1476625965.0,-2.723523734661484
1476628665.0,-2.702163262532679
1476631365.0,-2.6971599081753936
1476634065.0,-2.700967630097722
1476636765.0,-2.70645576575086
1476639465.0,-2.726240139890649
1476642165.0,-2.788287374261074
1476644865.0,-2.802080245611023
1476647565.0,-3.6252001174921986
1476650265.0,-3.8378594552640095
1476652965.0,-3.9352236816546338
1476655665.0,-2.798783702590015
1476658365.0,-2.4263501581993694
1476661065.0,-2.3933735676982053
1476663765.0,-2.3345554713479544
1476666465.0,-2.3557910880344366
1476669165.0,-2.366402121231175
1476671865.0,-2.3043423357781876
1476674565.0,-2.304079054760223
1476677265.0,-2.325038994697536
1476679965.0,-2.296009550878864
1476682665.0,-2.2980795143536454
1476685365.0,-2.282276535049249
1476688065.0,-2.274220944174175
1476690765.0,-2.22347672647831
1476693465.0,-2.225443151406324
1476696165.0,-1.2292633930393606
1476698865.0,-1.0994179348439275
1476701565.0,-2.284344358968582
1476704265.0,-2.3916694530817892
1476706965.0,-2.4291103534088734
1476709665.0,-2.381687283276648
1476712365.0,-2.4391571606525986
1476715065.0,-2.412500723965479
1476717765.0,-2.4180629547974775
1476720465.0,-2.345214075652251
1476723165.0,-2.429227185783418
1476725865.0,-2.360697551049441
1476728565.0,-2.40551976213348
1476731265.0,-2.419679991064811
1476733965.0,-2.464844104758072
1476736665.0,-2.4477482548815885
1476739365.0,-2.5652403453249804
1476742065.0,-2.584416431959852
1476744765.0,-2.525565103055044
1476747465.0,-2.607283452798697
1476750165.0,-2.543507310979294
1476752865.0,-2.515847235474041
1476755565.0,-2.59140657127719
1476758265.0,-2.524222712193165
1476760965.0,-2.584639141586962
1476763665.0,-2.5395507099850363
1476766365.0,-2.5049586110262965
1476769065.0,-2.508138837381182
1476771765.0,-2.531411259487186
1476774465.0,-2.4979200802421815
1476777165.0,-2.5050874510957613
1476779865.0,-2.3480372472136537
1476782565.0,-0.6818012915011309
1476785265.0,-2.1614130124948474
1476787965.0,-2.4216448317910135
1476790665.0,-2.427832480902225
1476793365.0,-2.409726226369088
1476796065.0,-2.388195697743953
1476798765.0,-2.4097395355930473
1476801465.0,-2.384850079417731
1476804165.0,-2.4180494081661266
1476806865.0,-2.3929122617793155
1476809565.0,-2.529842527868567
1476812265.0,-2.455179958593021
1476814965.0,-2.4624037928591918
1476817665.0,-2.6619713163620986
1476820365.0,-3.601225639122248
1476823065.0,-3.7690483699348363
1476825765.0,-3.750712148659005
1476828465.0,-2.6971436109439253
1476831165.0,-2.3520049882360468
1476833865.0,-2.34848450031879
1476836565.0,-2.271094032703843
1476839265.0,-2.251600941222648
1476841965.0,-2.3261006559740736
1476844665.0,-2.2977497635196187
1476847365.0,-2.326861497442138
1476850065.0,-2.285779779307717
1476852765.0,-2.343059489528599
1476855465.0,-2.286502449118501
1476858165.0,-2.257151633571766
1476860865.0,-2.3283106340100517
1476863565.0,-2.282303388182612
1476866265.0,-2.2713374158701356
1476868965.0,-2.2241379776603765
1476871665.0,-2.6891227452556734
1476874365.0,-3.5459100798310033
1476877065.0,-3.644891926195129
1476879765.0,-3.6248496735272795
1476882465.0,-3.6096954998448894
1476885165.0,-3.580918698646343
1476887865.0,-3.6125839090074976
1476890565.0,-3.615716523366814
1476893265.0,-3.663780467054494
1476895965.0,-3.659889262191399
1476898665.0,-3.614945770963004
1476901365.0,-3.644801923238191
1476904065.0,-3.6340690047341013
1476906765.0,-3.701109052100719
1476909465.0,-3.7736206067123703
1476912165.0,-4.585574185869291
1476914865.0,-4.915946738952272
1476917565.0,-4.9526099935921195
1476920265.0,-4.894187422811285
1476922965.0,-4.870992677246107
1476925665.0,-4.39875531804509
1476928365.0,-3.166382802160598
1476931065.0,-3.0615287927120676
1476933765.0,-3.0683426145650685
1476936465.0,-3.088119811416135
1476939165.0,-3.0066150298009973
1476941865.0,-3.0364742817901913
1476944565.0,-2.979849341187844
1476947265.0,-2.9504474796455042
1476949965.0,-2.8940716672285305
1476952665.0,-2.9341594942701192
1476955365.0,-2.959140820409857
1476958065.0,-2.885755426445627
1476960765.0,-2.9820634630275435
1476963465.0,-4.085249954501933
1476966165.0,-4.308404212166437
1476968865.0,-4.270350368829554
1476971565.0,-4.294944088666568
1476974265.0,-4.272666534791995
1476976965.0,-4.265266956652425
1476979665.0,-4.171095292623193
1476982365.0,-4.242569821184304
1476985065.0,-4.21339616691057
1476987765.0,-4.264886687751783
1476990465.0,-4.231017971046981
1476993165.0,-4.194409540150872
1476995865.0,-4.270183645588617
1476998565.0,-2.9005285086365404
1477001265.0,-2.6701606474699133
1477003965.0,-2.6022638709118837
1477006665.0,-2.611758598770706
1477009365.0,-2.588520108019935
1477012065.0,-2.67769350073425
1477014765.0,-2.638226068878936
1477017465.0,-2.6001000960035867
1477020165.0,-2.625031872495043
1477022865.0,-2.5950365132169964
1477025565.0,-2.6167557022542667
1477028265.0,-2.6259202932007497
1477030965.0,-2.5682720371128482
1477033665.0,-1.4847939529263385
1477036365.0,-1.270763459996516
1477039065.0,-1.1380735606228711
1477041765.0,-1.1823461824361061
1477044465.0,-1.1944267657097498
1477047165.0,-2.6887813342475226
1477049865.0,-2.9600786610202476
1477052565.0,-3.067892115263902
1477055265.0,-3.1147896694909036
1477057965.0,-3.083332804511315
1477060665.0,-3.0403866684603145
1477063365.0,-3.0382700951672916
1477066065.0,-3.0463616009205623
1477068765.0,-3.065823068316149
1477071465.0,-3.070460574589106
1477074165.0,-3.082616626169539
1477076865.0,-3.073289662642509
1477079565.0,-3.0181719962064903
1477082265.0,-3.127862572155834
1477084965.0,-3.222088748036896
1477087665.0,-4.020250850929898
1477090365.0,-3.089307750048505
1477093065.0,-2.9554837239351173
1477095765.0,-2.9639470261200813
1477098465.0,-2.982252060494261
1477101165.0,-2.9676738778297533
1477103865.0,-2.952804207987498
1477106565.0,-2.9262546450382274
1477109265.0,-2.8764012166196267
1477111965.0,-2.925873752834235
1477114665.0,-2.891952151837728
1477117365.0,-2.884677811756177
1477120065.0,-2.8814098374086825
1477122765.0,-2.731204904194101
1477125465.0,-2.3400442199721567
1477128165.0,-1.6636977490004767
1477130865.0,-1.646528044382734
1477133565.0,-1.6410913008921
1477136265.0,-2.5941352302546363
1477138965.0,-2.9054099190235547
1477141665.0,-2.9166768929797797
1477144365.0,-2.942535095072458
1477147065.0,-2.879893200082506
1477149765.0,-2.936139546944645
1477152465.0,-2.91426278172338
1477155165.0,-2.908266859145698
1477157865.0,-2.8667895055008046
1477160565.0,-2.9078383245049793
1477163265.0,-2.8937241763053407
1477165965.0,-2.8544051489957667
1477168665.0,-2.932234912693957
1477171365.0,-2.962160159608004
1477174065.0,-2.9394033779480253
1477176765.0,-3.0041658443327606
1477179465.0,-2.9837024594846753
1477182165.0,-3.0132784975025118
1477184865.0,-3.138197375855725
1477187565.0,-3.1041117910449714
1477190265.0,-3.1314564247772125
1477192965.0,-3.155729583881481
1477195665.0,-3.232785948471559
1477198365.0,-3.1235038020416823
1477201065.0,-2.3861738436953885
1477203765.0,-1.502439948018207
1477206465.0,-1.4424981781832287
1477209165.0,-1.310939970190077
1477211865.0,-1.2785287257765106
1477214565.0,-1.1794015601449814
1477217265.0,-1.0831949497419089
1477219965.0,-1.0725340446116434
1477222665.0,-1.9267734606742977
1477225365.0,-2.801887829938721
1477228065.0,-2.80562305877271
1477230765.0,-2.841484886611994
1477233465.0,-2.890940275000162
1477236165.0,-2.920513085783057
1477238865.0,-2.9206654197517423
1477241565.0,-2.892471436836445
1477244265.0,-2.8460394683298773
1477246965.0,-2.8618208407681607
1477249665.0,-2.860365947276023
1477252365.0,-2.9033859893718272
1477255065.0,-2.977994656221
1477257765.0,-2.9740234294726804
1477260465.0,-2.9799289882861046
1477263165.0,-2.9702592037401985
1477265865.0,-2.936185210615321
1477268565.0,-2.963370668396294
1477271265.0,-3.8844620625735615
1477273965.0,-4.270910068204984
1477276665.0,-4.350926262244457
1477279365.0,-4.330968072714683
1477282065.0,-4.3703999378346055
1477284765.0,-4.0477100573002645
1477287465.0,-2.631981708946512
1477290165.0,-2.5584263484007295
1477292865.0,-2.4698531002473487
1477295565.0,-2.415917664206461
1477298265.0,-2.3658852933971275
1477300965.0,-2.3415430776861683
1477303665.0,-2.3491698437545097
1477306365.0,-2.228391428394417
1477309065.0,-2.1968690533743995
1477311765.0,-2.275253333888031
1477314465.0,-2.19777799311953
1477317165.0,-2.1714649977618308
1477319865.0,-2.1429614746896277
1477322565.0,-2.154978649459025
1477325265.0,-2.1126438372738505
1477327965.0,-2.1022185236612927
1477330665.0,-2.136508999985722
1477333365.0,-2.1611043833218844
1477336065.0,-2.1288305337075997
1477338765.0,-2.123304876316638
1477341465.0,-2.1573500144188245
1477344165.0,-2.22657109063303
1477346865.0,-2.1377353056392963
1477349565.0,-2.1057843029429364
1477352265.0,-2.1506052109677114
1477354965.0,-2.101536351391047
1477357665.0,-2.1698644050675
1477360365.0,-2.196330039187046
1477363065.0,-3.815609114941708
1477365765.0,-3.997096360378521
1477368465.0,-4.065420024606624
1477371165.0,-4.067992542250437
1477373865.0,-2.7674461969413926
1477376565.0,-2.287441231980324
1477379265.0,-2.1379471665614176
1477381965.0,-2.1152422623638074
1477384665.0,-2.061330623831793
1477387365.0,-2.021303859945391
1477390065.0,-2.048322444653053
1477392765.0,-1.9626609169390008
1477395465.0,-1.9491272458023445
1477398165.0,-1.9622441225135105
1477400865.0,-1.8902960523243735
1477403565.0,-1.8346975357318343
1477406265.0,-1.8071857897095356
1477408965.0,-1.8366157257300415
1477411665.0,-1.852171054567691
1477414365.0,-1.8180485018141042
1477417065.0,-1.7952963955847565
1477419765.0,-1.7987114603438101
1477422465.0,-1.8274744136675736
1477425165.0,-1.8028742542802831
1477427865.0,-1.7545278819588077
1477430565.0,-1.8175980481980218
1477433265.0,-1.8279605975539823
1477435965.0,-1.7661538537378476
1477438665.0,-1.7880390280089955
1477441365.0,-1.7812647307297027
1477444065.0,-1.7969842990545999
1477446765.0,-1.8636559738568224
1477449465.0,-1.823909518389513
1477452165.0,-1.814733250967663
1477454865.0,-1.8585005881329266
1477457565.0,-1.836503287042973
1477460265.0,-1.9415915898062508
1477462965.0,-3.425516231513143
1477465665.0,-2.4622243222989653
1477468365.0,-1.9055828227907625
1477471065.0,-1.8379093674538467
1477473765.0,-1.7663587927475248
1477476465.0,-1.7527642996063264
1477479165.0,-1.7587368429579726
1477481865.0,-1.7926130708899564
1477484565.0,-1.8154424046700512
1477487265.0,-1.7633737931300288
1477489965.0,-1.743605721095804
1477492665.0,-1.7683385478042624
1477495365.0,-1.756950325511383
1477498065.0,-1.6844477247896634
1477500765.0,-1.6967684275013823
1477503465.0,-1.688983218680363
1477506165.0,-1.662065466919728
1477508865.0,-1.675736709877242
1477511565.0,-1.6621359179671913
1477514265.0,-1.6964826165027773
1477516965.0,-1.6978795997013947
1477519665.0,-1.7061963039716943
1477522365.0,-1.7081330122071563
1477525065.0,-1.6542342291637908
1477527765.0,-1.678637690020878
1477530465.0,-1.7180512460020907
1477533165.0,-1.7815816307565626
1477535865.0,-1.7590206433255275
1477538565.0,-1.7786855372867763
1477541265.0,-1.8224096298444579
1477543965.0,-1.7620292859288043
1477546665.0,-1.7898836310130832
1477549365.0,-0.28963562404251775
1477552065.0,-1.63155279323027
1477554765.0,-1.745488118714178
1477557465.0,-1.6637608533479522
1477560165.0,-1.7205953364056654
1477562865.0,-1.6655254486815636
1477565565.0,-1.68876994060804
1477568265.0,-1.714196475126414
1477570965.0,-1.729323701322926
1477573665.0,-1.695728749145644
1477576365.0,-1.6816785678233543
1477579065.0,-1.2197475757026552
1477581765.0,-0.533226667401749
1477584465.0,-0.4643219300315309
1477587165.0,-0.44616503947796105
1477589865.0,-0.47540799900090747
1477592565.0,-0.478523464502274
1477595265.0,-0.48930119184410614
1477597965.0,-0.4706463016762825
1477600665.0,-0.5758258521478581
1477603365.0,-0.5524253080032793
1477606065.0,-0.5350182420789338
1477608765.0,-0.5225952678787849
1477611465.0,-0.4860712971219243
1477614165.0,-0.49285191607802403
1477616865.0,-0.4528444480111773
1477619565.0,-0.4699842432958974
1477622265.0,-0.4755562962382953
1477624965.0,-0.49904951580646184
1477627665.0,-0.5203909016245802
1477630365.0,-0.4995393639529482
1477633065.0,-0.5423632374971987
1477635765.0,-0.5275170580839017
1477638465.0,-0.8447989854718401
1477641165.0,-0.9256182875693924
1477643865.0,-0.9115698509813797
1477646565.0,-0.8758787838071385
1477649265.0,-0.9263278071288426
1477651965.0,-0.9349413213718378
1477654665.0,-0.9271456577270669
1477657365.0,-0.9527817864370718
1477660065.0,-0.9821475843746157
1477662765.0,-0.9802762639735647
1477665465.0,-0.9596987344935712
1477668165.0,-0.8970818818078499
1477670865.0,-0.690870602666223
1477673565.0,0.22787603712941973
1477676265.0,0.28978476884716997
1477678965.0,0.25593597686568614
1477681665.0,0.23746227322567393
1477684365.0,0.27374677731140196
1477687065.0,0.20758170435817647
1477689765.0,0.14873592053143625
1477692465.0,0.199326381972611
1477695165.0,0.13441319644283567
1477697865.0,0.1481983189791265
1477700565.0,0.18021034109045786
1477703265.0,0.10434465008228244
1477705965.0,0.15195815172032212
1477708665.0,0.12187916368850438
1477711365.0,0.10528099317306783
1477714065.0,0.09242017918006695
1477716765.0,0.12950295970449588
1477719465.0,0.04827767638104774
1477722165.0,0.049417877685357325
1477724865.0,1.3035840689973668
1477727565.0,-0.16013576223494397
1477730265.0,-0.2441652810081223
1477732965.0,-0.24030168660058848
1477735665.0,-0.31506454665108663
1477738365.0,-0.2844978160937046
1477741065.0,-0.2675021722720885
1477743765.0,-0.30762595625046174
1477746465.0,-0.31741117732073576
1477749165.0,-0.24914463546690513
1477751865.0,-0.28214912464139275
1477754565.0,-0.2882785623519055
1477757265.0,-0.2930912814132114
1477759965.0,-0.24823859433320195
1477762665.0,-0.17768788917788925
1477765365.0,-0.19194290727403995
1477768065.0,0.6402570169337025
1477770765.0,0.8900923594806613
1477773465.0,-0.1812100324687833
1477776165.0,-0.5054837528082032
1477778865.0,-0.49194600587117066
1477781565.0,-0.5275001044646501
1477784265.0,-0.524769759808521
1477786965.0,-0.47181468417119277
1477789665.0,-0.5311126816181115
1477792365.0,-0.5347309184642199
1477795065.0,-0.5679997828957823
1477797765.0,-0.6043957605600383
1477800465.0,-0.5997762913854388
1477803165.0,-0.545390176207718
1477805865.0,-0.5614893140783295
1477808565.0,-0.6360041155152203
1477811265.0,-0.5064552470755928
1477813965.0,-0.35242900316558234
1477816665.0,-0.2663137651716454
1477819365.0,-0.39540967571824126
1477822065.0,-0.4439412046721145
1477824765.0,-0.4996388076292533
1477827465.0,-0.4781480478381752
1477830165.0,-0.5571552778997102
1477832865.0,-0.5429642919307582
1477835565.0,-0.5190403289838343
1477838265.0,-0.5443682966792665
1477840965.0,-0.4935036281641203
1477843665.0,-0.49724176835331946
1477846365.0,-0.4685612706001052
1477849065.0,-0.47443918626530035
1477851765.0,-0.46734760816059406
1477854465.0,-0.5252243211324981
1477857165.0,-0.5472012812441278
1477859865.0,-0.5532561932962494
1477862565.0,-0.5889213387723657
1477865265.0,-0.5925992702823635
1477867965.0,-0.5455554183268418
1477870665.0,-0.5398227274985459
1477873365.0,-0.6501054939879225
1477876065.0,-0.606684057875384
1477878765.0,-0.6100624369239824
1477881465.0,-0.6151899037788837
1477884165.0,-0.6646158987794593
1477886865.0,-0.6406389391222831
1477889565.0,-0.6184034365363402
1477892265.0,-0.6395765782580156
1477894965.0,-0.6485712589509944
1477897665.0,0.44473848561236196
1477900365.0,1.2633904197052743
1477903065.0,-0.01762101795156923
1477905765.0,-0.3854855179636445
1477908465.0,-0.4795498152545008
1477911165.0,-0.4738338394459731
1477913865.0,-0.5386233239715352
1477916565.0,-0.572735424760566
1477919265.0,-0.6134763066133928
1477921965.0,-0.6063247815541786
1477924665.0,-0.5783545075778989
1477927365.0,-0.5731412105837137
1477930065.0,-0.6139715732965954
1477932765.0,-0.5926281537180387
1477935465.0,-0.6114349685877869
1477938165.0,-0.5946087789992305
1477940865.0,-0.5863223348946747
1477943565.0,-0.5589131772564144
1477946265.0,-0.19905726370953403
1477948965.0,-0.6363559019432614
1477951665.0,-0.5919412404103639
1477954365.0,-0.6269567550600357
1477957065.0,-0.5722231061546381
1477959765.0,-0.6210117550508301
1477962465.0,-0.6278506455882393
1477965165.0,-0.6196735791004357
1477967865.0,-0.5927481885484838
1477970565.0,-0.6322363110611491
1477973265.0,-0.692226424438843
1477975965.0,-0.7474469260785668
1477978665.0,-0.7575022733992967
1477981365.0,-0.7185109985965425
1477984065.0,-0.6604234338889512
1477986765.0,-0.10406296866810294
1477989465.0,0.6170692151905826
1477992165.0,0.5059000529859645
1477994865.0,-0.5985736773791928
1477997565.0,-0.6500238550958386
1478000265.0,-0.6246342625575494
1478002965.0,-0.6941079698930253
1478005665.0,-0.684861886331845
1478008365.0,-0.6581828691822409
1478011065.0,-0.6894823278048534
1478013765.0,-0.6602103028320414
1478016465.0,-0.6861465265253059
1478019165.0,-0.7201031842394343
1478021865.0,-0.7366423156898634
1478024565.0,-0.7726650100672714
1478027265.0,-0.7021497998811697
1478029965.0,-0.7323397255933344
1478032665.0,-0.8118115313983196
1478035365.0,-0.8166788433650538
1478038065.0,-0.7465289984616845
1478040765.0,0.22775538928891592
1478043465.0,0.5959290627151574
1478046165.0,0.5966384727506124
1478048865.0,0.5720883801521666
1478051565.0,0.6107819390620932
1478054265.0,0.585449119736893
1478056965.0,0.5955622785726575
1478059665.0,0.5584177268839312
1478062365.0,0.5540776441441153
1478065065.0,0.5170087022122232
1478067765.0,0.4833253148613039
1478070465.0,0.6217068325018147
1478073165.0,0.6658898830392559
1478075865.0,0.7241157931936186
1478078565.0,-0.27419186617947844
1478081265.0,-1.01153099299745
1478083965.0,-1.0624615994141209
1478086665.0,-0.9540837087841112
1478089365.0,-0.9374893789000112
1478092065.0,-0.9523950391851486
1478094765.0,-0.938119365542974
1478097465.0,-0.9464928038258051
1478100165.0,-0.9677928174182568
1478102865.0,-0.9024912568132777
1478105565.0,-0.968474625824939
1478108265.0,-0.9733654010495911
1478110965.0,-1.0254333854098263
1478113665.0,-1.0122257864167068
1478116365.0,-1.0696826915874738
1478119065.0,-1.197055886280367
1478121765.0,-2.4501104488191743
1478124465.0,-2.5753000658946803
1478127165.0,-2.4522390732931285
1478129865.0,-2.4805690764512747
1478132565.0,-2.556463752458683
1478135265.0,-2.5481502216711363
1478137965.0,-2.550601495550495
1478140665.0,-2.578082037115678
1478143365.0,-2.6217873381226866
1478146065.0,-2.549559513624331
1478148765.0,-2.5924459891170386
1478151465.0,-2.6280192635404376
1478154165.0,-2.5781327251881123
1478156865.0,-2.5475539269387752
1478159565.0,-0.7358063663361918
1478162265.0,-0.46895363641175436
1478164965.0,-0.3821902045643242
1478167665.0,-0.4249227243840892
1478170365.0,-1.6261122337873246
1478173065.0,-1.7504636025144293
1478175765.0,-1.770549254815137
1478178465.0,-1.8033943072184968
1478181165.0,-1.7597759120944545
1478183865.0,-1.7539855055643159
1478186565.0,-1.6935210349810745
1478189265.0,-1.7203470196116655
1478191965.0,-1.6862288219290065
1478194665.0,-1.670175311492585
1478197365.0,-1.6875536907733704
1478200065.0,-1.7472529056465476
1478202765.0,-1.8148075257788037
1478205465.0,-1.7894000628241997
1478208165.0,-1.8179980922489563
1478210865.0,-1.8034795159984753
1478213565.0,-0.3290521548460106
1478216265.0,-0.18177426852125222
1478218965.0,-0.19521725844913362
1478221665.0,-0.18574230415330817
1478224365.0,-0.20096894691732814
1478227065.0,-0.15185784049990048
1478229765.0,-0.2019157479950877
1478232465.0,-0.24110442075928518
1478235165.0,-0.25196385414943734
1478237865.0,-0.28788845600590207
1478240565.0,-0.22607767000184253
1478243265.0,-0.16408815442923697
1478245965.0,-0.11525592423188868
1478248665.0,0.03579609380665261
1478251365.0,1.0191694058954397
1478254065.0,1.1049257090762126
1478256765.0,0.6252929379395766
1478259465.0,-0.6097888039193435
1478262165.0,-0.7353310799880433
1478264865.0,-0.7246440483957315
1478267565.0,-0.7221446576374149
1478270265.0,-0.7266002904208619
1478272965.0,-0.6707813310272002
1478275665.0,-0.7116816897246565
1478278365.0,-0.7041104444958535
1478281065.0,-0.7109960021126938
1478283765.0,-0.6938498673515312
1478286465.0,-0.7618017547970908
1478289165.0,-0.7460215825314833
1478291865.0,-0.8253091646011512
1478294565.0,-0.804309049707399
1478297265.0,-0.7541107529872875
1478299965.0,-0.7651328230730883
1478302665.0,-0.7735374749876485
1478305365.0,-0.7996586168334545
1478308065.0,-0.8367836204980108
1478310765.0,-0.837734689795127
1478313465.0,-0.8445704413872193
1478316165.0,-0.8714884008586239
1478318865.0,-0.9121900814425885
1478321565.0,-0.9125102927375224
1478324265.0,-0.9293023234407656
1478326965.0,-0.8054782135163805
1478329665.0,-0.7376630802260422
1478332365.0,0.8052372549690006
1478335065.0,1.0452053341885517
1478337765.0,1.0406993827671727
1478340465.0,-0.09856903961414787
1478343165.0,-0.6613680716034764
1478345865.0,-0.7028659421625605
1478348565.0,-0.6753106305813219
1478351265.0,-0.6790986679262971
1478353965.0,-0.6973297165817485
1478356665.0,-0.736025077080086
1478359365.0,-0.7538094879093364
1478362065.0,-0.6934076153144133
1478364765.0,-0.7172340470317522
1478367465.0,-0.7316753145195776
1478370165.0,-0.7524901313283863
1478372865.0,-0.7597328545215873
1478375565.0,-0.7126582495751848
1478378265.0,-0.8641592051272369
1478380965.0,-1.9491673255734554
1478383665.0,-2.024219082944569
1478386365.0,-2.0236654752900165
1478389065.0,-1.997812717412188
1478391765.0,-2.0735872474756434
1478394465.0,-2.0953695337390457
1478397165.0,-2.0626905992324964
1478399865.0,-2.074971870577997
1478402565.0,-0.683829269365873
1478405265.0,-0.41796073755367047
1478407965.0,-0.4713252464960078
1478410665.0,-0.48695987943949604
1478413365.0,-0.3555819154215385
1478416065.0,-0.3173596637114997
1478418765.0,-0.2714724919872822
1478421465.0,-0.345832756291685
1478424165.0,-1.2971673217322746
1478426865.0,-1.4828096273911626
1478429565.0,-1.5025071044417757
1478432265.0,-1.4939062087731259
1478434965.0,-1.5509623791869274
1478437665.0,-1.53529918151267
1478440365.0,-1.5273941441406578
1478443065.0,-1.5007192605900457
1478445765.0,-1.355778952271379
1478448465.0,-1.3332776372740796
1478451165.0,-1.353632407235665
1478453865.0,-1.3377281380855948
1478456565.0,-1.341553525553877
1478459265.0,-1.4011122060434218
1478461965.0,-1.3954600638078034
1478464665.0,-1.4271590371377556
1478467365.0,-1.4505194720309476
1478470065.0,-1.503688773333863
1478472765.0,-1.4633861721552819
1478475465.0,-1.5255196517171896
1478478165.0,-1.5581828365586432
1478480865.0,-1.6511956333664841
1478483565.0,-1.633428839020155
1478486265.0,-1.691480697930274
1478488965.0,-1.7204851525975187
1478491665.0,-1.1362982041655698
1478494365.0,0.18865633109459168
1478497065.0,0.24966049291580816
1478499765.0,0.3019624432453156
1478502465.0,0.39913003671711067
1478505165.0,-0.7920566153860022
1478507865.0,-1.2274294508562207
1478510565.0,-1.209799536208891
1478513265.0,-1.2294989665181788
1478515965.0,-1.2452896336446315
1478518665.0,-1.1546919734042262
1478521365.0,-1.2536737729666072
1478524065.0,-1.2885751277981399
1478526765.0,-1.2844493320203867
1478529465.0,-1.2949299054647838
1478532165.0,-1.2190550531437623
1478534865.0,-1.2215599370705945
1478537565.0,-1.1906163944431114
1478540265.0,-1.2564142409512726
1478542965.0,-1.2295773328459916
1478545665.0,-1.271519704446149
1478548365.0,-1.2484243669321131
1478551065.0,-1.2917957871241583
1478553765.0,-1.8073469222080973
1478556465.0,-2.6484241376055877
1478559165.0,-2.633627146467802
1478561865.0,-2.71825797554402
1478564565.0,-2.6670691343637145
1478567265.0,-2.683152396960139
1478569965.0,-2.70447577422064
1478572665.0,-2.7581802481290367
1478575365.0,-2.768084295898916
1478578065.0,-1.6030882758635698
1478580765.0,-0.9974495486854664
1478583465.0,-0.9247232556531344
1478586165.0,-0.9353029226716387
1478588865.0,-0.8261864061736333
1478591565.0,-0.8719006388852506
1478594265.0,-1.733037549066438
1478596965.0,-1.9850282071699326
1478599665.0,-1.9324739852298762
1478602365.0,-1.9283285330179467
1478605065.0,-1.8845667432447044
1478607765.0,-1.9135857902035127
1478610465.0,-1.9294468447791928
1478613165.0,-1.8834108359607455
1478615865.0,-1.8935059357727368
1478618565.0,-1.886416306703154
1478621265.0,-1.8114181144517545
1478623965.0,-1.7582243124070374
1478626665.0,-1.8355672820967754
1478629365.0,-1.7956672721167592
1478632065.0,-1.764904444466623
1478634765.0,-1.76910457697565
1478637465.0,-1.791449337501291
1478640165.0,-1.737410112331787
1478642865.0,-1.8131650951597464
1478645565.0,-1.7568409593625631
1478648265.0,-1.764206707685446
1478650965.0,-1.907265676300483
1478653665.0,-1.826293421764774
1478656365.0,-1.8745692034989645
1478659065.0,-1.9035979777748082
1478661765.0,-1.8990794526559114
1478664465.0,-1.9063064729031396
1478667165.0,-0.3229448510814734
1478669865.0,-0.07609429479771279
1478672565.0,-0.007427196360481503
1478675265.0,0.0799108612296493
1478677965.0,-0.9376615515539584
1478680665.0,-1.663385215449864
1478683365.0,-1.7401287425662701
1478686065.0,-1.6900738137101996
1478688765.0,-1.6757605312030535
1478691465.0,-1.6415422088432194
1478694165.0,-1.7732343253948954
1478696865.0,-1.722050684795164
1478699565.0,-1.7437121613873785
1478702265.0,-1.7162369404988453
1478704965.0,-1.6295777686802069
1478707665.0,-1.6311000234179005
1478710365.0,-1.635942797503617
1478713065.0,-1.6921783931847472
1478715765.0,-1.7254992964225266
1478718465.0,-1.7210491479863208
1478721165.0,-1.7375854281894192
1478723865.0,-1.7734491866233952
1478726565.0,-1.7087697127840613
1478729265.0,-1.765224802503269
1478731965.0,-1.6847959146649885
1478734665.0,-1.6041612006988828
1478737365.0,-1.7044005193189946
1478740065.0,-1.6982294070141961
1478742765.0,-1.7817620031017611
1478745465.0,-1.792238477324986
1478748165.0,-1.8896764082050765
1478750865.0,-2.0857691774661475
1478753565.0,-3.3995831195460653
1478756265.0,-1.7090675052040467
1478758965.0,-1.506848418390291
1478761665.0,-1.4668026321458854
1478764365.0,-1.412755100706221
1478767065.0,-1.3395909270403479
1478769765.0,-1.3419610224193548
1478772465.0,-1.3698910028870444
1478775165.0,-1.4292274494528954
1478777865.0,-1.3643649550845964
1478780565.0,-1.4640089683191206
1478783265.0,-1.4898721912299777
1478785965.0,-1.5645301693839144
1478788665.0,-1.5989459884144708
1478791365.0,-1.5238093598771059
1478794065.0,-1.5032393693281847
1478796765.0,-1.4822459316783068
1478799465.0,-1.4838806818341652
1478802165.0,-1.5033562781911485
1478804865.0,-1.4953345544514889
1478807565.0,-1.4349655680569526
1478810265.0,-1.5008390295425613
1478812965.0,-1.4495735301428851
1478815665.0,-1.4602815402390092
1478818365.0,-1.4290201603318167
1478821065.0,-1.4457882861672715
1478823765.0,-1.4615322673333253
1478826465.0,-1.4435190805478157
1478829165.0,-1.5403035996395147
1478831865.0,-1.5475670595001532
1478834565.0,-1.5491947490295672
1478837265.0,-1.5204027159734608
1478839965.0,-1.5410611693506837
1478842665.0,-0.6131171739604326
1478845365.0,0.3418025099380202
1478848065.0,0.4767300185083343
1478850765.0,-0.9017163865512146
1478853465.0,-1.332235634679705
1478856165.0,-1.3782397718064203
1478858865.0,-1.37242946689355
1478861565.0,-1.3968522056612755
1478864265.0,-1.350828540916666
1478866965.0,-1.4588947538734942
1478869665.0,-1.4531228490882029
1478872365.0,-1.4554783986111772
1478875065.0,-1.3963187907190218
1478877765.0,-1.4462165854596378
1478880465.0,-1.4709289346981222
1478883165.0,-1.4222899808636669
1478885865.0,-1.411954891356146
1478888565.0,-1.4128990193853497
1478891265.0,-1.435851128329233
1478893965.0,-1.4478571704626688
1478896665.0,-1.5088570033608448
1478899365.0,-1.486144342930828
1478902065.0,-1.4897119434343722
1478904765.0,-1.4188950503695423
1478907465.0,-1.4286666154790169
1478910165.0,-1.4625002933673557
1478912865.0,-1.3979732268983014
1478915565.0,-1.4354740187780521
1478918265.0,-1.4550183115014477
1478920965.0,-1.520563425329243
1478923665.0,-1.5500073678880995
1478926365.0,-1.5611162131284857
1478929065.0,-1.6034566250134503
1478931765.0,0.10467620767357744
1478934465.0,-1.2975914970432996
1478937165.0,-1.4115610239728937
1478939865.0,-1.4118384687612036
1478942565.0,-1.4256637087674164
1478945265.0,-1.3792842492885597
1478947965.0,-1.3600143272417142
1478950665.0,-1.3381661386892176
1478953365.0,-1.4408952036654625
1478956065.0,-1.4072216412172622
1478958765.0,-1.4618307548785197
1478961465.0,-1.5017579852116683
1478964165.0,-2.2845380417740557
1478966865.0,-2.5557843820485004
1478969565.0,-2.553747534641559
1478972265.0,-2.556363507843656
1478974965.0,-2.5100281247524663
1478977665.0,-2.5765232852581335
1478980365.0,-2.5625875539773233
1478983065.0,-2.558832366163699
1478985765.0,-2.534633348781483
1478988465.0,-2.5714106205317364
1478991165.0,-2.466677999777829
1478993865.0,-2.4642997881425117
1478996565.0,-2.5631568928448587
1478999265.0,-2.5967609396421665
1479001965.0,-2.580148567944036
1479004665.0,-2.6289615971350315
1479007365.0,-2.653119334354045
1479010065.0,-2.6387801361731533
1479012765.0,-2.7208445263219403
1479015465.0,-2.7705769591793796
1479018165.0,-2.6437182759231064
1479020865.0,-0.861319971118661
1479023565.0,-2.0370354245289946
1479026265.0,-2.027175855062069
1479028965.0,-2.055408674209616
1479031665.0,-2.0438760565442067
1479034365.0,-1.9651331587267293
1479037065.0,-1.9393361225225192
1479039765.0,-2.06202568192424
1479042465.0,-2.0283643886932907
1479045165.0,-2.0875438191436047
1479047865.0,-2.1218370469740364
1479050565.0,-1.9998337478097312
1479053265.0,-2.01518051804905
1479055965.0,-2.02530131621387
1479058665.0,-2.111759968925952
1479061365.0,-3.0966652206588208
1479064065.0,-3.268619038770396
1479066765.0,-3.2636211087263973
1479069465.0,-3.31296997122584
1479072165.0,-3.319368188835085
1479074865.0,-3.2112711536801157
1479077565.0,-3.162929956492718
1479080265.0,-3.2679919391003125
1479082965.0,-3.2195881561482906
1479085665.0,-3.2298001593653396
1479088365.0,-3.2194126999187347
1479091065.0,-3.3152264943338423
1479093765.0,-3.299201248279985
1479096465.0,-3.3678802024691095
1479099165.0,-3.4235509655696887
1479101865.0,-3.4316780368823174
1479104565.0,-3.315396828076615
1479107265.0,-1.5889868665584572
1479109965.0,-1.401646849003214
1479112665.0,-2.277604300285276
1479115365.0,-2.696463077236473
1479118065.0,-2.645023926334545
1479120765.0,-2.6687853499164476
1479123465.0,-2.5926421785545415
1479126165.0,-2.6912211241048567
1479128865.0,-2.6564601581445686
1479131565.0,-2.6831218276031166
1479134265.0,-2.6019436167893844
1479136965.0,-2.6600803998659615
1479139665.0,-2.6117667101529776
1479142365.0,-2.6043008140401867
1479145065.0,-2.604908112257391
1479147765.0,-2.6515267323703995
1479150465.0,-2.6976930605993914
1479153165.0,-2.6648832031456777
1479155865.0,-2.716644426285768
1479158565.0,-2.7695496367606154
1479161265.0,-2.7173178277694774
1479163965.0,-2.6947565681551566
1479166665.0,-2.712522629226868
1479169365.0,-2.702121333957166
1479172065.0,-2.6969390546242664
1479174765.0,-2.63866565941575
1479177465.0,-2.7334764458035465
1479180165.0,-2.732180064390519
1479182865.0,-2.732398052926385
1479185565.0,-2.7867615594303174
1479188265.0,-2.750979773112732
1479190965.0,-1.1990913309788027
1479193665.0,-0.8095682557490989
1479196365.0,-0.7776048475157324
1479199065.0,-2.3973270880908046
1479201765.0,-2.528574974733374
1479204465.0,-2.5462034969674505
1479207165.0,-2.5921984521058903
1479209865.0,-2.5533629109085325
1479212565.0,-2.6040983818728023
1479215265.0,-2.575808196147676
1479217965.0,-2.5772974572643648
1479220665.0,-2.514676054077853
1479223365.0,-2.5371063345014306
1479226065.0,-2.5283489931138377
1479228765.0,-2.5273837092687756
1479231465.0,-2.5308031722272233
1479234165.0,-2.7902194716189115
1479236865.0,-3.732474400365561
1479239565.0,-3.8688868590752463
1479242265.0,-3.878131609276778
1479244965.0,-3.856055315266559
1479247665.0,-3.849058888233941
1479250365.0,-3.815118598286972
1479253065.0,-3.7640039571146815
1479255765.0,-3.8080015036574935
1479258465.0,-2.7152936205403364
1479261165.0,-2.2986429078464425
1479263865.0,-2.2743995115285998
1479266565.0,-2.2966518825584785
1479269265.0,-2.3081120936682566
1479271965.0,-2.3472146700419216
1479274665.0,-2.2893408213720363
1479277365.0,-2.275357781726825
1479280065.0,-2.2314815814997075
1479282765.0,-2.2477325171872167
1479285465.0,-3.2842915301415587
1479288165.0,-3.583190529635317
1479290865.0,-3.5828370553608977
1479293565.0,-3.6090174457957573
1479296265.0,-3.5384732348390173
1479298965.0,-3.6278748720958447
1479301665.0,-3.575484881643291
1479304365.0,-3.6317758860883202
1479307065.0,-3.6156144061313285
1479309765.0,-3.473439297411403
1479312465.0,-3.475549151082845
1479315165.0,-3.4205919164310785
1479317865.0,-3.406360891359668
1479320565.0,-3.4074400873042805
1479323265.0,-3.427333829820725
1479325965.0,-3.6087116860554715
1479328665.0,-4.68958351926284
1479331365.0,-4.75835568393606
1479334065.0,-4.782052703143108
1479336765.0,-4.702138551213977
1479339465.0,-4.787806769262573
1479342165.0,-4.79368432906486
1479344865.0,-4.77467479204725
1479347565.0,-4.841432538258999
1479350265.0,-4.86206900839764
1479352965.0,-4.867361684622097
1479355665.0,-4.912038229889788
1479358365.0,-4.878237722872598
1479361065.0,-3.1578383843193194
1479363765.0,-2.8734840703713473
1479366465.0,-2.819529394196053
1479369165.0,-2.812806190421014
1479371865.0,-2.7517237155509235
1479374565.0,-3.1300485830195157
1479377265.0,-4.032544163839617
1479379965.0,-4.038291765742258
1479382665.0,-3.913810642634502
1479385365.0,-4.104528461815448
1479388065.0,-4.1334788663309325
1479390765.0,-4.09003346844753
1479393465.0,-4.0680846418648
1479396165.0,-4.01316464939805
1479398865.0,-4.027976198944913
1479401565.0,-3.974215199235971
1479404265.0,-3.947213400208881
1479406965.0,-4.01617240250485
1479409665.0,-3.9719159853561337
1479412365.0,-3.9545285440341047
1479415065.0,-3.971358709831776
1479417765.0,-4.089222437549296
1479420465.0,-4.938091697380344
1479423165.0,-4.11989770407763
1479425865.0,-3.671673935170901
1479428565.0,-3.731896844424483
1479431265.0,-3.738058845071663
1479433965.0,-3.7449753950669447
1479436665.0,-3.7258248790961375
1479439365.0,-3.656804255401994
1479442065.0,-3.6506218612716737
1479444765.0,-3.676936166189762
1479447465.0,-3.6826820606976867
1479450165.0,-3.545524379346972
1479452865.0,-3.4612716237651
1479455565.0,-3.133022350690652
1479458265.0,-2.3208851456633113
1479460965.0,-2.3545801897072636
1479463665.0,-2.4294326906832
1479466365.0,-2.44503308834436
1479469065.0,-2.3497106632461566
1479471765.0,-2.552503336629883
1479474465.0,-2.579953952443333
1479477165.0,-2.5921067143000585
1479479865.0,-2.5542499003373393
1479482565.0,-2.498571930256702
1479485265.0,-2.437351469281168
1479487965.0,-2.4299480332081487
1479490665.0,-2.4281175925933383
1479493365.0,-2.419589208760442
1479496065.0,-2.340344188230887
1479498765.0,-2.3472607408271813
1479501465.0,-2.339637763332661
1479504165.0,-3.82066921290334
1479506865.0,-4.076936274016674
1479509565.0,-4.169445673386946
1479512265.0,-4.169350606659066
1479514965.0,-4.220985152276199
1479517665.0,-4.227332014222526
1479520365.0,-4.326409251613967
1479523065.0,-4.3557138797621064
1479525765.0,-4.305922008958646
1479528465.0,-2.8421309747319583
1479531165.0,-2.7842917897263817
1479533865.0,-2.7196240697676046
1479536565.0,-2.626887175407205
1479539265.0,-2.5880910747064263
1479541965.0,-2.52846082919973
1479544665.0,-2.5239748039692813
1479547365.0,-2.58510052059367
1479550065.0,-3.6998200897749314
1479552765.0,-3.775507960075373
1479555465.0,-3.737112160135325
1479558165.0,-3.869060143176
1479560865.0,-3.8739491597488893
1479563565.0,-3.84790652047036
1479566265.0,-3.8604985939602727
1479568965.0,-3.819926437392155
1479571665.0,-3.8001031856370275
1479574365.0,-3.815671752074877
1479577065.0,-3.7544449164622336
1479579765.0,-3.7888430511526963
1479582465.0,-3.7708768503085253
1479585165.0,-3.80427294478352
1479587865.0,-3.8021251898371418
1479590565.0,-3.864682536580858
1479593265.0,-3.8364675068022223
1479595965.0,-3.881542359613235
1479598665.0,-5.076752983438212
1479601365.0,-5.159815583464194
1479604065.0,-5.228542404021255
1479606765.0,-5.2395653653182706
1479609465.0,-5.255935569691928
1479612165.0,-3.561345206637924
1479614865.0,-3.498242969015223
1479617565.0,-3.4738617231991213
1479620265.0,-3.4683733174953204
1479622965.0,-3.29880643093756
1479625665.0,-3.269542376134183
1479628365.0,-3.217660222354027
1479631065.0,-3.1570431921777526
1479633765.0,-3.0841145463566875
1479636465.0,-3.0613558424804523
1479639165.0,-3.0467433091723706
1479641865.0,-3.0300217695369724
1479644565.0,-3.1714094880867094
1479647265.0,-3.212235475532424
1479649965.0,-3.2476592598975174
1479652665.0,-3.201277067435228
1479655365.0,-3.227965932296115
1479658065.0,-3.155090172803483
1479660765.0,-3.137432875881075
1479663465.0,-3.158397447138526
1479666165.0,-3.162223824347649
1479668865.0,-3.0984049045023028
1479671565.0,-3.121267095559432
1479674265.0,-3.094795624056701
1479676965.0,-3.12318012904899
1479679665.0,-3.108224489819065
1479682365.0,-3.0193477604293832
1479685065.0,-3.149758178872162
1479687765.0,-3.1550433843937924
1479690465.0,-3.250591654205124
1479693165.0,-3.2936003983402315
1479695865.0,-3.259219609724454
1479698565.0,-1.6517624071976513
1479701265.0,-1.4207397011488183
1479703965.0,-1.4123483770090672
1479706665.0,-1.2954698687815096
1479709365.0,-1.2420254473557577
1479712065.0,-1.1923992164021797
1479714765.0,-1.1335251217003588
1479717465.0,-2.8533388861233675
1479720165.0,-3.0530139614352265
1479722865.0,-3.0366821321558746
1479725565.0,-2.980978390553929
1479728265.0,-2.8982853486679687
1479730965.0,-2.3399319138829355
1479733665.0,-1.9268794825639475
1479736365.0,-1.9098554534154744
1479739065.0,-1.8561142751888724
1479741765.0,-1.820106029972635
1479744465.0,-1.7465547865969597
1479747165.0,-1.772404475434854
1479749865.0,-1.7992116102490172
1479752565.0,-1.8704303438256034
1479755265.0,-1.7772109304913783
1479757965.0,-1.8284618515305056
1479760665.0,-1.8290359598208
1479763365.0,-1.8295356648809786
1479766065.0,-1.812292805141709
1479768765.0,-1.863491305915261
1479771465.0,-1.7953500860096483
1479774165.0,-1.8410221314638306
1479776865.0,-1.8623315152496787
1479779565.0,-2.9052550092464173
1479782265.0,-3.4310718355931726
1479784965.0,-3.496074936837431
1479787665.0,-3.467416887750886
1479790365.0,-3.4881856689272865
1479793065.0,-3.4879467263345134
1479795765.0,-1.9856076499900723
1479798465.0,-1.939905914931387
1479801165.0,-1.8626212230132069
1479803865.0,-1.7786471768862668
1479806565.0,-1.7505682783831844
1479809265.0,-1.8182097382793643
1479811965.0,-1.7077317441547848
1479814665.0,-1.6502101544525374
1479817365.0,-1.8275003458702201
1479820065.0,-1.8093619539860413
1479822765.0,-1.8459095932638263
1479825465.0,-2.0001800962151606
1479828165.0,-2.861459321619435
1479830865.0,-3.015068910692179
1479833565.0,-3.002759312735236
1479836265.0,-2.9424245682537844
1479838965.0,-3.004407557521347
1479841665.0,-2.964229032252746
1479844365.0,-2.965858609933292
1479847065.0,-2.962722559545199
1479849765.0,-3.00430566134321
1479852465.0,-2.9173456413539895
1479855165.0,-2.9235282635769977
1479857865.0,-3.0082710729523683
1479860565.0,-2.9999058930908404
1479863265.0,-3.0538416240414676
1479865965.0,-3.049998163792708
1479868665.0,-3.1504338444793802
1479871365.0,-3.124319446216674
1479874065.0,-3.150297528501085
1479876765.0,-3.120070762668689
1479879465.0,-1.3849573797932635
1479882165.0,-1.1688531951619154
1479884865.0,-2.196357398552095
1479887565.0,-2.632992061395072
1479890265.0,-2.627391620420269
1479892965.0,-2.613005987642424
1479895665.0,-2.5675478716212297
1479898365.0,-2.5331485816876977
1479901065.0,-2.4599749252036816
1479903765.0,-2.456017534655331
1479906465.0,-2.383298391988916
1479909165.0,-1.5287561143579467
1479911865.0,-1.296099432553774
1479914565.0,-1.2882742686493316
1479917265.0,-1.2592637146194647
1479919965.0,-1.317573777812413
1479922665.0,-1.2282479008405858
1479925365.0,-1.2761619973991571
1479928065.0,-1.295752943127809
1479930765.0,-1.2606753893018663
1479933465.0,-1.2308068951988673
1479936165.0,-1.26844228872136
1479938865.0,-1.1818001804440428
1479941565.0,-1.1470081526874196
1479944265.0,-1.2529899289682476
1479946965.0,-1.2187504669803388
1479949665.0,-1.2842077938998955
1479952365.0,-1.2563768167997011
1479955065.0,-1.2800912475408381
1479957765.0,-1.276182779103891
1479960465.0,-1.3352796261255833
1479963165.0,-2.8548447528372094
1479965865.0,-3.039623699830628
1479968565.0,-3.0244220903600763
1479971265.0,-3.021151110534049
1479973965.0,-1.5909325189486765
1479976665.0,-1.5031509310756803
1479979365.0,-1.511027427575499
1479982065.0,-1.4280811118960912
1479984765.0,-1.4357883887175547
1479987465.0,-1.3934659752085565
1479990165.0,-1.4782316369570765
1479992865.0,-1.4464339407181512
1479995565.0,-1.4968052521440711
1479998265.0,-1.359258577597359
1480000965.0,-1.3293892333160784
1480003665.0,-1.3154810014785312
1480006365.0,-1.3429546741770366
1480009065.0,-1.3449225494930204
1480011765.0,-1.3710212494404175
1480014465.0,-1.3448426143025358
1480017165.0,-1.3883320887664183
1480019865.0,-1.4024216126526596
1480022565.0,-1.3123206392536702
1480025265.0,-1.2769738931275185
1480027965.0,-1.347428213722651
1480030665.0,-1.2882193031136353
1480033365.0,-1.28902604841565
1480036065.0,-1.3380517299873134
1480038765.0,-1.3968690754869328
1480041465.0,-1.3455187285628085
1480044165.0,-1.3952265276164155
1480046865.0,-1.4388090405664116
1480049565.0,-1.485350079198895
1480052265.0,-3.220638628319392
1480054965.0,-1.6933074446814373
1480057665.0,-1.571631034326174
1480060365.0,-1.5256170631737689
1480063065.0,-1.5699892532618094
1480065765.0,-1.5109559572501325
1480068465.0,-1.563671380272723
1480071165.0,-1.4824486992098969
1480073865.0,-1.478238536072098
1480076565.0,-1.5157463137677212
1480079265.0,-1.4685314460455174
1480081965.0,-1.2990013014241981
1480084665.0,-0.4769726325408499
1480087365.0,-0.3728617695669243
1480090065.0,-0.3264134428573584
1480092765.0,-0.2640243096117274
1480095465.0,-0.3403376784998784
1480098165.0,-0.37499158609543315
1480100865.0,-0.30465358610021553
1480103565.0,-0.3525208363643628
1480106265.0,-0.4070271986772127
1480108965.0,-0.33558359723031117
1480111665.0,-0.30200625918647006
1480114365.0,-0.2891716477636521
1480117065.0,-0.30917257424931677
1480119765.0,-0.34862536113135434
1480122465.0,-0.351739301824864
1480125165.0,-0.40535454048915653
1480127865.0,-0.43013794878888234
1480130565.0,-0.43065798039444303
1480133265.0,-0.4658529467481003
1480135965.0,-0.44691054229647875
1480138665.0,-2.0795373712048786
1480141365.0,-1.0756514181463501
1480144065.0,-0.8119045746379072
1480146765.0,-0.8041528783739409
1480149465.0,-0.7866275437950776
1480152165.0,-0.8212326375991665
1480154865.0,-0.8749716820040874
1480157565.0,-0.8007101150619178
1480160265.0,-0.7984377164434591
1480162965.0,-0.8974676432211197
1480165665.0,-0.9372064225539418
1480168365.0,-0.889380930258568
1480171065.0,-0.8447656603790108
1480173765.0,-0.8396134004777593
1480176465.0,-0.8089531262259868
1480179165.0,-0.7207010968380416
1480181865.0,-0.7224110632784857
1480184565.0,-0.663960167537681
1480187265.0,-0.7205034072254364
1480189965.0,-0.7643348474501295
1480192665.0,-0.7292811570473248
1480195365.0,-0.7120422056155746
1480198065.0,-0.7091872277991058
1480200765.0,-0.645926784211639
1480203465.0,-0.7440855665901438
1480206165.0,-0.777567904622515
1480208865.0,-0.7860645915019973
1480211565.0,-0.785272697043979
1480214265.0,-0.8844583912030544
1480216965.0,-0.8512048781321937
1480219665.0,-0.9002208886997778
1480222365.0,-0.8557439247646528
1480225065.0,-0.9180609121845293
1480227765.0,-0.9373485696503678
1480230465.0,-0.9105484834781237
1480233165.0,-0.9183849173129204
1480235865.0,-0.8634098930391474
1480238565.0,-0.8572665175747431
1480241265.0,-0.8656532213902608
1480243965.0,-0.8100921906427629
1480246665.0,-0.8042474667800832
1480249365.0,-0.9460486153041359
1480252065.0,-0.9981156839159553
1480254765.0,-1.0575134475602113
1480257465.0,-0.9812523841879965
1480260165.0,-0.972757562781311
1480262865.0,-0.9415425464352438
1480265565.0,-0.8805342502595579
1480268265.0,0.16943650419688083
1480270965.0,0.36126008670589727
1480273665.0,0.38049074982123443
1480276365.0,0.3536338939274799
1480279065.0,0.34160631582452083
1480281765.0,0.3499784733480453
1480284465.0,0.38036582781757033
1480287165.0,0.3315241834244773
1480289865.0,0.3554550535380372
1480292565.0,0.37003428315193787
1480295265.0,0.30346730763392316
1480297965.0,0.2660849580185243
1480300665.0,0.33583935899204675
1480303365.0,0.32665601232955055
1480306065.0,0.2640659423121292
1480308765.0,0.26777843006973967
1480311465.0,0.30905601296780105
1480314165.0,0.013794982757531216
1480316865.0,-0.1951900856857094
1480319565.0,-0.16203964707719365
1480322265.0,-0.22535410864631444
1480324965.0,-0.20277117565547087
1480327665.0,-0.23883226712175087
1480330365.0,-0.14759462496533615
1480333065.0,-0.23983453155420875
1480335765.0,-0.31151021815739455
1480338465.0,-0.3177140264567697
1480341165.0,-0.28993554370339325
1480343865.0,-0.30878001983026593
1480346565.0,-0.36138664948694554
1480349265.0,-0.28222480113473125
1480351965.0,-0.2422725894166149
1480354665.0,-0.2981221141887147
1480357365.0,-0.2907976607912133
1480360065.0,-0.2567834046397479
1480362765.0,-0.25590945226693407
1480365465.0,-0.31598451786115334
1480368165.0,-0.29055735940323757
1480370865.0,-0.2941617042096709
1480373565.0,-0.23403457254266868
1480376265.0,-0.30578694927137917
1480378965.0,-0.3014274015370688
1480381665.0,-0.32833768115847306
1480384365.0,-0.39080175609868206
1480387065.0,-0.39031771999674447
1480389765.0,-0.38376057070891534
1480392465.0,-0.4355510933304174
1480395165.0,-0.5068636672845912
1480397865.0,-0.43488341841745637
1480400565.0,1.198279519081325
1480403265.0,1.448905794837657
1480405965.0,-0.281958086921378
1480408665.0,-0.3910290181615892
1480411365.0,-0.36864713426280105
1480414065.0,-0.38701227402566474
1480416765.0,-0.22490365426918402
1480419465.0,-0.30514134531716763
1480422165.0,-0.42582716805745235
1480424865.0,-0.42378513798473705
1480427565.0,-0.47626937123078505
1480430265.0,-0.46065543055965463
1480432965.0,-0.42041186075582004
1480435665.0,-0.40844208508420365
1480438365.0,-0.3843550152880937
1480441065.0,-0.4216589393931258
1480443765.0,-0.3953937828457015
1480446465.0,-0.4509794660623072
1480449165.0,-0.44915697651114783
1480451865.0,0.695044329504384
1480454565.0,1.0120533310446262
1480457265.0,0.9831781605493859
1480459965.0,1.0192684727710457
1480462665.0,0.9928394399508136
1480465365.0,0.9811739299115061
1480468065.0,0.9269905876311952
1480470765.0,0.9173624892400483
1480473465.0,0.9091153083665517
1480476165.0,0.893620096886707
1480478865.0,0.9286423685564955
1480481565.0,0.8848310135364841
1480484265.0,0.9115857198254105
1480486965.0,0.9667385992710535
1480489665.0,1.1283766684880447
1480492365.0,0.3768175016179498
1480495065.0,0.34915487972909887
1480497765.0,0.3418590628809568
1480500465.0,0.2983597509552851
1480503165.0,0.3613904351859958
1480505865.0,0.32706374407419503
1480508565.0,0.2909081972250931
1480511265.0,0.22039465098231403
1480513965.0,0.22137771100534565
1480516665.0,0.2574215262705195
1480519365.0,0.26194974643641444
1480522065.0,0.23433350637961325
1480524765.0,0.3179080694006302
1480527465.0,0.2907403116111311
1480530165.0,0.30724410179186634
1480532865.0,0.27296060039682857
1480535565.0,0.2653903436245173
1480538265.0,0.22150154489531815
1480540965.0,0.3125185863442823
1480543665.0,-0.7413806849944535
1480546365.0,-1.2010855332859762
1480549065.0,0.011902553817407124
1480551765.0,0.14822215528894844
1480554465.0,0.14715207665094
1480557165.0,0.11597722495338303
1480559865.0,0.13753094139008226
1480562565.0,0.08767106360133425
1480565265.0,0.0725089496904161
1480567965.0,-0.009564412878035
1480570665.0,0.05178190972196717
1480573365.0,0.03308009726254113
1480576065.0,0.06690143130336423
1480578765.0,0.10758433673538548
1480581465.0,0.1313578901493031
1480584165.0,-0.7614658100064844
1480586865.0,-0.9267999529651831
1480589565.0,-0.86321557296111
1480592265.0,-0.7859843975235208
1480594965.0,-0.8417771741005424
1480597665.0,-0.16765972739213453
1480600365.0,0.0040692867673044475
1480603065.0,0.008493503344283226
1480605765.0,0.04459379905063088
1480608465.0,0.0089656978948085
1480611165.0,0.07134581832428921
1480613865.0,0.05883786816349357
1480616565.0,0.1041161553094696
1480619265.0,0.0656516219679304
1480621965.0,0.1197975664578621
1480624665.0,0.0330905395701393
1480627365.0,0.056561219124972695
1480630065.0,0.15209589514162758
1480632765.0,0.028449191364160242
1480635465.0,0.015014818429591514
1480638165.0,-0.06507893863911818
1480640865.0,-0.09937450649590573
1480643565.0,-0.08726699864055831
1480646265.0,-0.027961281370096458
1480648965.0,-0.0525615883376247
1480651665.0,-0.09378329136083607
1480654365.0,-0.08449097490733948
1480657065.0,-0.052881255767289304
1480659765.0,0.04831664971959526
1480662465.0,1.5644191389861817
1480665165.0,1.7421217405104983
1480667865.0,1.6598033612156655
1480670565.0,-0.03505021584635415
1480673265.0,-0.09216013561317027
1480675965.0,-0.01991250049806581
1480678665.0,-0.0962715483209422
1480681365.0,-0.21268870665667805
1480684065.0,-0.2686722671678865
1480686765.0,-0.22227218998145304
1480689465.0,-0.21702827826990756
1480692165.0,-0.22024010698422103
1480694865.0,-0.21831301837659112
1480697565.0,-0.15536780459828492
1480700265.0,-0.1929701677202047
1480702965.0,-0.09465748554302422
1480705665.0,-0.0939763627712864
1480708365.0,-0.1214495593417837
1480711065.0,-0.08652465451731928
1480713765.0,-0.03406774248429656
1480716465.0,-1.109136741046342
1480719165.0,-1.4537660443003233
1480721865.0,-1.4914063384460974
1480724565.0,-1.5703098236207609
1480727265.0,-0.21338149307618437
1480729965.0,-0.09538426683377565
1480732665.0,-0.04132402545079117
1480735365.0,0.006785425691816727
1480738065.0,-0.0009056741328379303
1480740765.0,-0.00194454531489896
1480743465.0,0.010239461881411671
1480746165.0,0.022211723019523788
1480748865.0,0.0597752940849432
1480751565.0,0.09317569192668884
1480754265.0,0.07669788502784058
1480756965.0,0.022423107740934256
1480759665.0,0.06032662681997181
1480762365.0,0.12271329732078584
1480765065.0,0.15363787101472326
1480767765.0,0.11745060819094988
1480770465.0,0.1757862498309919
1480773165.0,0.13621366175701155
1480775865.0,0.14083231555599696
1480778565.0,0.14445933841111014
1480781265.0,0.1593313855364329
1480783965.0,0.24787317558400446
1480786665.0,0.13713667439770916
1480789365.0,0.1792962769569897
1480792065.0,0.17017239076864143
1480794765.0,0.18522718078085632
1480797465.0,0.12038669650365819
1480800165.0,0.2338711965019229
1480802865.0,0.261869559956466
1480805565.0,0.18121738004879262
1480808265.0,0.2226645943964911
1480810965.0,0.16994363060069873
1480813665.0,-0.41878002803701975
1480816365.0,-1.7093393850710186
1480819065.0,-1.7720792784320167
1480821765.0,-1.770027632553223
1480824465.0,-1.5538071812958947
1480827165.0,-0.005765774682856772
1480829865.0,0.1664131826693449
1480832565.0,0.16988562877702407
1480835265.0,0.18614754433693292
1480837965.0,0.20173318998044465
1480840665.0,0.20739324762590172
1480843365.0,0.2253504928411587
1480846065.0,0.2037336599356081
1480848765.0,0.28801128444163737
1480851465.0,0.2896197954656543
1480854165.0,0.30048661531537846
1480856865.0,0.239793646865877
1480859565.0,0.32035909648755023
1480862265.0,0.2881399034974379
1480864965.0,0.322644692311826
1480867665.0,0.3116609233877625
1480870365.0,0.36316302389062116
1480873065.0,0.30705767959528885
1480875765.0,0.3081571010011146
1480878465.0,0.31769748006624354
1480881165.0,0.32952561671675085
1480883865.0,0.29345574030935495
1480886565.0,-1.0791735444351787
1480889265.0,-1.2724123551363107
1480891965.0,-1.455362404523413
1480894665.0,-1.4298461043329098
1480897365.0,-1.468966929112952
1480900065.0,-1.491449373456021
1480902765.0,-1.5184987265253085
1480905465.0,-1.5167069251652094
1480908165.0,-1.52243944277663
1480910865.0,-0.040706779769379864
1480913565.0,0.3237812295219271
1480916265.0,0.40486838176923357
1480918965.0,0.32746937744687443
1480921665.0,-0.61045375866982
1480924365.0,-0.7534627291501579
1480927065.0,-0.8123698860908917
1480929765.0,-0.7049619172698272
1480932465.0,-0.7341811458121583
1480935165.0,-0.6363927118506183
1480937865.0,-0.5834895047097746
1480940565.0,-0.7455618011471188
1480943265.0,-0.7880511384936426
1480945965.0,-0.6762916427203152
1480948665.0,-0.6592245118683024
1480951365.0,-0.7086685827960082
1480954065.0,-0.721869770988036
1480956765.0,-0.703375308301645
1480959465.0,-0.7098300863446525
1480962165.0,-0.6280163130367384
1480964865.0,-0.5771910631850687
1480967565.0,-0.6641268128509523
1480970265.0,-0.600289541941919
1480972965.0,-0.5391129810336963
1480975665.0,-0.6067293546231269
1480978365.0,-1.8715539402678303
1480981065.0,-2.0935168769864276
1480983765.0,-2.1214587426538856
1480986465.0,-2.230370960349063
1480989165.0,-2.1840630476207537
1480991865.0,-2.2449935071242635
1480994565.0,-2.208183516580874
1480997265.0,-0.651925791159357
1480999965.0,-0.3253184561453679
1481002665.0,-0.31110718263076365
1481005365.0,-0.28207467607848
1481008065.0,-0.33639497308197974
1481010765.0,-0.3511467086223661
1481013465.0,-0.6995348318733932
1481016165.0,-1.3776105266252898
1481018865.0,-1.382959171796898
1481021565.0,-1.4050896862783873
1481024265.0,-1.3905754457809394
1481026965.0,-1.3977424495170112
1481029665.0,-1.3569605030479295
1481032365.0,-1.3947057992906196
1481035065.0,-1.4172115637339004
1481037765.0,-1.3701479958619984
1481040465.0,-1.3105528930953767
1481043165.0,-1.3300603490065157
1481045865.0,-1.3760724599108016
1481048565.0,-1.260489150298156
1481051265.0,-1.2823877035755515
1481053965.0,-1.2734435247095917
1481056665.0,-1.29242211807707
1481059365.0,-1.2658084726474215
1481062065.0,-1.2368836844146642
1481064765.0,-1.2654870873924153
1481067465.0,-1.2946693678533734
1481070165.0,-1.3108119255012411
1481072865.0,-1.339385373961619
1481075565.0,-1.3692998561802199
1481078265.0,-1.4011276199215388
1481080965.0,-1.3987182998463368
1481083665.0,-0.7224372756259356
1481086365.0,0.44967043221112135
1481089065.0,-0.24396233195383843
1481091765.0,-1.0193789517049936
1481094465.0,-1.1308241537970503
1481097165.0,-1.0814895134748213
1481099865.0,-1.119996400607988
1481102565.0,-1.13710424207963
1481105265.0,-1.1535511990328189
1481107965.0,-1.1343532051758132
1481110665.0,-1.12801294809438
1481113365.0,-1.184510050798167
1481116065.0,-1.1920276243285173
1481118765.0,-1.140053088929534
1481121465.0,-1.1076097078919247
1481124165.0,-1.0818122855350794
1481126865.0,-1.038775963109856
1481129565.0,-1.015944055379407
1481132265.0,-0.9797902609234654
1481134965.0,-1.0244573477203573
1481137665.0,-1.0145859229385792
1481140365.0,-1.0049118798563939
1481143065.0,-0.9913309433567576
1481145765.0,-1.0055268826588701
1481148465.0,-0.9302743184202598
1481151165.0,-1.0513338994204275
1481153865.0,-1.0213198735490323
1481156565.0,-1.0807076742395907
1481159265.0,-1.1398349962518068
1481161965.0,-1.1833174521076444
1481164665.0,-1.1893317872495004
1481167365.0,-1.1783999847838231
1481170065.0,-1.1208550076584345
1481172765.0,0.1768923027802316
1481175465.0,-0.9233196922463947
1481178165.0,-0.9976887223658082
1481180865.0,-0.986317310333078
1481183565.0,-0.9594918318337022
1481186265.0,-0.9793889869002328
1481188965.0,-1.0230592003912875
1481191665.0,-0.953887405226908
1481194365.0,-0.9697218514057226
1481197065.0,-0.9843341212908001
1481199765.0,-1.1477686431942686
1481202465.0,-1.1900836318262407
1481205165.0,-1.1313840122367367
1481207865.0,-1.1186284807457127
1481210565.0,-1.0849208989376962
1481213265.0,-1.0943017337846754
1481215965.0,-1.069182774575637
1481218665.0,-1.0441552816283206
1481221365.0,-0.9829246856055249
1481224065.0,-1.00101230458219
1481226765.0,-1.0250863828904357
1481229465.0,-0.9727389969240221
1481232165.0,-0.9535517500192157
1481234865.0,-0.9471164378868764
1481237565.0,-1.0295998744134351
1481240265.0,-1.0212226591520732
1481242965.0,-1.0605700530783793
1481245665.0,-1.1349870274879095
1481248365.0,-1.0773076887068385
1481251065.0,-1.091300495119043
1481253765.0,-1.1313133897132275
1481256465.0,-1.0670355548460009
1481259165.0,-1.0666601530212745
1481261865.0,-0.5153659754062403
1481264565.0,-0.9596794203162631
1481267265.0,-0.9795317893681101
1481269965.0,-1.0128030787075488
1481272665.0,-1.0314712555277765
1481275365.0,-1.0574888651502192
1481278065.0,-0.9400663941491132
1481280765.0,-1.0126136715202279
1481283465.0,-1.0277798429200402
1481286165.0,-1.136541749882639
1481288865.0,-1.1594241331836201
1481291565.0,-1.1958131080414205
1481294265.0,-1.2622742244949166
1481296965.0,-1.225843209189378
1481299665.0,-1.1831663616775074
1481302365.0,-1.2047084606521992
1481305065.0,-1.2222992601003
1481307765.0,-1.1301967091503684
1481310465.0,-1.0855703752857835
1481313165.0,-1.1409082177301286
1481315865.0,-1.1633288152423518
1481318565.0,-1.148243672970807
1481321265.0,-1.070584403420014
1481323965.0,-1.126010823661744
1481326665.0,-1.122322559008893
1481329365.0,-1.2112660671892854
1481332065.0,-1.2291157822731407
1481334765.0,-1.1781447433220649
1481337465.0,-1.1712285261002364
1481340165.0,-1.2006981170946176
1481342865.0,-1.245938514190783
1481345565.0,-1.2386200385556663
1481348265.0,0.4221649709261044
1481350965.0,0.7592287572173291
1481353665.0,-0.5171054585653394
1481356365.0,-1.0690378082060192
1481359065.0,-1.1361453169846243
1481361765.0,-1.1865500643020823
1481364465.0,-1.0662590559742853
1481367165.0,-1.1060994044854908
1481369865.0,-1.0623505641680424
1481372565.0,-1.1277228441335012
1481375265.0,-1.2096597644315068
1481377965.0,-1.1662167041137934
1481380665.0,-1.181684334614772
1481383365.0,-1.2199580889943604
1481386065.0,-1.187884118898637
1481388765.0,-1.2448703817192666
1481391465.0,-1.1898006898463223
1481394165.0,-1.196109228717205
1481396865.0,-1.1477064418391763
1481399565.0,-1.1797299999246036
1481402265.0,-1.1393723661925605
1481404965.0,-1.2050856733146418
1481407665.0,-1.164649259514789
1481410365.0,-1.1316062275815
1481413065.0,-1.1406458952044716
1481415765.0,-1.261141225617024
1481418465.0,-1.1992277732322236
1481421165.0,-1.2442400464027514
1481423865.0,-1.18102376800843
1481426565.0,-1.187463044161575
1481429265.0,-1.2014293921606907
1481431965.0,-1.2019062910081573
1481434665.0,-1.1742445327799942
1481437365.0,-1.0891859236168386
1481440065.0,-1.1488117136710798
1481442765.0,-1.1203425554705007
1481445465.0,-1.1591649895146077
1481448165.0,-1.1624155330047472
1481450865.0,-1.124347938824485
1481453565.0,-1.1310136284247676
1481456265.0,-1.0883556914701273
1481458965.0,-1.055622124967897
1481461665.0,-1.1647472594820556
1481464365.0,-1.202960925764586
1481467065.0,-1.6362007666450893
1481469765.0,-2.294185189098414
1481472465.0,-2.3180418717177815
1481475165.0,-2.395657751780618
1481477865.0,-2.316735439122766
1481480565.0,-2.2957814144129713
1481483265.0,-2.3194189532483165
1481485965.0,-2.3432714054304995
1481488665.0,-2.2384528238249004
1481491365.0,-2.1697690309985944
1481494065.0,-2.2720549149074145
1481496765.0,-2.293284195024171
1481499465.0,-2.3275478152360165
1481502165.0,-2.2966662643630116
1481504865.0,-2.357232931658018
1481507565.0,-2.3450032216175316
1481510265.0,-2.422292772823397
1481512965.0,-2.390910804470934
1481515665.0,-2.450827899032589
1481518365.0,-2.3813813055610638
1481521065.0,-1.2580586404832275
1481523765.0,-0.5196217609779694
1481526465.0,-1.8160117862858272
1481529165.0,-1.9030683656922065
1481531865.0,-1.9070853669464327
1481534565.0,-1.9299890367058197
1481537265.0,-1.849208920638489
1481539965.0,-1.820202926792092
1481542665.0,-1.8218465831106982
1481545365.0,-1.9587548946198297
1481548065.0,-1.881149850267036
1481550765.0,-1.8759188676320662
1481553465.0,-1.8597646305352669
1481556165.0,-1.8661551806995078
1481558865.0,-2.043397843386998
1481561565.0,-2.96261028570774
1481564265.0,-3.002638873456874
1481566965.0,-2.973478707748285
1481569665.0,-2.9173140665709525
1481572365.0,-3.02939495822676
1481575065.0,-2.9895884809376128
1481577765.0,-2.873177237097849
1481580465.0,-2.9520962992935154
1481583165.0,-2.974228882848763
1481585865.0,-2.996585140195492
1481588565.0,-3.0257304755696453
1481591265.0,-2.9911779259518028
1481593965.0,-2.9818432579421597
1481596665.0,-3.0085533668373046
1481599365.0,-2.972712025296289
1481602065.0,-3.0141319870915595
1481604765.0,-3.025738020370909
1481607465.0,-2.9552586766430124
1481610165.0,-2.8048352943952466
1481612865.0,-2.2809059703351124
1481615565.0,-2.489891024489282
1481618265.0,-2.463464051313025
1481620965.0,-2.516568974244734
1481623665.0,-2.3877607058804813
1481626365.0,-2.436061559040354
1481629065.0,-2.416213180759371
1481631765.0,-2.5543401991078554
1481634465.0,-2.5420832879542843
1481637165.0,-2.469988980228237
1481639865.0,-2.487116757084067
1481642565.0,-2.4245163683401643
1481645265.0,-2.3823470936667093
1481647965.0,-2.4352971754846635
1481650665.0,-2.3986189072678883
1481653365.0,-2.460375673953081
1481656065.0,-3.328674116839437
1481658765.0,-3.6562275822987544
1481661465.0,-3.61490273835264
1481664165.0,-3.659747224636334
1481666865.0,-3.6199142131372355
1481669565.0,-3.651467285978441
1481672265.0,-3.633049115360052
1481674965.0,-3.739748125389866
1481677665.0,-3.69620170382251
1481680365.0,-3.6627656458980766
1481683065.0,-3.553657321608142
1481685765.0,-2.178825803858558
1481688465.0,-1.971381110111139
1481691165.0,-1.9809174840021626
1481693865.0,-1.9327716442789153
1481696565.0,-1.8816830603788617
1481699265.0,-1.9309775903337822
1481701965.0,-2.035249522474203
1481704665.0,-3.183464252466507
1481707365.0,-3.3051429291557213
1481710065.0,-3.1882440028150825
1481712765.0,-3.177734152596571
1481715465.0,-3.137240043508541
1481718165.0,-3.17791635486995
1481720865.0,-3.259388290908504
1481723565.0,-3.2754082274472864
1481726265.0,-3.2342018925123455
1481728965.0,-3.2368156607863625
1481731665.0,-3.1318133886345834
1481734365.0,-3.1724939974140227
1481737065.0,-3.1710464795809514
1481739765.0,-3.138757972194952
1481742465.0,-3.1257712565755753
1481745165.0,-3.1649510356502617
1481747865.0,-3.045086008107461
1481750565.0,-3.057349075412475
1481753265.0,-3.1320117065773445
1481755965.0,-3.108286631500704
1481758665.0,-3.121414870802056
1481761365.0,-3.109342527980118
1481764065.0,-3.188657649261927
1481766765.0,-3.1777975914882006
1481769465.0,-1.7515358985138505
1481772165.0,-1.4986628511585423
1481774865.0,-1.4133459563566078
1481777565.0,-1.3796634133639714
1481780265.0,-1.3243334932711832
1481782965.0,-1.325734458538193
1481785665.0,-2.2572920516134047
1481788365.0,-3.0462469667113226
1481791065.0,-3.147717621818572
1481793765.0,-3.2375419894393076
1481796465.0,-3.13009478753159
1481799165.0,-3.1514610390865414
1481801865.0,-3.102631190826685
1481804565.0,-3.3373730185008412
1481807265.0,-3.1612375211817323
1481809965.0,-3.2323598279931502
1481812665.0,-3.2167496183888318
1481815365.0,-3.153366193034003
1481818065.0,-3.107248996770153
1481820765.0,-3.1411149747700904
1481823465.0,-3.177019594925639
1481826165.0,-3.145840688640334
1481828865.0,-3.171594094431697
1481831565.0,-3.2181089192536945
1481834265.0,-4.435204064638782
1481836965.0,-4.457326927247692
1481839665.0,-4.616139555163841
1481842365.0,-4.548127794522429
1481845065.0,-4.5609636575716195
1481847765.0,-4.511716594585238
1481850465.0,-2.946291537604708
1481853165.0,-2.85377358353864
1481855865.0,-2.853253581121521
1481858565.0,-2.8332837076756334
1481861265.0,-2.7780266150955697
1481863965.0,-2.705931772861504
1481866665.0,-2.7237477801701857
1481869365.0,-2.6832311480860938
1481872065.0,-2.6588343930734766
1481874765.0,-3.1731788567035437
1481877465.0,-3.848626984971588
1481880165.0,-3.9538538483591026
1481882865.0,-3.887253820550029
1481885565.0,-3.855921163043689
1481888265.0,-3.7968233429848226
1481890965.0,-4.043093766242947
1481893665.0,-3.971083369848003
1481896365.0,-3.9562201107105466
1481899065.0,-3.929411459073748
1481901765.0,-3.90105305780736
1481904465.0,-3.879736479315426
1481907165.0,-3.90603644101364
1481909865.0,-3.865245876985256
1481912565.0,-3.853967160250903
1481915265.0,-3.939895154731886
1481917965.0,-3.904318143596555
1481920665.0,-3.805163159288327
1481923365.0,-3.797381726086968
1481926065.0,-3.851485258431495
1481928765.0,-4.8671605500989585
1481931465.0,-5.2010736833329645
1481934165.0,-5.30053461609603
1481936865.0,-5.255819154784973
1481939565.0,-3.6512504503022
1481942265.0,-3.4237636475978377
1481944965.0,-3.3777992179985006
1481947665.0,-3.3293560362304504
1481950365.0,-3.3441248920662474
1481953065.0,-3.2292363801568627
1481955765.0,-3.201664009797099
1481958465.0,-3.1446921141776727
1481961165.0,-3.1410437200447063
1481963865.0,-3.1378955867531886
1481966565.0,-3.1873506792969692
1481969265.0,-3.1860255409421256
1481971965.0,-3.213029300646241
1481974665.0,-3.2953396731775513
1481977365.0,-3.424557375954663
1481980065.0,-3.4758050047381346
1481982765.0,-3.468936320050119
1481985465.0,-3.453655894202427
1481988165.0,-3.4070858004963327
1481990865.0,-3.4340313442507124
1481993565.0,-3.434410396181022
1481996265.0,-3.3633608525518923
1481998965.0,-3.3760464564824133
1482001665.0,-3.3789413279653218
1482004365.0,-3.3735926628310438
1482007065.0,-3.306312049501628
1482009765.0,-3.2586417425525838
1482012465.0,-3.2712395768785427
1482015165.0,-3.2982293972959553
1482017865.0,-3.291871493800926
1482020565.0,-3.3199383238450935
1482023265.0,-2.3412415482501387
1482025965.0,-1.5391507845995136
1482028665.0,-1.460665351879186
1482031365.0,-1.434328450604255
1482034065.0,-1.470008773440611
1482036765.0,-1.4414501068744698
1482039465.0,-1.350672214477612
1482042165.0,-1.4255458950917728
1482044865.0,-1.254341541822157
1482047565.0,-3.0583870206977224
1482050265.0,-3.2279013512378754
1482052965.0,-3.28881104300703
1482055665.0,-3.1629434947543302
1482058365.0,-3.1737852294571667
1482061065.0,-3.1419642129089596
1482063765.0,-3.2779898867612474
1482066465.0,-3.2180436997562936
1482069165.0,-3.2737871784377717
1482071865.0,-3.267381917246297
1482074565.0,-3.300932397908241
1482077265.0,-3.2899380158863494
1482079965.0,-3.2424029312873017
1482082665.0,-3.311987102982471
1482085365.0,-3.278869925502619
1482088065.0,-3.2429392002007944
1482090765.0,-3.1868341641716995
1482093465.0,-3.2445401651273755
1482096165.0,-3.137238925571552
1482098865.0,-3.28485918166362
1482101565.0,-4.642661859315922
1482104265.0,-4.831943163024732
1482106965.0,-4.886878634219528
1482109665.0,-4.925798871944977
1482112365.0,-4.957529302444385
1482115065.0,-4.971134459508562
1482117765.0,-3.2372481031375173
1482120465.0,-3.0213623189729333
1482123165.0,-2.958053973903276
1482125865.0,-2.934407120299767
1482128565.0,-2.921336939132516
1482131265.0,-2.833471874219981
1482133965.0,-2.8134277885341703
1482136665.0,-2.9593784179697877
1482139365.0,-3.890470033536843
1482142065.0,-3.883011899166121
1482144765.0,-3.9467463884093092
1482147465.0,-3.9309413725196976
1482150165.0,-4.007782091465941
1482152865.0,-3.9275792737742563
1482155565.0,-3.9559574167792846
1482158265.0,-3.950970834473992
1482160965.0,-3.9747178981710647
1482163665.0,-3.935022205929073
1482166365.0,-3.9397524109734547
1482169065.0,-3.887151157199611
1482171765.0,-3.904374728787417
1482174465.0,-3.906929553530688
1482177165.0,-3.8911903335270495
1482179865.0,-3.858105267622136
1482182565.0,-3.868354519228319
1482185265.0,-3.9557643708901367
1482187965.0,-3.9385089613219293
1482190665.0,-3.9132942000618414
1482193365.0,-3.9922937507771223
1482196065.0,-3.9174774178832763
1482198765.0,-3.998679329934191
1482201465.0,-3.962930503034528
1482204165.0,-2.484029346934051
1482206865.0,-2.0964259427551326
1482209565.0,-2.026209349599924
1482212265.0,-2.0603489440198928
1482214965.0,-2.040287695505725
1482217665.0,-2.0426321423717297
1482220365.0,-3.542330908264205
1482223065.0,-3.7270623645775345
1482225765.0,-3.594230742555311
1482228465.0,-3.6053959173829924
1482231165.0,-3.515987635395078
1482233865.0,-2.524189116996155
1482236565.0,-2.602308685905797
1482239265.0,-2.5513017796324675
1482241965.0,-2.550013105441309
1482244665.0,-2.529299741465252
1482247365.0,-2.46237187130248
1482250065.0,-2.5348258219151774
1482252765.0,-2.5485601654278582
1482255465.0,-2.4683353187441526
1482258165.0,-2.422017064204937
1482260865.0,-2.526072337078432
1482263565.0,-2.5222911118978573
1482266265.0,-2.5211204533710543
1482268965.0,-2.4479257366123193
1482271665.0,-2.494636546727236
1482274365.0,-2.4640582819116332
1482277065.0,-2.4930686373671165
1482279765.0,-2.482346818167599
1482282465.0,-2.4872592297115546
1482285165.0,-2.4737212581774486
1482287865.0,-2.4904029091673294
1482290565.0,-3.902484897399745
1482293265.0,-4.152245789733797
1482295965.0,-3.9074503589370124
1482298665.0,-2.6676381045649293
1482301365.0,-2.638324455770089
1482304065.0,-2.6263555000500958
1482306765.0,-2.640747536418047
1482309465.0,-2.6100960521527554
1482312165.0,-2.5699235550256674
1482314865.0,-2.5569315772979735
1482317565.0,-2.484428920981287
1482320265.0,-2.407493633785265
1482322965.0,-2.550329967137259
1482325665.0,-2.467415067595226
1482328365.0,-2.4139930612467992
1482331065.0,-2.366608662428092
1482333765.0,-2.3256932832843233
1482336465.0,-2.2971731807095637
1488270780.0,-1.7307158587263984
1488273480.0,-1.83294515007276
1488276180.0,-1.890996889901686
1488278880.0,-0.8728013177646687
1488281580.0,-0.7398012427674985
1488284280.0,-0.594355640448839
1488286980.0,-0.7140651902636534
1488289680.0,-0.8137175699599197
1488292380.0,-0.8647854860110726
1488295080.0,-0.8310754124180448
1488297780.0,-0.717436854816583
1488300480.0,-0.6863531572645911
1488303180.0,-0.66285644932168
1488305880.0,-0.6657105623827988
1488308580.0,-0.7362751022554619
1488311280.0,-0.6511008834710879
1488313980.0,-0.5925156277612018
1488316680.0,-0.6187448959485948
1488319380.0,-0.643703068409593
1488322080.0,-0.621039535101886
1488324780.0,-0.6124018825128985
1488327480.0,-1.6625408861710582
1488330180.0,-1.0789593235619463
1488332880.0,-1.0085334598400095
1488335580.0,-1.0379178916526257
1488338280.0,-1.0602913197153896
1488340980.0,-1.198155557770292
1488343680.0,-1.1230968695768695
1488346380.0,-1.1716574652309646
1488349080.0,-1.1742529115489617
1488351780.0,-1.3101397080307606
1488354480.0,-1.3681306471088135
1488357180.0,-1.6042800326714541
1488359880.0,-2.4277088416983474
1488362580.0,-2.5104822393380744
1488365280.0,-2.5317931997732046
1488367980.0,-2.531308875458592
1488370680.0,-2.341485766913422
1488373380.0,-2.4263964587605926
1488376080.0,-2.4509059540967257
1488378780.0,-2.50705858928481
1488381480.0,-2.476683234305341
1488384180.0,-2.479470430778207
1488386880.0,-2.5518817292438314
1488389580.0,-2.4459636784842473
1488392280.0,-2.4399903254837625
1488394980.0,-2.5261402179491483
1488397680.0,-2.5618344887086266
1488400380.0,-2.4799986614646627
1488403080.0,-2.4375451113292286
1488405780.0,-2.5238850083914883
1488408480.0,-2.5721549170211517
1488411180.0,-2.520179191439638
1488413880.0,-1.5664268386516653
1488416580.0,-0.7128898334675
1488419280.0,-1.0577140450285754
1488421980.0,-2.0349616116564277
1488424680.0,-2.083485807087669
1488427380.0,-2.112391390806863
1488430080.0,-2.1105047960466834
1488432780.0,-2.120666339118088
1488435480.0,-2.098398756430214
1488438180.0,-2.1822800060583347
1488440880.0,-2.239734039193479
1488443580.0,-2.2119451989594268
1488446280.0,-2.2000035807826066
1488448980.0,-2.2389914146489502
1488451680.0,-2.1839514355868914
1488454380.0,-2.249702346695983
1488457080.0,-2.044577207604334
1488459780.0,-2.0955846422969273
1488462480.0,-2.1786726975535657
1488465180.0,-2.224550327587991
1488467880.0,-2.1891226331704843
1488470580.0,-2.2276899740901683
1488473280.0,-2.1706395354242716
1488475980.0,-2.160602620540857
1488478680.0,-2.2603723398266595
1488481380.0,-2.1771480490482134
1488484080.0,-2.216514954668213
1488486780.0,-2.161348814049461
1488489480.0,-2.131317743501569
1488492180.0,-2.144958284513052
1488494880.0,-2.1961028072325632
1488497580.0,-2.1193156161220656
1488500280.0,-2.1537635785835505
1488502980.0,-2.1141058256872043
1488505680.0,-2.0755841468423455
1488508380.0,-3.0952425425727483
1488511080.0,-2.078116709976541
1488513780.0,-2.0844942943070066
1488516480.0,-2.019235045256721
1488519180.0,-2.1135987084952603
1488521880.0,-2.054353077427635
1488524580.0,-2.152505805655494
1488527280.0,-2.100931312146656
1488529980.0,-2.1716197380523
1488532680.0,-2.1750565040997856
1488535380.0,-2.2060752903388163
1488538080.0,-2.1933814285418975
1488540780.0,-2.339172943855516
1488543480.0,-2.1350576894971596
1488546180.0,-2.187779015352419
1488548880.0,-2.2749029121775663
1488551580.0,-2.3471656496185744
1488554280.0,-2.2430589966192542
1488556980.0,-2.268075786246385
1488559680.0,-2.182604963307597
1488562380.0,-2.1695235792837764
1488565080.0,-2.3137209731573023
1488567780.0,-2.1779487276536145
1488570480.0,-2.1567244589093946
1488573180.0,-2.1923926430311838
1488575880.0,-2.231529865830396
1488578580.0,-2.1749689086497597
1488581280.0,-2.154292420594203
1488583980.0,-2.175068794888375
1488586680.0,-2.125128328457947
1488589380.0,-1.7449576362636208
1488592080.0,-0.4249998551062788
1488594780.0,-0.372101892524455
1488597480.0,-0.7303377179024437
1488600180.0,-2.16765356674037
1488602880.0,-2.193331144142064
1488605580.0,-2.2488242388843958
1488608280.0,-2.190261549999292
1488610980.0,-2.2667076539361233
1488613680.0,-2.2137469384181543
1488616380.0,-2.2970283166150978
1488619080.0,-2.3310823128601044
1488621780.0,-2.2415062024124666
1488624480.0,-2.3116383368558218
1488627180.0,-2.363026788647886
1488629880.0,-2.3844795025432575
1488632580.0,-2.415719821738236
1488635280.0,-2.451775941040154
1488637980.0,-2.484825618934792
1488640680.0,-2.3927316371163556
1488643380.0,-2.4350393996903676
1488646080.0,-2.351887441256906
1488648780.0,-2.32725660975251
1488651480.0,-2.3683787906896328
1488654180.0,-2.3590843325317508
1488656880.0,-2.3050301150040298
1488659580.0,-2.289570724675883
1488662280.0,-2.307043245636521
1488664980.0,-1.2308025687036377
1488667680.0,-0.6114420417338806
1488670380.0,-0.5453185572479242
1488673080.0,-0.48808257847954906
1488675780.0,-0.4437062524726798
1488678480.0,-0.5726097499654941
1488681180.0,-0.5777606282983072
1488683880.0,-0.5748528818496936
1488686580.0,-2.163819138881479
1488689280.0,-2.409250471656094
1488691980.0,-2.4363399428254695
1488694680.0,-2.4490046519648843
1488697380.0,-2.38810956009047
1488700080.0,-2.4623666024350825
1488702780.0,-2.4921142562569116
1488705480.0,-2.4107994132567967
1488708180.0,-1.246390673294627
1488710880.0,-1.28967647242834
1488713580.0,-1.253007336947178
1488716280.0,-1.3185858132263206
1488718980.0,-1.3968169977626417
1488721680.0,-1.5250837593459323
1488724380.0,-1.9425326365316948
1488727080.0,-2.5156269458101406
1488729780.0,-2.518482859599942
1488732480.0,-2.4982463336924354
1488735180.0,-2.4707033225464556
1488737880.0,-2.458294922856197
1488740580.0,-2.353756950800147
1488743280.0,-2.493390204529476
1488745980.0,-2.392637415602053
1488748680.0,-2.352682197215074
1488751380.0,-1.4797710961186112
1488754080.0,-1.1602301657379996
1488756780.0,-1.0479248988917789
1488759480.0,-1.0399043707811302
1488762180.0,-1.120775602276069
1488764880.0,-1.1114158820344926
1488767580.0,-1.0652408170744536
1488770280.0,-1.1219448179153915
1488772980.0,-1.0970101867251856
1488775680.0,-1.1142654960941911
1488778380.0,-1.1044903413865654
1488781080.0,-1.0816155954180715
1488783780.0,-1.152643678315087
1488786480.0,-2.1349157386783304
1488789180.0,-2.6634634469246805
1488791880.0,-2.7881277746929243
1488794580.0,-2.7419328587442067
1488797280.0,-2.7423724383783963
1488799980.0,-2.7373204359466285
1488802680.0,-2.600133781521947
1488805380.0,-1.6012337081778583
1488808080.0,-1.5469571328358995
1488810780.0,-1.5079969609276134
1488813480.0,-1.553790514648142
1488816180.0,-1.5373383953712505
1488818880.0,-1.4852204769800323
1488821580.0,-1.458157248087133
1488824280.0,-1.6016705440383703
1488826980.0,-1.4840272351124213
1488829680.0,-1.5545563551913517
1488832380.0,-1.5031227700473266
1488835080.0,-1.5006457955618373
1488837780.0,-1.4846361313367709
1488840480.0,-1.5124010233932665
1488843180.0,-1.46239400577997
1488845880.0,-1.4234492667648624
1488848580.0,-1.4765829966732156
1488851280.0,-2.31083481989495
1488853980.0,-2.9910281379532364
1488856680.0,-3.0302111912282896
1488859380.0,-2.973943833150173
1488862080.0,-3.0465727180696263
1488864780.0,-3.039002431461455
1488867480.0,-2.992434968933395
1488870180.0,-3.1187875229313704
1488872880.0,-3.1297059203305935
1488875580.0,-3.132204027786287
1488878280.0,-3.1433587455266547
1488880980.0,-3.1131424094491535
1488883680.0,-3.19405855346713
1488886380.0,-3.910945086290525
1488889080.0,-2.5886222749375065
1488891780.0,-2.549936003580342
1488894480.0,-2.528483167036825
1488897180.0,-2.582378355746073
1488899880.0,-2.55118515739332
1488902580.0,-2.5614890684954617
1488905280.0,-2.5705539967021025
1488907980.0,-2.4998452207245236
1488910680.0,-2.5343957690971592
1488913380.0,-2.4920448217562523
1488916080.0,-2.492516400840458
1488918780.0,-2.456412686704084
1488921480.0,-2.4317690452372744
1488924180.0,-2.3651776334312444
1488926880.0,-2.2962490524074894
1488929580.0,-2.1651179298706325
1488932280.0,-2.1031735147286383
1508889180.0,-2.9798974493386083
1508891880.0,-3.040515124250959
1508894580.0,-1.5885549148763687
1508897280.0,-1.4961025616210009
1508899980.0,-1.514425198423794
1508902680.0,-1.5526343271391454
1508905380.0,-1.6794080737106754
1508908080.0,-1.7051005511953292
1508910780.0,-1.7786438519551666
1508913480.0,-1.688391991040561
1508916180.0,-1.6941636338818569
1508918880.0,-1.6513210823049747
1508921580.0,-1.662182278979742
1508924280.0,-1.565900315832721
1508926980.0,-1.5847522351190264
1508929680.0,-1.525684047321846
1508932380.0,-3.0843942200910988
1508935080.0,-3.275312473833452
1508937780.0,-3.210850431147662
1508940480.0,-2.227635925896635
1508943180.0,-2.200537922832382
1508945880.0,-2.120943921793099
1508948580.0,-2.0414313506575184
1508951280.0,-2.1362968667539235
1508953980.0,-2.05478243638629
1508956680.0,-2.150814299076501
1508959380.0,-2.163959345673021
1508962080.0,-2.1680495842539926
1508964780.0,-2.1547686454118207
1508967480.0,-2.1496622893439508
1508970180.0,-2.161818980145995
1508972880.0,-2.1569636035545443
1508975580.0,-2.2631594171500637
1508978280.0,-2.2482864521416843
1508980980.0,-2.1527227300926484
1508983680.0,-2.225042457119116
1508986380.0,-2.309638210936299
1508989080.0,-2.258817146495346
1508991780.0,-2.379080501607177
1508994480.0,-2.361019357554966
1508997180.0,-2.3985758039819984
1508999880.0,-2.2916196576256027
1509002580.0,-1.5397516732852807
1509005280.0,-0.7248294147571812
1509007980.0,-0.5906291115955753
1509010680.0,-0.5862935519458574
1509013380.0,-0.5085391388422238
1509016080.0,-0.46675087212724975
1509018780.0,-0.5614647437653559
1509021480.0,-0.7345556452944493
1509024180.0,-1.436079160536309
1509026880.0,-2.344470945686595
1509029580.0,-2.43744896032635
1509032280.0,-2.4294845954341895
1509034980.0,-2.378305270727566
1509037680.0,-2.3795844526935923
1509040380.0,-2.4001855547957405
1509043080.0,-2.4296456179187658
1509045780.0,-2.4459480974589667
1509048480.0,-2.45357481748394
1509051180.0,-2.418521694408014
1509053880.0,-2.4451135534084756
1509056580.0,-2.3975082108685513
1509059280.0,-2.392484695430852
1509061980.0,-2.4927627067341973
1509064680.0,-2.519485154185247
1509067380.0,-2.563681932507251
1509070080.0,-2.588191293980998
1509072780.0,-2.5735073124724295
1509075480.0,-2.6122971695539263
1509078180.0,-2.6719172447075152
1509080880.0,-1.3057838541636784
1509083580.0,-0.9080213058044535
1509086280.0,-0.8850141381986134
1509088980.0,-0.7757663235476571
1509091680.0,-0.7727443875848792
1509094380.0,-0.6556290878376387
1509097080.0,-0.7334250755974097
1509099780.0,-2.314067462423168
1509102480.0,-2.399007206294442
1509105180.0,-2.5188110020522743
1509107880.0,-2.5291236149344343
1509110580.0,-2.4828298489978806
1509113280.0,-2.4588576248985987
1509115980.0,-2.410764509040945
1509118680.0,-2.397662842431828
1509121380.0,-2.4340806107547905
1509124080.0,-2.4019430920149887
1509126780.0,-2.4282036599800847
1509129480.0,-2.380215237717863
1509132180.0,-2.391714375011304
1509134880.0,-2.484467271393754
1509137580.0,-2.452700388640011
1509140280.0,-2.5304592396377075
1509142980.0,-2.4633778882617605
1509145680.0,-3.111612450530856
1509148380.0,-3.7998341147609835
1509151080.0,-3.8388564205452553
1509153780.0,-3.8738039899414787
1509156480.0,-3.9441692627367786
1509159180.0,-3.9055852840184286
1509161880.0,-3.9401152276132905
1509164580.0,-3.896761561907283
1509167280.0,-2.227955436899151
1509169980.0,-2.162926339616945
1509172680.0,-2.054090595724972
1509175380.0,-1.9648014199530905
1509178080.0,-1.9635703302927254
1509180780.0,-1.9642292810043784
1509183480.0,-1.9795070099941654
1509186180.0,-1.9776068526994663
1509188880.0,-1.994253270708441
1509191580.0,-2.1303212845003827
1509194280.0,-3.1672056341052155
1509196980.0,-3.272786184853203
1509199680.0,-3.2542755115217687
1509202380.0,-3.1422771579292146
1509205080.0,-3.124791741098477
1509207780.0,-3.0670237907417572
1509210480.0,-3.1580613761448433
1509213180.0,-3.0335416895974845
1509215880.0,-3.05971316384813
1509218580.0,-3.028687308492124
1509221280.0,-3.133503708060033
1509223980.0,-3.0686475258428914
1509226680.0,-3.1146183199047357
1509229380.0,-3.1178742949707043
1509232080.0,-3.1368087203701407
1509234780.0,-3.1772266571882994
1509237480.0,-3.14555945367718
1509240180.0,-3.153081937916909
1509242880.0,-3.181387695494493
1509245580.0,-3.238512902052179
1509248280.0,-3.1709452008257415
1509250980.0,-3.2143760633391025
1509253680.0,-1.9896987372518709
1509256380.0,-1.3929617302650001
1509259080.0,-1.2147472650012219
1509261780.0,-1.1680782396912548
1509264480.0,-1.1813312817704968
1509267180.0,-2.7844331606462447
1509269880.0,-2.837211541229891
1509272580.0,-2.798814258931799
1509275280.0,-2.8314926563696474
1509277980.0,-2.943149597936582
1509280680.0,-2.98091845126217
1509283380.0,-2.9459812947886235
1509286080.0,-2.976298667975385
1509288780.0,-2.8802294698811295
1509291480.0,-2.8870728017762985
1509294180.0,-2.8360051141998213
1509296880.0,-2.8661766079622453
1509299580.0,-2.725510893582424
1509302280.0,-2.8365512862939966
1509304980.0,-2.79306145866704
1509307680.0,-2.7301240173680412
1509310380.0,-2.7676309180138503
1509313080.0,-2.8305092755505825
1509315780.0,-2.8399561662289443
1509318480.0,-2.805538250162158
1509321180.0,-4.079299185021881
1509323880.0,-4.372695223016535
1509326580.0,-4.404797710901931
1509329280.0,-4.293050967063266
1509331980.0,-4.449057691653678
1509334680.0,-4.414946964042258
1509337380.0,-4.405511566295104
1509340080.0,-4.446063569360945
1509342780.0,-2.6412907873943254
1509345480.0,-2.47336097461411
1509348180.0,-2.400621345767405
1509350880.0,-2.4184921900863117
1509353580.0,-2.3589816803500696
1509356280.0,-2.3885983708656795
1509358980.0,-2.47400135286415
1509361680.0,-3.2526742986627255
1509364380.0,-3.5153260153592782
1509367080.0,-3.7216598257261353
1509369780.0,-3.6377391997335167
1509372480.0,-3.6454356498770153
1509375180.0,-3.5983025488840212
1509377880.0,-3.59092650953221
1509380580.0,-3.5675706415445916
1509383280.0,-3.495289110085139
1509385980.0,-3.478001321545321
1509388680.0,-3.4913730394233937
1509391380.0,-3.4180359471235136
1509394080.0,-3.377316274611445
1509396780.0,-3.4161356753410814
1509399480.0,-3.4829478533236227
1509402180.0,-3.437114926450505
1509404880.0,-3.404872292901132
1509407580.0,-3.458345368044263
1509410280.0,-3.56903111577671
1509412980.0,-3.5324198209000315
1509415680.0,-3.5054887781689104
1509418380.0,-3.5582861608867233
1509421080.0,-3.5621084202237228
1509423780.0,-3.657369811862935
1509426480.0,-3.753847087956018
1509429180.0,-3.6292357614349555
1509431880.0,-1.8423519166757956
1509434580.0,-1.5877446589737474
1509437280.0,-2.8173509127875604
1509439980.0,-3.1413084928795456
1509442680.0,-3.237446360855273
1509445380.0,-3.218241972627851
1509448080.0,-3.17711222745433
1509450780.0,-3.000940645728889
1509453480.0,-3.360957391439058
1509456180.0,-3.2784979325314794
1509458880.0,-3.3324104130799412
1509461580.0,-3.225637236173668
1509464280.0,-3.201412323141284
1509466980.0,-3.187613821925112
1509469680.0,-3.1872322251709306
1509472380.0,-3.138586861829623
1509475080.0,-3.1380529226974545
1509477780.0,-3.086952725147029
1509480480.0,-3.093924035779054
1509483180.0,-3.0780141535364294
1509485880.0,-3.1352743548369233
1509488580.0,-3.061322041944379
1509491280.0,-3.0947474544351223
1509493980.0,-3.0719903017167667
1509496680.0,-3.1068955927899538
1509499380.0,-3.1160896327637886
1509502080.0,-3.1224232618971826
1509504780.0,-3.184465468800852
1509507480.0,-3.1509038620018828
1509510180.0,-3.242434749704728
1509512880.0,-3.3124463590555138
1509515580.0,-3.2659909837232988
1509518280.0,-1.492919430616439
1509520980.0,-2.4823018465223754
1509523680.0,-3.00749154068572
1509526380.0,-3.007699777292828
1509529080.0,-3.004001707288552
1509531780.0,-2.985000200839494
1509534480.0,-2.931455336619223
1509537180.0,-2.9618386623482422
1509539880.0,-3.0918494596645587
1509542580.0,-3.072534449269284
1509545280.0,-3.1336796724464193
1509547980.0,-3.0556392265705483
1509550680.0,-2.9865484433173606
1509553380.0,-2.976178141020256
1509556080.0,-2.920698873381639
1509558780.0,-2.9314704754333434
1509561480.0,-2.9723132769608185
1509564180.0,-2.977539231371537
1509566880.0,-3.053626445741031
1509569580.0,-3.1299746740577916
1509572280.0,-3.0609265888901405
1509574980.0,-2.9389012063946325
1509577680.0,-2.9348751042300023
1509580380.0,-2.9742407768746943
1509583080.0,-2.863981931275532
1509585780.0,-2.9302498265481347
1509588480.0,-2.9425385699002504
1509591180.0,-2.9634349510626805
1509593880.0,-2.947854166404852
1509596580.0,-3.0429659323396834
1509599280.0,-3.0237240944928203
1509601980.0,-2.99971559222908
1509604680.0,-2.797991608331216
1509607380.0,-1.3801732888086349
1509610080.0,-2.886698347418047
1509612780.0,-2.9346329715959882
1509615480.0,-2.8591750412233807
1509618180.0,-2.919929457331932
1509620880.0,-2.850917494325273
1509623580.0,-2.8511573115389695
1509626280.0,-2.9492272346473385
1509628980.0,-2.9980184840011646
1509631680.0,-3.025745070315793
1509634380.0,-2.9201648518357786
1509637080.0,-2.9563062696847453
1509639780.0,-2.949045140535759
1509642480.0,-2.8650907341278185
1509645180.0,-2.8503036693402066
1509647880.0,-2.9556344836472306
1509650580.0,-2.9157339123777035
1509653280.0,-2.9726266527641485
1509655980.0,-2.9694097087316607
1509658680.0,-2.947552343572738
1509661380.0,-2.901351274745025
1509664080.0,-2.8413624717658763
1509666780.0,-2.934525382345953
1509669480.0,-2.8692887939482716
1509672180.0,-2.8874745882255866
1509674880.0,-2.882772461236044
1509677580.0,-3.0065078411829234
1509680280.0,-3.0216697925952474
1509682980.0,-3.0616039010663485
1509685680.0,-3.068713293442215
1509688380.0,-3.005025967849349
1509691080.0,-2.9080679223778247
1509693780.0,-1.2243725287564189
1509696480.0,-2.7394590709313604
1509699180.0,-2.939680311778659
1509701880.0,-2.823559548300267
1509704580.0,-2.8737672309521827
1509707280.0,-2.812479428541792
1509709980.0,-2.875070609302014
1509712680.0,-2.9874107458807373
1509715380.0,-2.960706541278938
1509718080.0,-2.9852100274397344
1509720780.0,-2.885669790770123
1509723480.0,-3.0135118069255213
1509726180.0,-2.8996241710185586
1509728880.0,-2.9734804427054655
1509731580.0,-2.880387711688769
1509734280.0,-2.8958007167414337
1509736980.0,-2.904222790314776
1509739680.0,-2.93808193617798
1509742380.0,-2.9817828957344545
1509745080.0,-3.0409228450627666
1509747780.0,-3.004510993589861
1509750480.0,-3.001207303563035
1509753180.0,-2.9899225798810107
1509755880.0,-2.964346563024975
1509758580.0,-3.0555118956353624
1509761280.0,-3.025921029996141
1509763980.0,-3.0343532855047215
1509766680.0,-3.0248718971837434
1509769380.0,-3.1000972287323236
1509772080.0,-3.093709190956929
1509774780.0,-3.034793836419709
1509777480.0,-2.925134744206389
1509780180.0,-2.2341558971238555
1509782880.0,-1.18249252318995
1509785580.0,-2.5751502347182793
1509788280.0,-2.923573578776427
1509790980.0,-2.973010359530008
1509793680.0,-2.900504488329261
1509796380.0,-2.8146898656488872
1509799080.0,-3.080538298782841
1509801780.0,-3.0066189140165136
1509804480.0,-3.0546709417896523
1509807180.0,-2.9907514962260393
1509809880.0,-3.0326339299440974
1509812580.0,-2.9816281136592693
1509815280.0,-3.0044995067005402
1509817980.0,-3.0565709947579762
1509820680.0,-3.8710452219725937
1509823380.0,-4.1756848728518605
1509826080.0,-4.244722157159316
1509828780.0,-4.225961043133424
1509831480.0,-4.251546546773056
1509834180.0,-4.183253031127066
1509836880.0,-4.1668701049752315
1509839580.0,-4.201482890328776
1509842280.0,-4.094926079303264
1509844980.0,-3.406791949022761
1509847680.0,-2.8393952836584333
1509850380.0,-2.719167720609022
1509853080.0,-2.755762578354819
1509855780.0,-2.75217817099778
1509858480.0,-2.819638030425807
1509861180.0,-2.7138486489969296
1509863880.0,-2.737963772241585
1509866580.0,-2.6859168160710567
1509869280.0,-2.753511987953715
1509871980.0,-2.6986985527042577
1509874680.0,-3.975386676646508
1509877380.0,-3.9994209840912447
1509880080.0,-3.8568502945389866
1509882780.0,-3.874229932849431
1509885480.0,-4.118810007480988
1509888180.0,-4.059464211528905
1509890880.0,-4.150964982868686
1509893580.0,-4.04196907476063
1509896280.0,-3.963942980457489
1509898980.0,-3.9939318874578476
1509901680.0,-3.9214275884147582
1509904380.0,-4.039340387899898
1509907080.0,-4.075270031041242
1509909780.0,-4.106910418268143
1509912480.0,-4.204752807435511
1509915180.0,-5.067514107092791
1509917880.0,-5.154439583914012
1509920580.0,-5.153636645889122
1509923280.0,-5.272982353561417
1509925980.0,-5.2231066066194956
1509928680.0,-5.164171784046971
1509931380.0,-5.231589508768906
1509934080.0,-5.296468562037688
1509936780.0,-5.2693404521553475
1509939480.0,-5.33805535464964
1509942180.0,-5.3501168554738
1509944880.0,-5.371938634041811
1509947580.0,-5.261542443858872
1509950280.0,-3.498403051728502
1509952980.0,-3.4440098072674914
1509955680.0,-3.3558042028371915
1509958380.0,-3.3701521348051813
1509961080.0,-3.2645672989787897
1509963780.0,-3.3197160955501204
1509966480.0,-4.24647119869411
1509969180.0,-4.554095359275891
1509971880.0,-4.471785593461021
1509974580.0,-4.475590220926222
1509977280.0,-4.42270579035997
1509979980.0,-4.288231793208382
1509982680.0,-4.249130015501322
1548147840.0,-6.525952806000021
1548150540.0,-5.5234236971821815
1548153240.0,-5.5416103992400565
1548155940.0,-5.611447668832
1548158640.0,-5.670842058346523
1548161340.0,-5.766193396435682
1548164040.0,-5.7926289827923085
1548166740.0,-5.738806588592354
1548169440.0,-5.759024099984572
1548172140.0,-5.733586153049288
1548174840.0,-5.671551029574687
1548177540.0,-5.710806632684779
1548180240.0,-5.628414052748155
1548182940.0,-5.700568917570962
1548185640.0,-5.697832064486448
1548188340.0,-5.735834350807664
1548191040.0,-5.718585036574041
1548193740.0,-5.6635449965795885
1548196440.0,-5.664799550841593
1548199140.0,-5.599627153097771
1548201840.0,-4.381602366762564
1548204540.0,-4.22798276854266
1548207240.0,-4.152217519396515
1548209940.0,-4.165375489016412
1548212640.0,-4.229155787399662
1548215340.0,-4.253270638954319
1548218040.0,-4.3037636098583505
1548220740.0,-6.011465592940141
1548223440.0,-6.206836246101773
1548226140.0,-6.2068758954523275
1548228840.0,-6.182804510096247
1548231540.0,-6.162472139308022
1548234240.0,-6.2191876217709705
1548236940.0,-6.19168435049707
1548239640.0,-6.2265301646409625
1548242340.0,-6.247577872317038
1548245040.0,-6.293779825917852
1548247740.0,-6.2560693822093185
1548250440.0,-6.270541872803193
1548253140.0,-6.240325696948702
1548255840.0,-6.231253614304563
1548258540.0,-6.2450801134790765
1548261240.0,-6.259996306069581
1548263940.0,-6.1375719875555035
1548266640.0,-6.096060135200673
1548269340.0,-6.388460802877404
1548272040.0,-6.43322175635592
1548274740.0,-6.287431315817571
1548277440.0,-6.2933070269828875
1548280140.0,-6.310042492509268
1548282840.0,-7.82614313845616
1548285540.0,-7.928585469046425
1548288240.0,-7.876416901347056
1548290940.0,-6.127426543197089
1548293640.0,-5.973276761309478
1548296340.0,-6.015891967685803
1548299040.0,-6.034711791057816
1548301740.0,-6.013787508321656
1548304440.0,-6.034301057725372
1548307140.0,-6.079148267593894
1548309840.0,-6.0344583487998875
1548312540.0,-6.015915217001549
1548315240.0,-6.1823532398490215
1548317940.0,-7.053257126564034
1548320640.0,-7.121867362369983
1548323340.0,-7.117325795945874
1548326040.0,-7.105022282175838
1548328740.0,-7.135360525269817
1548331440.0,-7.166475059857987
1548334140.0,-7.152690760307223
1548336840.0,-7.072007985044138
1548339540.0,-7.122569767770727
1548342240.0,-7.115467463156023
1548344940.0,-7.094810316142031
1548347640.0,-7.170356277742371
1548350340.0,-7.072381784883362
1548353040.0,-7.0810207773078275
1548355740.0,-7.123073889025079
1548358440.0,-7.149910868616587
1548361140.0,-7.223212398120552
1548363840.0,-7.15798479826816
1548366540.0,-7.2019465674757726
1548369240.0,-7.145712486757844
1548371940.0,-7.186038669240929
1548374640.0,-7.113973887261437
1548377340.0,-7.099811959241265
1548380040.0,-7.109098087561279
1548382740.0,-5.369809127684135
1548385440.0,-5.927784374500334
1548388140.0,-6.65257179129506
1548390840.0,-6.730803114002754
1548393540.0,-6.7558552415272
1548396240.0,-6.793556759055605
1548398940.0,-6.709299493241986
1548401640.0,-6.719211871708438
1548404340.0,-6.664610943431626
1548407040.0,-6.698873546492848
1548409740.0,-6.666319526474325
1548412440.0,-6.677015256917059
1548415140.0,-6.6985084338992635
1548417840.0,-6.681066714757833
1548420540.0,-6.679577995171712
1548423240.0,-6.683862142152179
1548425940.0,-6.649255005371742
1548428640.0,-6.632192366357458
1548431340.0,-6.63267144757134
1548434040.0,-6.668410671980695
1548436740.0,-6.6460837358654885
1548439440.0,-6.596984898700725
1548442140.0,-6.689971705780806
1548444840.0,-6.662350073395146
1548447540.0,-6.699077682940612
1548450240.0,-6.687245368478585
1548452940.0,-6.6764789251061245
1548455640.0,-6.671344123865623
1548458340.0,-6.691591517699294
1548461040.0,-6.659500900773196
1548463740.0,-6.638328290305907
1548466440.0,-6.586765095120029
1548469140.0,-6.640855098341746
1548471840.0,-5.118851591060093
1548474540.0,-4.765103259119229
1548477240.0,-6.4731463977785495
1548479940.0,-6.583952690698794
1548482640.0,-6.607274097839905
1548485340.0,-6.582401774373636
1548488040.0,-6.527296669657488
1548490740.0,-6.49348897106097
1548493440.0,-6.541003370253861
1548496140.0,-6.497290501985503
1548498840.0,-6.498939417676382
1548501540.0,-6.509033905064058
1548504240.0,-6.488640255234316
1548506940.0,-6.541936664622426
1548509640.0,-6.59106596052419
1548512340.0,-6.560692197969416
1548515040.0,-6.563326139506614
1548517740.0,-6.585630341416959
1548520440.0,-6.537646908055649
1548523140.0,-6.525515102033154
1548525840.0,-6.497554647402012
1548528540.0,-6.555203413248108
1548531240.0,-6.535898121651826
1548533940.0,-6.5975535963356435
1548536640.0,-6.570999920711557
1548539340.0,-6.546508902763549
1548542040.0,-6.566700007312988
1548544740.0,-6.554306561993002
1548547440.0,-6.514315193821346
1548550140.0,-6.514551825991248
1548552840.0,-6.47920069147338
1548555540.0,-6.5167543942944235
1548558240.0,-6.474829221606456
1548560940.0,-6.27476043809844
1548563640.0,-6.495168938051478
1548566340.0,-6.537751125024187
1548569040.0,-6.557993524424916
1548571740.0,-6.505203932911002
1548574440.0,-6.428168630843317
1548577140.0,-6.419514023570457
1548579840.0,-6.482368294990152
1548582540.0,-6.427173093936517
1548585240.0,-6.402823710958188
1548587940.0,-6.43284026228369
1548590640.0,-6.398307094766039
1548593340.0,-6.467590481434428
1548596040.0,-6.462234271798394
1548598740.0,-6.500808352960689
1548601440.0,-6.5188050144126635
1548604140.0,-6.5328915900431355
1548606840.0,-6.56359775063558
1548609540.0,-6.527644082420977
1548612240.0,-6.514756844530808
1548614940.0,-6.587182880727909
1548617640.0,-6.574400465896815
1548620340.0,-6.607407696159186
1548623040.0,-6.54143173753323
1548625740.0,-6.5624803611333675
1548628440.0,-6.541798452492856
1548631140.0,-6.57078753471248
1548633840.0,-6.517830930640486
1548636540.0,-6.517767352826468
1548639240.0,-6.478313612631553
1548641940.0,-6.536616487310113
1548644640.0,-6.539145977339899
1548647340.0,-6.468118231912285
1548650040.0,-6.462845526657787
1548652740.0,-6.1819131250276484
1548655440.0,-6.479800999403409
1548658140.0,-6.5070909015547045
1548660840.0,-6.440824967040726
1548663540.0,-6.463581870000979
1548666240.0,-6.422968574214451
1548668940.0,-6.421511571329717
1548671640.0,-6.461725887991008
1548674340.0,-6.473501093886455
1548677040.0,-6.445602571864981
1548679740.0,-6.46237330574877
1548682440.0,-6.453946058187938
1548685140.0,-6.405813289947218
1548687840.0,-6.4132325915695105
1548690540.0,-6.4301649372340535
1548693240.0,-6.440361269767607
1548695940.0,-6.422178122129452
1548698640.0,-6.38781445114725
1548701340.0,-6.4480803065062275
1548704040.0,-6.454641718658536
1548706740.0,-6.46767937864638
1548709440.0,-6.433160255121436
1548712140.0,-6.46947423118732
1548714840.0,-6.441023678727987
1548717540.0,-6.424681369284997
1548720240.0,-6.418397124454259
1548722940.0,-6.389964521656168
1548725640.0,-6.372066638317023
1548728340.0,-6.421239899819994
1548731040.0,-6.415111545195629
1548733740.0,-6.398111823082758
1548736440.0,-8.084682017914417
1548739140.0,-8.179732824880432
1548741840.0,-6.579104453489009
1548744540.0,-6.4951018928075825
1548747240.0,-6.4301893567900095
1548749940.0,-6.407208336194259
1548752640.0,-6.439275599670907
1548755340.0,-6.440131713727993
1548758040.0,-6.42428997175719
1548760740.0,-6.439321674842006
1548763440.0,-6.389520512304472
1548766140.0,-6.465203916813664
1548768840.0,-6.538736205890245
1548771540.0,-7.532285504559013
1548774240.0,-7.616059139446719
1548776940.0,-7.646977292605214
1548779640.0,-7.643003768863139
1548782340.0,-7.655208364383213
1548785040.0,-7.5905634433756575
1548787740.0,-7.663443795321484
1548790440.0,-7.636890510178006
1548793140.0,-7.705909057211187
1548795840.0,-7.6471459780696875
1548798540.0,-7.7069860952336455
1548801240.0,-7.685163173075097
1548803940.0,-7.697563477733382
1548806640.0,-7.631599553799532
1548809340.0,-6.255085484311451
1548812040.0,-5.94788635578783
1548814740.0,-5.956533271226078
1548817440.0,-5.969047345792262
1548820140.0,-5.972661355032216
1548822840.0,-6.001993771001764
1548825540.0,-6.005181068615769
1548828240.0,-6.671327955029824
1548830940.0,-7.449752951617626
1548833640.0,-7.423696799003039
1548836340.0,-7.434780643016637
1548839040.0,-7.457262906132655
1548841740.0,-7.40754812982874
1548844440.0,-7.327704388141342
1548847140.0,-6.33273191656437
1548849840.0,-6.218449345220165
1548852540.0,-6.233640288804594
1548855240.0,-6.2333126491137705
1548857940.0,-6.179208122637334
1548860640.0,-6.19777175490475
1548863340.0,-6.224121123556216
1548866040.0,-6.2186459995176335
1548868740.0,-6.218484384188173
1548871440.0,-6.206556512305127
1548874140.0,-6.250751357965413
1548876840.0,-6.251475299103561
1548879540.0,-6.284746189123041
1548882240.0,-6.245464120288034
1548884940.0,-6.2681034658589
1548887640.0,-6.2127138890266735
1548890340.0,-6.217365600959425
1548893040.0,-6.158274815395117
1548895740.0,-5.0040001692299825
1548898440.0,-4.810712950217095
1548901140.0,-4.803957844040951
1548903840.0,-4.818210848584812
1548906540.0,-4.883005782697978
1548909240.0,-4.848376771267738
1548911940.0,-4.862925955912345
1548914640.0,-6.522464095891451
1548917340.0,-6.658164299826609
1548920040.0,-6.667011861692998
1548922740.0,-6.66252649071518
1548925440.0,-6.683274119475698
1548928140.0,-6.686926714004045
1548930840.0,-6.6827010329643315
1548933540.0,-6.726261565861989
1548936240.0,-6.698397633741337
1548938940.0,-6.219808530404634
1548941640.0,-5.567484920956815
1548944340.0,-5.486498331187988
1548947040.0,-5.491567553981582
1548949740.0,-5.506586433813425
1548952440.0,-5.477866106851792
1548955140.0,-5.48063449374942
1548957840.0,-5.502779123028233
1548960540.0,-5.530112154443032
1548963240.0,-5.5214724679619565
1548965940.0,-5.570761124666831
1548968640.0,-5.56437516773488
1548971340.0,-5.587224049179127
1548974040.0,-5.542524375501046
1548976740.0,-5.528897896246775
1548979440.0,-5.499000971943474
1548982140.0,-5.459008855588223
1548984840.0,-5.4266089793603385
1548987540.0,-5.462201000311978
1548990240.0,-5.413428832391105
1548992940.0,-5.42707915175194
1548995640.0,-5.208881185527872
1548998340.0,-4.202809791930491
1549001040.0,-5.82185360501245
1549003740.0,-5.9141717726357115
1549006440.0,-5.927743576300003
1549009140.0,-5.914774779540409
1549011840.0,-5.957160030444697
1549014540.0,-5.9429471140102805
1549017240.0,-5.933712917649075
1549019940.0,-6.034743230513413
1549022640.0,-6.137473153112495
1549025340.0,-6.138119711305478
1549028040.0,-6.128108849348166
1549030740.0,-6.092259375023588
1549033440.0,-6.119076912428341
1549036140.0,-6.113269115737751
1549038840.0,-6.083312376167868
1549041540.0,-6.0532581952678015
1549044240.0,-6.148088629473847
1549046940.0,-6.173995441105603
1549049640.0,-6.204740194827224
1549052340.0,-6.1854250168709655
1549055040.0,-6.163518279487505
1549057740.0,-6.168181265480371
1549060440.0,-6.2021693224712635
1549063140.0,-6.170096207158963
1549065840.0,-6.094366478075614
1549068540.0,-6.119709503694509
1549071240.0,-4.54770651855236
1549073940.0,-4.4194495846873
1549076640.0,-4.375751127823833
1549079340.0,-4.3650190238475375
1549082040.0,-4.379051596445493
1549084740.0,-4.3907998467391
1549087440.0,-5.843589852487668
1549090140.0,-6.215098998527878
1549092840.0,-6.238914860882261
1549095540.0,-6.275913951943721
1549098240.0,-6.261322760181713
1549100940.0,-6.251062953366784
1549103640.0,-6.314939768344686
1549106340.0,-6.344042438777706
1549109040.0,-6.346524813563036
1549111740.0,-6.326291718566807
1549114440.0,-6.321391515343009
1549117140.0,-6.328766706361023
1549119840.0,-6.333615614388862
1549122540.0,-6.335939763252583
1549125240.0,-6.354767076534586
1549127940.0,-6.255807461989576
1549130640.0,-6.317908431827192
1549133340.0,-6.3904968373205975
1549136040.0,-6.4172939043210135
1549138740.0,-6.414171990860439
1549141440.0,-6.382670706877462
1549144140.0,-6.376698768287213
1549146840.0,-6.33952348414951
1549149540.0,-6.330505952469082
1549152240.0,-6.301786140937395
1549154940.0,-6.242329397892661
1549157640.0,-6.198664158550429
1549160340.0,-4.763899108087088
1549163040.0,-4.495858714310401
1549165740.0,-4.51938383895228
1549168440.0,-4.477139071301053
1549171140.0,-4.469968677942944
1549173840.0,-5.586267807116343
1549176540.0,-6.234631507425803
1549179240.0,-6.242535526018997
1549181940.0,-6.326128526624217
1549184640.0,-6.291622196161484
1549187340.0,-6.317354000911422
1549190040.0,-6.346435278006908
1549192740.0,-6.382692805957106
1549195440.0,-6.404965385923248
1549198140.0,-6.466922668464832
1549200840.0,-6.367705176852354
1549203540.0,-6.383995184545114
1549206240.0,-6.402401339955787
1549208940.0,-6.415025316171551
1549211640.0,-6.383556772548815
1549214340.0,-6.334737850015841
1549217040.0,-6.391429085133865
1549219740.0,-6.47669700293946
1549222440.0,-6.456508822839311
1549225140.0,-6.472599800901065
1549227840.0,-5.487033957515422
1549230540.0,-4.831180223039638
1549233240.0,-4.810794712370097
1549235940.0,-4.7651645220717285
1549238640.0,-4.733853354346593
1549241340.0,-4.682260127118639
1549244040.0,-4.73895143013155
1549246740.0,-4.739444851326027
1549249440.0,-4.7353650732729875
1549252140.0,-4.792090277245848
1549254840.0,-4.794556940271804
1549257540.0,-4.760141865851807
1549260240.0,-4.97047303719944
1549262940.0,-6.4273306324405155
1549265640.0,-6.456515006177511
1549268340.0,-6.482576316308382
1549271040.0,-6.425868962864428
1549273740.0,-5.452699282160836
1549276440.0,-5.2451022904291165
1549279140.0,-5.2809502167089875
1549281840.0,-5.280768630629524
1549284540.0,-5.230709875900288
1549287240.0,-5.296681251318034
1549289940.0,-5.294600350194429
1549292640.0,-5.265946506530668
1549295340.0,-5.333809703006466
1549298040.0,-5.2473106505836995
1549300740.0,-5.265870865268312
1549303440.0,-5.278595492471823
1549306140.0,-5.3406164806235665
1549308840.0,-5.323235072470851
1549311540.0,-5.286007592993258
1549314240.0,-5.348347970021592
1549316940.0,-5.900377440490672
1549319640.0,-6.791255075551732
1549322340.0,-6.816507177311706
1549325040.0,-6.793227380417733
1549327740.0,-6.774571367829566
1549330440.0,-6.772139490333217
1549333140.0,-6.765629082717737
1549335840.0,-6.774667468203518
1549338540.0,-6.7952733515803345
1549341240.0,-6.785132256166463
1549343940.0,-6.814478679548387
1549346640.0,-5.3121927700563845
1549349340.0,-5.148526652855395
1549352040.0,-5.080694042608883
1549354740.0,-5.129324966910218
1549357440.0,-5.810359897942675
1549360140.0,-6.245571910593696
1549362840.0,-6.3154149231181975
1549365540.0,-6.337673885287472
1549368240.0,-6.3316813520130495
1549370940.0,-6.389389529344044
1549373640.0,-6.358414109544611
1549376340.0,-6.335273758132672
1549379040.0,-6.298153772241335
1549381740.0,-6.2997735056448505
1549384440.0,-6.266047948859978
1549387140.0,-6.186256351899829
1549389840.0,-6.271748798672036
1549392540.0,-6.293064067819955
1549395240.0,-6.286110763135412
1549397940.0,-6.266707058035905
1549400640.0,-6.314034115644802
1549403340.0,-6.262107923685505
1549406040.0,-6.258046504162394
1549408740.0,-4.825132868621836
1549411440.0,-4.70430566671223
1549414140.0,-4.647159021551573
1549416840.0,-4.645222214707928
1549419540.0,-4.676677840576872
1549422240.0,-4.67879408647309
1549424940.0,-4.736139802909037
1549427640.0,-4.733164968321148
1549430340.0,-4.740878297749532
1549433040.0,-4.694305348083077
1549435740.0,-4.693389721786133
1549438440.0,-6.217582421532569
1549441140.0,-6.3163220395858275
1549443840.0,-6.165181699907322
1549446540.0,-5.2997077185248145
1549449240.0,-5.234268787829933
1549451940.0,-5.335938192022695
1549454640.0,-5.252043468740055
1549457340.0,-5.304545283258506
1549460040.0,-5.297423526338548
1549462740.0,-5.265307029789739
1549465440.0,-5.25198199832829
1549468140.0,-5.209370887573641
1549470840.0,-5.223014907472333
1549473540.0,-5.176042854620533
1549476240.0,-5.264620526593092
1549478940.0,-5.26417409771426
1549481640.0,-5.302732594602162
1549484340.0,-5.268019305359644
1549487040.0,-5.25959296414419
1549489740.0,-5.213896048862637
1549492440.0,-5.832385677306291
1549495140.0,-6.6853780020457805
1549497840.0,-6.726394411888009
1549500540.0,-6.711492344066215
1549503240.0,-6.72413367180809
1549505940.0,-6.681858368181537
1549508640.0,-6.627352418934493
1549511340.0,-5.528146058525067
1549514040.0,-5.357014884287793
1549516740.0,-5.354346274503172
1549519440.0,-5.265906799411965
1549522140.0,-5.270851654388196
1549524840.0,-5.255413931096484
1549527540.0,-5.295445005484538
1549530240.0,-5.262069671692984
1549532940.0,-5.2270742032215765
1549535640.0,-5.243836712293501
1549538340.0,-5.291541599614391
1549541040.0,-5.272819585984735
1549543740.0,-5.248397137997301
1549546440.0,-5.2907862735674485
1549549140.0,-5.296188895796007
1549551840.0,-5.290055830827498
1549554540.0,-5.251206954293963
1549557240.0,-5.265993111339128
1549559940.0,-5.201938595193212
1549562640.0,-5.19798407250525
1549565340.0,-5.211088168638156
1549568040.0,-5.270726033098356
1549570740.0,-5.257514481434271
1549573440.0,-5.232100870730989
1549576140.0,-5.207132860527395
1549578840.0,-5.273620921136001
1549581540.0,-5.236595631498091
1549584240.0,-4.142367350563717
1549586940.0,-4.758577589428313
1549589640.0,-5.334114033294981
1549592340.0,-5.383955716643328
1549595040.0,-5.362934873497693
1549597740.0,-5.461406950727422
1549600440.0,-5.468379336744562
1549603140.0,-5.506815601541007
1549605840.0,-5.454213680311682
1549608540.0,-5.395773682696216
1549611240.0,-5.4180355194106085
1549613940.0,-5.389274507603233
1549616640.0,-5.34213207702021
1549619340.0,-5.279485230433778
1549622040.0,-4.315741166457542
1549624740.0,-4.258351423383488
1549627440.0,-4.2451622165245055
1549630140.0,-4.275173903795491
1549632840.0,-4.23947625148989
1549635540.0,-4.219089621596794
1549638240.0,-4.231928455944001
1549640940.0,-4.229271311258827
1549643640.0,-4.1692232823979225
1549646340.0,-4.1525673604694475
1549649040.0,-4.204270688302074
1549651740.0,-4.1943669626435
1549654440.0,-4.195430373448573
1549657140.0,-4.163955761883187
1549659840.0,-4.193719760818539
1549662540.0,-4.163502871293417
1549665240.0,-4.14737282596937
1549667940.0,-4.176480736091463
1549670640.0,-4.119875532287665
1549673340.0,-4.146065221661843
1549676040.0,-5.825402823631265
1549678740.0,-6.008634290382588
1549681440.0,-6.030997209398095
1549684140.0,-6.0420064122542385
1549686840.0,-6.0393971381685105
1549689540.0,-5.00550152645863
1549692240.0,-4.596495302499136
1549694940.0,-4.543729278985808
1549697640.0,-4.54849963182744
1549700340.0,-4.595178272069575
1549703040.0,-4.600534953885699
1549705740.0,-4.575588456100121
1549708440.0,-4.605627356094914
1549711140.0,-4.655384472606215
1549713840.0,-4.6773649637261485
1549716540.0,-4.700583348154225
1549719240.0,-4.637543157217749
1549721940.0,-4.619809606364612
1549724640.0,-4.670489731922828
1549727340.0,-4.630956281677015
1549730040.0,-4.626849513182293
1549732740.0,-4.558058910806665
1549735440.0,-4.622859686418224
1549738140.0,-4.630806801670246
1549740840.0,-4.6593317106084555
1549743540.0,-4.627540914519528
1549746240.0,-4.629218462601443
1549748940.0,-4.631402443026701
1549751640.0,-4.63581594217797
1549754340.0,-4.5967036826110075
1549757040.0,-4.5897405455435205
1549759740.0,-4.600193854181896
1549762440.0,-4.605567630115843
1549765140.0,-5.346389091483104
1549767840.0,-6.4765742454910935
1549770540.0,-6.531019485804052
1549773240.0,-4.952048387983865
1549775940.0,-4.874106230405289
1549778640.0,-4.818778239351701
1549781340.0,-4.793840610588774
1549784040.0,-4.8146002322650645
1549786740.0,-4.865968736841296
1549789440.0,-4.864851308364706
1549792140.0,-4.890754646533992
1549794840.0,-4.856765223453436
1549797540.0,-4.962524813489523
1549800240.0,-4.941938847499387
1549802940.0,-4.955877703392076
1549805640.0,-4.92978698760345
1549808340.0,-4.928256712626904
1549811040.0,-4.902704465787735
1549813740.0,-4.847262483031528
1549816440.0,-4.849788201961843
1549819140.0,-4.840182700839165
1549821840.0,-4.876315300973033
1549824540.0,-4.847274926806449
1549827240.0,-4.897467884875283
1549829940.0,-4.857505000544592
1549832640.0,-4.900062232716863
1549835340.0,-4.853010897789119
1549838040.0,-4.911113638490093
1549840740.0,-4.8855911067672935
1549843440.0,-4.847472786658585
1549846140.0,-4.858402762010343
1549848840.0,-4.8661138731639255
1549851540.0,-4.902457273920447
1549854240.0,-6.427614037671901
1549856940.0,-6.7649813820524685
1549859640.0,-6.785882746335091
1549862340.0,-6.7951700615926995
1549865040.0,-5.132993525031424
1549867740.0,-5.00627590285697
1549870440.0,-4.950624889479002
1549873140.0,-5.009285184737109
1549875840.0,-4.979741448536856
1549878540.0,-5.027744572893198
1549881240.0,-5.0800916126636935
1549883940.0,-5.15995083367099
1549886640.0,-5.136312751717782
1549889340.0,-5.15594006681556
1549892040.0,-5.142397551433561
1549894740.0,-5.114976176865724
1549897440.0,-5.103661422236854
1549900140.0,-5.092789731527631
1549902840.0,-5.056393559515072
1549905540.0,-5.078371951143907
1549908240.0,-5.105246211380546
1549910940.0,-5.061079678490955
1549913640.0,-5.084951865446982
1549916340.0,-5.066575710241182
1549919040.0,-5.082733886040501
1549921740.0,-5.079573064363956
1549924440.0,-5.111308632741668
1549927140.0,-5.04435664565159
1549929840.0,-5.022387381525647
1549932540.0,-5.0451622084895575
1549935240.0,-5.016213861017604
1549937940.0,-5.026759973632494
1549940640.0,-5.048614509670813
1549943340.0,-6.8092564757749585
1549946040.0,-6.924929051465227
1549948740.0,-6.922908063344181
1549951440.0,-5.350860034133575
1549954140.0,-5.145978850457595
1549956840.0,-5.137882382503534
1549959540.0,-5.1939715840327665
1549962240.0,-5.154688984785963
1549964940.0,-5.2164685051944275
1549967640.0,-5.294741307844845
1549970340.0,-5.353712226734302
1549973040.0,-5.398591958240843
1549975740.0,-5.4285712517318245
1549978440.0,-5.397590175436704
1549981140.0,-5.401223423721319
1549983840.0,-5.382943697839323
1549986540.0,-5.409767870688114
1549989240.0,-5.349252673225465
1549991940.0,-5.319086035057438
1549994640.0,-5.3795527359606865
1549997340.0,-5.378932791070923
1550000040.0,-5.405108811469148
1550002740.0,-5.360720443340654
1550005440.0,-5.380235164078783
1550008140.0,-5.34862060418908
1550010840.0,-5.3320170270817755
1550013540.0,-5.283716895480097
1550016240.0,-5.260196235697293
1550018940.0,-5.144419482448484
1550021640.0,-3.7027660484321814
1550024340.0,-3.642141242044289
1550027040.0,-3.6611052154285915
1550029740.0,-5.037302396228256
1550032440.0,-5.476823889875504
1550035140.0,-5.541202795636735
1550037840.0,-5.508006279065256
1550040540.0,-5.4845147229867734
1550043240.0,-5.518995383038941
1550045940.0,-5.516867208354512
1550048640.0,-5.556131480370425
1550051340.0,-5.589805089603345
1550054040.0,-5.656198614328815
1550056740.0,-5.693751395431036
1550059440.0,-5.778969982548318
1550062140.0,-5.7530617253672744
1550064840.0,-5.808637976486779
1550067540.0,-6.569515252506449
1550070240.0,-6.864812957110331
1550072940.0,-6.8722109271132865
1550075640.0,-6.875580360853718
1550078340.0,-6.838155349573782
1550081040.0,-6.918798245586061
1550083740.0,-6.8935237775210965
1550086440.0,-6.947300295715934
1550089140.0,-6.910261030954615
1550091840.0,-6.903989599160553
1550094540.0,-6.930661641096066
1550097240.0,-6.989466723957264
1550099940.0,-6.936391398844449
1550102640.0,-6.901626566546241
1550105340.0,-6.878828015801901
1550108040.0,-6.912814028401272
1550110740.0,-6.899960067132156
1550113440.0,-6.924231763816692
1550116140.0,-6.953274384672312
1550118840.0,-6.930151058596181
1550121540.0,-6.93040188011355
1550124240.0,-6.818000776933758
1550126940.0,-5.361849600031576
1550129640.0,-5.922257506099612
1550132340.0,-6.5627869159650345
1550135040.0,-6.566716521303306
1550137740.0,-6.561706055725921
1550140440.0,-6.6170219144026134
1550143140.0,-6.662369596930574
1550145840.0,-6.733512336944017
1550148540.0,-6.734299167696463
1550151240.0,-6.7284418817044696
1550153940.0,-6.719267665768996
1550156640.0,-6.755038933290962
1550159340.0,-6.699719497092133
1550162040.0,-6.716122121726528
1550164740.0,-6.680038283925683
1550167440.0,-6.7667480137747305
1550170140.0,-6.698191115918235
1550172840.0,-6.744365623061384
1550175540.0,-6.713394760993793
1550178240.0,-6.640479323757518
1550180940.0,-6.653530443755301
1550183640.0,-5.246061488293861
1550186340.0,-5.137661747031558
1550189040.0,-5.073457704999214
1550191740.0,-5.098579730295654
1550194440.0,-5.072768542083878
1550197140.0,-5.096780714159621
1550199840.0,-5.12016749474995
1550202540.0,-5.124953161612211
1550205240.0,-5.1342866750827625
1550207940.0,-5.110418129992951
1550210640.0,-6.72394439343978
1550213340.0,-6.833611361242191
1550216040.0,-6.867837565112325
1550218740.0,-6.8835506634323735
1550221440.0,-6.853111919073655
1550224140.0,-6.856573917619642
1550226840.0,-6.834079802795571
1550229540.0,-5.715496501563848
1550232240.0,-5.581213210771352
1550234940.0,-5.73626171773887
1550237640.0,-5.740679869205707
1550240340.0,-5.793416749997476
1550243040.0,-6.690370617221589
1550245740.0,-6.778808263333815
1550248440.0,-6.740392451908264
1550251140.0,-6.774939038295827
1550253840.0,-6.846872843630678
1550256540.0,-6.836253318832746
1550259240.0,-6.806103206376605
1550261940.0,-6.852599040999905
1550264640.0,-6.770911997584847
1550267340.0,-6.801370301566067
1550270040.0,-6.806176278546332
1550272740.0,-6.769926753612452
1550275440.0,-6.713344774392652
1550278140.0,-6.711283434047203
1550280840.0,-6.733356220075734
1550283540.0,-6.738742859028406
1550286240.0,-6.756793813552861
1550288940.0,-6.705172729494166
1550291640.0,-6.728892665969113
1550294340.0,-6.6966094862359
1550297040.0,-6.662362698953899
1550299740.0,-6.699673169814588
1550302440.0,-6.7114767480898365
1550305140.0,-6.712213750691177
1550307840.0,-6.747655553794118
1550310540.0,-6.937696325329284
1550313240.0,-8.308385409755147
1550315940.0,-8.404525916322712
1550318640.0,-8.41652955047806
1550321340.0,-8.499595446970716
1550324040.0,-8.507640928925696
1550326740.0,-8.459853984209929
1550329440.0,-8.499960929831218
1550332140.0,-8.44739711037468
1550334840.0,-8.397667274055891
1550337540.0,-8.418613046558818
1550340240.0,-8.489750268164784
1550342940.0,-6.729174632963407
1550345640.0,-6.551786746265492
1550348340.0,-6.547378460289252
1550351040.0,-6.445920981702926
1550353740.0,-6.482894148357104
1550356440.0,-6.489628615694954
1550359140.0,-6.418384737175558
1550361840.0,-6.39470130822923
1550364540.0,-6.379881144604923
1550367240.0,-6.3799893643576695
1550369940.0,-6.393758509043437
1550372640.0,-6.439148125326739
1550375340.0,-7.874544349400907
1550378040.0,-8.044978259074128
1550380740.0,-8.027677334747722
1550383440.0,-8.001782729982324
1550386140.0,-7.984460997979198
1550388840.0,-8.015078717008436
1550391540.0,-7.975841807296774
1550394240.0,-7.9462010187177725
1550396940.0,-7.940518904153663
1550399640.0,-7.98682113110317
1550402340.0,-8.025356656011581
1550405040.0,-7.95479767323738
1550407740.0,-7.879448029841939
1550410440.0,-7.799226450818594
1550413140.0,-8.180093837824444
1550415840.0,-8.849629886617805
1550418540.0,-8.84629966167239
1571978610.0,-8.278666696325843
1571981310.0,-8.34017534148009
1571984010.0,-8.049915495237855
1571986710.0,-6.641949336623213
1571989410.0,-6.571698171728912
1571992110.0,-6.6042704328778825
1571994810.0,-6.6098344082381
1571997510.0,-8.026826392533025
1572000210.0,-8.293814207282793
1572002910.0,-8.34374015615893
1572005610.0,-8.342096868377666
1572008310.0,-8.313363295267408
1572011010.0,-8.23256883684408
1572013710.0,-8.28043266148046
1572016410.0,-8.211878390032098
1572019110.0,-8.259550148536846
1572021810.0,-8.238798131158404
1572024510.0,-8.267460699529579
1572027210.0,-8.22353518532887
1572029910.0,-8.2121871992249
1572032610.0,-8.301626386278798
1572035310.0,-8.256707788633577
1572038010.0,-8.230204207153292
1572040710.0,-8.16415857261839
1572043410.0,-8.205053701109193
1572046110.0,-8.19252873900976
1572048810.0,-8.238282623044057
1572051510.0,-8.31957419741471
1572054210.0,-8.292566580510083
1572056910.0,-8.295918589697067
1572059610.0,-8.24042448974356
1572062310.0,-8.234018265271118
1572065010.0,-8.261871587300192
1572067710.0,-8.273710247781082
1572070410.0,-8.263396163988176
1572073110.0,-7.668627787249335
1572075810.0,-6.34130043271918
1572078510.0,-7.260027787928152
1572081210.0,-7.993149347114297
1572083910.0,-8.039987316859083
1572086610.0,-8.083531743465471
1572089310.0,-8.076872407248175
1572092010.0,-8.008946397860456
1572094710.0,-8.003767933119178
1572097410.0,-7.955061870498554
1572100110.0,-7.99343496191554
1572102810.0,-7.942924144116574
1572105510.0,-7.9641044280993185
1572108210.0,-8.014129730611103
1572110910.0,-7.99969164024921
1572113610.0,-7.976909343086305
1572116310.0,-8.007155685998754
1572119010.0,-8.003496670923994
1572121710.0,-7.96113765151614
1572124410.0,-7.956465074851707
1572127110.0,-7.937467537964807
1572129810.0,-7.978775421183883
1572132510.0,-7.975453513559387
1572135210.0,-7.969606562325652
1572137910.0,-8.032943599701412
1572140610.0,-8.045321893398153
1572143310.0,-8.003703181858697
1572146010.0,-8.011669713471065
1572148710.0,-7.959554192726756
1572151410.0,-7.964714660425159
1572154110.0,-7.960182757380778
1572156810.0,-7.9612398198101175
1572159510.0,-7.965357850074241
1572162210.0,-6.7639352863594695
1572164910.0,-6.75255873598195
1572167610.0,-7.790651356216671
1572170310.0,-7.817777321501268
1572173010.0,-7.859332446410235
1572175710.0,-7.886744658298966
1572178410.0,-7.833547305298197
1572181110.0,-7.780224149040379
1572183810.0,-7.743971165807295
1572186510.0,-7.807174675203441
1572189210.0,-7.758167780843081
1572191910.0,-7.766852561383189
1572194610.0,-7.806745520257323
1572197310.0,-7.827870027283041
1572200010.0,-7.814281405194777
1572202710.0,-7.881201643085234
1572205410.0,-7.886373507348765
1572208110.0,-7.9026883301573605
1572210810.0,-8.015714539943275
1572213510.0,-8.98599595222339
1572216210.0,-9.085614190637926
1572218910.0,-9.152446639237866
1572221610.0,-9.17711749566675
1572224310.0,-9.218713386874015
1572227010.0,-9.197736473762887
1572229710.0,-9.17881941108024
1572232410.0,-9.177085769755848
1572235110.0,-9.103780593934971
1572237810.0,-9.150458529185755
1572240510.0,-9.167492047849208
1572243210.0,-9.156892602453667
1572245910.0,-9.133470813729474
1572248610.0,-9.122809099236719
1572251310.0,-7.419674101492234
1572254010.0,-7.270226291336002
1572256710.0,-7.284250979711828
1572259410.0,-7.269987396715635
1572262110.0,-7.2699323424754425
1572264810.0,-7.2399429667136985
1572267510.0,-7.202132975187197
1572270210.0,-7.213271499962502
1572272910.0,-7.261314991465895
1572275610.0,-7.246117939090567
1572278310.0,-7.282287900084214
1572281010.0,-7.259156041654165
1572283710.0,-8.692511022725569
1572286410.0,-8.827052505425485
1572289110.0,-8.83301971598118
1572291810.0,-8.864860036761314
1572294510.0,-8.821423291893495
1572297210.0,-8.805816154117707
1572299910.0,-8.753857518809923
1572302610.0,-8.778987552532016
1572305310.0,-8.787070186456077
1572308010.0,-8.819108415244528
1572310710.0,-8.828964122941954
1572313410.0,-8.842905761648183
1572316110.0,-8.819240374564458
1572318810.0,-8.849004353346771
1572321510.0,-8.811549699332119
1572324210.0,-8.821391858147479
1572326910.0,-8.843717530428961
1572329610.0,-8.821147401228245
1572332310.0,-8.847327611319201
1572335010.0,-8.83404570356413
1572337710.0,-7.042785092105561
1572340410.0,-7.358233121206524
1572343110.0,-8.397026633609471
1572345810.0,-8.4132204793994
1572348510.0,-8.441473501919575
1572351210.0,-8.414524748650905
1572353910.0,-8.393231414511348
1572356610.0,-8.39003564442757
1572359310.0,-8.381289010117712
1572362010.0,-8.342749731623456
1572364710.0,-8.361189010519666
1572367410.0,-8.380157115491102
1572370110.0,-8.385359038240097
1572372810.0,-8.358150945446454
1572375510.0,-8.375792433427051
1572378210.0,-8.455049801750278
1572380910.0,-8.486282018370844
1572383610.0,-8.42828480632491
1572386310.0,-8.111434873705747
1572389010.0,-8.127523606414172
1572391710.0,-8.118438106629156
1572394410.0,-8.130734798503227
1572397110.0,-8.200043497412338
1572399810.0,-8.167829000893391
1572402510.0,-8.162179217349319
1572405210.0,-8.129551393755634
1572407910.0,-8.150827937743315
1572410610.0,-8.144434784987425
1572413310.0,-8.137384012165171
1572416010.0,-8.153116229028086
1572418710.0,-8.08669828447509
1572421410.0,-8.092682009100514
1572424110.0,-8.105159481803014
1572426810.0,-8.051968727699602
1572429510.0,-7.143148841096547
1572432210.0,-6.912249244718765
1572434910.0,-6.978913726797771
1572437610.0,-7.850327707129907
1572440310.0,-8.185713700840125
1572443010.0,-8.18096464618094
1572445710.0,-8.205969923319088
1572448410.0,-8.198504282810234
1572451110.0,-8.236056705896601
1572453810.0,-8.226699614624295
1572456510.0,-8.258488388553701
1572459210.0,-8.231999145014129
1572461910.0,-8.227170755758067
1572464610.0,-8.22867140754991
1572467310.0,-8.24100997538278
1572470010.0,-8.27261506525312
1572472710.0,-8.21093516875402
1572475410.0,-8.194457145771821
1572478110.0,-8.249672787314523
1572480810.0,-8.233598792039658
1572483510.0,-8.257721702381815
1572486210.0,-8.282813206058961
1572488910.0,-8.276726530268945
1572491610.0,-8.239082472179575
1572494310.0,-8.239471244317713
1572497010.0,-8.24158183660299
1572499710.0,-8.255829623118956
1572502410.0,-8.242829804228506
1572505110.0,-8.150664460352601
1572507810.0,-6.548273045561899
1572510510.0,-6.466275007075097
1572513210.0,-6.449745526534741
1572515910.0,-6.498862758962332
1572518610.0,-8.10131554112354
1572521310.0,-8.279351798499505
1572524010.0,-8.332547759127152
1572526710.0,-8.275101315684509
1572529410.0,-8.227037898611627
1572532110.0,-8.268612191794148
1572534810.0,-8.242023018007671
1572537510.0,-8.267163562841858
1572540210.0,-8.275520253085887
1572542910.0,-8.247590333477206
1572545610.0,-8.26011372667466
1572548310.0,-8.278927818833466
1572551010.0,-8.253382388054888
1572553710.0,-8.300418269573527
1572556410.0,-7.949685843575452
1572559110.0,-8.032045823697018
1572561810.0,-8.036872680213435
1572564510.0,-8.024520351114035
1572567210.0,-8.065622355929719
1572569910.0,-8.133044612357793
1572572610.0,-8.120414065691676
1572575310.0,-8.093714571506695
1572578010.0,-8.1019128966646
1572580710.0,-8.11935380492929
1572583410.0,-8.073169648561787
1572586110.0,-8.045163648713697
1572588810.0,-8.057214924777838
1572591510.0,-8.036148706486074
1572594210.0,-7.891818657812962
1572596910.0,-7.1354293434185365
1572599610.0,-6.88953313079918
1572602310.0,-6.849751137325427
1572605010.0,-6.952285380882699
1572607710.0,-7.688540545937087
1572610410.0,-8.170046723497336
1572613110.0,-8.122483291595671
1572615810.0,-8.120484013665077
1572618510.0,-8.043884364833048
1572621210.0,-7.950590079075425
1572623910.0,-7.91888352253352
1572626610.0,-7.88511034410368
1572629310.0,-7.786774968614907
